researchUnitId,breedId,inheritanceRule,unitEvidenceRefs
SPC_ORYCTEROPUS_AFER,BRD_AARDVARK,EXACT_SPECIES,EVD_JRN_R11_B01_SPC_ORYCTEROPUS_AFER_PERSONALITY_ID_001 | EVD_JRN_R11_B01_SPC_ORYCTEROPUS_AFER_TERRAIN_BROAD_001 | EVD_JRN_R11_B01_SPC_ORYCTEROPUS_AFER_TERRAIN_SPECIFIC_001
SPC_PROTELES_CRISTATA,BRD_AARDWOLF,EXACT_SPECIES,EVD_JRN_R02_B02_SPC_PROTELES_CRISTATA_PERSONALITY_ID_001 | EVD_JRN_R02_B02_SPC_PROTELES_CRISTATA_TERRAIN_BROAD_001 | EVD_JRN_R02_B02_SPC_PROTELES_CRISTATA_TERRAIN_SPECIFIC_001
SPC_MELANERPES_FORMICIVORUS,BRD_ACORN_WOODPECKER,EXACT_SPECIES,EVD_JRN_R22_B01_SPC_MELANERPES_FORMICIVORUS_PERSONALITY_ID_001 | EVD_JRN_R22_B01_SPC_MELANERPES_FORMICIVORUS_TERRAIN_BROAD_001 | EVD_JRN_R22_B01_SPC_MELANERPES_FORMICIVORUS_TERRAIN_SPECIFIC_001
SPC_AQUASPIRITUS_ADARO,BRD_ADARO,EXACT_TRADITION,EVD_JRN_R04_B01_SPC_AQUASPIRITUS_ADARO_PERSONALITY_ID_001 | EVD_JRN_R04_B01_SPC_AQUASPIRITUS_ADARO_TERRAIN_BROAD_001 | EVD_JRN_R04_B01_SPC_AQUASPIRITUS_ADARO_TERRAIN_SPECIFIC_001
SPC_CHIMAERA_ADLET,BRD_ADLET,EXACT_TRADITION,EVD_JRN_R23_B01_SPC_CHIMAERA_ADLET_PERSONALITY_ID_001 | EVD_JRN_R23_B01_SPC_CHIMAERA_ADLET_TERRAIN_BROAD_001 | EVD_JRN_R23_B01_SPC_CHIMAERA_ADLET_TERRAIN_SPECIFIC_001
SPC_ATHERURUS_AFRICANUS,BRD_AFRICAN_BRUSH_TAILED_PORCUPINE,EXACT_SPECIES,EVD_JRN_R20_B01_SPC_ATHERURUS_AFRICANUS_PERSONALITY_ID_001 | EVD_JRN_R20_B01_SPC_ATHERURUS_AFRICANUS_TERRAIN_BROAD_001 | EVD_JRN_R20_B01_SPC_ATHERURUS_AFRICANUS_TERRAIN_SPECIFIC_001
SPC_CIVETTICTIS_CIVETTA,BRD_AFRICAN_CIVET,EXACT_SPECIES,EVD_JRN_R02_B01_SPC_CIVETTICTIS_CIVETTA_PERSONALITY_ID_001 | EVD_JRN_R02_B01_SPC_CIVETTICTIS_CIVETTA_TERRAIN_BROAD_001 | EVD_JRN_R02_B01_SPC_CIVETTICTIS_CIVETTA_TERRAIN_SPECIFIC_001
SPC_LOXODONTA_CYCLOTIS,BRD_AFRICAN_FOREST_ELEPHANT,EXACT_SPECIES,EVD_JRN_R11_B01_SPC_LOXODONTA_CYCLOTIS_PERSONALITY_ID_001 | EVD_JRN_R11_B01_SPC_LOXODONTA_CYCLOTIS_TERRAIN_BROAD_001 | EVD_JRN_R11_B01_SPC_LOXODONTA_CYCLOTIS_TERRAIN_SPECIFIC_001
SPC_PSITTACUS_ERITHACUS,BRD_AFRICAN_GREY_PARROT,EXACT_SPECIES,EVD_JRN_R19_B01_SPC_PSITTACUS_ERITHACUS_PERSONALITY_ID_001 | EVD_JRN_R19_B01_SPC_PSITTACUS_ERITHACUS_TERRAIN_BROAD_001 | EVD_JRN_R19_B01_SPC_PSITTACUS_ERITHACUS_TERRAIN_SPECIFIC_001
SPC_TRICHECHUS_SENEGALENSIS,BRD_AFRICAN_MANATEE,EXACT_SPECIES,EVD_JRN_R11_B01_SPC_TRICHECHUS_SENEGALENSIS_PERSONALITY_ID_001 | EVD_JRN_R11_B01_SPC_TRICHECHUS_SENEGALENSIS_TERRAIN_BROAD_001 | EVD_JRN_R11_B01_SPC_TRICHECHUS_SENEGALENSIS_TERRAIN_SPECIFIC_001
SPC_MACROTERMES_BELLICOSUS,BRD_AFRICAN_MOUND_BUILDING_TERMITE,EXACT_SPECIES,EVD_JRN_R25_B01_SPC_MACROTERMES_BELLICOSUS_PERSONALITY_ID_001 | EVD_JRN_R25_B01_SPC_MACROTERMES_BELLICOSUS_TERRAIN_BROAD_001 | EVD_JRN_R25_B01_SPC_MACROTERMES_BELLICOSUS_TERRAIN_SPECIFIC_001
SPC_MOTACILLA_AGUIMP,BRD_AFRICAN_PIED_WAGTAIL,EXACT_SPECIES,EVD_JRN_R08_B01_SPC_MOTACILLA_AGUIMP_PERSONALITY_ID_001 | EVD_JRN_R08_B01_SPC_MOTACILLA_AGUIMP_TERRAIN_BROAD_001 | EVD_JRN_R08_B01_SPC_MOTACILLA_AGUIMP_TERRAIN_SPECIFIC_001
SPC_MYOSCIURUS_PUMILIO,BRD_AFRICAN_PYGMY_SQUIRREL,EXACT_SPECIES,EVD_JRN_R20_B01_SPC_MYOSCIURUS_PUMILIO_PERSONALITY_ID_001 | EVD_JRN_R20_B01_SPC_MYOSCIURUS_PUMILIO_TERRAIN_BROAD_001 | EVD_JRN_R20_B01_SPC_MYOSCIURUS_PUMILIO_TERRAIN_SPECIFIC_001
SPC_LOXODONTA_AFRICANA,BRD_AFRICAN_SAVANNA_ELEPHANT,EXACT_SPECIES,EVD_JRN_R11_B01_SPC_LOXODONTA_AFRICANA_PERSONALITY_ID_001 | EVD_JRN_R11_B01_SPC_LOXODONTA_AFRICANA_TERRAIN_BROAD_001 | EVD_JRN_R11_B01_SPC_LOXODONTA_AFRICANA_TERRAIN_SPECIFIC_001
SPC_CENTROCHELYS_SULCATA,BRD_AFRICAN_SPURRED_TORTOISE,EXACT_SPECIES,EVD_JRN_R04_B01_SPC_CENTROCHELYS_SULCATA_PERSONALITY_ID_001 | EVD_JRN_R04_B01_SPC_CENTROCHELYS_SULCATA_TERRAIN_BROAD_001 | EVD_JRN_R04_B01_SPC_CENTROCHELYS_SULCATA_TERRAIN_SPECIFIC_001
SPC_EQUUS_AFRICANUS,BRD_AFRICAN_WILD_ASS,EXACT_SPECIES,EVD_JRN_R18_B01_SPC_EQUUS_AFRICANUS_PERSONALITY_ID_001 | EVD_JRN_R18_B01_SPC_EQUUS_AFRICANUS_TERRAIN_BROAD_001 | EVD_JRN_R18_B01_SPC_EQUUS_AFRICANUS_TERRAIN_SPECIFIC_001
SPC_LYCAON_PICTUS,BRD_AFRICAN_WILD_DOG,EXACT_SPECIES,EVD_JRN_R02_B01_SPC_LYCAON_PICTUS_PERSONALITY_ID_001 | EVD_JRN_R02_B01_SPC_LYCAON_PICTUS_TERRAIN_BROAD_001 | EVD_JRN_R02_B01_SPC_LYCAON_PICTUS_TERRAIN_SPECIFIC_001
SPC_MENURA_ALBERTI,BRD_ALBERT_S_LYREBIRD,EXACT_SPECIES,EVD_JRN_R08_B01_SPC_MENURA_ALBERTI_PERSONALITY_ID_001 | EVD_JRN_R08_B01_SPC_MENURA_ALBERTI_TERRAIN_BROAD_001 | EVD_JRN_R08_B01_SPC_MENURA_ALBERTI_TERRAIN_SPECIFIC_001
SPC_MEGACHILE_ROTUNDATA,BRD_ALFALFA_LEAFCUTTER_BEE,EXACT_SPECIES,EVD_JRN_R25_B02_SPC_MEGACHILE_ROTUNDATA_PERSONALITY_ID_001 | EVD_JRN_R25_B02_SPC_MEGACHILE_ROTUNDATA_TERRAIN_BROAD_001 | EVD_JRN_R25_B02_SPC_MEGACHILE_ROTUNDATA_TERRAIN_SPECIFIC_001
SPC_MACROCHELYS_TEMMINCKII,BRD_ALLIGATOR_SNAPPING_TURTLE,EXACT_SPECIES,EVD_JRN_R04_B01_SPC_MACROCHELYS_TEMMINCKII_PERSONALITY_ID_001 | EVD_JRN_R04_B01_SPC_MACROCHELYS_TEMMINCKII_TERRAIN_BROAD_001 | EVD_JRN_R04_B01_SPC_MACROCHELYS_TEMMINCKII_TERRAIN_SPECIFIC_001
SPC_CAPRA_IBEX,BRD_ALPINE_IBEX,EXACT_SPECIES,EVD_JRN_R02_B01_SPC_CAPRA_IBEX_PERSONALITY_ID_001 | EVD_JRN_R02_B01_SPC_CAPRA_IBEX_TERRAIN_BROAD_001 | EVD_JRN_R02_B01_SPC_CAPRA_IBEX_TERRAIN_SPECIFIC_001
SPC_MARMOTA_MARMOTA,BRD_ALPINE_MARMOT,EXACT_SPECIES,EVD_JRN_R20_B01_SPC_MARMOTA_MARMOTA_PERSONALITY_ID_001 | EVD_JRN_R20_B01_SPC_MARMOTA_MARMOTA_TERRAIN_BROAD_001 | EVD_JRN_R20_B01_SPC_MARMOTA_MARMOTA_TERRAIN_SPECIFIC_001
SPC_MOSCHUS_CHRYSOGASTER,BRD_ALPINE_MUSK_DEER,EXACT_SPECIES,EVD_JRN_R02_B01_SPC_MOSCHUS_CHRYSOGASTER_PERSONALITY_ID_001 | EVD_JRN_R02_B01_SPC_MOSCHUS_CHRYSOGASTER_TERRAIN_BROAD_001 | EVD_JRN_R02_B01_SPC_MOSCHUS_CHRYSOGASTER_TERRAIN_SPECIFIC_001
SPC_PARVULUS_ALUX,BRD_ALUX,EXACT_TRADITION,EVD_JRN_R03_B01_SPC_PARVULUS_ALUX_PERSONALITY_ID_001 | EVD_JRN_R03_B01_SPC_PARVULUS_ALUX_TERRAIN_BROAD_001 | EVD_JRN_R03_B01_SPC_PARVULUS_ALUX_TERRAIN_SPECIFIC_001
SPC_TRACHYCEPHALUS_RESINIFICTRIX,BRD_AMAZON_MILK_FROG,EXACT_SPECIES,EVD_JRN_R13_B01_SPC_TRACHYCEPHALUS_RESINIFICTRIX_PERSONALITY_ID_001 | EVD_JRN_R13_B01_SPC_TRACHYCEPHALUS_RESINIFICTRIX_TERRAIN_BROAD_001 | EVD_JRN_R13_B01_SPC_TRACHYCEPHALUS_RESINIFICTRIX_TERRAIN_SPECIFIC_001
SPC_INIA_GEOFFRENSIS,BRD_AMAZON_RIVER_DOLPHIN,EXACT_SPECIES,EVD_JRN_R01_B01_SPC_INIA_GEOFFRENSIS_PERSONALITY_ID_001 | EVD_JRN_R01_B01_SPC_INIA_GEOFFRENSIS_TERRAIN_BROAD_001 | EVD_JRN_R01_B01_SPC_INIA_GEOFFRENSIS_TERRAIN_SPECIFIC_001
SPC_SCOLOPENDRA_GIGANTEA,BRD_AMAZONIAN_GIANT_CENTIPEDE,EXACT_SPECIES,EVD_JRN_R25_B02_SPC_SCOLOPENDRA_GIGANTEA_PERSONALITY_ID_001 | EVD_JRN_R25_B02_SPC_SCOLOPENDRA_GIGANTEA_TERRAIN_BROAD_001 | EVD_JRN_R25_B02_SPC_SCOLOPENDRA_GIGANTEA_TERRAIN_SPECIFIC_001
SPC_TRICHECHUS_INUNGUIS,BRD_AMAZONIAN_MANATEE,EXACT_SPECIES,EVD_JRN_R11_B01_SPC_TRICHECHUS_INUNGUIS_PERSONALITY_ID_001 | EVD_JRN_R11_B01_SPC_TRICHECHUS_INUNGUIS_TERRAIN_BROAD_001 | EVD_JRN_R11_B01_SPC_TRICHECHUS_INUNGUIS_TERRAIN_SPECIFIC_001
SPC_ALLIGATOR_MISSISSIPPIENSIS,BRD_AMERICAN_ALLIGATOR,EXACT_SPECIES,EVD_JRN_R04_B01_SPC_ALLIGATOR_MISSISSIPPIENSIS_PERSONALITY_ID_001 | EVD_JRN_R04_B01_SPC_ALLIGATOR_MISSISSIPPIENSIS_TERRAIN_BROAD_001 | EVD_JRN_R04_B01_SPC_ALLIGATOR_MISSISSIPPIENSIS_TERRAIN_SPECIFIC_001
SPC_BISON_BISON,BRD_AMERICAN_BISON,EXACT_SPECIES,EVD_JRN_R02_B01_SPC_BISON_BISON_PERSONALITY_ID_001 | EVD_JRN_R02_B01_SPC_BISON_BISON_TERRAIN_BROAD_001 | EVD_JRN_R02_B01_SPC_BISON_BISON_TERRAIN_SPECIFIC_001
SPC_URSUS_AMERICANUS,BRD_AMERICAN_BLACK_BEAR,EXACT_SPECIES,EVD_JRN_R02_B02_SPC_URSUS_AMERICANUS_PERSONALITY_ID_001 | EVD_JRN_R02_B02_SPC_URSUS_AMERICANUS_TERRAIN_BROAD_001 | EVD_JRN_R02_B02_SPC_URSUS_AMERICANUS_TERRAIN_SPECIFIC_001
SPC_LITHOBATES_CATESBEIANUS,BRD_AMERICAN_BULLFROG,EXACT_SPECIES,EVD_JRN_R13_B01_SPC_LITHOBATES_CATESBEIANUS_PERSONALITY_ID_001 | EVD_JRN_R13_B01_SPC_LITHOBATES_CATESBEIANUS_TERRAIN_BROAD_001 | EVD_JRN_R13_B01_SPC_LITHOBATES_CATESBEIANUS_TERRAIN_SPECIFIC_001
SPC_PERIPLANETA_AMERICANA,BRD_AMERICAN_COCKROACH,EXACT_SPECIES,EVD_JRN_R25_B02_SPC_PERIPLANETA_AMERICANA_PERSONALITY_ID_001 | EVD_JRN_R25_B02_SPC_PERIPLANETA_AMERICANA_TERRAIN_BROAD_001 | EVD_JRN_R25_B02_SPC_PERIPLANETA_AMERICANA_TERRAIN_SPECIFIC_001
SPC_CORVUS_BRACHYRHYNCHOS,BRD_AMERICAN_CROW,EXACT_SPECIES,EVD_JRN_R08_B01_SPC_CORVUS_BRACHYRHYNCHOS_PERSONALITY_ID_001 | EVD_JRN_R08_B01_SPC_CORVUS_BRACHYRHYNCHOS_TERRAIN_BROAD_001 | EVD_JRN_R08_B01_SPC_CORVUS_BRACHYRHYNCHOS_TERRAIN_SPECIFIC_001
SPC_ANGUILLA_ROSTRATA,BRD_AMERICAN_EEL,EXACT_SPECIES,EVD_JRN_R14_B01_SPC_ANGUILLA_ROSTRATA_PERSONALITY_ID_001 | EVD_JRN_R14_B01_SPC_ANGUILLA_ROSTRATA_TERRAIN_BROAD_001 | EVD_JRN_R14_B01_SPC_ANGUILLA_ROSTRATA_TERRAIN_SPECIFIC_001
SPC_CONEPATUS_LEUCONOTUS,BRD_AMERICAN_HOG_NOSED_SKUNK,EXACT_SPECIES,EVD_JRN_R02_B01_SPC_CONEPATUS_LEUCONOTUS_PERSONALITY_ID_001 | EVD_JRN_R02_B01_SPC_CONEPATUS_LEUCONOTUS_TERRAIN_BROAD_001 | EVD_JRN_R02_B01_SPC_CONEPATUS_LEUCONOTUS_TERRAIN_SPECIFIC_001
SPC_FALCO_SPARVERIUS,BRD_AMERICAN_KESTREL,EXACT_SPECIES,EVD_JRN_R18_B01_SPC_FALCO_SPARVERIUS_PERSONALITY_ID_001 | EVD_JRN_R18_B01_SPC_FALCO_SPARVERIUS_TERRAIN_BROAD_001 | EVD_JRN_R18_B01_SPC_FALCO_SPARVERIUS_TERRAIN_SPECIFIC_001
SPC_HOMARUS_AMERICANUS,BRD_AMERICAN_LOBSTER,EXACT_SPECIES,EVD_JRN_R25_B01_SPC_HOMARUS_AMERICANUS_PERSONALITY_ID_001 | EVD_JRN_R25_B01_SPC_HOMARUS_AMERICANUS_TERRAIN_BROAD_001 | EVD_JRN_R25_B01_SPC_HOMARUS_AMERICANUS_TERRAIN_SPECIFIC_001
SPC_OCHOTONA_PRINCEPS,BRD_AMERICAN_PIKA,EXACT_SPECIES,EVD_JRN_R20_B01_SPC_OCHOTONA_PRINCEPS_PERSONALITY_ID_001 | EVD_JRN_R20_B01_SPC_OCHOTONA_PRINCEPS_TERRAIN_BROAD_001 | EVD_JRN_R20_B01_SPC_OCHOTONA_PRINCEPS_TERRAIN_SPECIFIC_001
SPC_VULTUR_GRYPHUS,BRD_ANDEAN_CONDOR,EXACT_SPECIES,EVD_JRN_R18_B01_SPC_VULTUR_GRYPHUS_PERSONALITY_ID_001 | EVD_JRN_R18_B01_SPC_VULTUR_GRYPHUS_TERRAIN_BROAD_001 | EVD_JRN_R18_B01_SPC_VULTUR_GRYPHUS_TERRAIN_SPECIFIC_001
SPC_PHOENICOPARRUS_ANDINUS,BRD_ANDEAN_FLAMINGO,EXACT_SPECIES,EVD_JRN_R01_B02_SPC_PHOENICOPARRUS_ANDINUS_PERSONALITY_ID_001 | EVD_JRN_R01_B02_SPC_PHOENICOPARRUS_ANDINUS_TERRAIN_BROAD_001 | EVD_JRN_R01_B02_SPC_PHOENICOPARRUS_ANDINUS_TERRAIN_SPECIFIC_001
SPC_DARDANUS_PEDUNCULATUS,BRD_ANEMONE_HERMIT_CRAB,EXACT_SPECIES,EVD_JRN_R25_B01_SPC_DARDANUS_PEDUNCULATUS_PERSONALITY_ID_001 | EVD_JRN_R25_B01_SPC_DARDANUS_PEDUNCULATUS_TERRAIN_BROAD_001 | EVD_JRN_R25_B01_SPC_DARDANUS_PEDUNCULATUS_TERRAIN_SPECIFIC_001
SPC_CAELESTIS_NUNTIUS,BRD_ANGELS_ANGEL,EXACT_TRADITION,EVD_JRN_R06_B01_SPC_CAELESTIS_NUNTIUS_PERSONALITY_ID_001 | EVD_JRN_R06_B01_SPC_CAELESTIS_NUNTIUS_TERRAIN_BROAD_001 | EVD_JRN_R06_B01_SPC_CAELESTIS_NUNTIUS_TERRAIN_SPECIFIC_001
SPC_CAELESTIS_NUNTIUS,BRD_ANGELS_ARCHANGEL,EXACT_TRADITION,EVD_JRN_R06_B01_SPC_CAELESTIS_NUNTIUS_PERSONALITY_ID_001 | EVD_JRN_R06_B01_SPC_CAELESTIS_NUNTIUS_TERRAIN_BROAD_001 | EVD_JRN_R06_B01_SPC_CAELESTIS_NUNTIUS_TERRAIN_SPECIFIC_001
SPC_CAELESTIS_NUNTIUS,BRD_ANGELS_CHERUB,EXACT_TRADITION,EVD_JRN_R06_B01_SPC_CAELESTIS_NUNTIUS_PERSONALITY_ID_001 | EVD_JRN_R06_B01_SPC_CAELESTIS_NUNTIUS_TERRAIN_BROAD_001 | EVD_JRN_R06_B01_SPC_CAELESTIS_NUNTIUS_TERRAIN_SPECIFIC_001
SPC_CAELESTIS_NUNTIUS,BRD_ANGELS_OPHANIM,EXACT_TRADITION,EVD_JRN_R06_B01_SPC_CAELESTIS_NUNTIUS_PERSONALITY_ID_001 | EVD_JRN_R06_B01_SPC_CAELESTIS_NUNTIUS_TERRAIN_BROAD_001 | EVD_JRN_R06_B01_SPC_CAELESTIS_NUNTIUS_TERRAIN_SPECIFIC_001
SPC_CAELESTIS_NUNTIUS,BRD_ANGELS_SERAPH,EXACT_TRADITION,EVD_JRN_R06_B01_SPC_CAELESTIS_NUNTIUS_PERSONALITY_ID_001 | EVD_JRN_R06_B01_SPC_CAELESTIS_NUNTIUS_TERRAIN_BROAD_001 | EVD_JRN_R06_B01_SPC_CAELESTIS_NUNTIUS_TERRAIN_SPECIFIC_001
SPC_ANHINGA_ANHINGA,BRD_ANHINGA,EXACT_SPECIES,EVD_JRN_R01_B01_SPC_ANHINGA_ANHINGA_PERSONALITY_001 | EVD_JRN_R01_B01_SPC_ANHINGA_ANHINGA_TERRAIN_BROAD_001 | EVD_JRN_R01_B01_SPC_ANHINGA_ANHINGA_TERRAIN_SPECIFIC_001
SPC_AUTOMATON_SIMULACRUM,BRD_ANIMATED_STATUE,EXACT_TRADITION,EVD_JRN_R24_B01_SPC_AUTOMATON_SIMULACRUM_PERSONALITY_ID_001 | EVD_JRN_R24_B01_SPC_AUTOMATON_SIMULACRUM_TERRAIN_BROAD_001 | EVD_JRN_R24_B01_SPC_AUTOMATON_SIMULACRUM_TERRAIN_SPECIFIC_001
SPC_ARCTOCEPHALUS_GAZELLA,BRD_ANTARCTIC_FUR_SEAL,EXACT_SPECIES,EVD_JRN_R02_B01_SPC_ARCTOCEPHALUS_GAZELLA_PERSONALITY_ID_001 | EVD_JRN_R02_B01_SPC_ARCTOCEPHALUS_GAZELLA_TERRAIN_BROAD_001 | EVD_JRN_R02_B01_SPC_ARCTOCEPHALUS_GAZELLA_TERRAIN_SPECIFIC_001
SPC_DIVINUS_APSARA,BRD_APSARA,EXACT_TRADITION,EVD_JRN_R13_B01_SPC_DIVINUS_APSARA_PERSONALITY_ID_001 | EVD_JRN_R13_B01_SPC_DIVINUS_APSARA_TERRAIN_BROAD_001 | EVD_JRN_R13_B01_SPC_DIVINUS_APSARA_TERRAIN_SPECIFIC_001
SPC_TYPHLONECTES_COMPRESSICAUDA,BRD_AQUATIC_CAECILIAN,EXACT_SPECIES,EVD_JRN_R13_B01_SPC_TYPHLONECTES_COMPRESSICAUDA_PERSONALITY_ID_001 | EVD_JRN_R13_B01_SPC_TYPHLONECTES_COMPRESSICAUDA_TERRAIN_BROAD_001 | EVD_JRN_R13_B01_SPC_TYPHLONECTES_COMPRESSICAUDA_TERRAIN_SPECIFIC_001
SPC_CHIMAERA_ARACHNE,BRD_ARACHNE,EXACT_TRADITION,EVD_JRN_R23_B01_SPC_CHIMAERA_ARACHNE_PERSONALITY_ID_001 | EVD_JRN_R23_B01_SPC_CHIMAERA_ARACHNE_TERRAIN_BROAD_001 | EVD_JRN_R23_B01_SPC_CHIMAERA_ARACHNE_TERRAIN_SPECIFIC_001
SPC_ACROCHORDUS_ARAFURAE,BRD_ARAFURA_FILE_SNAKE,EXACT_SPECIES,EVD_JRN_R25_B01_SPC_ACROCHORDUS_ARAFURAE_PERSONALITY_ID_001 | EVD_JRN_R25_B01_SPC_ACROCHORDUS_ARAFURAE_TERRAIN_BROAD_001 | EVD_JRN_R25_B01_SPC_ACROCHORDUS_ARAFURAE_TERRAIN_SPECIFIC_001
SPC_SALVELINUS_ALPINUS,BRD_ARCTIC_CHAR,EXACT_SPECIES,EVD_JRN_R14_B01_SPC_SALVELINUS_ALPINUS_PERSONALITY_ID_001 | EVD_JRN_R14_B01_SPC_SALVELINUS_ALPINUS_TERRAIN_BROAD_001 | EVD_JRN_R14_B01_SPC_SALVELINUS_ALPINUS_TERRAIN_SPECIFIC_001
SPC_ALOPEX_LAGOPUS,BRD_ARCTIC_FOX,EXACT_SPECIES,EVD_JRN_R02_B01_SPC_ALOPEX_LAGOPUS_PERSONALITY_ID_001 | EVD_JRN_R02_B01_SPC_ALOPEX_LAGOPUS_TERRAIN_BROAD_001 | EVD_JRN_R02_B01_SPC_ALOPEX_LAGOPUS_TERRAIN_SPECIFIC_001
SPC_LEPUS_ARCTICUS,BRD_ARCTIC_HARE,EXACT_SPECIES,EVD_JRN_R20_B01_SPC_LEPUS_ARCTICUS_PERSONALITY_ID_001 | EVD_JRN_R20_B01_SPC_LEPUS_ARCTICUS_TERRAIN_BROAD_001 | EVD_JRN_R20_B01_SPC_LEPUS_ARCTICUS_TERRAIN_SPECIFIC_001
SPC_STERNA_PARADISAEA,BRD_ARCTIC_TERN,EXACT_SPECIES,EVD_JRN_R01_B02_SPC_STERNA_PARADISAEA_PERSONALITY_ID_001 | EVD_JRN_R01_B02_SPC_STERNA_PARADISAEA_TERRAIN_BROAD_001 | EVD_JRN_R01_B02_SPC_STERNA_PARADISAEA_TERRAIN_SPECIFIC_001
SPC_ARCTICTIS_BINTURONG,BRD_ARCTICTIS_BINTURONG_BINTURONG,EXACT_SPECIES,EVD_JRN_R02_B01_SPC_ARCTICTIS_BINTURONG_PERSONALITY_ID_001 | EVD_JRN_R02_B01_SPC_ARCTICTIS_BINTURONG_TERRAIN_BROAD_001 | EVD_JRN_R02_B01_SPC_ARCTICTIS_BINTURONG_TERRAIN_SPECIFIC_001
SPC_ARDEA_HERODIAS,BRD_ARDEA_HERODIAS_GREAT_BLUE_HERON,EXACT_SPECIES,EVD_JRN_R01_B01_SPC_ARDEA_HERODIAS_PERSONALITY_001 | EVD_JRN_R01_B01_SPC_ARDEA_HERODIAS_TERRAIN_BROAD_001 | EVD_JRN_R01_B01_SPC_ARDEA_HERODIAS_TERRAIN_SPECIFIC_001
SPC_OVIS_AMMON,BRD_ARGALI,EXACT_SPECIES,EVD_JRN_R02_B01_SPC_OVIS_AMMON_PERSONALITY_ID_001 | EVD_JRN_R02_B01_SPC_OVIS_AMMON_TERRAIN_BROAD_001 | EVD_JRN_R02_B01_SPC_OVIS_AMMON_TERRAIN_SPECIFIC_001
SPC_SALVATOR_MERIANAE,BRD_ARGENTINE_BLACK_AND_WHITE_TEGU,EXACT_SPECIES,EVD_JRN_R24_B01_SPC_SALVATOR_MERIANAE_PERSONALITY_ID_001 | EVD_JRN_R24_B01_SPC_SALVATOR_MERIANAE_TERRAIN_BROAD_001 | EVD_JRN_R24_B01_SPC_SALVATOR_MERIANAE_TERRAIN_SPECIFIC_001
SPC_CENTRUROIDES_SCULPTURATUS,BRD_ARIZONA_BARK_SCORPION,EXACT_SPECIES,EVD_JRN_R25_B01_SPC_CENTRUROIDES_SCULPTURATUS_PERSONALITY_ID_001 | EVD_JRN_R25_B01_SPC_CENTRUROIDES_SCULPTURATUS_TERRAIN_BROAD_001 | EVD_JRN_R25_B01_SPC_CENTRUROIDES_SCULPTURATUS_TERRAIN_SPECIFIC_001
SPC_HOPLOMYS_GYMNURUS,BRD_ARMORED_RAT,EXACT_SPECIES,EVD_JRN_R20_B01_SPC_HOPLOMYS_GYMNURUS_PERSONALITY_ID_001 | EVD_JRN_R20_B01_SPC_HOPLOMYS_GYMNURUS_TERRAIN_BROAD_001 | EVD_JRN_R20_B01_SPC_HOPLOMYS_GYMNURUS_TERRAIN_SPECIFIC_001
SPC_ECITON_BURCHELLII,BRD_ARMY_ANT,EXACT_SPECIES,EVD_JRN_R25_B01_SPC_ECITON_BURCHELLII_PERSONALITY_ID_001 | EVD_JRN_R25_B01_SPC_ECITON_BURCHELLII_TERRAIN_BROAD_001 | EVD_JRN_R25_B01_SPC_ECITON_BURCHELLII_TERRAIN_SPECIFIC_001
SPC_PODOCNEMIS_EXPANSA,BRD_ARRAU_TURTLE,EXACT_SPECIES,EVD_JRN_R04_B01_SPC_PODOCNEMIS_EXPANSA_PERSONALITY_ID_001 | EVD_JRN_R04_B01_SPC_PODOCNEMIS_EXPANSA_TERRAIN_BROAD_001 | EVD_JRN_R04_B01_SPC_PODOCNEMIS_EXPANSA_TERRAIN_SPECIFIC_001
SPC_URSUS_THIBETANUS,BRD_ASIAN_BLACK_BEAR,EXACT_SPECIES,EVD_JRN_R02_B02_SPC_URSUS_THIBETANUS_PERSONALITY_ID_001 | EVD_JRN_R02_B02_SPC_URSUS_THIBETANUS_TERRAIN_BROAD_001 | EVD_JRN_R02_B02_SPC_URSUS_THIBETANUS_TERRAIN_SPECIFIC_001
SPC_ELEPHAS_MAXIMUS,BRD_ASIAN_ELEPHANT,EXACT_SPECIES,EVD_JRN_R11_B01_SPC_ELEPHAS_MAXIMUS_PERSONALITY_ID_001 | EVD_JRN_R11_B01_SPC_ELEPHAS_MAXIMUS_TERRAIN_BROAD_001 | EVD_JRN_R11_B01_SPC_ELEPHAS_MAXIMUS_TERRAIN_SPECIFIC_001
SPC_AMYNTHAS_AGRESTIS,BRD_ASIAN_JUMPING_WORM,EXACT_SPECIES,EVD_JRN_R14_B01_SPC_AMYNTHAS_AGRESTIS_PERSONALITY_ID_001 | EVD_JRN_R14_B01_SPC_AMYNTHAS_AGRESTIS_TERRAIN_BROAD_001 | EVD_JRN_R14_B01_SPC_AMYNTHAS_AGRESTIS_TERRAIN_SPECIFIC_001
SPC_DAEMON_ASURA,BRD_ASURA,EXACT_TRADITION,EVD_JRN_R05_B01_SPC_DAEMON_ASURA_PERSONALITY_ID_001 | EVD_JRN_R05_B01_SPC_DAEMON_ASURA_TERRAIN_BROAD_001 | EVD_JRN_R05_B01_SPC_DAEMON_ASURA_TERRAIN_SPECIFIC_001
SPC_VERSIPELLIS_ASWANG,BRD_ASWANG,EXACT_TRADITION,EVD_JRN_R07_B01_SPC_VERSIPELLIS_ASWANG_PERSONALITY_ID_001 | EVD_JRN_R07_B01_SPC_VERSIPELLIS_ASWANG_TERRAIN_BROAD_001 | EVD_JRN_R07_B01_SPC_VERSIPELLIS_ASWANG_TERRAIN_SPECIFIC_001
SPC_SERINUS_CANARIA,BRD_ATLANTIC_CANARY,EXACT_SPECIES,EVD_JRN_R08_B01_SPC_SERINUS_CANARIA_PERSONALITY_ID_001 | EVD_JRN_R08_B01_SPC_SERINUS_CANARIA_TERRAIN_BROAD_001 | EVD_JRN_R08_B01_SPC_SERINUS_CANARIA_TERRAIN_SPECIFIC_001
SPC_CHEILOPOGON_MELANURUS,BRD_ATLANTIC_FLYINGFISH,EXACT_SPECIES,EVD_JRN_R14_B01_SPC_CHEILOPOGON_MELANURUS_PERSONALITY_ID_001 | EVD_JRN_R14_B01_SPC_CHEILOPOGON_MELANURUS_TERRAIN_BROAD_001 | EVD_JRN_R14_B01_SPC_CHEILOPOGON_MELANURUS_TERRAIN_SPECIFIC_001
SPC_MYXINE_GLUTINOSA,BRD_ATLANTIC_HAGFISH,EXACT_SPECIES,EVD_JRN_R12_B01_SPC_MYXINE_GLUTINOSA_PERSONALITY_ID_001 | EVD_JRN_R12_B01_SPC_MYXINE_GLUTINOSA_TERRAIN_BROAD_001 | EVD_JRN_R12_B01_SPC_MYXINE_GLUTINOSA_TERRAIN_SPECIFIC_001
SPC_LIMULUS_POLYPHEMUS,BRD_ATLANTIC_HORSESHOE_CRAB,EXACT_SPECIES,EVD_JRN_R25_B01_SPC_LIMULUS_POLYPHEMUS_PERSONALITY_ID_001 | EVD_JRN_R25_B01_SPC_LIMULUS_POLYPHEMUS_TERRAIN_BROAD_001 | EVD_JRN_R25_B01_SPC_LIMULUS_POLYPHEMUS_TERRAIN_SPECIFIC_001
SPC_PERIOPHTHALMUS_BARBARUS,BRD_ATLANTIC_MUDSKIPPER,EXACT_SPECIES,EVD_JRN_R14_B01_SPC_PERIOPHTHALMUS_BARBARUS_PERSONALITY_ID_001 | EVD_JRN_R14_B01_SPC_PERIOPHTHALMUS_BARBARUS_TERRAIN_BROAD_001 | EVD_JRN_R14_B01_SPC_PERIOPHTHALMUS_BARBARUS_TERRAIN_SPECIFIC_001
SPC_FRATERCULA_ARCTICA,BRD_ATLANTIC_PUFFIN,EXACT_SPECIES,EVD_JRN_R01_B01_SPC_FRATERCULA_ARCTICA_PERSONALITY_ID_001 | EVD_JRN_R01_B01_SPC_FRATERCULA_ARCTICA_TERRAIN_BROAD_001 | EVD_JRN_R01_B01_SPC_FRATERCULA_ARCTICA_TERRAIN_SPECIFIC_001
SPC_SALMO_SALAR,BRD_ATLANTIC_SALMON,EXACT_SPECIES,EVD_JRN_R14_B01_SPC_SALMO_SALAR_PERSONALITY_ID_001 | EVD_JRN_R14_B01_SPC_SALMO_SALAR_TERRAIN_BROAD_001 | EVD_JRN_R14_B01_SPC_SALMO_SALAR_TERRAIN_SPECIFIC_001
SPC_LEPTUCA_PUGILATOR,BRD_ATLANTIC_SAND_FIDDLER_CRAB,EXACT_SPECIES,EVD_JRN_R25_B01_SPC_LEPTUCA_PUGILATOR_PERSONALITY_ID_001 | EVD_JRN_R25_B01_SPC_LEPTUCA_PUGILATOR_TERRAIN_BROAD_001 | EVD_JRN_R25_B01_SPC_LEPTUCA_PUGILATOR_TERRAIN_SPECIFIC_001
SPC_ATTACUS_ATLAS,BRD_ATLAS_MOTH,EXACT_SPECIES,EVD_JRN_R25_B01_SPC_ATTACUS_ATLAS_PERSONALITY_ID_001 | EVD_JRN_R25_B01_SPC_ATTACUS_ATLAS_TERRAIN_BROAD_001 | EVD_JRN_R25_B01_SPC_ATTACUS_ATLAS_TERRAIN_SPECIFIC_001
SPC_ALECTURA_LATHAMI,BRD_AUSTRALIAN_BRUSH_TURKEY,EXACT_SPECIES,EVD_JRN_R17_B01_SPC_ALECTURA_LATHAMI_PERSONALITY_ID_001 | EVD_JRN_R17_B01_SPC_ALECTURA_LATHAMI_TERRAIN_BROAD_001 | EVD_JRN_R17_B01_SPC_ALECTURA_LATHAMI_TERRAIN_SPECIFIC_001
SPC_CALLORHINCHUS_MILII,BRD_AUSTRALIAN_GHOSTSHARK,EXACT_SPECIES,EVD_JRN_R12_B01_SPC_CALLORHINCHUS_MILII_PERSONALITY_ID_001 | EVD_JRN_R12_B01_SPC_CALLORHINCHUS_MILII_TERRAIN_BROAD_001 | EVD_JRN_R12_B01_SPC_CALLORHINCHUS_MILII_TERRAIN_SPECIFIC_001
SPC_NEOCERATODUS_FORSTERI,BRD_AUSTRALIAN_LUNGFISH,EXACT_SPECIES,EVD_JRN_R14_B01_SPC_NEOCERATODUS_FORSTERI_PERSONALITY_ID_001 | EVD_JRN_R14_B01_SPC_NEOCERATODUS_FORSTERI_TERRAIN_BROAD_001 | EVD_JRN_R14_B01_SPC_NEOCERATODUS_FORSTERI_TERRAIN_SPECIFIC_001
SPC_PELECANUS_CONSPICILLATUS,BRD_AUSTRALIAN_PELICAN,EXACT_SPECIES,EVD_JRN_R01_B01_SPC_PELECANUS_CONSPICILLATUS_PERSONALITY_ID_001 | EVD_JRN_R01_B01_SPC_PELECANUS_CONSPICILLATUS_TERRAIN_BROAD_001 | EVD_JRN_R01_B01_SPC_PELECANUS_CONSPICILLATUS_TERRAIN_SPECIFIC_001
SPC_AMBYSTOMA_MEXICANUM,BRD_AXOLOTL_BEAST,EXACT_SPECIES,EVD_JRN_R13_B01_SPC_AMBYSTOMA_MEXICANUM_PERSONALITY_ID_001 | EVD_JRN_R13_B01_SPC_AMBYSTOMA_MEXICANUM_TERRAIN_BROAD_001 | EVD_JRN_R13_B01_SPC_AMBYSTOMA_MEXICANUM_TERRAIN_SPECIFIC_001
SPC_DAUBENTONIA_MADAGASCARIENSIS,BRD_AYE_AYE,EXACT_SPECIES,EVD_JRN_R15_B01_SPC_DAUBENTONIA_MADAGASCARIENSIS_PERSONALITY_ID_001 | EVD_JRN_R15_B01_SPC_DAUBENTONIA_MADAGASCARIENSIS_TERRAIN_BROAD_001 | EVD_JRN_R15_B01_SPC_DAUBENTONIA_MADAGASCARIENSIS_TERRAIN_SPECIFIC_001
SPC_PARVULUS_AZIZA,BRD_AZIZA,EXACT_TRADITION,EVD_JRN_R03_B01_SPC_PARVULUS_AZIZA_PERSONALITY_ID_001 | EVD_JRN_R03_B01_SPC_PARVULUS_AZIZA_TERRAIN_BROAD_001 | EVD_JRN_R03_B01_SPC_PARVULUS_AZIZA_TERRAIN_SPECIFIC_001
SPC_BERARDIUS_BAIRDII,BRD_BAIRD_S_BEAKED_WHALE,EXACT_SPECIES,EVD_JRN_R01_B01_SPC_BERARDIUS_BAIRDII_PERSONALITY_001 | EVD_JRN_R01_B01_SPC_BERARDIUS_BAIRDII_TERRAIN_BROAD_001 | EVD_JRN_R01_B01_SPC_BERARDIUS_BAIRDII_TERRAIN_SPECIFIC_001
SPC_TAPIRUS_BAIRDII,BRD_BAIRD_S_TAPIR,EXACT_SPECIES,EVD_JRN_R18_B01_SPC_TAPIRUS_BAIRDII_PERSONALITY_ID_001 | EVD_JRN_R18_B01_SPC_TAPIRUS_BAIRDII_TERRAIN_BROAD_001 | EVD_JRN_R18_B01_SPC_TAPIRUS_BAIRDII_TERRAIN_SPECIFIC_001
SPC_LEUCOPSAR_ROTHSCHILDI,BRD_BALI_MYNA,EXACT_SPECIES,EVD_JRN_R08_B01_SPC_LEUCOPSAR_ROTHSCHILDI_PERSONALITY_ID_001 | EVD_JRN_R08_B01_SPC_LEUCOPSAR_ROTHSCHILDI_TERRAIN_BROAD_001 | EVD_JRN_R08_B01_SPC_LEUCOPSAR_ROTHSCHILDI_TERRAIN_SPECIFIC_001
SPC_ICTERUS_GALBULA,BRD_BALTIMORE_ORIOLE,EXACT_SPECIES,EVD_JRN_R08_B01_SPC_ICTERUS_GALBULA_PERSONALITY_ID_001 | EVD_JRN_R08_B01_SPC_ICTERUS_GALBULA_TERRAIN_BROAD_001 | EVD_JRN_R08_B01_SPC_ICTERUS_GALBULA_TERRAIN_SPECIFIC_001
SPC_TOXOTES_JACULATRIX,BRD_BANDED_ARCHERFISH,EXACT_SPECIES,EVD_JRN_R14_B02_SPC_TOXOTES_JACULATRIX_PERSONALITY_ID_001 | EVD_JRN_R14_B02_SPC_TOXOTES_JACULATRIX_TERRAIN_BROAD_001 | EVD_JRN_R14_B02_SPC_TOXOTES_JACULATRIX_TERRAIN_SPECIFIC_001
SPC_MUNGOS_MUNGO,BRD_BANDED_MONGOOSE,EXACT_SPECIES,EVD_JRN_R02_B01_SPC_MUNGOS_MUNGO_PERSONALITY_ID_001 | EVD_JRN_R02_B01_SPC_MUNGOS_MUNGO_TERRAIN_BROAD_001 | EVD_JRN_R02_B01_SPC_MUNGOS_MUNGO_TERRAIN_SPECIFIC_001
SPC_PHRYNOMANTIS_BIFASCIATUS,BRD_BANDED_RUBBER_FROG,EXACT_SPECIES,EVD_JRN_R13_B01_SPC_PHRYNOMANTIS_BIFASCIATUS_PERSONALITY_ID_001 | EVD_JRN_R13_B01_SPC_PHRYNOMANTIS_BIFASCIATUS_TERRAIN_BROAD_001 | EVD_JRN_R13_B01_SPC_PHRYNOMANTIS_BIFASCIATUS_TERRAIN_SPECIFIC_001
SPC_LATICAUDA_COLUBRINA,BRD_BANDED_SEA_KRAIT,EXACT_SPECIES,EVD_JRN_R25_B01_SPC_LATICAUDA_COLUBRINA_PERSONALITY_ID_001 | EVD_JRN_R25_B01_SPC_LATICAUDA_COLUBRINA_TERRAIN_BROAD_001 | EVD_JRN_R25_B01_SPC_LATICAUDA_COLUBRINA_TERRAIN_SPECIFIC_001
SPC_DIPODOMYS_SPECTABILIS,BRD_BANNER_TAILED_KANGAROO_RAT,EXACT_SPECIES,EVD_JRN_R20_B01_SPC_DIPODOMYS_SPECTABILIS_PERSONALITY_ID_001 | EVD_JRN_R20_B01_SPC_DIPODOMYS_SPECTABILIS_TERRAIN_BROAD_001 | EVD_JRN_R20_B01_SPC_DIPODOMYS_SPECTABILIS_TERRAIN_SPECIFIC_001
SPC_SPECTRUM_BANSHEE,BRD_BANSHEE,EXACT_TRADITION,EVD_JRN_R05_B01_SPC_SPECTRUM_BANSHEE_PERSONALITY_ID_001 | EVD_JRN_R05_B01_SPC_SPECTRUM_BANSHEE_TERRAIN_BROAD_001 | EVD_JRN_R05_B01_SPC_SPECTRUM_BANSHEE_TERRAIN_SPECIFIC_001
SPC_ANSER_INDICUS,BRD_BAR_HEADED_GOOSE,EXACT_SPECIES,EVD_JRN_R01_B01_SPC_ANSER_INDICUS_PERSONALITY_001 | EVD_JRN_R01_B01_SPC_ANSER_INDICUS_TERRAIN_BROAD_001 | EVD_JRN_R01_B01_SPC_ANSER_INDICUS_TERRAIN_SPECIFIC_001
SPC_AMMOTRAGUS_LERVIA,BRD_BARBARY_SHEEP,EXACT_SPECIES,EVD_JRN_R02_B01_SPC_AMMOTRAGUS_LERVIA_PERSONALITY_ID_001 | EVD_JRN_R02_B01_SPC_AMMOTRAGUS_LERVIA_TERRAIN_BROAD_001 | EVD_JRN_R02_B01_SPC_AMMOTRAGUS_LERVIA_TERRAIN_SPECIFIC_001
SPC_CALUROMYS_PHILANDER,BRD_BARE_TAILED_WOOLLY_OPOSSUM,EXACT_SPECIES,EVD_JRN_R22_B01_SPC_CALUROMYS_PHILANDER_PERSONALITY_ID_001 | EVD_JRN_R22_B01_SPC_CALUROMYS_PHILANDER_TERRAIN_BROAD_001 | EVD_JRN_R22_B01_SPC_CALUROMYS_PHILANDER_TERRAIN_SPECIFIC_001
SPC_TIGRISOMA_MEXICANUM,BRD_BARE_THROATED_TIGER_HERON,EXACT_SPECIES,EVD_JRN_R01_B02_SPC_TIGRISOMA_MEXICANUM_PERSONALITY_ID_001 | EVD_JRN_R01_B02_SPC_TIGRISOMA_MEXICANUM_TERRAIN_BROAD_001 | EVD_JRN_R01_B02_SPC_TIGRISOMA_MEXICANUM_TERRAIN_SPECIFIC_001
SPC_TYTO_ALBA,BRD_BARN_OWL,EXACT_SPECIES,EVD_JRN_R18_B01_SPC_TYTO_ALBA_PERSONALITY_ID_001 | EVD_JRN_R18_B01_SPC_TYTO_ALBA_TERRAIN_BROAD_001 | EVD_JRN_R18_B01_SPC_TYTO_ALBA_TERRAIN_SPECIFIC_001
SPC_HIRUNDO_RUSTICA,BRD_BARN_SWALLOW,EXACT_SPECIES,EVD_JRN_R08_B01_SPC_HIRUNDO_RUSTICA_PERSONALITY_ID_001 | EVD_JRN_R08_B01_SPC_HIRUNDO_RUSTICA_TERRAIN_BROAD_001 | EVD_JRN_R08_B01_SPC_HIRUNDO_RUSTICA_TERRAIN_SPECIFIC_001
SPC_CETORHINUS_MAXIMUS,BRD_BASKING_SHARK,EXACT_SPECIES,EVD_JRN_R12_B01_SPC_CETORHINUS_MAXIMUS_PERSONALITY_ID_001 | EVD_JRN_R12_B01_SPC_CETORHINUS_MAXIMUS_TERRAIN_BROAD_001 | EVD_JRN_R12_B01_SPC_CETORHINUS_MAXIMUS_TERRAIN_SPECIFIC_001
SPC_TERATHOPIUS_ECAUDATUS,BRD_BATELEUR,EXACT_SPECIES,EVD_JRN_R18_B01_SPC_TERATHOPIUS_ECAUDATUS_PERSONALITY_ID_001 | EVD_JRN_R18_B01_SPC_TERATHOPIUS_ECAUDATUS_TERRAIN_BROAD_001 | EVD_JRN_R18_B01_SPC_TERATHOPIUS_ECAUDATUS_TERRAIN_SPECIFIC_001
SPC_GYPAETUS_BARBATUS,BRD_BEARDED_VULTURE,EXACT_SPECIES,EVD_JRN_R18_B01_SPC_GYPAETUS_BARBATUS_PERSONALITY_ID_001 | EVD_JRN_R18_B01_SPC_GYPAETUS_BARBATUS_TERRAIN_BROAD_001 | EVD_JRN_R18_B01_SPC_GYPAETUS_BARBATUS_TERRAIN_SPECIFIC_001
SPC_CINNYRIS_PULCHELLUS,BRD_BEAUTIFUL_SUNBIRD,EXACT_SPECIES,EVD_JRN_R08_B01_SPC_CINNYRIS_PULCHELLUS_PERSONALITY_ID_001 | EVD_JRN_R08_B01_SPC_CINNYRIS_PULCHELLUS_TERRAIN_BROAD_001 | EVD_JRN_R08_B01_SPC_CINNYRIS_PULCHELLUS_TERRAIN_SPECIFIC_001
SPC_MELLISUGA_HELENAE,BRD_BEE_HUMMINGBIRD,EXACT_SPECIES,EVD_JRN_R22_B01_SPC_MELLISUGA_HELENAE_PERSONALITY_ID_001 | EVD_JRN_R22_B01_SPC_MELLISUGA_HELENAE_TERRAIN_BROAD_001 | EVD_JRN_R22_B01_SPC_MELLISUGA_HELENAE_TERRAIN_SPECIFIC_001
SPC_DELPHINAPTERUS_LEUCAS,BRD_BELUGA_WHALE,EXACT_SPECIES,EVD_JRN_R01_B01_SPC_DELPHINAPTERUS_LEUCAS_PERSONALITY_ID_001 | EVD_JRN_R01_B01_SPC_DELPHINAPTERUS_LEUCAS_TERRAIN_BROAD_001 | EVD_JRN_R01_B01_SPC_DELPHINAPTERUS_LEUCAS_TERRAIN_SPECIFIC_001
SPC_ALPHEUS_HETEROCHAELIS,BRD_BIGCLAW_SNAPPING_SHRIMP,EXACT_SPECIES,EVD_JRN_R25_B01_SPC_ALPHEUS_HETEROCHAELIS_PERSONALITY_ID_001 | EVD_JRN_R25_B01_SPC_ALPHEUS_HETEROCHAELIS_TERRAIN_BROAD_001 | EVD_JRN_R25_B01_SPC_ALPHEUS_HETEROCHAELIS_TERRAIN_SPECIFIC_001
SPC_OVIS_CANADENSIS,BRD_BIGHORN_SHEEP,EXACT_SPECIES,EVD_JRN_R02_B01_SPC_OVIS_CANADENSIS_PERSONALITY_ID_001 | EVD_JRN_R02_B01_SPC_OVIS_CANADENSIS_TERRAIN_BROAD_001 | EVD_JRN_R02_B01_SPC_OVIS_CANADENSIS_TERRAIN_SPECIFIC_001
SPC_RHYNCHOCYON_PETERSI,BRD_BLACK_AND_RUFOUS_GIANT_SENGI,EXACT_SPECIES,EVD_JRN_R11_B01_SPC_RHYNCHOCYON_PETERSI_PERSONALITY_ID_001 | EVD_JRN_R11_B01_SPC_RHYNCHOCYON_PETERSI_TERRAIN_BROAD_001 | EVD_JRN_R11_B01_SPC_RHYNCHOCYON_PETERSI_TERRAIN_SPECIFIC_001
SPC_CANIS_MESOMELAS,BRD_BLACK_BACKED_JACKAL,EXACT_SPECIES,EVD_JRN_R02_B01_SPC_CANIS_MESOMELAS_PERSONALITY_ID_001 | EVD_JRN_R02_B01_SPC_CANIS_MESOMELAS_TERRAIN_BROAD_001 | EVD_JRN_R02_B01_SPC_CANIS_MESOMELAS_TERRAIN_SPECIFIC_001
SPC_THALASSARCHE_MELANOPHRIS,BRD_BLACK_BROWED_ALBATROSS,EXACT_SPECIES,EVD_JRN_R01_B02_SPC_THALASSARCHE_MELANOPHRIS_PERSONALITY_ID_001 | EVD_JRN_R01_B02_SPC_THALASSARCHE_MELANOPHRIS_TERRAIN_BROAD_001 | EVD_JRN_R01_B02_SPC_THALASSARCHE_MELANOPHRIS_TERRAIN_SPECIFIC_001
SPC_MELANOSUCHUS_NIGER,BRD_BLACK_CAIMAN,EXACT_SPECIES,EVD_JRN_R04_B01_SPC_MELANOSUCHUS_NIGER_PERSONALITY_ID_001 | EVD_JRN_R04_B01_SPC_MELANOSUCHUS_NIGER_TERRAIN_BROAD_001 | EVD_JRN_R04_B01_SPC_MELANOSUCHUS_NIGER_TERRAIN_SPECIFIC_001
SPC_APTERONOTUS_ALBIFRONS,BRD_BLACK_GHOST_KNIFEFISH,EXACT_SPECIES,EVD_JRN_R14_B01_SPC_APTERONOTUS_ALBIFRONS_PERSONALITY_ID_001 | EVD_JRN_R14_B01_SPC_APTERONOTUS_ALBIFRONS_TERRAIN_BROAD_001 | EVD_JRN_R14_B01_SPC_APTERONOTUS_ALBIFRONS_TERRAIN_SPECIFIC_001
SPC_MILVUS_MIGRANS,BRD_BLACK_KITE,EXACT_SPECIES,EVD_JRN_R18_B01_SPC_MILVUS_MIGRANS_PERSONALITY_ID_001 | EVD_JRN_R18_B01_SPC_MILVUS_MIGRANS_TERRAIN_BROAD_001 | EVD_JRN_R18_B01_SPC_MILVUS_MIGRANS_TERRAIN_SPECIFIC_001
SPC_DENDROASPIS_POLYLEPIS,BRD_BLACK_MAMBA,EXACT_SPECIES,EVD_JRN_R25_B01_SPC_DENDROASPIS_POLYLEPIS_PERSONALITY_ID_001 | EVD_JRN_R25_B01_SPC_DENDROASPIS_POLYLEPIS_TERRAIN_BROAD_001 | EVD_JRN_R25_B01_SPC_DENDROASPIS_POLYLEPIS_TERRAIN_SPECIFIC_001
SPC_COLOSSOMA_MACROPOMUM,BRD_BLACK_PACU,EXACT_SPECIES,EVD_JRN_R14_B01_SPC_COLOSSOMA_MACROPOMUM_PERSONALITY_ID_001 | EVD_JRN_R14_B01_SPC_COLOSSOMA_MACROPOMUM_TERRAIN_BROAD_001 | EVD_JRN_R14_B01_SPC_COLOSSOMA_MACROPOMUM_TERRAIN_SPECIFIC_001
SPC_DICEROS_BICORNIS,BRD_BLACK_RHINOCEROS,EXACT_SPECIES,EVD_JRN_R18_B01_SPC_DICEROS_BICORNIS_PERSONALITY_ID_001 | EVD_JRN_R18_B01_SPC_DICEROS_BICORNIS_TERRAIN_BROAD_001 | EVD_JRN_R18_B01_SPC_DICEROS_BICORNIS_TERRAIN_SPECIFIC_001
SPC_RYNCHOPS_NIGER,BRD_BLACK_SKIMMER,EXACT_SPECIES,EVD_JRN_R01_B02_SPC_RYNCHOPS_NIGER_PERSONALITY_ID_001 | EVD_JRN_R01_B02_SPC_RYNCHOPS_NIGER_TERRAIN_BROAD_001 | EVD_JRN_R01_B02_SPC_RYNCHOPS_NIGER_TERRAIN_SPECIFIC_001
SPC_CYGNUS_ATRATUS,BRD_BLACK_SWAN,EXACT_SPECIES,EVD_JRN_R01_B01_SPC_CYGNUS_ATRATUS_PERSONALITY_ID_001 | EVD_JRN_R01_B01_SPC_CYGNUS_ATRATUS_TERRAIN_BROAD_001 | EVD_JRN_R01_B01_SPC_CYGNUS_ATRATUS_TERRAIN_SPECIFIC_001
SPC_LEPUS_CALIFORNICUS,BRD_BLACK_TAILED_JACKRABBIT,EXACT_SPECIES,EVD_JRN_R20_B01_SPC_LEPUS_CALIFORNICUS_PERSONALITY_ID_001 | EVD_JRN_R20_B01_SPC_LEPUS_CALIFORNICUS_TERRAIN_BROAD_001 | EVD_JRN_R20_B01_SPC_LEPUS_CALIFORNICUS_TERRAIN_SPECIFIC_001
SPC_CYNOMYS_LUDOVICIANUS,BRD_BLACK_TAILED_PRAIRIE_DOG,EXACT_SPECIES,EVD_JRN_R20_B01_SPC_CYNOMYS_LUDOVICIANUS_PERSONALITY_ID_001 | EVD_JRN_R20_B01_SPC_CYNOMYS_LUDOVICIANUS_TERRAIN_BROAD_001 | EVD_JRN_R20_B01_SPC_CYNOMYS_LUDOVICIANUS_TERRAIN_SPECIFIC_001
SPC_CHAENOCEPHALUS_ACERATUS,BRD_BLACKFIN_ICEFISH,EXACT_SPECIES,EVD_JRN_R14_B01_SPC_CHAENOCEPHALUS_ACERATUS_PERSONALITY_ID_001 | EVD_JRN_R14_B01_SPC_CHAENOCEPHALUS_ACERATUS_TERRAIN_BROAD_001 | EVD_JRN_R14_B01_SPC_CHAENOCEPHALUS_ACERATUS_TERRAIN_SPECIFIC_001
SPC_VANELLUS_ARMATUS,BRD_BLACKSMITH_LAPWING,EXACT_SPECIES,EVD_JRN_R01_B02_SPC_VANELLUS_ARMATUS_PERSONALITY_ID_001 | EVD_JRN_R01_B02_SPC_VANELLUS_ARMATUS_TERRAIN_BROAD_001 | EVD_JRN_R01_B02_SPC_VANELLUS_ARMATUS_TERRAIN_SPECIFIC_001
SPC_CARCHARHINUS_MELANOPTERUS,BRD_BLACKTIP_REEF_SHARK,EXACT_SPECIES,EVD_JRN_R12_B01_SPC_CARCHARHINUS_MELANOPTERUS_PERSONALITY_ID_001 | EVD_JRN_R12_B01_SPC_CARCHARHINUS_MELANOPTERUS_TERRAIN_BROAD_001 | EVD_JRN_R12_B01_SPC_CARCHARHINUS_MELANOPTERUS_TERRAIN_SPECIFIC_001
SPC_CYSTOSOMA_SAUNDERSII,BRD_BLADDER_CICADA,EXACT_SPECIES,EVD_JRN_R25_B01_SPC_CYSTOSOMA_SAUNDERSII_PERSONALITY_ID_001 | EVD_JRN_R25_B01_SPC_CYSTOSOMA_SAUNDERSII_TERRAIN_BROAD_001 | EVD_JRN_R25_B01_SPC_CYSTOSOMA_SAUNDERSII_TERRAIN_SPECIFIC_001
SPC_KETUPA_BLAKISTONI,BRD_BLAKISTON_S_FISH_OWL,EXACT_SPECIES,EVD_JRN_R18_B01_SPC_KETUPA_BLAKISTONI_PERSONALITY_ID_001 | EVD_JRN_R18_B01_SPC_KETUPA_BLAKISTONI_TERRAIN_BROAD_001 | EVD_JRN_R18_B01_SPC_KETUPA_BLAKISTONI_TERRAIN_SPECIFIC_001
SPC_ANOLIS_GORGONAE,BRD_BLUE_ANOLE,EXACT_SPECIES,EVD_JRN_R24_B01_SPC_ANOLIS_GORGONAE_PERSONALITY_ID_001 | EVD_JRN_R24_B01_SPC_ANOLIS_GORGONAE_TERRAIN_BROAD_001 | EVD_JRN_R24_B01_SPC_ANOLIS_GORGONAE_TERRAIN_SPECIFIC_001
SPC_SULA_NEBOUXII,BRD_BLUE_FOOTED_BOOBY,EXACT_SPECIES,EVD_JRN_R01_B02_SPC_SULA_NEBOUXII_PERSONALITY_ID_001 | EVD_JRN_R01_B02_SPC_SULA_NEBOUXII_TERRAIN_BROAD_001 | EVD_JRN_R01_B02_SPC_SULA_NEBOUXII_TERRAIN_SPECIFIC_001
SPC_CYANOCITTA_CRISTATA,BRD_BLUE_JAY,EXACT_SPECIES,EVD_JRN_R08_B01_SPC_CYANOCITTA_CRISTATA_PERSONALITY_ID_001 | EVD_JRN_R08_B01_SPC_CYANOCITTA_CRISTATA_TERRAIN_BROAD_001 | EVD_JRN_R08_B01_SPC_CYANOCITTA_CRISTATA_TERRAIN_SPECIFIC_001
SPC_MORPHO_MENELAUS,BRD_BLUE_MORPHO,EXACT_SPECIES,EVD_JRN_R25_B02_SPC_MORPHO_MENELAUS_PERSONALITY_ID_001 | EVD_JRN_R25_B02_SPC_MORPHO_MENELAUS_TERRAIN_BROAD_001 | EVD_JRN_R25_B02_SPC_MORPHO_MENELAUS_TERRAIN_SPECIFIC_001
SPC_HALOBAENA_CAERULEA,BRD_BLUE_PETREL,EXACT_SPECIES,EVD_JRN_R01_B01_SPC_HALOBAENA_CAERULEA_PERSONALITY_ID_001 | EVD_JRN_R01_B01_SPC_HALOBAENA_CAERULEA_TERRAIN_BROAD_001 | EVD_JRN_R01_B01_SPC_HALOBAENA_CAERULEA_TERRAIN_SPECIFIC_001
SPC_ISCHNURA_ELEGANS,BRD_BLUE_TAILED_DAMSELFLY,EXACT_SPECIES,EVD_JRN_R25_B01_SPC_ISCHNURA_ELEGANS_PERSONALITY_ID_001 | EVD_JRN_R25_B01_SPC_ISCHNURA_ELEGANS_TERRAIN_BROAD_001 | EVD_JRN_R25_B01_SPC_ISCHNURA_ELEGANS_TERRAIN_SPECIFIC_001
SPC_PARACANTHURUS_HEPATUS,BRD_BLUE_TANG,EXACT_SPECIES,EVD_JRN_R14_B01_SPC_PARACANTHURUS_HEPATUS_PERSONALITY_ID_001 | EVD_JRN_R14_B01_SPC_PARACANTHURUS_HEPATUS_TERRAIN_BROAD_001 | EVD_JRN_R14_B01_SPC_PARACANTHURUS_HEPATUS_TERRAIN_SPECIFIC_001
SPC_BALAENOPTERA_MUSCULUS,BRD_BLUE_WHALE,EXACT_SPECIES,EVD_JRN_R01_B01_SPC_BALAENOPTERA_MUSCULUS_PERSONALITY_001 | EVD_JRN_R01_B01_SPC_BALAENOPTERA_MUSCULUS_TERRAIN_BROAD_001 | EVD_JRN_R01_B01_SPC_BALAENOPTERA_MUSCULUS_TERRAIN_SPECIFIC_001
SPC_CONNOCHAETES_TAURINUS,BRD_BLUE_WILDEBEEST,EXACT_SPECIES,EVD_JRN_R02_B01_SPC_CONNOCHAETES_TAURINUS_PERSONALITY_ID_001 | EVD_JRN_R02_B01_SPC_CONNOCHAETES_TAURINUS_TERRAIN_BROAD_001 | EVD_JRN_R02_B01_SPC_CONNOCHAETES_TAURINUS_TERRAIN_SPECIFIC_001
SPC_NOTHOBRANCHIUS_RACHOVII,BRD_BLUEFIN_NOTHO,EXACT_SPECIES,EVD_JRN_R14_B01_SPC_NOTHOBRANCHIUS_RACHOVII_PERSONALITY_ID_001 | EVD_JRN_R14_B01_SPC_NOTHOBRANCHIUS_RACHOVII_TERRAIN_BROAD_001 | EVD_JRN_R14_B01_SPC_NOTHOBRANCHIUS_RACHOVII_TERRAIN_SPECIFIC_001
SPC_NASO_UNICORNIS,BRD_BLUESPINE_UNICORNFISH,EXACT_SPECIES,EVD_JRN_R14_B01_SPC_NASO_UNICORNIS_PERSONALITY_ID_001 | EVD_JRN_R14_B01_SPC_NASO_UNICORNIS_TERRAIN_BROAD_001 | EVD_JRN_R14_B01_SPC_NASO_UNICORNIS_TERRAIN_SPECIFIC_001
SPC_LABROIDES_DIMIDIATUS,BRD_BLUESTREAK_CLEANER_WRASSE,EXACT_SPECIES,EVD_JRN_R14_B01_SPC_LABROIDES_DIMIDIATUS_PERSONALITY_ID_001 | EVD_JRN_R14_B01_SPC_LABROIDES_DIMIDIATUS_TERRAIN_BROAD_001 | EVD_JRN_R14_B01_SPC_LABROIDES_DIMIDIATUS_TERRAIN_SPECIFIC_001
SPC_BOA_CONSTRICTOR,BRD_BOA_CONSTRICTOR,EXACT_SPECIES,EVD_JRN_R25_B01_SPC_BOA_CONSTRICTOR_PERSONALITY_ID_001 | EVD_JRN_R25_B01_SPC_BOA_CONSTRICTOR_TERRAIN_BROAD_001 | EVD_JRN_R25_B01_SPC_BOA_CONSTRICTOR_TERRAIN_SPECIFIC_001
SPC_COCHLEARIUS_COCHLEARIUS,BRD_BOAT_BILLED_HERON,EXACT_SPECIES,EVD_JRN_R01_B01_SPC_COCHLEARIUS_COCHLEARIUS_PERSONALITY_ID_001 | EVD_JRN_R01_B01_SPC_COCHLEARIUS_COCHLEARIUS_TERRAIN_BROAD_001 | EVD_JRN_R01_B01_SPC_COCHLEARIUS_COCHLEARIUS_TERRAIN_SPECIFIC_001
SPC_MASTOPHORA_HUTCHINSONI,BRD_BOLAS_SPIDER,EXACT_SPECIES,EVD_JRN_R25_B02_SPC_MASTOPHORA_HUTCHINSONI_PERSONALITY_ID_001 | EVD_JRN_R25_B02_SPC_MASTOPHORA_HUTCHINSONI_TERRAIN_BROAD_001 | EVD_JRN_R25_B02_SPC_MASTOPHORA_HUTCHINSONI_TERRAIN_SPECIFIC_001
SPC_BRACHINUS_CREPITANS,BRD_BOMBARDIER_BEETLE,EXACT_SPECIES,EVD_JRN_R25_B01_SPC_BRACHINUS_CREPITANS_PERSONALITY_ID_001 | EVD_JRN_R25_B01_SPC_BRACHINUS_CREPITANS_TERRAIN_BROAD_001 | EVD_JRN_R25_B01_SPC_BRACHINUS_CREPITANS_TERRAIN_SPECIFIC_001
SPC_PAN_PANISCUS,BRD_BONOBO,EXACT_SPECIES,EVD_JRN_R15_B01_SPC_PAN_PANISCUS_PERSONALITY_ID_001 | EVD_JRN_R15_B01_SPC_PAN_PANISCUS_TERRAIN_BROAD_001 | EVD_JRN_R15_B01_SPC_PAN_PANISCUS_TERRAIN_SPECIFIC_001
SPC_OCREATUS_UNDERWOODII,BRD_BOOTED_RACKET_TAIL,EXACT_SPECIES,EVD_JRN_R22_B01_SPC_OCREATUS_UNDERWOODII_PERSONALITY_ID_001 | EVD_JRN_R22_B01_SPC_OCREATUS_UNDERWOODII_TERRAIN_BROAD_001 | EVD_JRN_R22_B01_SPC_OCREATUS_UNDERWOODII_TERRAIN_SPECIFIC_001
SPC_PONGO_PYGMAEUS,BRD_BORNEAN_ORANGUTAN,EXACT_SPECIES,EVD_JRN_R15_B01_SPC_PONGO_PYGMAEUS_PERSONALITY_ID_001 | EVD_JRN_R15_B01_SPC_PONGO_PYGMAEUS_TERRAIN_BROAD_001 | EVD_JRN_R15_B01_SPC_PONGO_PYGMAEUS_TERRAIN_SPECIFIC_001
SPC_THOMOMYS_BOTTAE,BRD_BOTTA_S_POCKET_GOPHER,EXACT_SPECIES,EVD_JRN_R20_B01_SPC_THOMOMYS_BOTTAE_PERSONALITY_ID_001 | EVD_JRN_R20_B01_SPC_THOMOMYS_BOTTAE_TERRAIN_BROAD_001 | EVD_JRN_R20_B01_SPC_THOMOMYS_BOTTAE_TERRAIN_SPECIFIC_001
SPC_BALAENA_MYSTICETUS,BRD_BOWHEAD_WHALE,EXACT_SPECIES,EVD_JRN_R01_B01_SPC_BALAENA_MYSTICETUS_PERSONALITY_001 | EVD_JRN_R01_B01_SPC_BALAENA_MYSTICETUS_TERRAIN_BROAD_001 | EVD_JRN_R01_B01_SPC_BALAENA_MYSTICETUS_TERRAIN_SPECIFIC_001
SPC_INDOTYPHLOPS_BRAMINUS,BRD_BRAHMINY_BLIND_SNAKE,EXACT_SPECIES,EVD_JRN_R25_B01_SPC_INDOTYPHLOPS_BRAMINUS_PERSONALITY_ID_001 | EVD_JRN_R25_B01_SPC_INDOTYPHLOPS_BRAMINUS_TERRAIN_BROAD_001 | EVD_JRN_R25_B01_SPC_INDOTYPHLOPS_BRAMINUS_TERRAIN_SPECIFIC_001
SPC_COENDOU_PREHENSILIS,BRD_BRAZILIAN_PORCUPINE,EXACT_SPECIES,EVD_JRN_R20_B01_SPC_COENDOU_PREHENSILIS_PERSONALITY_ID_001 | EVD_JRN_R20_B01_SPC_COENDOU_PREHENSILIS_TERRAIN_BROAD_001 | EVD_JRN_R20_B01_SPC_COENDOU_PREHENSILIS_TERRAIN_SPECIFIC_001
SPC_EPICRATES_CENCHRIA,BRD_BRAZILIAN_RAINBOW_BOA,EXACT_SPECIES,EVD_JRN_R25_B01_SPC_EPICRATES_CENCHRIA_PERSONALITY_ID_001 | EVD_JRN_R25_B01_SPC_EPICRATES_CENCHRIA_TERRAIN_BROAD_001 | EVD_JRN_R25_B01_SPC_EPICRATES_CENCHRIA_TERRAIN_SPECIFIC_001
SPC_SEPIA_LATIMANUS,BRD_BROADCLUB_CUTTLEFISH,EXACT_SPECIES,EVD_JRN_R14_B02_SPC_SEPIA_LATIMANUS_PERSONALITY_ID_001 | EVD_JRN_R14_B02_SPC_SEPIA_LATIMANUS_TERRAIN_BROAD_001 | EVD_JRN_R14_B02_SPC_SEPIA_LATIMANUS_TERRAIN_SPECIFIC_001
SPC_HYAENA_BRUNNEA,BRD_BROWN_HYENA,EXACT_SPECIES,EVD_JRN_R02_B01_SPC_HYAENA_BRUNNEA_PERSONALITY_ID_001 | EVD_JRN_R02_B01_SPC_HYAENA_BRUNNEA_TERRAIN_BROAD_001 | EVD_JRN_R02_B01_SPC_HYAENA_BRUNNEA_TERRAIN_SPECIFIC_001
SPC_PLECOTUS_AURITUS,BRD_BROWN_LONG_EARED_BAT,EXACT_SPECIES,EVD_JRN_R20_B01_SPC_PLECOTUS_AURITUS_PERSONALITY_ID_001 | EVD_JRN_R20_B01_SPC_PLECOTUS_AURITUS_TERRAIN_BROAD_001 | EVD_JRN_R20_B01_SPC_PLECOTUS_AURITUS_TERRAIN_SPECIFIC_001
SPC_PELECANUS_OCCIDENTALIS,BRD_BROWN_PELICAN,EXACT_SPECIES,EVD_JRN_R01_B01_SPC_PELECANUS_OCCIDENTALIS_PERSONALITY_ID_001 | EVD_JRN_R01_B01_SPC_PELECANUS_OCCIDENTALIS_TERRAIN_BROAD_001 | EVD_JRN_R01_B01_SPC_PELECANUS_OCCIDENTALIS_TERRAIN_SPECIFIC_001
SPC_RATTUS_NORVEGICUS,BRD_BROWN_RAT,EXACT_SPECIES,EVD_JRN_R20_B01_SPC_RATTUS_NORVEGICUS_PERSONALITY_ID_001 | EVD_JRN_R20_B01_SPC_RATTUS_NORVEGICUS_TERRAIN_BROAD_001 | EVD_JRN_R20_B01_SPC_RATTUS_NORVEGICUS_TERRAIN_SPECIFIC_001
SPC_BRADYPUS_VARIEGATUS,BRD_BROWN_THROATED_THREE_TOED_SLOTH,EXACT_SPECIES,EVD_JRN_R23_B01_SPC_BRADYPUS_VARIEGATUS_PERSONALITY_ID_001 | EVD_JRN_R23_B01_SPC_BRADYPUS_VARIEGATUS_TERRAIN_BROAD_001 | EVD_JRN_R23_B01_SPC_BRADYPUS_VARIEGATUS_TERRAIN_SPECIFIC_001
SPC_PARVULUS_BROWNIE,BRD_BROWNIE,EXACT_TRADITION,EVD_JRN_R12_B01_SPC_PARVULUS_BROWNIE_PERSONALITY_ID_001 | EVD_JRN_R12_B01_SPC_PARVULUS_BROWNIE_TERRAIN_BROAD_001 | EVD_JRN_R12_B01_SPC_PARVULUS_BROWNIE_TERRAIN_SPECIFIC_001
SPC_BOMBUS_TERRESTRIS,BRD_BUFF_TAILED_BUMBLEBEE,EXACT_SPECIES,EVD_JRN_R25_B01_SPC_BOMBUS_TERRESTRIS_PERSONALITY_ID_001 | EVD_JRN_R25_B01_SPC_BOMBUS_TERRESTRIS_TERRAIN_BROAD_001 | EVD_JRN_R25_B01_SPC_BOMBUS_TERRESTRIS_TERRAIN_SPECIFIC_001
SPC_GOBELINUS_TERRIBILIS,BRD_BUGBEAR,EXACT_TRADITION,EVD_JRN_R21_B01_SPC_GOBELINUS_TERRIBILIS_PERSONALITY_ID_001 | EVD_JRN_R21_B01_SPC_GOBELINUS_TERRIBILIS_TERRAIN_BROAD_001 | EVD_JRN_R21_B01_SPC_GOBELINUS_TERRIBILIS_TERRAIN_SPECIFIC_001
SPC_PARAPONERA_CLAVATA,BRD_BULLET_ANT,EXACT_SPECIES,EVD_JRN_R25_B02_SPC_PARAPONERA_CLAVATA_PERSONALITY_ID_001 | EVD_JRN_R25_B02_SPC_PARAPONERA_CLAVATA_TERRAIN_BROAD_001 | EVD_JRN_R25_B02_SPC_PARAPONERA_CLAVATA_TERRAIN_SPECIFIC_001
SPC_BOLBOMETOPON_MURICATUM,BRD_BUMPHEAD_PARROTFISH,EXACT_SPECIES,EVD_JRN_R14_B01_SPC_BOLBOMETOPON_MURICATUM_PERSONALITY_ID_001 | EVD_JRN_R14_B01_SPC_BOLBOMETOPON_MURICATUM_TERRAIN_BROAD_001 | EVD_JRN_R14_B01_SPC_BOLBOMETOPON_MURICATUM_TERRAIN_SPECIFIC_001
SPC_PYTHON_BIVITTATUS,BRD_BURMESE_PYTHON,EXACT_SPECIES,EVD_JRN_R25_B02_SPC_PYTHON_BIVITTATUS_PERSONALITY_ID_001 | EVD_JRN_R25_B02_SPC_PYTHON_BIVITTATUS_TERRAIN_BROAD_001 | EVD_JRN_R25_B02_SPC_PYTHON_BIVITTATUS_TERRAIN_SPECIFIC_001
SPC_ATHENE_CUNICULARIA,BRD_BURROWING_OWL,EXACT_SPECIES,EVD_JRN_R18_B01_SPC_ATHENE_CUNICULARIA_PERSONALITY_ID_001 | EVD_JRN_R18_B01_SPC_ATHENE_CUNICULARIA_TERRAIN_BROAD_001 | EVD_JRN_R18_B01_SPC_ATHENE_CUNICULARIA_TERRAIN_SPECIFIC_001
SPC_BUTEO_JAMAICENSIS,BRD_BUTEO_JAMAICENSIS_RED_TAILED_HAWK,EXACT_SPECIES,EVD_JRN_R18_B01_SPC_BUTEO_JAMAICENSIS_PERSONALITY_ID_001 | EVD_JRN_R18_B01_SPC_BUTEO_JAMAICENSIS_TERRAIN_BROAD_001 | EVD_JRN_R18_B01_SPC_BUTEO_JAMAICENSIS_TERRAIN_SPECIFIC_001
SPC_GYMNOGYPS_CALIFORNIANUS,BRD_CALIFORNIA_CONDOR,EXACT_SPECIES,EVD_JRN_R18_B01_SPC_GYMNOGYPS_CALIFORNIANUS_PERSONALITY_ID_001 | EVD_JRN_R18_B01_SPC_GYMNOGYPS_CALIFORNIANUS_TERRAIN_BROAD_001 | EVD_JRN_R18_B01_SPC_GYMNOGYPS_CALIFORNIANUS_TERRAIN_SPECIFIC_001
SPC_LAMPROPELTIS_CALIFORNIAE,BRD_CALIFORNIA_KINGSNAKE,EXACT_SPECIES,EVD_JRN_R25_B01_SPC_LAMPROPELTIS_CALIFORNIAE_PERSONALITY_ID_001 | EVD_JRN_R25_B01_SPC_LAMPROPELTIS_CALIFORNIAE_TERRAIN_BROAD_001 | EVD_JRN_R25_B01_SPC_LAMPROPELTIS_CALIFORNIAE_TERRAIN_SPECIFIC_001
SPC_ZALOPHUS_CALIFORNIANUS,BRD_CALIFORNIA_SEA_LION,EXACT_SPECIES,EVD_JRN_R02_B02_SPC_ZALOPHUS_CALIFORNIANUS_PERSONALITY_ID_001 | EVD_JRN_R02_B02_SPC_ZALOPHUS_CALIFORNIANUS_TERRAIN_BROAD_001 | EVD_JRN_R02_B02_SPC_ZALOPHUS_CALIFORNIANUS_TERRAIN_SPECIFIC_001
SPC_CALUMMA_PARSONII,BRD_CALUMMA_PARSONII_PARSON_S_CHAMELEON,EXACT_SPECIES,EVD_JRN_R24_B01_SPC_CALUMMA_PARSONII_PERSONALITY_ID_001 | EVD_JRN_R24_B01_SPC_CALUMMA_PARSONII_TERRAIN_BROAD_001 | EVD_JRN_R24_B01_SPC_CALUMMA_PARSONII_TERRAIN_SPECIFIC_001
SPC_DAEMON_CAMBION,BRD_CAMBION,EXACT_TRADITION,EVD_JRN_R05_B01_SPC_DAEMON_CAMBION_PERSONALITY_ID_001 | EVD_JRN_R05_B01_SPC_DAEMON_CAMBION_TERRAIN_BROAD_001 | EVD_JRN_R05_B01_SPC_DAEMON_CAMBION_TERRAIN_SPECIFIC_001
SPC_LYNX_CANADENSIS,BRD_CANADA_LYNX,EXACT_SPECIES,EVD_JRN_R02_B01_SPC_LYNX_CANADENSIS_PERSONALITY_ID_001 | EVD_JRN_R02_B01_SPC_LYNX_CANADENSIS_TERRAIN_BROAD_001 | EVD_JRN_R02_B01_SPC_LYNX_CANADENSIS_TERRAIN_SPECIFIC_001
SPC_RHINELLA_MARINA,BRD_CANE_TOAD,EXACT_SPECIES,EVD_JRN_R13_B01_SPC_RHINELLA_MARINA_PERSONALITY_ID_001 | EVD_JRN_R13_B01_SPC_RHINELLA_MARINA_TERRAIN_BROAD_001 | EVD_JRN_R13_B01_SPC_RHINELLA_MARINA_TERRAIN_SPECIFIC_001
SPC_SYNCERUS_CAFFER,BRD_CAPE_BUFFALO,EXACT_SPECIES,EVD_JRN_R02_B02_SPC_SYNCERUS_CAFFER_PERSONALITY_ID_001 | EVD_JRN_R02_B02_SPC_SYNCERUS_CAFFER_TERRAIN_BROAD_001 | EVD_JRN_R02_B02_SPC_SYNCERUS_CAFFER_TERRAIN_SPECIFIC_001
SPC_CHRYSOCHLORIS_ASIATICA,BRD_CAPE_GOLDEN_MOLE,EXACT_SPECIES,EVD_JRN_R11_B01_SPC_CHRYSOCHLORIS_ASIATICA_PERSONALITY_ID_001 | EVD_JRN_R11_B01_SPC_CHRYSOCHLORIS_ASIATICA_TERRAIN_BROAD_001 | EVD_JRN_R11_B01_SPC_CHRYSOCHLORIS_ASIATICA_TERRAIN_SPECIFIC_001
SPC_GEORYCHUS_CAPENSIS,BRD_CAPE_MOLE_RAT,EXACT_SPECIES,EVD_JRN_R20_B01_SPC_GEORYCHUS_CAPENSIS_PERSONALITY_ID_001 | EVD_JRN_R20_B01_SPC_GEORYCHUS_CAPENSIS_TERRAIN_BROAD_001 | EVD_JRN_R20_B01_SPC_GEORYCHUS_CAPENSIS_TERRAIN_SPECIFIC_001
SPC_HYDROCHOERUS_HYDROCHAERIS,BRD_CAPYBARA,EXACT_SPECIES,EVD_JRN_R20_B01_SPC_HYDROCHOERUS_HYDROCHAERIS_PERSONALITY_ID_001 | EVD_JRN_R20_B01_SPC_HYDROCHOERUS_HYDROCHAERIS_TERRAIN_BROAD_001 | EVD_JRN_R20_B01_SPC_HYDROCHOERUS_HYDROCHAERIS_TERRAIN_SPECIFIC_001
SPC_CARACAL_CARACAL,BRD_CARACAL,EXACT_SPECIES,EVD_JRN_R02_B01_SPC_CARACAL_CARACAL_PERSONALITY_ID_001 | EVD_JRN_R02_B01_SPC_CARACAL_CARACAL_TERRAIN_BROAD_001 | EVD_JRN_R02_B01_SPC_CARACAL_CARACAL_TERRAIN_SPECIFIC_001
SPC_COENOBITA_CLYPEATUS,BRD_CARIBBEAN_HERMIT_CRAB,EXACT_SPECIES,EVD_JRN_R25_B01_SPC_COENOBITA_CLYPEATUS_PERSONALITY_ID_001 | EVD_JRN_R25_B01_SPC_COENOBITA_CLYPEATUS_TERRAIN_BROAD_001 | EVD_JRN_R25_B01_SPC_COENOBITA_CLYPEATUS_TERRAIN_SPECIFIC_001
SPC_SEPIOTEUTHIS_SEPIOIDEA,BRD_CARIBBEAN_REEF_SQUID,EXACT_SPECIES,EVD_JRN_R14_B02_SPC_SEPIOTEUTHIS_SEPIOIDEA_PERSONALITY_ID_001 | EVD_JRN_R14_B02_SPC_SEPIOTEUTHIS_SEPIOIDEA_TERRAIN_BROAD_001 | EVD_JRN_R14_B02_SPC_SEPIOTEUTHIS_SEPIOIDEA_TERRAIN_SPECIFIC_001
SPC_PANULIRUS_ARGUS,BRD_CARIBBEAN_SPINY_LOBSTER,EXACT_SPECIES,EVD_JRN_R25_B02_SPC_PANULIRUS_ARGUS_PERSONALITY_ID_001 | EVD_JRN_R25_B02_SPC_PANULIRUS_ARGUS_TERRAIN_BROAD_001 | EVD_JRN_R25_B02_SPC_PANULIRUS_ARGUS_TERRAIN_SPECIFIC_001
SPC_CEBUS_CAPUCINUS,BRD_CEBUS_CAPUCINUS_WHITE_FACED_CAPUCHIN,EXACT_SPECIES,EVD_JRN_R15_B01_SPC_CEBUS_CAPUCINUS_PERSONALITY_ID_001 | EVD_JRN_R15_B01_SPC_CEBUS_CAPUCINUS_TERRAIN_BROAD_001 | EVD_JRN_R15_B01_SPC_CEBUS_CAPUCINUS_TERRAIN_SPECIFIC_001
SPC_CHIMAERA_CENTAUR,BRD_CENTAUR,EXACT_TRADITION,EVD_JRN_R23_B01_SPC_CHIMAERA_CENTAUR_PERSONALITY_ID_001 | EVD_JRN_R23_B01_SPC_CHIMAERA_CENTAUR_TERRAIN_BROAD_001 | EVD_JRN_R23_B01_SPC_CHIMAERA_CENTAUR_TERRAIN_SPECIFIC_001
SPC_DASYPROCTA_PUNCTATA,BRD_CENTRAL_AMERICAN_AGOUTI,EXACT_SPECIES,EVD_JRN_R20_B01_SPC_DASYPROCTA_PUNCTATA_PERSONALITY_ID_001 | EVD_JRN_R20_B01_SPC_DASYPROCTA_PUNCTATA_TERRAIN_BROAD_001 | EVD_JRN_R20_B01_SPC_DASYPROCTA_PUNCTATA_TERRAIN_SPECIFIC_001
SPC_CATAGONUS_WAGNERI,BRD_CHACOAN_PECCARY,EXACT_SPECIES,EVD_JRN_R02_B01_SPC_CATAGONUS_WAGNERI_PERSONALITY_ID_001 | EVD_JRN_R02_B01_SPC_CATAGONUS_WAGNERI_TERRAIN_BROAD_001 | EVD_JRN_R02_B01_SPC_CATAGONUS_WAGNERI_TERRAIN_SPECIFIC_001
SPC_SCYTHROPS_NOVAEHOLLANDIAE,BRD_CHANNEL_BILLED_CUCKOO,EXACT_SPECIES,EVD_JRN_R22_B01_SPC_SCYTHROPS_NOVAEHOLLANDIAE_PERSONALITY_ID_001 | EVD_JRN_R22_B01_SPC_SCYTHROPS_NOVAEHOLLANDIAE_TERRAIN_BROAD_001 | EVD_JRN_R22_B01_SPC_SCYTHROPS_NOVAEHOLLANDIAE_TERRAIN_SPECIFIC_001
SPC_ICTALURUS_PUNCTATUS,BRD_CHANNEL_CATFISH,EXACT_SPECIES,EVD_JRN_R14_B01_SPC_ICTALURUS_PUNCTATUS_PERSONALITY_ID_001 | EVD_JRN_R14_B01_SPC_ICTALURUS_PUNCTATUS_TERRAIN_BROAD_001 | EVD_JRN_R14_B01_SPC_ICTALURUS_PUNCTATUS_TERRAIN_SPECIFIC_001
SPC_CHARADRIUS_VOCIFERUS_TERNOMINATUS,BRD_CHARADRIUS_VOCIFERUS_TERNOMINATUS_KILLDEER,EXACT_SPECIES,EVD_JRN_R01_B01_SPC_CHARADRIUS_VOCIFERUS_TERNOMINATUS_PERSONALITY_ID_001 | EVD_JRN_R01_B01_SPC_CHARADRIUS_VOCIFERUS_TERNOMINATUS_TERRAIN_BROAD_001 | EVD_JRN_R01_B01_SPC_CHARADRIUS_VOCIFERUS_TERNOMINATUS_TERRAIN_SPECIFIC_001
SPC_RHYNCHOCYON_CIRNEI,BRD_CHECKERED_ELEPHANT_SHREW,EXACT_SPECIES,EVD_JRN_R11_B01_SPC_RHYNCHOCYON_CIRNEI_PERSONALITY_ID_001 | EVD_JRN_R11_B01_SPC_RHYNCHOCYON_CIRNEI_TERRAIN_BROAD_001 | EVD_JRN_R11_B01_SPC_RHYNCHOCYON_CIRNEI_TERRAIN_SPECIFIC_001
SPC_ACINONYX_JUBATUS,BRD_CHEETAH,EXACT_SPECIES,EVD_JRN_R02_B01_SPC_ACINONYX_JUBATUS_PERSONALITY_ID_001 | EVD_JRN_R02_B01_SPC_ACINONYX_JUBATUS_TERRAIN_BROAD_001 | EVD_JRN_R02_B01_SPC_ACINONYX_JUBATUS_TERRAIN_SPECIFIC_001
SPC_OGRUS_CHENOO,BRD_CHENOO,EXACT_TRADITION,EVD_JRN_R19_B01_SPC_OGRUS_CHENOO_PERSONALITY_ID_001 | EVD_JRN_R19_B01_SPC_OGRUS_CHENOO_TERRAIN_BROAD_001 | EVD_JRN_R19_B01_SPC_OGRUS_CHENOO_TERRAIN_SPECIFIC_001
SPC_PTEROCLES_EXUSTUS,BRD_CHESTNUT_BELLIED_SANDGROUSE,EXACT_SPECIES,EVD_JRN_R17_B01_SPC_PTEROCLES_EXUSTUS_PERSONALITY_ID_001 | EVD_JRN_R17_B01_SPC_PTEROCLES_EXUSTUS_TERRAIN_BROAD_001 | EVD_JRN_R17_B01_SPC_PTEROCLES_EXUSTUS_TERRAIN_SPECIFIC_001
SPC_NOTHOPROCTA_PERDICARIA,BRD_CHILEAN_TINAMOU,EXACT_SPECIES,EVD_JRN_R17_B01_SPC_NOTHOPROCTA_PERDICARIA_PERSONALITY_ID_001 | EVD_JRN_R17_B01_SPC_NOTHOPROCTA_PERDICARIA_TERRAIN_BROAD_001 | EVD_JRN_R17_B01_SPC_NOTHOPROCTA_PERDICARIA_TERRAIN_SPECIFIC_001
SPC_CHAETURA_PELAGICA,BRD_CHIMNEY_SWIFT,EXACT_SPECIES,EVD_JRN_R22_B01_SPC_CHAETURA_PELAGICA_PERSONALITY_ID_001 | EVD_JRN_R22_B01_SPC_CHAETURA_PELAGICA_TERRAIN_BROAD_001 | EVD_JRN_R22_B01_SPC_CHAETURA_PELAGICA_TERRAIN_SPECIFIC_001
SPC_ALLIGATOR_SINENSIS,BRD_CHINESE_ALLIGATOR,EXACT_SPECIES,EVD_JRN_R04_B01_SPC_ALLIGATOR_SINENSIS_PERSONALITY_ID_001 | EVD_JRN_R04_B01_SPC_ALLIGATOR_SINENSIS_TERRAIN_BROAD_001 | EVD_JRN_R04_B01_SPC_ALLIGATOR_SINENSIS_TERRAIN_SPECIFIC_001
SPC_ANDRIAS_DAVIDIANUS,BRD_CHINESE_GIANT_SALAMANDER,EXACT_SPECIES,EVD_JRN_R13_B01_SPC_ANDRIAS_DAVIDIANUS_PERSONALITY_ID_001 | EVD_JRN_R13_B01_SPC_ANDRIAS_DAVIDIANUS_TERRAIN_BROAD_001 | EVD_JRN_R13_B01_SPC_ANDRIAS_DAVIDIANUS_TERRAIN_SPECIFIC_001
SPC_PELODISCUS_SINENSIS,BRD_CHINESE_SOFTSHELL_TURTLE,EXACT_SPECIES,EVD_JRN_R04_B01_SPC_PELODISCUS_SINENSIS_PERSONALITY_ID_001 | EVD_JRN_R04_B01_SPC_PELODISCUS_SINENSIS_TERRAIN_BROAD_001 | EVD_JRN_R04_B01_SPC_PELODISCUS_SINENSIS_TERRAIN_SPECIFIC_001
SPC_PETROCHELIDON_PYRRHONOTA,BRD_CLIFF_SWALLOW,EXACT_SPECIES,EVD_JRN_R08_B01_SPC_PETROCHELIDON_PYRRHONOTA_PERSONALITY_ID_001 | EVD_JRN_R08_B01_SPC_PETROCHELIDON_PYRRHONOTA_TERRAIN_BROAD_001 | EVD_JRN_R08_B01_SPC_PETROCHELIDON_PYRRHONOTA_TERRAIN_SPECIFIC_001
SPC_AUTOMATON_HOROLOGICUM,BRD_CLOCKWORK_AUTOMATON,EXACT_TRADITION,EVD_JRN_R24_B01_SPC_AUTOMATON_HOROLOGICUM_PERSONALITY_ID_001 | EVD_JRN_R24_B01_SPC_AUTOMATON_HOROLOGICUM_TERRAIN_BROAD_001 | EVD_JRN_R24_B01_SPC_AUTOMATON_HOROLOGICUM_TERRAIN_SPECIFIC_001
SPC_TOXOTES_BLYTHII,BRD_CLOUDED_ARCHERFISH,EXACT_SPECIES,EVD_JRN_R14_B02_SPC_TOXOTES_BLYTHII_PERSONALITY_ID_001 | EVD_JRN_R14_B02_SPC_TOXOTES_BLYTHII_TERRAIN_BROAD_001 | EVD_JRN_R14_B02_SPC_TOXOTES_BLYTHII_TERRAIN_SPECIFIC_001
SPC_NEOFELIS_NEBULOSA,BRD_CLOUDED_LEOPARD,EXACT_SPECIES,EVD_JRN_R02_B01_SPC_NEOFELIS_NEBULOSA_PERSONALITY_ID_001 | EVD_JRN_R02_B01_SPC_NEOFELIS_NEBULOSA_TERRAIN_BROAD_001 | EVD_JRN_R02_B01_SPC_NEOFELIS_NEBULOSA_TERRAIN_SPECIFIC_001
SPC_RACHYCENTRON_CANADUM,BRD_COBIA,EXACT_SPECIES,EVD_JRN_R14_B01_SPC_RACHYCENTRON_CANADUM_PERSONALITY_ID_001 | EVD_JRN_R14_B01_SPC_RACHYCENTRON_CANADUM_TERRAIN_BROAD_001 | EVD_JRN_R14_B01_SPC_RACHYCENTRON_CANADUM_TERRAIN_SPECIFIC_001
SPC_BIRGUS_LATRO,BRD_COCONUT_CRAB,EXACT_SPECIES,EVD_JRN_R25_B01_SPC_BIRGUS_LATRO_PERSONALITY_ID_001 | EVD_JRN_R25_B01_SPC_BIRGUS_LATRO_TERRAIN_BROAD_001 | EVD_JRN_R25_B01_SPC_BIRGUS_LATRO_TERRAIN_SPECIFIC_001
SPC_AMPHIOCTOPUS_MARGINATUS,BRD_COCONUT_OCTOPUS,EXACT_SPECIES,EVD_JRN_R14_B01_SPC_AMPHIOCTOPUS_MARGINATUS_PERSONALITY_ID_001 | EVD_JRN_R14_B01_SPC_AMPHIOCTOPUS_MARGINATUS_TERRAIN_BROAD_001 | EVD_JRN_R14_B01_SPC_AMPHIOCTOPUS_MARGINATUS_TERRAIN_SPECIFIC_001
SPC_PECARI_TAJACU,BRD_COLLARED_PECCARY,EXACT_SPECIES,EVD_JRN_R02_B02_SPC_PECARI_TAJACU_PERSONALITY_ID_001 | EVD_JRN_R02_B02_SPC_PECARI_TAJACU_TERRAIN_BROAD_001 | EVD_JRN_R02_B02_SPC_PECARI_TAJACU_TERRAIN_SPECIFIC_001
SPC_OCHOTONA_COLLARIS,BRD_COLLARED_PIKA,EXACT_SPECIES,EVD_JRN_R20_B01_SPC_OCHOTONA_COLLARIS_PERSONALITY_ID_001 | EVD_JRN_R20_B01_SPC_OCHOTONA_COLLARIS_TERRAIN_BROAD_001 | EVD_JRN_R20_B01_SPC_OCHOTONA_COLLARIS_TERRAIN_SPECIFIC_001
SPC_CEPHALORHYNCHUS_COMMERSONII,BRD_COMMERSON_S_DOLPHIN,EXACT_SPECIES,EVD_JRN_R01_B01_SPC_CEPHALORHYNCHUS_COMMERSONII_PERSONALITY_ID_001 | EVD_JRN_R01_B01_SPC_CEPHALORHYNCHUS_COMMERSONII_TERRAIN_BROAD_001 | EVD_JRN_R01_B01_SPC_CEPHALORHYNCHUS_COMMERSONII_TERRAIN_SPECIFIC_001
SPC_TURSIOPS_TRUNCATUS,BRD_COMMON_BOTTLENOSE_DOLPHIN,EXACT_SPECIES,EVD_JRN_R01_B02_SPC_TURSIOPS_TRUNCATUS_PERSONALITY_ID_001 | EVD_JRN_R01_B02_SPC_TURSIOPS_TRUNCATUS_TERRAIN_BROAD_001 | EVD_JRN_R01_B02_SPC_TURSIOPS_TRUNCATUS_TERRAIN_SPECIFIC_001
SPC_TRICHOSURUS_VULPECULA,BRD_COMMON_BRUSHTAIL_POSSUM,EXACT_SPECIES,EVD_JRN_R22_B01_SPC_TRICHOSURUS_VULPECULA_PERSONALITY_ID_001 | EVD_JRN_R22_B01_SPC_TRICHOSURUS_VULPECULA_TERRAIN_BROAD_001 | EVD_JRN_R22_B01_SPC_TRICHOSURUS_VULPECULA_TERRAIN_SPECIFIC_001
SPC_FRINGILLA_COELEBS,BRD_COMMON_CHAFFINCH,EXACT_SPECIES,EVD_JRN_R08_B01_SPC_FRINGILLA_COELEBS_PERSONALITY_ID_001 | EVD_JRN_R08_B01_SPC_FRINGILLA_COELEBS_TERRAIN_BROAD_001 | EVD_JRN_R08_B01_SPC_FRINGILLA_COELEBS_TERRAIN_SPECIFIC_001
SPC_PAN_TROGLODYTES,BRD_COMMON_CHIMPANZEE,EXACT_SPECIES,EVD_JRN_R15_B01_SPC_PAN_TROGLODYTES_PERSONALITY_ID_001 | EVD_JRN_R15_B01_SPC_PAN_TROGLODYTES_TERRAIN_BROAD_001 | EVD_JRN_R15_B01_SPC_PAN_TROGLODYTES_TERRAIN_SPECIFIC_001
SPC_CUCULUS_CANORUS,BRD_COMMON_CUCKOO,EXACT_SPECIES,EVD_JRN_R22_B01_SPC_CUCULUS_CANORUS_PERSONALITY_ID_001 | EVD_JRN_R22_B01_SPC_CUCULUS_CANORUS_TERRAIN_BROAD_001 | EVD_JRN_R22_B01_SPC_CUCULUS_CANORUS_TERRAIN_SPECIFIC_001
SPC_SEPIA_OFFICINALIS,BRD_COMMON_CUTTLEFISH,EXACT_SPECIES,EVD_JRN_R14_B02_SPC_SEPIA_OFFICINALIS_PERSONALITY_ID_001 | EVD_JRN_R14_B02_SPC_SEPIA_OFFICINALIS_TERRAIN_BROAD_001 | EVD_JRN_R14_B02_SPC_SEPIA_OFFICINALIS_TERRAIN_SPECIFIC_001
SPC_PELECANOIDES_URINATRIX,BRD_COMMON_DIVING_PETREL,EXACT_SPECIES,EVD_JRN_R01_B01_SPC_PELECANOIDES_URINATRIX_PERSONALITY_ID_001 | EVD_JRN_R01_B01_SPC_PELECANOIDES_URINATRIX_TERRAIN_BROAD_001 | EVD_JRN_R01_B01_SPC_PELECANOIDES_URINATRIX_TERRAIN_SPECIFIC_001
SPC_LUMBRICUS_TERRESTRIS,BRD_COMMON_EARTHWORM,EXACT_SPECIES,EVD_JRN_R14_B01_SPC_LUMBRICUS_TERRESTRIS_PERSONALITY_ID_001 | EVD_JRN_R14_B01_SPC_LUMBRICUS_TERRESTRIS_TERRAIN_BROAD_001 | EVD_JRN_R14_B01_SPC_LUMBRICUS_TERRESTRIS_TERRAIN_SPECIFIC_001
SPC_PHOTINUS_PYRALIS,BRD_COMMON_EASTERN_FIREFLY,EXACT_SPECIES,EVD_JRN_R25_B02_SPC_PHOTINUS_PYRALIS_PERSONALITY_ID_001 | EVD_JRN_R25_B02_SPC_PHOTINUS_PYRALIS_TERRAIN_BROAD_001 | EVD_JRN_R25_B02_SPC_PHOTINUS_PYRALIS_TERRAIN_SPECIFIC_001
SPC_SOMATERIA_MOLLISSIMA,BRD_COMMON_EIDER,EXACT_SPECIES,EVD_JRN_R01_B02_SPC_SOMATERIA_MOLLISSIMA_PERSONALITY_ID_001 | EVD_JRN_R01_B02_SPC_SOMATERIA_MOLLISSIMA_TERRAIN_BROAD_001 | EVD_JRN_R01_B02_SPC_SOMATERIA_MOLLISSIMA_TERRAIN_SPECIFIC_001
SPC_DRACO_VOLANS,BRD_COMMON_FLYING_DRAGON,EXACT_SPECIES,EVD_JRN_R24_B01_SPC_DRACO_VOLANS_PERSONALITY_ID_001 | EVD_JRN_R24_B01_SPC_DRACO_VOLANS_TERRAIN_BROAD_001 | EVD_JRN_R24_B01_SPC_DRACO_VOLANS_TERRAIN_SPECIFIC_001
SPC_DROSOPHILA_MELANOGASTER,BRD_COMMON_FRUIT_FLY,EXACT_SPECIES,EVD_JRN_R25_B01_SPC_DROSOPHILA_MELANOGASTER_PERSONALITY_ID_001 | EVD_JRN_R25_B01_SPC_DROSOPHILA_MELANOGASTER_TERRAIN_BROAD_001 | EVD_JRN_R25_B01_SPC_DROSOPHILA_MELANOGASTER_TERRAIN_SPECIFIC_001
SPC_THAMNOPHIS_SIRTALIS,BRD_COMMON_GARTER_SNAKE,EXACT_SPECIES,EVD_JRN_R25_B02_SPC_THAMNOPHIS_SIRTALIS_PERSONALITY_ID_001 | EVD_JRN_R25_B02_SPC_THAMNOPHIS_SIRTALIS_TERRAIN_BROAD_001 | EVD_JRN_R25_B02_SPC_THAMNOPHIS_SIRTALIS_TERRAIN_SPECIFIC_001
SPC_GENETTA_GENETTA,BRD_COMMON_GENET,EXACT_SPECIES,EVD_JRN_R02_B01_SPC_GENETTA_GENETTA_PERSONALITY_ID_001 | EVD_JRN_R02_B01_SPC_GENETTA_GENETTA_TERRAIN_BROAD_001 | EVD_JRN_R02_B01_SPC_GENETTA_GENETTA_TERRAIN_SPECIFIC_001
SPC_LAMPYRIS_NOCTILUCA,BRD_COMMON_GLOW_WORM,EXACT_SPECIES,EVD_JRN_R25_B01_SPC_LAMPYRIS_NOCTILUCA_PERSONALITY_ID_001 | EVD_JRN_R25_B01_SPC_LAMPYRIS_NOCTILUCA_TERRAIN_BROAD_001 | EVD_JRN_R25_B01_SPC_LAMPYRIS_NOCTILUCA_TERRAIN_SPECIFIC_001
SPC_ANAX_JUNIUS,BRD_COMMON_GREEN_DARNER,EXACT_SPECIES,EVD_JRN_R25_B01_SPC_ANAX_JUNIUS_PERSONALITY_ID_001 | EVD_JRN_R25_B01_SPC_ANAX_JUNIUS_TERRAIN_BROAD_001 | EVD_JRN_R25_B01_SPC_ANAX_JUNIUS_TERRAIN_SPECIFIC_001
SPC_HIPPOPOTAMUS_AMPHIBIUS,BRD_COMMON_HIPPOPOTAMUS,EXACT_SPECIES,EVD_JRN_R02_B01_SPC_HIPPOPOTAMUS_AMPHIBIUS_PERSONALITY_ID_001 | EVD_JRN_R02_B01_SPC_HIPPOPOTAMUS_AMPHIBIUS_TERRAIN_BROAD_001 | EVD_JRN_R02_B01_SPC_HIPPOPOTAMUS_AMPHIBIUS_TERRAIN_SPECIFIC_001
SPC_ALCEDO_ATTHIS,BRD_COMMON_KINGFISHER,EXACT_SPECIES,EVD_JRN_R22_B01_SPC_ALCEDO_ATTHIS_PERSONALITY_ID_001 | EVD_JRN_R22_B01_SPC_ALCEDO_ATTHIS_TERRAIN_BROAD_001 | EVD_JRN_R22_B01_SPC_ALCEDO_ATTHIS_TERRAIN_SPECIFIC_001
SPC_GAVIA_IMMER,BRD_COMMON_LOON,EXACT_SPECIES,EVD_JRN_R01_B01_SPC_GAVIA_IMMER_PERSONALITY_ID_001 | EVD_JRN_R01_B01_SPC_GAVIA_IMMER_TERRAIN_BROAD_001 | EVD_JRN_R01_B01_SPC_GAVIA_IMMER_TERRAIN_SPECIFIC_001
SPC_MERGUS_MERGANSER,BRD_COMMON_MERGANSER,EXACT_SPECIES,EVD_JRN_R01_B01_SPC_MERGUS_MERGANSER_PERSONALITY_ID_001 | EVD_JRN_R01_B01_SPC_MERGUS_MERGANSER_TERRAIN_BROAD_001 | EVD_JRN_R01_B01_SPC_MERGUS_MERGANSER_TERRAIN_SPECIFIC_001
SPC_BALAENOPTERA_ACUTOROSTRATA,BRD_COMMON_MINKE_WHALE,EXACT_SPECIES,EVD_JRN_R01_B01_SPC_BALAENOPTERA_ACUTOROSTRATA_PERSONALITY_001 | EVD_JRN_R01_B01_SPC_BALAENOPTERA_ACUTOROSTRATA_TERRAIN_BROAD_001 | EVD_JRN_R01_B01_SPC_BALAENOPTERA_ACUTOROSTRATA_TERRAIN_SPECIFIC_001
SPC_URIA_AALGE,BRD_COMMON_MURRE,EXACT_SPECIES,EVD_JRN_R01_B02_SPC_URIA_AALGE_PERSONALITY_ID_001 | EVD_JRN_R01_B02_SPC_URIA_AALGE_TERRAIN_BROAD_001 | EVD_JRN_R01_B02_SPC_URIA_AALGE_TERRAIN_SPECIFIC_001
SPC_ACRIDOTHERES_TRISTIS,BRD_COMMON_MYNA,EXACT_SPECIES,EVD_JRN_R08_B01_SPC_ACRIDOTHERES_TRISTIS_PERSONALITY_ID_001 | EVD_JRN_R08_B01_SPC_ACRIDOTHERES_TRISTIS_TERRAIN_BROAD_001 | EVD_JRN_R08_B01_SPC_ACRIDOTHERES_TRISTIS_TERRAIN_SPECIFIC_001
SPC_OCTOPUS_VULGARIS,BRD_COMMON_OCTOPUS,EXACT_SPECIES,EVD_JRN_R14_B01_SPC_OCTOPUS_VULGARIS_PERSONALITY_ID_001 | EVD_JRN_R14_B01_SPC_OCTOPUS_VULGARIS_TERRAIN_BROAD_001 | EVD_JRN_R14_B01_SPC_OCTOPUS_VULGARIS_TERRAIN_SPECIFIC_001
SPC_STRUTHIO_CAMELUS,BRD_COMMON_OSTRICH,EXACT_SPECIES,EVD_JRN_R17_B01_SPC_STRUTHIO_CAMELUS_PERSONALITY_ID_001 | EVD_JRN_R17_B01_SPC_STRUTHIO_CAMELUS_TERRAIN_BROAD_001 | EVD_JRN_R17_B01_SPC_STRUTHIO_CAMELUS_TERRAIN_SPECIFIC_001
SPC_PHASIANUS_COLCHICUS,BRD_COMMON_PHEASANT,EXACT_SPECIES,EVD_JRN_R17_B01_SPC_PHASIANUS_COLCHICUS_PERSONALITY_ID_001 | EVD_JRN_R17_B01_SPC_PHASIANUS_COLCHICUS_TERRAIN_BROAD_001 | EVD_JRN_R17_B01_SPC_PHASIANUS_COLCHICUS_TERRAIN_SPECIFIC_001
SPC_PIPISTRELLUS_PIPISTRELLUS,BRD_COMMON_PIPISTRELLE,EXACT_SPECIES,EVD_JRN_R20_B01_SPC_PIPISTRELLUS_PIPISTRELLUS_PERSONALITY_ID_001 | EVD_JRN_R20_B01_SPC_PIPISTRELLUS_PIPISTRELLUS_TERRAIN_BROAD_001 | EVD_JRN_R20_B01_SPC_PIPISTRELLUS_PIPISTRELLUS_TERRAIN_SPECIFIC_001
SPC_PROCYON_LOTOR,BRD_COMMON_RACCOON,EXACT_SPECIES,EVD_JRN_R02_B02_SPC_PROCYON_LOTOR_PERSONALITY_ID_001 | EVD_JRN_R02_B02_SPC_PROCYON_LOTOR_TERRAIN_BROAD_001 | EVD_JRN_R02_B02_SPC_PROCYON_LOTOR_TERRAIN_SPECIFIC_001
SPC_CORVUS_CORAX,BRD_COMMON_RAVEN,EXACT_SPECIES,EVD_JRN_R08_B01_SPC_CORVUS_CORAX_PERSONALITY_ID_001 | EVD_JRN_R08_B01_SPC_CORVUS_CORAX_TERRAIN_BROAD_001 | EVD_JRN_R08_B01_SPC_CORVUS_CORAX_TERRAIN_SPECIFIC_001
SPC_CHARADRIUS_HIATICULA,BRD_COMMON_RINGED_PLOVER,EXACT_SPECIES,EVD_JRN_R01_B01_SPC_CHARADRIUS_HIATICULA_PERSONALITY_ID_001 | EVD_JRN_R01_B01_SPC_CHARADRIUS_HIATICULA_TERRAIN_BROAD_001 | EVD_JRN_R01_B01_SPC_CHARADRIUS_HIATICULA_TERRAIN_SPECIFIC_001
SPC_TRINGA_HYPOLEUCOS,BRD_COMMON_SANDPIPER,EXACT_SPECIES,EVD_JRN_R01_B02_SPC_TRINGA_HYPOLEUCOS_PERSONALITY_ID_001 | EVD_JRN_R01_B02_SPC_TRINGA_HYPOLEUCOS_TERRAIN_BROAD_001 | EVD_JRN_R01_B02_SPC_TRINGA_HYPOLEUCOS_TERRAIN_SPECIFIC_001
SPC_SOREX_ARANEUS,BRD_COMMON_SHREW,EXACT_SPECIES,EVD_JRN_R23_B01_SPC_SOREX_ARANEUS_PERSONALITY_ID_001 | EVD_JRN_R23_B01_SPC_SOREX_ARANEUS_TERRAIN_BROAD_001 | EVD_JRN_R23_B01_SPC_SOREX_ARANEUS_TERRAIN_SPECIFIC_001
SPC_DIPTURUS_BATIS,BRD_COMMON_SKATE,EXACT_SPECIES,EVD_JRN_R12_B01_SPC_DIPTURUS_BATIS_PERSONALITY_ID_001 | EVD_JRN_R12_B01_SPC_DIPTURUS_BATIS_TERRAIN_BROAD_001 | EVD_JRN_R12_B01_SPC_DIPTURUS_BATIS_TERRAIN_SPECIFIC_001
SPC_CHELYDRA_SERPENTINA,BRD_COMMON_SNAPPING_TURTLE,EXACT_SPECIES,EVD_JRN_R04_B01_SPC_CHELYDRA_SERPENTINA_PERSONALITY_ID_001 | EVD_JRN_R04_B01_SPC_CHELYDRA_SERPENTINA_TERRAIN_BROAD_001 | EVD_JRN_R04_B01_SPC_CHELYDRA_SERPENTINA_TERRAIN_SPECIFIC_001
SPC_GALLINAGO_GALLINAGO,BRD_COMMON_SNIPE,EXACT_SPECIES,EVD_JRN_R01_B01_SPC_GALLINAGO_GALLINAGO_PERSONALITY_ID_001 | EVD_JRN_R01_B01_SPC_GALLINAGO_GALLINAGO_TERRAIN_BROAD_001 | EVD_JRN_R01_B01_SPC_GALLINAGO_GALLINAGO_TERRAIN_SPECIFIC_001
SPC_PROECHIMYS_SEMISPINOSUS,BRD_COMMON_SPINY_RAT,EXACT_SPECIES,EVD_JRN_R20_B01_SPC_PROECHIMYS_SEMISPINOSUS_PERSONALITY_ID_001 | EVD_JRN_R20_B01_SPC_PROECHIMYS_SEMISPINOSUS_TERRAIN_BROAD_001 | EVD_JRN_R20_B01_SPC_PROECHIMYS_SEMISPINOSUS_TERRAIN_SPECIFIC_001
SPC_SPILOCUSCUS_MACULATUS,BRD_COMMON_SPOTTED_CUSCUS,EXACT_SPECIES,EVD_JRN_R22_B01_SPC_SPILOCUSCUS_MACULATUS_PERSONALITY_ID_001 | EVD_JRN_R22_B01_SPC_SPILOCUSCUS_MACULATUS_TERRAIN_BROAD_001 | EVD_JRN_R22_B01_SPC_SPILOCUSCUS_MACULATUS_TERRAIN_SPECIFIC_001
SPC_STURNUS_VULGARIS,BRD_COMMON_STARLING,EXACT_SPECIES,EVD_JRN_R08_B01_SPC_STURNUS_VULGARIS_PERSONALITY_ID_001 | EVD_JRN_R08_B01_SPC_STURNUS_VULGARIS_TERRAIN_BROAD_001 | EVD_JRN_R08_B01_SPC_STURNUS_VULGARIS_TERRAIN_SPECIFIC_001
SPC_APUS_APUS,BRD_COMMON_SWIFT,EXACT_SPECIES,EVD_JRN_R22_B01_SPC_APUS_APUS_PERSONALITY_ID_001 | EVD_JRN_R22_B01_SPC_APUS_APUS_TERRAIN_BROAD_001 | EVD_JRN_R22_B01_SPC_APUS_APUS_TERRAIN_SPECIFIC_001
SPC_ALOPIAS_VULPINUS,BRD_COMMON_THRESHER_SHARK,EXACT_SPECIES,EVD_JRN_R12_B01_SPC_ALOPIAS_VULPINUS_PERSONALITY_ID_001 | EVD_JRN_R12_B01_SPC_ALOPIAS_VULPINUS_TERRAIN_BROAD_001 | EVD_JRN_R12_B01_SPC_ALOPIAS_VULPINUS_TERRAIN_SPECIFIC_001
SPC_BUFO_BUFO,BRD_COMMON_TOAD,EXACT_SPECIES,EVD_JRN_R13_B01_SPC_BUFO_BUFO_PERSONALITY_ID_001 | EVD_JRN_R13_B01_SPC_BUFO_BUFO_TERRAIN_BROAD_001 | EVD_JRN_R13_B01_SPC_BUFO_BUFO_TERRAIN_SPECIFIC_001
SPC_TUPAIA_GLIS,BRD_COMMON_TREESHREW,EXACT_SPECIES,EVD_JRN_R23_B01_SPC_TUPAIA_GLIS_PERSONALITY_ID_001 | EVD_JRN_R23_B01_SPC_TUPAIA_GLIS_TERRAIN_BROAD_001 | EVD_JRN_R23_B01_SPC_TUPAIA_GLIS_TERRAIN_SPECIFIC_001
SPC_DESMODUS_ROTUNDUS,BRD_COMMON_VAMPIRE_BAT,EXACT_SPECIES,EVD_JRN_R20_B01_SPC_DESMODUS_ROTUNDUS_PERSONALITY_ID_001 | EVD_JRN_R20_B01_SPC_DESMODUS_ROTUNDUS_TERRAIN_BROAD_001 | EVD_JRN_R20_B01_SPC_DESMODUS_ROTUNDUS_TERRAIN_SPECIFIC_001
SPC_OSPHRANTER_ROBUSTUS,BRD_COMMON_WALLAROO,EXACT_SPECIES,EVD_JRN_R22_B01_SPC_OSPHRANTER_ROBUSTUS_PERSONALITY_ID_001 | EVD_JRN_R22_B01_SPC_OSPHRANTER_ROBUSTUS_TERRAIN_BROAD_001 | EVD_JRN_R22_B01_SPC_OSPHRANTER_ROBUSTUS_TERRAIN_SPECIFIC_001
SPC_PHACOCHOERUS_AFRICANUS,BRD_COMMON_WARTHOG,EXACT_SPECIES,EVD_JRN_R02_B02_SPC_PHACOCHOERUS_AFRICANUS_PERSONALITY_ID_001 | EVD_JRN_R02_B02_SPC_PHACOCHOERUS_AFRICANUS_TERRAIN_BROAD_001 | EVD_JRN_R02_B02_SPC_PHACOCHOERUS_AFRICANUS_TERRAIN_SPECIFIC_001
SPC_VOMBATUS_URSINUS,BRD_COMMON_WOMBAT,EXACT_SPECIES,EVD_JRN_R22_B01_SPC_VOMBATUS_URSINUS_PERSONALITY_ID_001 | EVD_JRN_R22_B01_SPC_VOMBATUS_URSINUS_TERRAIN_BROAD_001 | EVD_JRN_R22_B01_SPC_VOMBATUS_URSINUS_TERRAIN_SPECIFIC_001
SPC_AFROPAVO_CONGENSIS,BRD_CONGO_PEAFOWL,EXACT_SPECIES,EVD_JRN_R17_B01_SPC_AFROPAVO_CONGENSIS_PERSONALITY_ID_001 | EVD_JRN_R17_B01_SPC_AFROPAVO_CONGENSIS_TERRAIN_BROAD_001 | EVD_JRN_R17_B01_SPC_AFROPAVO_CONGENSIS_TERRAIN_SPECIFIC_001
SPC_MYOCASTOR_COYPUS,BRD_COYPU,EXACT_SPECIES,EVD_JRN_R20_B01_SPC_MYOCASTOR_COYPUS_PERSONALITY_ID_001 | EVD_JRN_R20_B01_SPC_MYOCASTOR_COYPUS_TERRAIN_BROAD_001 | EVD_JRN_R20_B01_SPC_MYOCASTOR_COYPUS_TERRAIN_SPECIFIC_001
SPC_HYSTRIX_CRISTATA,BRD_CRESTED_PORCUPINE,EXACT_SPECIES,EVD_JRN_R20_B01_SPC_HYSTRIX_CRISTATA_PERSONALITY_ID_001 | EVD_JRN_R20_B01_SPC_HYSTRIX_CRISTATA_TERRAIN_BROAD_001 | EVD_JRN_R20_B01_SPC_HYSTRIX_CRISTATA_TERRAIN_SPECIFIC_001
SPC_SOLENODON_CUBANUS,BRD_CUBAN_SOLENODON,EXACT_SPECIES,EVD_JRN_R23_B01_SPC_SOLENODON_CUBANUS_PERSONALITY_ID_001 | EVD_JRN_R23_B01_SPC_SOLENODON_CUBANUS_TERRAIN_BROAD_001 | EVD_JRN_R23_B01_SPC_SOLENODON_CUBANUS_TERRAIN_SPECIFIC_001
SPC_LOCUS_CURUPIRA,BRD_CURUPIRA,EXACT_TRADITION,EVD_JRN_R12_B01_SPC_LOCUS_CURUPIRA_PERSONALITY_ID_001 | EVD_JRN_R12_B01_SPC_LOCUS_CURUPIRA_TERRAIN_BROAD_001 | EVD_JRN_R12_B01_SPC_LOCUS_CURUPIRA_TERRAIN_SPECIFIC_001
SPC_ZIPHIUS_CAVIROSTRIS,BRD_CUVIER_S_BEAKED_WHALE,EXACT_SPECIES,EVD_JRN_R01_B02_SPC_ZIPHIUS_CAVIROSTRIS_PERSONALITY_ID_001 | EVD_JRN_R01_B02_SPC_ZIPHIUS_CAVIROSTRIS_TERRAIN_BROAD_001 | EVD_JRN_R01_B02_SPC_ZIPHIUS_CAVIROSTRIS_TERRAIN_SPECIFIC_001
SPC_PALEOSUCHUS_PALPEBROSUS,BRD_CUVIER_S_DWARF_CAIMAN,EXACT_SPECIES,EVD_JRN_R04_B01_SPC_PALEOSUCHUS_PALPEBROSUS_PERSONALITY_ID_001 | EVD_JRN_R04_B01_SPC_PALEOSUCHUS_PALPEBROSUS_TERRAIN_BROAD_001 | EVD_JRN_R04_B01_SPC_PALEOSUCHUS_PALPEBROSUS_TERRAIN_SPECIFIC_001
SPC_GIGAS_CYCLOPS,BRD_CYCLOPS,EXACT_TRADITION,EVD_JRN_R09_B01_SPC_GIGAS_CYCLOPS_PERSONALITY_ID_001 | EVD_JRN_R09_B01_SPC_GIGAS_CYCLOPS_TERRAIN_BROAD_001 | EVD_JRN_R09_B01_SPC_GIGAS_CYCLOPS_TERRAIN_SPECIFIC_001
SPC_CHIMAERA_CYNOCEPHALUS,BRD_CYNOCEPHALUS,EXACT_TRADITION,EVD_JRN_R23_B01_SPC_CHIMAERA_CYNOCEPHALUS_PERSONALITY_ID_001 | EVD_JRN_R23_B01_SPC_CHIMAERA_CYNOCEPHALUS_TERRAIN_BROAD_001 | EVD_JRN_R23_B01_SPC_CHIMAERA_CYNOCEPHALUS_TERRAIN_SPECIFIC_001
SPC_DAEMON_DAEVA,BRD_DAEVA,EXACT_TRADITION,EVD_JRN_R05_B01_SPC_DAEMON_DAEVA_PERSONALITY_ID_001 | EVD_JRN_R05_B01_SPC_DAEMON_DAEVA_TERRAIN_BROAD_001 | EVD_JRN_R05_B01_SPC_DAEMON_DAEVA_TERRAIN_SPECIFIC_001
SPC_PHOCOENOIDES_DALLI,BRD_DALL_S_PORPOISE,EXACT_SPECIES,EVD_JRN_R01_B02_SPC_PHOCOENOIDES_DALLI_PERSONALITY_ID_001 | EVD_JRN_R01_B02_SPC_PHOCOENOIDES_DALLI_TERRAIN_BROAD_001 | EVD_JRN_R01_B02_SPC_PHOCOENOIDES_DALLI_TERRAIN_SPECIFIC_001
SPC_PELECANUS_CRISPUS,BRD_DALMATIAN_PELICAN,EXACT_SPECIES,EVD_JRN_R01_B01_SPC_PELECANUS_CRISPUS_PERSONALITY_ID_001 | EVD_JRN_R01_B01_SPC_PELECANUS_CRISPUS_TERRAIN_BROAD_001 | EVD_JRN_R01_B01_SPC_PELECANUS_CRISPUS_TERRAIN_SPECIFIC_001
SPC_FUKOMYS_DAMARENSIS,BRD_DAMARALAND_MOLE_RAT,EXACT_SPECIES,EVD_JRN_R20_B01_SPC_FUKOMYS_DAMARENSIS_PERSONALITY_ID_001 | EVD_JRN_R20_B01_SPC_FUKOMYS_DAMARENSIS_TERRAIN_BROAD_001 | EVD_JRN_R20_B01_SPC_FUKOMYS_DAMARENSIS_TERRAIN_SPECIFIC_001
SPC_DEROPLATYS_DESICCATA,BRD_DEAD_LEAF_MANTIS,EXACT_SPECIES,EVD_JRN_R25_B01_SPC_DEROPLATYS_DESICCATA_PERSONALITY_ID_001 | EVD_JRN_R25_B01_SPC_DEROPLATYS_DESICCATA_TERRAIN_BROAD_001 | EVD_JRN_R25_B01_SPC_DEROPLATYS_DESICCATA_TERRAIN_SPECIFIC_001
SPC_REVIVUS_EQUES,BRD_DEATH_KNIGHT,EXACT_TRADITION,EVD_JRN_R05_B01_SPC_REVIVUS_EQUES_PERSONALITY_ID_001 | EVD_JRN_R05_B01_SPC_REVIVUS_EQUES_TERRAIN_BROAD_001 | EVD_JRN_R05_B01_SPC_REVIVUS_EQUES_TERRAIN_SPECIFIC_001
SPC_ACHERONTIA_ATROPOS,BRD_DEATH_S_HEAD_HAWKMOTH,EXACT_SPECIES,EVD_JRN_R25_B01_SPC_ACHERONTIA_ATROPOS_PERSONALITY_ID_001 | EVD_JRN_R25_B01_SPC_ACHERONTIA_ATROPOS_TERRAIN_BROAD_001 | EVD_JRN_R25_B01_SPC_ACHERONTIA_ATROPOS_TERRAIN_SPECIFIC_001
SPC_LEIURUS_QUINQUESTRIATUS,BRD_DEATHSTALKER_SCORPION,EXACT_SPECIES,EVD_JRN_R25_B01_SPC_LEIURUS_QUINQUESTRIATUS_PERSONALITY_ID_001 | EVD_JRN_R25_B01_SPC_LEIURUS_QUINQUESTRIATUS_TERRAIN_BROAD_001 | EVD_JRN_R25_B01_SPC_LEIURUS_QUINQUESTRIATUS_TERRAIN_SPECIFIC_001
SPC_PHYTOSPIRITUS_PUTREFACIENS,BRD_DECAY_SPIRIT,EXACT_TRADITION,EVD_JRN_R20_B02_SPC_PHYTOSPIRITUS_PUTREFACIENS_PERSONALITY_ID_001 | EVD_JRN_R20_B02_SPC_PHYTOSPIRITUS_PUTREFACIENS_TERRAIN_BROAD_001 | EVD_JRN_R20_B02_SPC_PHYTOSPIRITUS_PUTREFACIENS_TERRAIN_SPECIFIC_001
SPC_ANTHROPOIDES_VIRGO,BRD_DEMOISELLE_CRANE,EXACT_SPECIES,EVD_JRN_R01_B01_SPC_ANTHROPOIDES_VIRGO_PERSONALITY_001 | EVD_JRN_R01_B01_SPC_ANTHROPOIDES_VIRGO_TERRAIN_BROAD_001 | EVD_JRN_R01_B01_SPC_ANTHROPOIDES_VIRGO_TERRAIN_SPECIFIC_001
SPC_SCHISTOCERCA_GREGARIA,BRD_DESERT_LOCUST,EXACT_SPECIES,EVD_JRN_R25_B02_SPC_SCHISTOCERCA_GREGARIA_PERSONALITY_ID_001 | EVD_JRN_R25_B02_SPC_SCHISTOCERCA_GREGARIA_TERRAIN_BROAD_001 | EVD_JRN_R25_B02_SPC_SCHISTOCERCA_GREGARIA_TERRAIN_SPECIFIC_001
SPC_GOPHERUS_AGASSIZII,BRD_DESERT_TORTOISE,EXACT_SPECIES,EVD_JRN_R04_B01_SPC_GOPHERUS_AGASSIZII_PERSONALITY_ID_001 | EVD_JRN_R04_B01_SPC_GOPHERUS_AGASSIZII_TERRAIN_BROAD_001 | EVD_JRN_R04_B01_SPC_GOPHERUS_AGASSIZII_TERRAIN_SPECIFIC_001
SPC_DIVINUS_DEVA,BRD_DEVA,EXACT_TRADITION,EVD_JRN_R13_B01_SPC_DIVINUS_DEVA_PERSONALITY_ID_001 | EVD_JRN_R13_B01_SPC_DIVINUS_DEVA_TERRAIN_BROAD_001 | EVD_JRN_R13_B01_SPC_DIVINUS_DEVA_TERRAIN_SPECIFIC_001
SPC_SANGUIVORUS_DHAMPIR,BRD_DHAMPIR,EXACT_TRADITION,EVD_JRN_R07_B01_SPC_SANGUIVORUS_DHAMPIR_PERSONALITY_ID_001 | EVD_JRN_R07_B01_SPC_SANGUIVORUS_DHAMPIR_TERRAIN_BROAD_001 | EVD_JRN_R07_B01_SPC_SANGUIVORUS_DHAMPIR_TERRAIN_SPECIFIC_001
SPC_CUON_ALPINUS,BRD_DHOLE,EXACT_SPECIES,EVD_JRN_R02_B01_SPC_CUON_ALPINUS_PERSONALITY_ID_001 | EVD_JRN_R02_B01_SPC_CUON_ALPINUS_TERRAIN_BROAD_001 | EVD_JRN_R02_B01_SPC_CUON_ALPINUS_TERRAIN_SPECIFIC_001
SPC_MALACLEMYS_TERRAPIN,BRD_DIAMONDBACK_TERRAPIN,EXACT_SPECIES,EVD_JRN_R04_B01_SPC_MALACLEMYS_TERRAPIN_PERSONALITY_ID_001 | EVD_JRN_R04_B01_SPC_MALACLEMYS_TERRAPIN_TERRAIN_BROAD_001 | EVD_JRN_R04_B01_SPC_MALACLEMYS_TERRAPIN_TERRAIN_SPECIFIC_001
SPC_CANIS_LUPUS_FAMILIARIS,BRD_DINGO,EXACT_SPECIES,EVD_JRN_R02_B01_SPC_CANIS_LUPUS_FAMILIARIS_PERSONALITY_ID_001 | EVD_JRN_R02_B01_SPC_CANIS_LUPUS_FAMILIARIS_TERRAIN_BROAD_001 | EVD_JRN_R02_B01_SPC_CANIS_LUPUS_FAMILIARIS_TERRAIN_SPECIFIC_001
SPC_DIPODOMYS_MERRIAMI,BRD_DIPODOMYS_MERRIAMI_MERRIAM_S_KANGAROO_RAT,EXACT_SPECIES,EVD_JRN_R20_B01_SPC_DIPODOMYS_MERRIAMI_PERSONALITY_ID_001 | EVD_JRN_R20_B01_SPC_DIPODOMYS_MERRIAMI_TERRAIN_BROAD_001 | EVD_JRN_R20_B01_SPC_DIPODOMYS_MERRIAMI_TERRAIN_SPECIFIC_001
SPC_ARGYRONETA_AQUATICA,BRD_DIVING_BELL_SPIDER,EXACT_SPECIES,EVD_JRN_R25_B01_SPC_ARGYRONETA_AQUATICA_PERSONALITY_ID_001 | EVD_JRN_R25_B01_SPC_ARGYRONETA_AQUATICA_TERRAIN_BROAD_001 | EVD_JRN_R25_B01_SPC_ARGYRONETA_AQUATICA_TERRAIN_SPECIFIC_001
SPC_DIVINUS_DIWATA,BRD_DIWATA,EXACT_TRADITION,EVD_JRN_R13_B01_SPC_DIVINUS_DIWATA_PERSONALITY_ID_001 | EVD_JRN_R13_B01_SPC_DIVINUS_DIWATA_TERRAIN_BROAD_001 | EVD_JRN_R13_B01_SPC_DIVINUS_DIWATA_TERRAIN_SPECIFIC_001
SPC_GENIALIS_DJINN,BRD_DJINN,EXACT_TRADITION,EVD_JRN_R06_B01_SPC_GENIALIS_DJINN_PERSONALITY_ID_001 | EVD_JRN_R06_B01_SPC_GENIALIS_DJINN_TERRAIN_BROAD_001 | EVD_JRN_R06_B01_SPC_GENIALIS_DJINN_TERRAIN_SPECIFIC_001
SPC_NEOTIBICEN_CANICULARIS,BRD_DOG_DAY_CICADA,EXACT_SPECIES,EVD_JRN_R25_B02_SPC_NEOTIBICEN_CANICULARIS_PERSONALITY_ID_001 | EVD_JRN_R25_B02_SPC_NEOTIBICEN_CANICULARIS_TERRAIN_BROAD_001 | EVD_JRN_R25_B02_SPC_NEOTIBICEN_CANICULARIS_TERRAIN_SPECIFIC_001
SPC_LOCUS_DOMOVOI,BRD_DOMOVOI,EXACT_TRADITION,EVD_JRN_R12_B01_SPC_LOCUS_DOMOVOI_PERSONALITY_ID_001 | EVD_JRN_R12_B01_SPC_LOCUS_DOMOVOI_TERRAIN_BROAD_001 | EVD_JRN_R12_B01_SPC_LOCUS_DOMOVOI_TERRAIN_SPECIFIC_001
SPC_VERSIPELLIS_DOPPELGANGER,BRD_DOPPELGANGER,EXACT_TRADITION,EVD_JRN_R07_B01_SPC_VERSIPELLIS_DOPPELGANGER_PERSONALITY_ID_001 | EVD_JRN_R07_B01_SPC_VERSIPELLIS_DOPPELGANGER_TERRAIN_BROAD_001 | EVD_JRN_R07_B01_SPC_VERSIPELLIS_DOPPELGANGER_TERRAIN_SPECIFIC_001
SPC_GAZELLA_DORCAS,BRD_DORCAS_GAZELLE,EXACT_SPECIES,EVD_JRN_R02_B01_SPC_GAZELLA_DORCAS_PERSONALITY_ID_001 | EVD_JRN_R02_B01_SPC_GAZELLA_DORCAS_TERRAIN_BROAD_001 | EVD_JRN_R02_B01_SPC_GAZELLA_DORCAS_TERRAIN_SPECIFIC_001
SPC_CHIMAERA_DRACAENA,BRD_DRACAENA,EXACT_TRADITION,EVD_JRN_R23_B01_SPC_CHIMAERA_DRACAENA_PERSONALITY_ID_001 | EVD_JRN_R23_B01_SPC_CHIMAERA_DRACAENA_TERRAIN_BROAD_001 | EVD_JRN_R23_B01_SPC_CHIMAERA_DRACAENA_TERRAIN_SPECIFIC_001
SPC_DRACO_COGNATUS,BRD_DRAGONKIN_LINDWORMKIN,EXACT_TRADITION,EVD_JRN_R16_B01_SPC_DRACO_COGNATUS_PERSONALITY_ID_001 | EVD_JRN_R16_B01_SPC_DRACO_COGNATUS_TERRAIN_BROAD_001 | EVD_JRN_R16_B01_SPC_DRACO_COGNATUS_TERRAIN_SPECIFIC_001
SPC_DRACO_COGNATUS,BRD_DRAGONKIN_LONG,EXACT_TRADITION,EVD_JRN_R16_B01_SPC_DRACO_COGNATUS_PERSONALITY_ID_001 | EVD_JRN_R16_B01_SPC_DRACO_COGNATUS_TERRAIN_BROAD_001 | EVD_JRN_R16_B01_SPC_DRACO_COGNATUS_TERRAIN_SPECIFIC_001
SPC_DRACO_COGNATUS,BRD_DRAGONKIN_WESTERN,EXACT_TRADITION,EVD_JRN_R16_B01_SPC_DRACO_COGNATUS_PERSONALITY_ID_001 | EVD_JRN_R16_B01_SPC_DRACO_COGNATUS_TERRAIN_BROAD_001 | EVD_JRN_R16_B01_SPC_DRACO_COGNATUS_TERRAIN_SPECIFIC_001
SPC_DRACO_COGNATUS,BRD_DRAGONKIN_WYVERNKIN,EXACT_TRADITION,EVD_JRN_R16_B01_SPC_DRACO_COGNATUS_PERSONALITY_ID_001 | EVD_JRN_R16_B01_SPC_DRACO_COGNATUS_TERRAIN_BROAD_001 | EVD_JRN_R16_B01_SPC_DRACO_COGNATUS_TERRAIN_SPECIFIC_001
SPC_REVIVUS_DRAUGR,BRD_DRAUGR,EXACT_TRADITION,EVD_JRN_R05_B01_SPC_REVIVUS_DRAUGR_PERSONALITY_ID_001 | EVD_JRN_R05_B01_SPC_REVIVUS_DRAUGR_TERRAIN_BROAD_001 | EVD_JRN_R05_B01_SPC_REVIVUS_DRAUGR_TERRAIN_SPECIFIC_001
SPC_PHYTOSPIRITUS_ARBOREUS,BRD_DRYADS_DRYAD,EXACT_TRADITION,EVD_JRN_R20_B02_SPC_PHYTOSPIRITUS_ARBOREUS_PERSONALITY_ID_001 | EVD_JRN_R20_B02_SPC_PHYTOSPIRITUS_ARBOREUS_TERRAIN_BROAD_001 | EVD_JRN_R20_B02_SPC_PHYTOSPIRITUS_ARBOREUS_TERRAIN_SPECIFIC_001
SPC_PHYTOSPIRITUS_ARBOREUS,BRD_DRYADS_HAMADRYAD,EXACT_TRADITION,EVD_JRN_R20_B02_SPC_PHYTOSPIRITUS_ARBOREUS_PERSONALITY_ID_001 | EVD_JRN_R20_B02_SPC_PHYTOSPIRITUS_ARBOREUS_TERRAIN_BROAD_001 | EVD_JRN_R20_B02_SPC_PHYTOSPIRITUS_ARBOREUS_TERRAIN_SPECIFIC_001
SPC_ORNITHORHYNCHUS_ANATINUS,BRD_DUCK_BILLED_PLATYPUS,EXACT_SPECIES,EVD_JRN_R22_B01_SPC_ORNITHORHYNCHUS_ANATINUS_PERSONALITY_ID_001 | EVD_JRN_R22_B01_SPC_ORNITHORHYNCHUS_ANATINUS_TERRAIN_BROAD_001 | EVD_JRN_R22_B01_SPC_ORNITHORHYNCHUS_ANATINUS_TERRAIN_SPECIFIC_001
SPC_DUGONG_DUGON,BRD_DUGONG,EXACT_SPECIES,EVD_JRN_R11_B01_SPC_DUGONG_DUGON_PERSONALITY_ID_001 | EVD_JRN_R11_B01_SPC_DUGONG_DUGON_TERRAIN_BROAD_001 | EVD_JRN_R11_B01_SPC_DUGONG_DUGON_TERRAIN_SPECIFIC_001
SPC_PARVULUS_FABRILIS,BRD_DWARF,EXACT_TRADITION,EVD_JRN_R03_B01_SPC_PARVULUS_FABRILIS_PERSONALITY_ID_001 | EVD_JRN_R03_B01_SPC_PARVULUS_FABRILIS_TERRAIN_BROAD_001 | EVD_JRN_R03_B01_SPC_PARVULUS_FABRILIS_TERRAIN_SPECIFIC_001
SPC_CASUARIUS_BENNETTI,BRD_DWARF_CASSOWARY,EXACT_SPECIES,EVD_JRN_R17_B01_SPC_CASUARIUS_BENNETTI_PERSONALITY_ID_001 | EVD_JRN_R17_B01_SPC_CASUARIUS_BENNETTI_TERRAIN_BROAD_001 | EVD_JRN_R17_B01_SPC_CASUARIUS_BENNETTI_TERRAIN_SPECIFIC_001
SPC_OSTEOLAEMUS_TETRASPIS,BRD_DWARF_CROCODILE,EXACT_SPECIES,EVD_JRN_R04_B01_SPC_OSTEOLAEMUS_TETRASPIS_PERSONALITY_ID_001 | EVD_JRN_R04_B01_SPC_OSTEOLAEMUS_TETRASPIS_TERRAIN_BROAD_001 | EVD_JRN_R04_B01_SPC_OSTEOLAEMUS_TETRASPIS_TERRAIN_SPECIFIC_001
SPC_PSEUDOBRANCHUS_STRIATUS,BRD_DWARF_SIREN,EXACT_SPECIES,EVD_JRN_R13_B01_SPC_PSEUDOBRANCHUS_STRIATUS_PERSONALITY_ID_001 | EVD_JRN_R13_B01_SPC_PSEUDOBRANCHUS_STRIATUS_TERRAIN_BROAD_001 | EVD_JRN_R13_B01_SPC_PSEUDOBRANCHUS_STRIATUS_TERRAIN_SPECIFIC_001
SPC_PARVULUS_FABRILIS,BRD_DWARVES_DUERGAR,EXACT_TRADITION,EVD_JRN_R03_B01_SPC_PARVULUS_FABRILIS_PERSONALITY_ID_001 | EVD_JRN_R03_B01_SPC_PARVULUS_FABRILIS_TERRAIN_BROAD_001 | EVD_JRN_R03_B01_SPC_PARVULUS_FABRILIS_TERRAIN_SPECIFIC_001
SPC_PARVULUS_FABRILIS,BRD_DWARVES_HILL_DWARF,EXACT_TRADITION,EVD_JRN_R03_B01_SPC_PARVULUS_FABRILIS_PERSONALITY_ID_001 | EVD_JRN_R03_B01_SPC_PARVULUS_FABRILIS_TERRAIN_BROAD_001 | EVD_JRN_R03_B01_SPC_PARVULUS_FABRILIS_TERRAIN_SPECIFIC_001
SPC_PARVULUS_FABRILIS,BRD_DWARVES_MOUNTAIN_DWARF,EXACT_TRADITION,EVD_JRN_R03_B01_SPC_PARVULUS_FABRILIS_PERSONALITY_ID_001 | EVD_JRN_R03_B01_SPC_PARVULUS_FABRILIS_TERRAIN_BROAD_001 | EVD_JRN_R03_B01_SPC_PARVULUS_FABRILIS_TERRAIN_SPECIFIC_001
SPC_PERAMELES_GUNNII,BRD_EASTERN_BARRED_BANDICOOT,EXACT_SPECIES,EVD_JRN_R22_B01_SPC_PERAMELES_GUNNII_PERSONALITY_ID_001 | EVD_JRN_R22_B01_SPC_PERAMELES_GUNNII_TERRAIN_BROAD_001 | EVD_JRN_R22_B01_SPC_PERAMELES_GUNNII_TERRAIN_SPECIFIC_001
SPC_MICRURUS_FULVIUS,BRD_EASTERN_CORAL_SNAKE,EXACT_SPECIES,EVD_JRN_R25_B02_SPC_MICRURUS_FULVIUS_PERSONALITY_ID_001 | EVD_JRN_R25_B02_SPC_MICRURUS_FULVIUS_TERRAIN_BROAD_001 | EVD_JRN_R25_B02_SPC_MICRURUS_FULVIUS_TERRAIN_SPECIFIC_001
SPC_OPHISAURUS_VENTRALIS,BRD_EASTERN_GLASS_LIZARD,EXACT_SPECIES,EVD_JRN_R24_B01_SPC_OPHISAURUS_VENTRALIS_PERSONALITY_ID_001 | EVD_JRN_R24_B01_SPC_OPHISAURUS_VENTRALIS_TERRAIN_BROAD_001 | EVD_JRN_R24_B01_SPC_OPHISAURUS_VENTRALIS_TERRAIN_SPECIFIC_001
SPC_SCIURUS_CAROLINENSIS,BRD_EASTERN_GRAY_SQUIRREL,EXACT_SPECIES,EVD_JRN_R20_B01_SPC_SCIURUS_CAROLINENSIS_PERSONALITY_ID_001 | EVD_JRN_R20_B01_SPC_SCIURUS_CAROLINENSIS_TERRAIN_BROAD_001 | EVD_JRN_R20_B01_SPC_SCIURUS_CAROLINENSIS_TERRAIN_SPECIFIC_001
SPC_CHELODINA_LONGICOLLIS,BRD_EASTERN_LONG_NECKED_TURTLE,EXACT_SPECIES,EVD_JRN_R04_B01_SPC_CHELODINA_LONGICOLLIS_PERSONALITY_ID_001 | EVD_JRN_R04_B01_SPC_CHELODINA_LONGICOLLIS_TERRAIN_BROAD_001 | EVD_JRN_R04_B01_SPC_CHELODINA_LONGICOLLIS_TERRAIN_SPECIFIC_001
SPC_ROMALEA_MICROPTERA,BRD_EASTERN_LUBBER_GRASSHOPPER,EXACT_SPECIES,EVD_JRN_R25_B02_SPC_ROMALEA_MICROPTERA_PERSONALITY_ID_001 | EVD_JRN_R25_B02_SPC_ROMALEA_MICROPTERA_TERRAIN_BROAD_001 | EVD_JRN_R25_B02_SPC_ROMALEA_MICROPTERA_TERRAIN_SPECIFIC_001
SPC_SCALOPUS_AQUATICUS,BRD_EASTERN_MOLE,EXACT_SPECIES,EVD_JRN_R23_B01_SPC_SCALOPUS_AQUATICUS_PERSONALITY_ID_001 | EVD_JRN_R23_B01_SPC_SCALOPUS_AQUATICUS_TERRAIN_BROAD_001 | EVD_JRN_R23_B01_SPC_SCALOPUS_AQUATICUS_TERRAIN_SPECIFIC_001
SPC_DASYURUS_VIVERRINUS,BRD_EASTERN_QUOLL,EXACT_SPECIES,EVD_JRN_R22_B01_SPC_DASYURUS_VIVERRINUS_PERSONALITY_ID_001 | EVD_JRN_R22_B01_SPC_DASYURUS_VIVERRINUS_TERRAIN_BROAD_001 | EVD_JRN_R22_B01_SPC_DASYURUS_VIVERRINUS_TERRAIN_SPECIFIC_001
SPC_PANTHEROPHIS_ALLEGHANIENSIS,BRD_EASTERN_RAT_SNAKE,EXACT_SPECIES,EVD_JRN_R25_B02_SPC_PANTHEROPHIS_ALLEGHANIENSIS_PERSONALITY_ID_001 | EVD_JRN_R25_B02_SPC_PANTHEROPHIS_ALLEGHANIENSIS_TERRAIN_BROAD_001 | EVD_JRN_R25_B02_SPC_PANTHEROPHIS_ALLEGHANIENSIS_TERRAIN_SPECIFIC_001
SPC_PLETHODON_CINEREUS,BRD_EASTERN_RED_BACKED_SALAMANDER,EXACT_SPECIES,EVD_JRN_R13_B01_SPC_PLETHODON_CINEREUS_PERSONALITY_ID_001 | EVD_JRN_R13_B01_SPC_PLETHODON_CINEREUS_TERRAIN_BROAD_001 | EVD_JRN_R13_B01_SPC_PLETHODON_CINEREUS_TERRAIN_SPECIFIC_001
SPC_PAPILIO_GLAUCUS,BRD_EASTERN_TIGER_SWALLOWTAIL,EXACT_SPECIES,EVD_JRN_R25_B02_SPC_PAPILIO_GLAUCUS_PERSONALITY_ID_001 | EVD_JRN_R25_B02_SPC_PAPILIO_GLAUCUS_TERRAIN_BROAD_001 | EVD_JRN_R25_B02_SPC_PAPILIO_GLAUCUS_TERRAIN_SPECIFIC_001
SPC_NYCTIMENE_ROBINSONI,BRD_EASTERN_TUBE_NOSED_BAT,EXACT_SPECIES,EVD_JRN_R20_B01_SPC_NYCTIMENE_ROBINSONI_PERSONALITY_ID_001 | EVD_JRN_R20_B01_SPC_NYCTIMENE_ROBINSONI_TERRAIN_BROAD_001 | EVD_JRN_R20_B01_SPC_NYCTIMENE_ROBINSONI_TERRAIN_SPECIFIC_001
SPC_ECLECTUS_RORATUS,BRD_ECLECTUS_PARROT,EXACT_SPECIES,EVD_JRN_R19_B01_SPC_ECLECTUS_RORATUS_PERSONALITY_ID_001 | EVD_JRN_R19_B01_SPC_ECLECTUS_RORATUS_TERRAIN_BROAD_001 | EVD_JRN_R19_B01_SPC_ECLECTUS_RORATUS_TERRAIN_SPECIFIC_001
SPC_GLIS_GLIS,BRD_EDIBLE_DORMOUSE,EXACT_SPECIES,EVD_JRN_R20_B01_SPC_GLIS_GLIS_PERSONALITY_ID_001 | EVD_JRN_R20_B01_SPC_GLIS_GLIS_TERRAIN_BROAD_001 | EVD_JRN_R20_B01_SPC_GLIS_GLIS_TERRAIN_SPECIFIC_001
SPC_ROUSETTUS_AEGYPTIACUS,BRD_EGYPTIAN_FRUIT_BAT,EXACT_SPECIES,EVD_JRN_R20_B01_SPC_ROUSETTUS_AEGYPTIACUS_PERSONALITY_ID_001 | EVD_JRN_R20_B01_SPC_ROUSETTUS_AEGYPTIACUS_TERRAIN_BROAD_001 | EVD_JRN_R20_B01_SPC_ROUSETTUS_AEGYPTIACUS_TERRAIN_SPECIFIC_001
SPC_HERPESTES_ICHNEUMON,BRD_EGYPTIAN_MONGOOSE,EXACT_SPECIES,EVD_JRN_R02_B01_SPC_HERPESTES_ICHNEUMON_PERSONALITY_ID_001 | EVD_JRN_R02_B01_SPC_HERPESTES_ICHNEUMON_TERRAIN_BROAD_001 | EVD_JRN_R02_B01_SPC_HERPESTES_ICHNEUMON_TERRAIN_SPECIFIC_001
SPC_UROMASTYX_AEGYPTIA,BRD_EGYPTIAN_SPINY_TAILED_LIZARD,EXACT_SPECIES,EVD_JRN_R24_B01_SPC_UROMASTYX_AEGYPTIA_PERSONALITY_ID_001 | EVD_JRN_R24_B01_SPC_UROMASTYX_AEGYPTIA_TERRAIN_BROAD_001 | EVD_JRN_R24_B01_SPC_UROMASTYX_AEGYPTIA_TERRAIN_SPECIFIC_001
SPC_NEOPHRON_PERCNOPTERUS,BRD_EGYPTIAN_VULTURE,EXACT_SPECIES,EVD_JRN_R18_B01_SPC_NEOPHRON_PERCNOPTERUS_PERSONALITY_ID_001 | EVD_JRN_R18_B01_SPC_NEOPHRON_PERCNOPTERUS_TERRAIN_BROAD_001 | EVD_JRN_R18_B01_SPC_NEOPHRON_PERCNOPTERUS_TERRAIN_SPECIFIC_001
SPC_MALAPTERURUS_ELECTRICUS,BRD_ELECTRIC_CATFISH,EXACT_SPECIES,EVD_JRN_R14_B01_SPC_MALAPTERURUS_ELECTRICUS_PERSONALITY_ID_001 | EVD_JRN_R14_B01_SPC_MALAPTERURUS_ELECTRICUS_TERRAIN_BROAD_001 | EVD_JRN_R14_B01_SPC_MALAPTERURUS_ELECTRICUS_TERRAIN_SPECIFIC_001
SPC_ELECTROPHORUS_ELECTRICUS,BRD_ELECTRIC_EEL,EXACT_SPECIES,EVD_JRN_R14_B01_SPC_ELECTROPHORUS_ELECTRICUS_PERSONALITY_ID_001 | EVD_JRN_R14_B01_SPC_ELECTROPHORUS_ELECTRICUS_TERRAIN_BROAD_001 | EVD_JRN_R14_B01_SPC_ELECTROPHORUS_ELECTRICUS_TERRAIN_SPECIFIC_001
SPC_EUDROMIA_ELEGANS,BRD_ELEGANT_CRESTED_TINAMOU,EXACT_SPECIES,EVD_JRN_R17_B01_SPC_EUDROMIA_ELEGANS_PERSONALITY_ID_001 | EVD_JRN_R17_B01_SPC_EUDROMIA_ELEGANS_TERRAIN_BROAD_001 | EVD_JRN_R17_B01_SPC_EUDROMIA_ELEGANS_TERRAIN_SPECIFIC_001
SPC_ELEMENTUM_INCARNATUM,BRD_ELEMENTAL,EXACT_TRADITION,EVD_JRN_R09_B01_SPC_ELEMENTUM_INCARNATUM_PERSONALITY_ID_001 | EVD_JRN_R09_B01_SPC_ELEMENTUM_INCARNATUM_TERRAIN_BROAD_001 | EVD_JRN_R09_B01_SPC_ELEMENTUM_INCARNATUM_TERRAIN_SPECIFIC_001
SPC_ELEMENTUM_INCARNATUM,BRD_ELEMENTALS_AIR,EXACT_TRADITION,EVD_JRN_R09_B01_SPC_ELEMENTUM_INCARNATUM_PERSONALITY_ID_001 | EVD_JRN_R09_B01_SPC_ELEMENTUM_INCARNATUM_TERRAIN_BROAD_001 | EVD_JRN_R09_B01_SPC_ELEMENTUM_INCARNATUM_TERRAIN_SPECIFIC_001
SPC_ELEMENTUM_INCARNATUM,BRD_ELEMENTALS_CRYSTAL,EXACT_TRADITION,EVD_JRN_R09_B01_SPC_ELEMENTUM_INCARNATUM_PERSONALITY_ID_001 | EVD_JRN_R09_B01_SPC_ELEMENTUM_INCARNATUM_TERRAIN_BROAD_001 | EVD_JRN_R09_B01_SPC_ELEMENTUM_INCARNATUM_TERRAIN_SPECIFIC_001
SPC_ELEMENTUM_INCARNATUM,BRD_ELEMENTALS_EARTH,EXACT_TRADITION,EVD_JRN_R09_B01_SPC_ELEMENTUM_INCARNATUM_PERSONALITY_ID_001 | EVD_JRN_R09_B01_SPC_ELEMENTUM_INCARNATUM_TERRAIN_BROAD_001 | EVD_JRN_R09_B01_SPC_ELEMENTUM_INCARNATUM_TERRAIN_SPECIFIC_001
SPC_ELEMENTUM_INCARNATUM,BRD_ELEMENTALS_FIRE,EXACT_TRADITION,EVD_JRN_R09_B01_SPC_ELEMENTUM_INCARNATUM_PERSONALITY_ID_001 | EVD_JRN_R09_B01_SPC_ELEMENTUM_INCARNATUM_TERRAIN_BROAD_001 | EVD_JRN_R09_B01_SPC_ELEMENTUM_INCARNATUM_TERRAIN_SPECIFIC_001
SPC_ELEMENTUM_INCARNATUM,BRD_ELEMENTALS_ICE,EXACT_TRADITION,EVD_JRN_R09_B01_SPC_ELEMENTUM_INCARNATUM_PERSONALITY_ID_001 | EVD_JRN_R09_B01_SPC_ELEMENTUM_INCARNATUM_TERRAIN_BROAD_001 | EVD_JRN_R09_B01_SPC_ELEMENTUM_INCARNATUM_TERRAIN_SPECIFIC_001
SPC_ELEMENTUM_INCARNATUM,BRD_ELEMENTALS_LIGHTNING,EXACT_TRADITION,EVD_JRN_R09_B01_SPC_ELEMENTUM_INCARNATUM_PERSONALITY_ID_001 | EVD_JRN_R09_B01_SPC_ELEMENTUM_INCARNATUM_TERRAIN_BROAD_001 | EVD_JRN_R09_B01_SPC_ELEMENTUM_INCARNATUM_TERRAIN_SPECIFIC_001
SPC_ELEMENTUM_INCARNATUM,BRD_ELEMENTALS_MAGMA,EXACT_TRADITION,EVD_JRN_R09_B01_SPC_ELEMENTUM_INCARNATUM_PERSONALITY_ID_001 | EVD_JRN_R09_B01_SPC_ELEMENTUM_INCARNATUM_TERRAIN_BROAD_001 | EVD_JRN_R09_B01_SPC_ELEMENTUM_INCARNATUM_TERRAIN_SPECIFIC_001
SPC_ELEMENTUM_INCARNATUM,BRD_ELEMENTALS_METAL,EXACT_TRADITION,EVD_JRN_R09_B01_SPC_ELEMENTUM_INCARNATUM_PERSONALITY_ID_001 | EVD_JRN_R09_B01_SPC_ELEMENTUM_INCARNATUM_TERRAIN_BROAD_001 | EVD_JRN_R09_B01_SPC_ELEMENTUM_INCARNATUM_TERRAIN_SPECIFIC_001
SPC_ELEMENTUM_INCARNATUM,BRD_ELEMENTALS_SAND,EXACT_TRADITION,EVD_JRN_R09_B01_SPC_ELEMENTUM_INCARNATUM_PERSONALITY_ID_001 | EVD_JRN_R09_B01_SPC_ELEMENTUM_INCARNATUM_TERRAIN_BROAD_001 | EVD_JRN_R09_B01_SPC_ELEMENTUM_INCARNATUM_TERRAIN_SPECIFIC_001
SPC_ELEMENTUM_INCARNATUM,BRD_ELEMENTALS_SMOKE,EXACT_TRADITION,EVD_JRN_R09_B01_SPC_ELEMENTUM_INCARNATUM_PERSONALITY_ID_001 | EVD_JRN_R09_B01_SPC_ELEMENTUM_INCARNATUM_TERRAIN_BROAD_001 | EVD_JRN_R09_B01_SPC_ELEMENTUM_INCARNATUM_TERRAIN_SPECIFIC_001
SPC_ELEMENTUM_INCARNATUM,BRD_ELEMENTALS_WATER,EXACT_TRADITION,EVD_JRN_R09_B01_SPC_ELEMENTUM_INCARNATUM_PERSONALITY_ID_001 | EVD_JRN_R09_B01_SPC_ELEMENTUM_INCARNATUM_TERRAIN_BROAD_001 | EVD_JRN_R09_B01_SPC_ELEMENTUM_INCARNATUM_TERRAIN_SPECIFIC_001
SPC_ELEMENTUM_INCARNATUM,BRD_ELEMENTALS_WOOD,EXACT_TRADITION,EVD_JRN_R09_B01_SPC_ELEMENTUM_INCARNATUM_PERSONALITY_ID_001 | EVD_JRN_R09_B01_SPC_ELEMENTUM_INCARNATUM_TERRAIN_BROAD_001 | EVD_JRN_R09_B01_SPC_ELEMENTUM_INCARNATUM_TERRAIN_SPECIFIC_001
SPC_ACROCHORDUS_JAVANICUS,BRD_ELEPHANT_TRUNK_SNAKE,EXACT_SPECIES,EVD_JRN_R25_B01_SPC_ACROCHORDUS_JAVANICUS_PERSONALITY_ID_001 | EVD_JRN_R25_B01_SPC_ACROCHORDUS_JAVANICUS_TERRAIN_BROAD_001 | EVD_JRN_R25_B01_SPC_ACROCHORDUS_JAVANICUS_TERRAIN_SPECIFIC_001
SPC_CERVUS_CANADENSIS,BRD_ELK,EXACT_SPECIES,EVD_JRN_R02_B01_SPC_CERVUS_CANADENSIS_PERSONALITY_ID_001 | EVD_JRN_R02_B01_SPC_CERVUS_CANADENSIS_TERRAIN_BROAD_001 | EVD_JRN_R02_B01_SPC_CERVUS_CANADENSIS_TERRAIN_SPECIFIC_001
SPC_ALFAR_VARIABILIS,BRD_ELVES_DARK,EXACT_TRADITION,EVD_JRN_R08_B01_SPC_ALFAR_VARIABILIS_PERSONALITY_ID_001 | EVD_JRN_R08_B01_SPC_ALFAR_VARIABILIS_TERRAIN_BROAD_001 | EVD_JRN_R08_B01_SPC_ALFAR_VARIABILIS_TERRAIN_SPECIFIC_001
SPC_ALFAR_VARIABILIS,BRD_ELVES_HIGH,EXACT_TRADITION,EVD_JRN_R08_B01_SPC_ALFAR_VARIABILIS_PERSONALITY_ID_001 | EVD_JRN_R08_B01_SPC_ALFAR_VARIABILIS_TERRAIN_BROAD_001 | EVD_JRN_R08_B01_SPC_ALFAR_VARIABILIS_TERRAIN_SPECIFIC_001
SPC_ALFAR_VARIABILIS,BRD_ELVES_SEA,EXACT_TRADITION,EVD_JRN_R08_B01_SPC_ALFAR_VARIABILIS_PERSONALITY_ID_001 | EVD_JRN_R08_B01_SPC_ALFAR_VARIABILIS_TERRAIN_BROAD_001 | EVD_JRN_R08_B01_SPC_ALFAR_VARIABILIS_TERRAIN_SPECIFIC_001
SPC_ALFAR_VARIABILIS,BRD_ELVES_SNOW,EXACT_TRADITION,EVD_JRN_R08_B01_SPC_ALFAR_VARIABILIS_PERSONALITY_ID_001 | EVD_JRN_R08_B01_SPC_ALFAR_VARIABILIS_TERRAIN_BROAD_001 | EVD_JRN_R08_B01_SPC_ALFAR_VARIABILIS_TERRAIN_SPECIFIC_001
SPC_ALFAR_VARIABILIS,BRD_ELVES_WOOD,EXACT_TRADITION,EVD_JRN_R08_B01_SPC_ALFAR_VARIABILIS_PERSONALITY_ID_001 | EVD_JRN_R08_B01_SPC_ALFAR_VARIABILIS_TERRAIN_BROAD_001 | EVD_JRN_R08_B01_SPC_ALFAR_VARIABILIS_TERRAIN_SPECIFIC_001
SPC_AMPULEX_COMPRESSA,BRD_EMERALD_COCKROACH_WASP,EXACT_SPECIES,EVD_JRN_R25_B01_SPC_AMPULEX_COMPRESSA_PERSONALITY_ID_001 | EVD_JRN_R25_B01_SPC_AMPULEX_COMPRESSA_TERRAIN_BROAD_001 | EVD_JRN_R25_B01_SPC_AMPULEX_COMPRESSA_TERRAIN_SPECIFIC_001
SPC_CORALLUS_CANINUS,BRD_EMERALD_TREE_BOA,EXACT_SPECIES,EVD_JRN_R25_B01_SPC_CORALLUS_CANINUS_PERSONALITY_ID_001 | EVD_JRN_R25_B01_SPC_CORALLUS_CANINUS_TERRAIN_BROAD_001 | EVD_JRN_R25_B01_SPC_CORALLUS_CANINUS_TERRAIN_SPECIFIC_001
SPC_VARANUS_PRASINUS,BRD_EMERALD_TREE_MONITOR,EXACT_SPECIES,EVD_JRN_R24_B01_SPC_VARANUS_PRASINUS_PERSONALITY_ID_001 | EVD_JRN_R24_B01_SPC_VARANUS_PRASINUS_TERRAIN_BROAD_001 | EVD_JRN_R24_B01_SPC_VARANUS_PRASINUS_TERRAIN_SPECIFIC_001
SPC_ANAX_IMPERATOR,BRD_EMPEROR_DRAGONFLY,EXACT_SPECIES,EVD_JRN_R25_B01_SPC_ANAX_IMPERATOR_PERSONALITY_ID_001 | EVD_JRN_R25_B01_SPC_ANAX_IMPERATOR_TERRAIN_BROAD_001 | EVD_JRN_R25_B01_SPC_ANAX_IMPERATOR_TERRAIN_SPECIFIC_001
SPC_ANSER_CANAGICUS,BRD_EMPEROR_GOOSE,EXACT_SPECIES,EVD_JRN_R01_B01_SPC_ANSER_CANAGICUS_PERSONALITY_001 | EVD_JRN_R01_B01_SPC_ANSER_CANAGICUS_TERRAIN_BROAD_001 | EVD_JRN_R01_B01_SPC_ANSER_CANAGICUS_TERRAIN_SPECIFIC_001
SPC_TYLOTOTRITON_SHANJING,BRD_EMPEROR_NEWT,EXACT_SPECIES,EVD_JRN_R13_B01_SPC_TYLOTOTRITON_SHANJING_PERSONALITY_ID_001 | EVD_JRN_R13_B01_SPC_TYLOTOTRITON_SHANJING_TERRAIN_BROAD_001 | EVD_JRN_R13_B01_SPC_TYLOTOTRITON_SHANJING_TERRAIN_SPECIFIC_001
SPC_APTENODYTES_FORSTERI,BRD_EMPEROR_PENGUIN,EXACT_SPECIES,EVD_JRN_R01_B01_SPC_APTENODYTES_FORSTERI_PERSONALITY_001 | EVD_JRN_R01_B01_SPC_APTENODYTES_FORSTERI_TERRAIN_BROAD_001 | EVD_JRN_R01_B01_SPC_APTENODYTES_FORSTERI_TERRAIN_SPECIFIC_001
SPC_PANDINUS_IMPERATOR,BRD_EMPEROR_SCORPION,EXACT_SPECIES,EVD_JRN_R25_B02_SPC_PANDINUS_IMPERATOR_PERSONALITY_ID_001 | EVD_JRN_R25_B02_SPC_PANDINUS_IMPERATOR_TERRAIN_BROAD_001 | EVD_JRN_R25_B02_SPC_PANDINUS_IMPERATOR_TERRAIN_SPECIFIC_001
SPC_SAGUINUS_IMPERATOR,BRD_EMPEROR_TAMARIN,EXACT_SPECIES,EVD_JRN_R15_B01_SPC_SAGUINUS_IMPERATOR_PERSONALITY_ID_001 | EVD_JRN_R15_B01_SPC_SAGUINUS_IMPERATOR_TERRAIN_BROAD_001 | EVD_JRN_R15_B01_SPC_SAGUINUS_IMPERATOR_TERRAIN_SPECIFIC_001
SPC_DAEMON_EMPUSA,BRD_EMPUSA,EXACT_TRADITION,EVD_JRN_R05_B01_SPC_DAEMON_EMPUSA_PERSONALITY_ID_001 | EVD_JRN_R05_B01_SPC_DAEMON_EMPUSA_TERRAIN_BROAD_001 | EVD_JRN_R05_B01_SPC_DAEMON_EMPUSA_TERRAIN_SPECIFIC_001
SPC_DROMAIUS_NOVAEHOLLANDIAE,BRD_EMU,EXACT_SPECIES,EVD_JRN_R17_B01_SPC_DROMAIUS_NOVAEHOLLANDIAE_PERSONALITY_ID_001 | EVD_JRN_R17_B01_SPC_DROMAIUS_NOVAEHOLLANDIAE_TERRAIN_BROAD_001 | EVD_JRN_R17_B01_SPC_DROMAIUS_NOVAEHOLLANDIAE_TERRAIN_SPECIFIC_001
SPC_ENSATINA_ESCHSCHOLTZII,BRD_ENSATINA_SALAMANDER,EXACT_SPECIES,EVD_JRN_R13_B01_SPC_ENSATINA_ESCHSCHOLTZII_PERSONALITY_ID_001 | EVD_JRN_R13_B01_SPC_ENSATINA_ESCHSCHOLTZII_TERRAIN_BROAD_001 | EVD_JRN_R13_B01_SPC_ENSATINA_ESCHSCHOLTZII_TERRAIN_SPECIFIC_001
SPC_EQUUS_HEMIONUS,BRD_EQUUS_HEMIONUS_PERSIAN_ONAGER,EXACT_SPECIES,EVD_JRN_R18_B01_SPC_EQUUS_HEMIONUS_PERSONALITY_ID_001 | EVD_JRN_R18_B01_SPC_EQUUS_HEMIONUS_TERRAIN_BROAD_001 | EVD_JRN_R18_B01_SPC_EQUUS_HEMIONUS_TERRAIN_SPECIFIC_001
SPC_EQUUS_KIANG,BRD_EQUUS_KIANG_KIANG,EXACT_SPECIES,EVD_JRN_R18_B01_SPC_EQUUS_KIANG_PERSONALITY_ID_001 | EVD_JRN_R18_B01_SPC_EQUUS_KIANG_TERRAIN_BROAD_001 | EVD_JRN_R18_B01_SPC_EQUUS_KIANG_TERRAIN_SPECIFIC_001
SPC_EQUUS_ZEBRA,BRD_EQUUS_ZEBRA_MOUNTAIN_ZEBRA,EXACT_SPECIES,EVD_JRN_R18_B01_SPC_EQUUS_ZEBRA_PERSONALITY_ID_001 | EVD_JRN_R18_B01_SPC_EQUUS_ZEBRA_TERRAIN_BROAD_001 | EVD_JRN_R18_B01_SPC_EQUUS_ZEBRA_TERRAIN_SPECIFIC_001
SPC_DIVINUS_ERINYS,BRD_ERINYS,EXACT_TRADITION,EVD_JRN_R13_B01_SPC_DIVINUS_ERINYS_PERSONALITY_ID_001 | EVD_JRN_R13_B01_SPC_DIVINUS_ERINYS_TERRAIN_BROAD_001 | EVD_JRN_R13_B01_SPC_DIVINUS_ERINYS_TERRAIN_SPECIFIC_001
SPC_CANIS_SIMENSIS,BRD_ETHIOPIAN_WOLF,EXACT_SPECIES,EVD_JRN_R02_B01_SPC_CANIS_SIMENSIS_PERSONALITY_ID_001 | EVD_JRN_R02_B01_SPC_CANIS_SIMENSIS_TERRAIN_BROAD_001 | EVD_JRN_R02_B01_SPC_CANIS_SIMENSIS_TERRAIN_SPECIFIC_001
SPC_SUNCUS_ETRUSCUS,BRD_ETRUSCAN_SHREW,EXACT_SPECIES,EVD_JRN_R23_B01_SPC_SUNCUS_ETRUSCUS_PERSONALITY_ID_001 | EVD_JRN_R23_B01_SPC_SUNCUS_ETRUSCUS_TERRAIN_BROAD_001 | EVD_JRN_R23_B01_SPC_SUNCUS_ETRUSCUS_TERRAIN_SPECIFIC_001
SPC_OGRUS_ETTIN,BRD_ETTIN,EXACT_TRADITION,EVD_JRN_R19_B01_SPC_OGRUS_ETTIN_PERSONALITY_ID_001 | EVD_JRN_R19_B01_SPC_OGRUS_ETTIN_TERRAIN_BROAD_001 | EVD_JRN_R19_B01_SPC_OGRUS_ETTIN_TERRAIN_SPECIFIC_001
SPC_CASTOR_FIBER,BRD_EURASIAN_BEAVER,EXACT_SPECIES,EVD_JRN_R20_B01_SPC_CASTOR_FIBER_PERSONALITY_ID_001 | EVD_JRN_R20_B01_SPC_CASTOR_FIBER_TERRAIN_BROAD_001 | EVD_JRN_R20_B01_SPC_CASTOR_FIBER_TERRAIN_SPECIFIC_001
SPC_BOTAURUS_STELLARIS,BRD_EURASIAN_BITTERN,EXACT_SPECIES,EVD_JRN_R01_B01_SPC_BOTAURUS_STELLARIS_PERSONALITY_001 | EVD_JRN_R01_B01_SPC_BOTAURUS_STELLARIS_TERRAIN_BROAD_001 | EVD_JRN_R01_B01_SPC_BOTAURUS_STELLARIS_TERRAIN_SPECIFIC_001
SPC_FULICA_ATRA,BRD_EURASIAN_COOT,EXACT_SPECIES,EVD_JRN_R01_B01_SPC_FULICA_ATRA_PERSONALITY_ID_001 | EVD_JRN_R01_B01_SPC_FULICA_ATRA_TERRAIN_BROAD_001 | EVD_JRN_R01_B01_SPC_FULICA_ATRA_TERRAIN_SPECIFIC_001
SPC_NUMENIUS_ARQUATA,BRD_EURASIAN_CURLEW,EXACT_SPECIES,EVD_JRN_R01_B01_SPC_NUMENIUS_ARQUATA_PERSONALITY_ID_001 | EVD_JRN_R01_B01_SPC_NUMENIUS_ARQUATA_TERRAIN_BROAD_001 | EVD_JRN_R01_B01_SPC_NUMENIUS_ARQUATA_TERRAIN_SPECIFIC_001
SPC_BUBO_BUBO,BRD_EURASIAN_EAGLE_OWL,EXACT_SPECIES,EVD_JRN_R18_B01_SPC_BUBO_BUBO_PERSONALITY_ID_001 | EVD_JRN_R18_B01_SPC_BUBO_BUBO_TERRAIN_BROAD_001 | EVD_JRN_R18_B01_SPC_BUBO_BUBO_TERRAIN_SPECIFIC_001
SPC_ORIOLUS_ORIOLUS,BRD_EURASIAN_GOLDEN_ORIOLE,EXACT_SPECIES,EVD_JRN_R08_B01_SPC_ORIOLUS_ORIOLUS_PERSONALITY_ID_001 | EVD_JRN_R08_B01_SPC_ORIOLUS_ORIOLUS_TERRAIN_BROAD_001 | EVD_JRN_R08_B01_SPC_ORIOLUS_ORIOLUS_TERRAIN_SPECIFIC_001
SPC_PICA_PICA,BRD_EURASIAN_MAGPIE,EXACT_SPECIES,EVD_JRN_R08_B01_SPC_PICA_PICA_PERSONALITY_ID_001 | EVD_JRN_R08_B01_SPC_PICA_PICA_TERRAIN_BROAD_001 | EVD_JRN_R08_B01_SPC_PICA_PICA_TERRAIN_SPECIFIC_001
SPC_ALAUDA_ARVENSIS,BRD_EURASIAN_SKYLARK,EXACT_SPECIES,EVD_JRN_R08_B01_SPC_ALAUDA_ARVENSIS_PERSONALITY_ID_001 | EVD_JRN_R08_B01_SPC_ALAUDA_ARVENSIS_TERRAIN_BROAD_001 | EVD_JRN_R08_B01_SPC_ALAUDA_ARVENSIS_TERRAIN_SPECIFIC_001
SPC_NEOMYS_FODIENS,BRD_EURASIAN_WATER_SHREW,EXACT_SPECIES,EVD_JRN_R23_B01_SPC_NEOMYS_FODIENS_PERSONALITY_ID_001 | EVD_JRN_R23_B01_SPC_NEOMYS_FODIENS_TERRAIN_BROAD_001 | EVD_JRN_R23_B01_SPC_NEOMYS_FODIENS_TERRAIN_SPECIFIC_001
SPC_MELES_MELES,BRD_EUROPEAN_BADGER,EXACT_SPECIES,EVD_JRN_R02_B01_SPC_MELES_MELES_PERSONALITY_ID_001 | EVD_JRN_R02_B01_SPC_MELES_MELES_TERRAIN_BROAD_001 | EVD_JRN_R02_B01_SPC_MELES_MELES_TERRAIN_SPECIFIC_001
SPC_MEROPS_APIASTER,BRD_EUROPEAN_BEE_EATER,EXACT_SPECIES,EVD_JRN_R22_B01_SPC_MEROPS_APIASTER_PERSONALITY_ID_001 | EVD_JRN_R22_B01_SPC_MEROPS_APIASTER_TERRAIN_BROAD_001 | EVD_JRN_R22_B01_SPC_MEROPS_APIASTER_TERRAIN_SPECIFIC_001
SPC_ANGUILLA_ANGUILLA,BRD_EUROPEAN_EEL,EXACT_SPECIES,EVD_JRN_R14_B01_SPC_ANGUILLA_ANGUILLA_PERSONALITY_ID_001 | EVD_JRN_R14_B01_SPC_ANGUILLA_ANGUILLA_TERRAIN_BROAD_001 | EVD_JRN_R14_B01_SPC_ANGUILLA_ANGUILLA_TERRAIN_SPECIFIC_001
SPC_CARCINUS_MAENAS,BRD_EUROPEAN_GREEN_CRAB,EXACT_SPECIES,EVD_JRN_R25_B01_SPC_CARCINUS_MAENAS_PERSONALITY_ID_001 | EVD_JRN_R25_B01_SPC_CARCINUS_MAENAS_TERRAIN_BROAD_001 | EVD_JRN_R25_B01_SPC_CARCINUS_MAENAS_TERRAIN_SPECIFIC_001
SPC_CRICETUS_CRICETUS,BRD_EUROPEAN_HAMSTER,EXACT_SPECIES,EVD_JRN_R20_B01_SPC_CRICETUS_CRICETUS_PERSONALITY_ID_001 | EVD_JRN_R20_B01_SPC_CRICETUS_CRICETUS_TERRAIN_BROAD_001 | EVD_JRN_R20_B01_SPC_CRICETUS_CRICETUS_TERRAIN_SPECIFIC_001
SPC_LEPUS_EUROPAEUS,BRD_EUROPEAN_HARE,EXACT_SPECIES,EVD_JRN_R20_B01_SPC_LEPUS_EUROPAEUS_PERSONALITY_ID_001 | EVD_JRN_R20_B01_SPC_LEPUS_EUROPAEUS_TERRAIN_BROAD_001 | EVD_JRN_R20_B01_SPC_LEPUS_EUROPAEUS_TERRAIN_SPECIFIC_001
SPC_ERINACEUS_EUROPAEUS,BRD_EUROPEAN_HEDGEHOG,EXACT_SPECIES,EVD_JRN_R23_B01_SPC_ERINACEUS_EUROPAEUS_PERSONALITY_ID_001 | EVD_JRN_R23_B01_SPC_ERINACEUS_EUROPAEUS_TERRAIN_BROAD_001 | EVD_JRN_R23_B01_SPC_ERINACEUS_EUROPAEUS_TERRAIN_SPECIFIC_001
SPC_MANTIS_RELIGIOSA,BRD_EUROPEAN_MANTIS,EXACT_SPECIES,EVD_JRN_R25_B02_SPC_MANTIS_RELIGIOSA_PERSONALITY_ID_001 | EVD_JRN_R25_B02_SPC_MANTIS_RELIGIOSA_TERRAIN_BROAD_001 | EVD_JRN_R25_B02_SPC_MANTIS_RELIGIOSA_TERRAIN_SPECIFIC_001
SPC_TALPA_EUROPAEA,BRD_EUROPEAN_MOLE,EXACT_SPECIES,EVD_JRN_R23_B01_SPC_TALPA_EUROPAEA_PERSONALITY_ID_001 | EVD_JRN_R23_B01_SPC_TALPA_EUROPAEA_TERRAIN_BROAD_001 | EVD_JRN_R23_B01_SPC_TALPA_EUROPAEA_TERRAIN_SPECIFIC_001
SPC_GRYLLOTALPA_GRYLLOTALPA,BRD_EUROPEAN_MOLE_CRICKET,EXACT_SPECIES,EVD_JRN_R25_B01_SPC_GRYLLOTALPA_GRYLLOTALPA_PERSONALITY_ID_001 | EVD_JRN_R25_B01_SPC_GRYLLOTALPA_GRYLLOTALPA_TERRAIN_BROAD_001 | EVD_JRN_R25_B01_SPC_GRYLLOTALPA_GRYLLOTALPA_TERRAIN_SPECIFIC_001
SPC_CAPRIMULGUS_EUROPAEUS,BRD_EUROPEAN_NIGHTJAR,EXACT_SPECIES,EVD_JRN_R22_B01_SPC_CAPRIMULGUS_EUROPAEUS_PERSONALITY_ID_001 | EVD_JRN_R22_B01_SPC_CAPRIMULGUS_EUROPAEUS_TERRAIN_BROAD_001 | EVD_JRN_R22_B01_SPC_CAPRIMULGUS_EUROPAEUS_TERRAIN_SPECIFIC_001
SPC_POLISTES_DOMINULA,BRD_EUROPEAN_PAPER_WASP,EXACT_SPECIES,EVD_JRN_R25_B02_SPC_POLISTES_DOMINULA_PERSONALITY_ID_001 | EVD_JRN_R25_B02_SPC_POLISTES_DOMINULA_TERRAIN_BROAD_001 | EVD_JRN_R25_B02_SPC_POLISTES_DOMINULA_TERRAIN_SPECIFIC_001
SPC_EMYS_ORBICULARIS,BRD_EUROPEAN_POND_TURTLE,EXACT_SPECIES,EVD_JRN_R04_B01_SPC_EMYS_ORBICULARIS_PERSONALITY_ID_001 | EVD_JRN_R04_B01_SPC_EMYS_ORBICULARIS_TERRAIN_BROAD_001 | EVD_JRN_R04_B01_SPC_EMYS_ORBICULARIS_TERRAIN_SPECIFIC_001
SPC_ORYCTOLAGUS_CUNICULUS,BRD_EUROPEAN_RABBIT,EXACT_SPECIES,EVD_JRN_R20_B01_SPC_ORYCTOLAGUS_CUNICULUS_PERSONALITY_ID_001 | EVD_JRN_R20_B01_SPC_ORYCTOLAGUS_CUNICULUS_TERRAIN_BROAD_001 | EVD_JRN_R20_B01_SPC_ORYCTOLAGUS_CUNICULUS_TERRAIN_SPECIFIC_001
SPC_ERITHACUS_RUBECULA,BRD_EUROPEAN_ROBIN,EXACT_SPECIES,EVD_JRN_R08_B01_SPC_ERITHACUS_RUBECULA_PERSONALITY_ID_001 | EVD_JRN_R08_B01_SPC_ERITHACUS_RUBECULA_TERRAIN_BROAD_001 | EVD_JRN_R08_B01_SPC_ERITHACUS_RUBECULA_TERRAIN_SPECIFIC_001
SPC_FELIS_SILVESTRIS,BRD_EUROPEAN_WILDCAT,EXACT_SPECIES,EVD_JRN_R02_B01_SPC_FELIS_SILVESTRIS_PERSONALITY_ID_001 | EVD_JRN_R02_B01_SPC_FELIS_SILVESTRIS_TERRAIN_BROAD_001 | EVD_JRN_R02_B01_SPC_FELIS_SILVESTRIS_TERRAIN_SPECIFIC_001
SPC_BOTHRIECHIS_SCHLEGELII,BRD_EYELASH_VIPER,EXACT_SPECIES,EVD_JRN_R25_B01_SPC_BOTHRIECHIS_SCHLEGELII_PERSONALITY_ID_001 | EVD_JRN_R25_B01_SPC_BOTHRIECHIS_SCHLEGELII_TERRAIN_BROAD_001 | EVD_JRN_R25_B01_SPC_BOTHRIECHIS_SCHLEGELII_TERRAIN_SPECIFIC_001
SPC_FATA_VARIATA,BRD_FAIRY_FOLK_FAIRY,EXACT_TRADITION,EVD_JRN_R03_B01_SPC_FATA_VARIATA_PERSONALITY_ID_001 | EVD_JRN_R03_B01_SPC_FATA_VARIATA_TERRAIN_BROAD_001 | EVD_JRN_R03_B01_SPC_FATA_VARIATA_TERRAIN_SPECIFIC_001
SPC_FATA_VARIATA,BRD_FAIRY_FOLK_PIXIE,EXACT_TRADITION,EVD_JRN_R03_B01_SPC_FATA_VARIATA_PERSONALITY_ID_001 | EVD_JRN_R03_B01_SPC_FATA_VARIATA_TERRAIN_BROAD_001 | EVD_JRN_R03_B01_SPC_FATA_VARIATA_TERRAIN_SPECIFIC_001
SPC_FATA_VARIATA,BRD_FAIRY_FOLK_SPRITE,EXACT_TRADITION,EVD_JRN_R03_B01_SPC_FATA_VARIATA_PERSONALITY_ID_001 | EVD_JRN_R03_B01_SPC_FATA_VARIATA_TERRAIN_BROAD_001 | EVD_JRN_R03_B01_SPC_FATA_VARIATA_TERRAIN_SPECIFIC_001
SPC_TOMISTOMA_SCHLEGELII,BRD_FALSE_GHARIAL,EXACT_SPECIES,EVD_JRN_R04_B01_SPC_TOMISTOMA_SCHLEGELII_PERSONALITY_ID_001 | EVD_JRN_R04_B01_SPC_TOMISTOMA_SCHLEGELII_TERRAIN_BROAD_001 | EVD_JRN_R04_B01_SPC_TOMISTOMA_SCHLEGELII_TERRAIN_SPECIFIC_001
SPC_PSEUDORCA_CRASSIDENS,BRD_FALSE_KILLER_WHALE,EXACT_SPECIES,EVD_JRN_R01_B02_SPC_PSEUDORCA_CRASSIDENS_PERSONALITY_ID_001 | EVD_JRN_R01_B02_SPC_PSEUDORCA_CRASSIDENS_TERRAIN_BROAD_001 | EVD_JRN_R01_B02_SPC_PSEUDORCA_CRASSIDENS_TERRAIN_SPECIFIC_001
SPC_PHASCOGALE_CRASSICAUDATA,BRD_FAT_TAILED_DUNNART,EXACT_SPECIES,EVD_JRN_R22_B01_SPC_PHASCOGALE_CRASSICAUDATA_PERSONALITY_ID_001 | EVD_JRN_R22_B01_SPC_PHASCOGALE_CRASSICAUDATA_TERRAIN_BROAD_001 | EVD_JRN_R22_B01_SPC_PHASCOGALE_CRASSICAUDATA_TERRAIN_SPECIFIC_001
SPC_PACHYUROMYS_DUPRASI,BRD_FAT_TAILED_GERBIL,EXACT_SPECIES,EVD_JRN_R20_B01_SPC_PACHYUROMYS_DUPRASI_PERSONALITY_ID_001 | EVD_JRN_R20_B01_SPC_PACHYUROMYS_DUPRASI_TERRAIN_BROAD_001 | EVD_JRN_R20_B01_SPC_PACHYUROMYS_DUPRASI_TERRAIN_SPECIFIC_001
SPC_ALIPES_GRANDIDIERI,BRD_FEATHER_TAIL_CENTIPEDE,EXACT_SPECIES,EVD_JRN_R25_B01_SPC_ALIPES_GRANDIDIERI_PERSONALITY_ID_001 | EVD_JRN_R25_B01_SPC_ALIPES_GRANDIDIERI_TERRAIN_BROAD_001 | EVD_JRN_R25_B01_SPC_ALIPES_GRANDIDIERI_TERRAIN_SPECIFIC_001
SPC_PHOTURIS_VERSICOLOR,BRD_FEMME_FATALE_FIREFLY,EXACT_SPECIES,EVD_JRN_R25_B02_SPC_PHOTURIS_VERSICOLOR_PERSONALITY_ID_001 | EVD_JRN_R25_B02_SPC_PHOTURIS_VERSICOLOR_TERRAIN_BROAD_001 | EVD_JRN_R25_B02_SPC_PHOTURIS_VERSICOLOR_TERRAIN_SPECIFIC_001
SPC_VULPES_ZERDA,BRD_FENNEC_FOX,EXACT_SPECIES,EVD_JRN_R02_B02_SPC_VULPES_ZERDA_PERSONALITY_ID_001 | EVD_JRN_R02_B02_SPC_VULPES_ZERDA_TERRAIN_BROAD_001 | EVD_JRN_R02_B02_SPC_VULPES_ZERDA_TERRAIN_SPECIFIC_001
SPC_MICROTUS_AGRESTIS,BRD_FIELD_VOLE,EXACT_SPECIES,EVD_JRN_R20_B01_SPC_MICROTUS_AGRESTIS_PERSONALITY_ID_001 | EVD_JRN_R20_B01_SPC_MICROTUS_AGRESTIS_TERRAIN_BROAD_001 | EVD_JRN_R20_B01_SPC_MICROTUS_AGRESTIS_TERRAIN_SPECIFIC_001
SPC_BRACHYLOPHUS_VITIENSIS,BRD_FIJI_CRESTED_IGUANA,EXACT_SPECIES,EVD_JRN_R24_B01_SPC_BRACHYLOPHUS_VITIENSIS_PERSONALITY_ID_001 | EVD_JRN_R24_B01_SPC_BRACHYLOPHUS_VITIENSIS_TERRAIN_BROAD_001 | EVD_JRN_R24_B01_SPC_BRACHYLOPHUS_VITIENSIS_TERRAIN_SPECIFIC_001
SPC_GIGAS_IGNIFER,BRD_FIRE_GIANT,EXACT_TRADITION,EVD_JRN_R09_B01_SPC_GIGAS_IGNIFER_PERSONALITY_ID_001 | EVD_JRN_R09_B01_SPC_GIGAS_IGNIFER_TERRAIN_BROAD_001 | EVD_JRN_R09_B01_SPC_GIGAS_IGNIFER_TERRAIN_SPECIFIC_001
SPC_SALAMANDRA_SALAMANDRA,BRD_FIRE_SALAMANDER,EXACT_SPECIES,EVD_JRN_R13_B01_SPC_SALAMANDRA_SALAMANDRA_PERSONALITY_ID_001 | EVD_JRN_R13_B01_SPC_SALAMANDRA_SALAMANDRA_TERRAIN_BROAD_001 | EVD_JRN_R13_B01_SPC_SALAMANDRA_SALAMANDRA_TERRAIN_SPECIFIC_001
SPC_MYOTIS_VIVESI,BRD_FISH_EATING_MYOTIS,EXACT_SPECIES,EVD_JRN_R20_B01_SPC_MYOTIS_VIVESI_PERSONALITY_ID_001 | EVD_JRN_R20_B01_SPC_MYOTIS_VIVESI_TERRAIN_BROAD_001 | EVD_JRN_R20_B01_SPC_MYOTIS_VIVESI_TERRAIN_SPECIFIC_001
SPC_PRIONAILURUS_VIVERRINUS,BRD_FISHING_CAT,EXACT_SPECIES,EVD_JRN_R02_B02_SPC_PRIONAILURUS_VIVERRINUS_PERSONALITY_ID_001 | EVD_JRN_R02_B02_SPC_PRIONAILURUS_VIVERRINUS_TERRAIN_BROAD_001 | EVD_JRN_R02_B02_SPC_PRIONAILURUS_VIVERRINUS_TERRAIN_SPECIFIC_001
SPC_ASCAROSEPION_PFEFFERI,BRD_FLAMBOYANT_CUTTLEFISH,EXACT_SPECIES,EVD_JRN_R14_B01_SPC_ASCAROSEPION_PFEFFERI_PERSONALITY_ID_001 | EVD_JRN_R14_B01_SPC_ASCAROSEPION_PFEFFERI_TERRAIN_BROAD_001 | EVD_JRN_R14_B01_SPC_ASCAROSEPION_PFEFFERI_TERRAIN_SPECIFIC_001
SPC_HYALINOBATRACHIUM_FLEISCHMANNI,BRD_FLEISCHMANN_S_GLASS_FROG,EXACT_SPECIES,EVD_JRN_R13_B01_SPC_HYALINOBATRACHIUM_FLEISCHMANNI_PERSONALITY_ID_001 | EVD_JRN_R13_B01_SPC_HYALINOBATRACHIUM_FLEISCHMANNI_TERRAIN_BROAD_001 | EVD_JRN_R13_B01_SPC_HYALINOBATRACHIUM_FLEISCHMANNI_TERRAIN_SPECIFIC_001
SPC_NANNOPTERUM_HARRISI,BRD_FLIGHTLESS_CORMORANT,EXACT_SPECIES,EVD_JRN_R01_B01_SPC_NANNOPTERUM_HARRISI_PERSONALITY_ID_001 | EVD_JRN_R01_B01_SPC_NANNOPTERUM_HARRISI_TERRAIN_BROAD_001 | EVD_JRN_R01_B01_SPC_NANNOPTERUM_HARRISI_TERRAIN_SPECIFIC_001
SPC_GIGAS_FOMORIAN,BRD_FOMORIAN,EXACT_TRADITION,EVD_JRN_R09_B01_SPC_GIGAS_FOMORIAN_PERSONALITY_ID_001 | EVD_JRN_R09_B01_SPC_GIGAS_FOMORIAN_TERRAIN_BROAD_001 | EVD_JRN_R09_B01_SPC_GIGAS_FOMORIAN_TERRAIN_SPECIFIC_001
SPC_CRYPTOPROCTA_FEROX,BRD_FOSSA,EXACT_SPECIES,EVD_JRN_R02_B01_SPC_CRYPTOPROCTA_FEROX_PERSONALITY_ID_001 | EVD_JRN_R02_B01_SPC_CRYPTOPROCTA_FEROX_TERRAIN_BROAD_001 | EVD_JRN_R02_B01_SPC_CRYPTOPROCTA_FEROX_TERRAIN_SPECIFIC_001
SPC_ATELERIX_ALBIVENTRIS,BRD_FOUR_TOED_HEDGEHOG,EXACT_SPECIES,EVD_JRN_R23_B01_SPC_ATELERIX_ALBIVENTRIS_PERSONALITY_ID_001 | EVD_JRN_R23_B01_SPC_ATELERIX_ALBIVENTRIS_TERRAIN_BROAD_001 | EVD_JRN_R23_B01_SPC_ATELERIX_ALBIVENTRIS_TERRAIN_SPECIFIC_001
SPC_HIRUNDICHTHYS_AFFINIS,BRD_FOURWING_FLYINGFISH,EXACT_SPECIES,EVD_JRN_R14_B01_SPC_HIRUNDICHTHYS_AFFINIS_PERSONALITY_ID_001 | EVD_JRN_R14_B01_SPC_HIRUNDICHTHYS_AFFINIS_TERRAIN_BROAD_001 | EVD_JRN_R14_B01_SPC_HIRUNDICHTHYS_AFFINIS_TERRAIN_SPECIFIC_001
SPC_CROCODYLUS_JOHNSTONI,BRD_FRESHWATER_CROCODILE,EXACT_SPECIES,EVD_JRN_R04_B01_SPC_CROCODYLUS_JOHNSTONI_PERSONALITY_ID_001 | EVD_JRN_R04_B01_SPC_CROCODYLUS_JOHNSTONI_TERRAIN_BROAD_001 | EVD_JRN_R04_B01_SPC_CROCODYLUS_JOHNSTONI_TERRAIN_SPECIFIC_001
SPC_CHLAMYDOSAURUS_KINGII,BRD_FRILLED_LIZARD,EXACT_SPECIES,EVD_JRN_R24_B01_SPC_CHLAMYDOSAURUS_KINGII_PERSONALITY_ID_001 | EVD_JRN_R24_B01_SPC_CHLAMYDOSAURUS_KINGII_TERRAIN_BROAD_001 | EVD_JRN_R24_B01_SPC_CHLAMYDOSAURUS_KINGII_TERRAIN_SPECIFIC_001
SPC_PORTIA_FIMBRIATA,BRD_FRINGED_JUMPING_SPIDER,EXACT_SPECIES,EVD_JRN_R25_B02_SPC_PORTIA_FIMBRIATA_PERSONALITY_ID_001 | EVD_JRN_R25_B02_SPC_PORTIA_FIMBRIATA_TERRAIN_BROAD_001 | EVD_JRN_R25_B02_SPC_PORTIA_FIMBRIATA_TERRAIN_SPECIFIC_001
SPC_GIGAS_GLACIALIS,BRD_FROST_GIANT,EXACT_TRADITION,EVD_JRN_R09_B01_SPC_GIGAS_GLACIALIS_PERSONALITY_ID_001 | EVD_JRN_R09_B01_SPC_GIGAS_GLACIALIS_TERRAIN_BROAD_001 | EVD_JRN_R09_B01_SPC_GIGAS_GLACIALIS_TERRAIN_SPECIFIC_001
SPC_CHELONOIDIS_NIGER,BRD_GALAPAGOS_GIANT_TORTOISE,EXACT_SPECIES,EVD_JRN_R04_B01_SPC_CHELONOIDIS_NIGER_PERSONALITY_ID_001 | EVD_JRN_R04_B01_SPC_CHELONOIDIS_NIGER_TERRAIN_BROAD_001 | EVD_JRN_R04_B01_SPC_CHELONOIDIS_NIGER_TERRAIN_SPECIFIC_001
SPC_EPOMOPHORUS_GAMBIANUS,BRD_GAMBIAN_EPAULETTED_FRUIT_BAT,EXACT_SPECIES,EVD_JRN_R20_B01_SPC_EPOMOPHORUS_GAMBIANUS_PERSONALITY_ID_001 | EVD_JRN_R20_B01_SPC_EPOMOPHORUS_GAMBIANUS_TERRAIN_BROAD_001 | EVD_JRN_R20_B01_SPC_EPOMOPHORUS_GAMBIANUS_TERRAIN_SPECIFIC_001
SPC_CALLOCEPHALON_FIMBRIATUM,BRD_GANG_GANG_COCKATOO,EXACT_SPECIES,EVD_JRN_R19_B01_SPC_CALLOCEPHALON_FIMBRIATUM_PERSONALITY_ID_001 | EVD_JRN_R19_B01_SPC_CALLOCEPHALON_FIMBRIATUM_TERRAIN_BROAD_001 | EVD_JRN_R19_B01_SPC_CALLOCEPHALON_FIMBRIATUM_TERRAIN_SPECIFIC_001
SPC_PLATANISTA_GANGETICA,BRD_GANGES_RIVER_DOLPHIN,EXACT_SPECIES,EVD_JRN_R01_B02_SPC_PLATANISTA_GANGETICA_PERSONALITY_ID_001 | EVD_JRN_R01_B02_SPC_PLATANISTA_GANGETICA_TERRAIN_BROAD_001 | EVD_JRN_R01_B02_SPC_PLATANISTA_GANGETICA_TERRAIN_SPECIFIC_001
SPC_ELIOMYS_QUERCINUS,BRD_GARDEN_DORMOUSE,EXACT_SPECIES,EVD_JRN_R20_B01_SPC_ELIOMYS_QUERCINUS_PERSONALITY_ID_001 | EVD_JRN_R20_B01_SPC_ELIOMYS_QUERCINUS_TERRAIN_BROAD_001 | EVD_JRN_R20_B01_SPC_ELIOMYS_QUERCINUS_TERRAIN_SPECIFIC_001
SPC_AUTOMATON_GARGOYLE,BRD_GARGOYLE,EXACT_TRADITION,EVD_JRN_R24_B01_SPC_AUTOMATON_GARGOYLE_PERSONALITY_ID_001 | EVD_JRN_R24_B01_SPC_AUTOMATON_GARGOYLE_TERRAIN_BROAD_001 | EVD_JRN_R24_B01_SPC_AUTOMATON_GARGOYLE_TERRAIN_SPECIFIC_001
SPC_AUTOMATON_GARGOYLE,BRD_GARGOYLE_TWO_HEADED,EXACT_TRADITION,EVD_JRN_R24_B01_SPC_AUTOMATON_GARGOYLE_PERSONALITY_ID_001 | EVD_JRN_R24_B01_SPC_AUTOMATON_GARGOYLE_TERRAIN_BROAD_001 | EVD_JRN_R24_B01_SPC_AUTOMATON_GARGOYLE_TERRAIN_SPECIFIC_001
SPC_HYPSYPOPS_RUBICUNDUS,BRD_GARIBALDI_DAMSELFISH,EXACT_SPECIES,EVD_JRN_R14_B01_SPC_HYPSYPOPS_RUBICUNDUS_PERSONALITY_ID_001 | EVD_JRN_R14_B01_SPC_HYPSYPOPS_RUBICUNDUS_TERRAIN_BROAD_001 | EVD_JRN_R14_B01_SPC_HYPSYPOPS_RUBICUNDUS_TERRAIN_SPECIFIC_001
SPC_DIVINUS_GARUDA,BRD_GARUDA,EXACT_TRADITION,EVD_JRN_R13_B01_SPC_DIVINUS_GARUDA_PERSONALITY_ID_001 | EVD_JRN_R13_B01_SPC_DIVINUS_GARUDA_TERRAIN_BROAD_001 | EVD_JRN_R13_B01_SPC_DIVINUS_GARUDA_TERRAIN_SPECIFIC_001
SPC_BOS_GAURUS,BRD_GAUR,EXACT_SPECIES,EVD_JRN_R02_B01_SPC_BOS_GAURUS_PERSONALITY_ID_001 | EVD_JRN_R02_B01_SPC_BOS_GAURUS_TERRAIN_BROAD_001 | EVD_JRN_R02_B01_SPC_BOS_GAURUS_TERRAIN_SPECIFIC_001
SPC_THEROPITHECUS_GELADA,BRD_GELADA,EXACT_SPECIES,EVD_JRN_R15_B01_SPC_THEROPITHECUS_GELADA_PERSONALITY_ID_001 | EVD_JRN_R15_B01_SPC_THEROPITHECUS_GELADA_TERRAIN_BROAD_001 | EVD_JRN_R15_B01_SPC_THEROPITHECUS_GELADA_TERRAIN_SPECIFIC_001
SPC_PYGOSCELIS_PAPUA,BRD_GENTOO_PENGUIN,EXACT_SPECIES,EVD_JRN_R01_B02_SPC_PYGOSCELIS_PAPUA_PERSONALITY_ID_001 | EVD_JRN_R01_B02_SPC_PYGOSCELIS_PAPUA_TERRAIN_BROAD_001 | EVD_JRN_R01_B02_SPC_PYGOSCELIS_PAPUA_TERRAIN_SPECIFIC_001
SPC_ATELES_GEOFFROYI,BRD_GEOFFROY_S_SPIDER_MONKEY,EXACT_SPECIES,EVD_JRN_R15_B01_SPC_ATELES_GEOFFROYI_PERSONALITY_ID_001 | EVD_JRN_R15_B01_SPC_ATELES_GEOFFROYI_TERRAIN_BROAD_001 | EVD_JRN_R15_B01_SPC_ATELES_GEOFFROYI_TERRAIN_SPECIFIC_001
SPC_GEOMYS_BURSARIUS_BURSARIUS,BRD_GEOMYS_BURSARIUS_BURSARIUS_PLAINS_POCKET_GOPHER,EXACT_SPECIES,EVD_JRN_R20_B01_SPC_GEOMYS_BURSARIUS_BURSARIUS_PERSONALITY_ID_001 | EVD_JRN_R20_B01_SPC_GEOMYS_BURSARIUS_BURSARIUS_TERRAIN_BROAD_001 | EVD_JRN_R20_B01_SPC_GEOMYS_BURSARIUS_BURSARIUS_TERRAIN_SPECIFIC_001
SPC_LITOCRANIUS_WALLERI,BRD_GERENUK,EXACT_SPECIES,EVD_JRN_R02_B01_SPC_LITOCRANIUS_WALLERI_PERSONALITY_ID_001 | EVD_JRN_R02_B01_SPC_LITOCRANIUS_WALLERI_TERRAIN_BROAD_001 | EVD_JRN_R02_B01_SPC_LITOCRANIUS_WALLERI_TERRAIN_SPECIFIC_001
SPC_GAVIALIS_GANGETICUS,BRD_GHARIAL,EXACT_SPECIES,EVD_JRN_R04_B01_SPC_GAVIALIS_GANGETICUS_PERSONALITY_ID_001 | EVD_JRN_R04_B01_SPC_GAVIALIS_GANGETICUS_TERRAIN_BROAD_001 | EVD_JRN_R04_B01_SPC_GAVIALIS_GANGETICUS_TERRAIN_SPECIFIC_001
SPC_MACRODERMA_GIGAS,BRD_GHOST_BAT,EXACT_SPECIES,EVD_JRN_R20_B01_SPC_MACRODERMA_GIGAS_PERSONALITY_ID_001 | EVD_JRN_R20_B01_SPC_MACRODERMA_GIGAS_TERRAIN_BROAD_001 | EVD_JRN_R20_B01_SPC_MACRODERMA_GIGAS_TERRAIN_SPECIFIC_001
SPC_SACHATAMIA_ILEX,BRD_GHOST_GLASS_FROG,EXACT_SPECIES,EVD_JRN_R13_B01_SPC_SACHATAMIA_ILEX_PERSONALITY_ID_001 | EVD_JRN_R13_B01_SPC_SACHATAMIA_ILEX_TERRAIN_BROAD_001 | EVD_JRN_R13_B01_SPC_SACHATAMIA_ILEX_TERRAIN_SPECIFIC_001
SPC_SPECTRUM_REVENIENS,BRD_GHOSTS_GHOST,EXACT_TRADITION,EVD_JRN_R05_B01_SPC_SPECTRUM_REVENIENS_PERSONALITY_ID_001 | EVD_JRN_R05_B01_SPC_SPECTRUM_REVENIENS_TERRAIN_BROAD_001 | EVD_JRN_R05_B01_SPC_SPECTRUM_REVENIENS_TERRAIN_SPECIFIC_001
SPC_SPECTRUM_REVENIENS,BRD_GHOSTS_POLTERGEIST,EXACT_TRADITION,EVD_JRN_R05_B01_SPC_SPECTRUM_REVENIENS_PERSONALITY_ID_001 | EVD_JRN_R05_B01_SPC_SPECTRUM_REVENIENS_TERRAIN_BROAD_001 | EVD_JRN_R05_B01_SPC_SPECTRUM_REVENIENS_TERRAIN_SPECIFIC_001
SPC_SPECTRUM_REVENIENS,BRD_GHOSTS_SPECTER,EXACT_TRADITION,EVD_JRN_R05_B01_SPC_SPECTRUM_REVENIENS_PERSONALITY_ID_001 | EVD_JRN_R05_B01_SPC_SPECTRUM_REVENIENS_TERRAIN_BROAD_001 | EVD_JRN_R05_B01_SPC_SPECTRUM_REVENIENS_TERRAIN_SPECIFIC_001
SPC_SPECTRUM_REVENIENS,BRD_GHOSTS_WRAITH,EXACT_TRADITION,EVD_JRN_R05_B01_SPC_SPECTRUM_REVENIENS_PERSONALITY_ID_001 | EVD_JRN_R05_B01_SPC_SPECTRUM_REVENIENS_TERRAIN_BROAD_001 | EVD_JRN_R05_B01_SPC_SPECTRUM_REVENIENS_TERRAIN_SPECIFIC_001
SPC_SANGUIVORUS_GHOUL,BRD_GHOUL,EXACT_TRADITION,EVD_JRN_R07_B01_SPC_SANGUIVORUS_GHOUL_PERSONALITY_ID_001 | EVD_JRN_R07_B01_SPC_SANGUIVORUS_GHOUL_TERRAIN_BROAD_001 | EVD_JRN_R07_B01_SPC_SANGUIVORUS_GHOUL_TERRAIN_SPECIFIC_001
SPC_LISSACHATINA_FULICA,BRD_GIANT_AFRICAN_LAND_SNAIL,EXACT_SPECIES,EVD_JRN_R14_B01_SPC_LISSACHATINA_FULICA_PERSONALITY_ID_001 | EVD_JRN_R14_B01_SPC_LISSACHATINA_FULICA_TERRAIN_BROAD_001 | EVD_JRN_R14_B01_SPC_LISSACHATINA_FULICA_TERRAIN_SPECIFIC_001
SPC_ARCHISPIROSTREPTUS_GIGAS,BRD_GIANT_AFRICAN_MILLIPEDE,EXACT_SPECIES,EVD_JRN_R25_B01_SPC_ARCHISPIROSTREPTUS_GIGAS_PERSONALITY_ID_001 | EVD_JRN_R25_B01_SPC_ARCHISPIROSTREPTUS_GIGAS_TERRAIN_BROAD_001 | EVD_JRN_R25_B01_SPC_ARCHISPIROSTREPTUS_GIGAS_TERRAIN_SPECIFIC_001
SPC_MYRMECOPHAGA_TRIDACTYLA,BRD_GIANT_ANTEATER,EXACT_SPECIES,EVD_JRN_R23_B01_SPC_MYRMECOPHAGA_TRIDACTYLA_PERSONALITY_ID_001 | EVD_JRN_R23_B01_SPC_MYRMECOPHAGA_TRIDACTYLA_TERRAIN_BROAD_001 | EVD_JRN_R23_B01_SPC_MYRMECOPHAGA_TRIDACTYLA_TERRAIN_SPECIFIC_001
SPC_PRIODONTES_MAXIMUS,BRD_GIANT_ARMADILLO,EXACT_SPECIES,EVD_JRN_R23_B01_SPC_PRIODONTES_MAXIMUS_PERSONALITY_ID_001 | EVD_JRN_R23_B01_SPC_PRIODONTES_MAXIMUS_TERRAIN_BROAD_001 | EVD_JRN_R23_B01_SPC_PRIODONTES_MAXIMUS_TERRAIN_SPECIFIC_001
SPC_ASCAROSEPION_APAMA,BRD_GIANT_AUSTRALIAN_CUTTLEFISH,EXACT_SPECIES,EVD_JRN_R14_B01_SPC_ASCAROSEPION_APAMA_PERSONALITY_ID_001 | EVD_JRN_R14_B01_SPC_ASCAROSEPION_APAMA_TERRAIN_BROAD_001 | EVD_JRN_R14_B01_SPC_ASCAROSEPION_APAMA_TERRAIN_SPECIFIC_001
SPC_SPALAX_GIGANTEUS,BRD_GIANT_BLIND_MOLE_RAT,EXACT_SPECIES,EVD_JRN_R20_B01_SPC_SPALAX_GIGANTEUS_PERSONALITY_ID_001 | EVD_JRN_R20_B01_SPC_SPALAX_GIGANTEUS_TERRAIN_BROAD_001 | EVD_JRN_R20_B01_SPC_SPALAX_GIGANTEUS_TERRAIN_SPECIFIC_001
SPC_MACROPANESTHIA_RHINOCEROS,BRD_GIANT_BURROWING_COCKROACH,EXACT_SPECIES,EVD_JRN_R25_B01_SPC_MACROPANESTHIA_RHINOCEROS_PERSONALITY_ID_001 | EVD_JRN_R25_B01_SPC_MACROPANESTHIA_RHINOCEROS_TERRAIN_BROAD_001 | EVD_JRN_R25_B01_SPC_MACROPANESTHIA_RHINOCEROS_TERRAIN_SPECIFIC_001
SPC_PHELSUMA_GRANDIS,BRD_GIANT_DAY_GECKO,EXACT_SPECIES,EVD_JRN_R24_B01_SPC_PHELSUMA_GRANDIS_PERSONALITY_ID_001 | EVD_JRN_R24_B01_SPC_PHELSUMA_GRANDIS_TERRAIN_BROAD_001 | EVD_JRN_R24_B01_SPC_PHELSUMA_GRANDIS_TERRAIN_SPECIFIC_001
SPC_MOBULA_MOBULAR,BRD_GIANT_DEVIL_RAY,EXACT_SPECIES,EVD_JRN_R12_B01_SPC_MOBULA_MOBULAR_PERSONALITY_ID_001 | EVD_JRN_R12_B01_SPC_MOBULA_MOBULAR_TERRAIN_BROAD_001 | EVD_JRN_R12_B01_SPC_MOBULA_MOBULAR_TERRAIN_SPECIFIC_001
SPC_MACROBRACHIUM_ROSENBERGII,BRD_GIANT_FRESHWATER_PRAWN,EXACT_SPECIES,EVD_JRN_R25_B01_SPC_MACROBRACHIUM_ROSENBERGII_PERSONALITY_ID_001 | EVD_JRN_R25_B01_SPC_MACROBRACHIUM_ROSENBERGII_TERRAIN_BROAD_001 | EVD_JRN_R25_B01_SPC_MACROBRACHIUM_ROSENBERGII_TERRAIN_SPECIFIC_001
SPC_MEGASCOLIDES_AUSTRALIS,BRD_GIANT_GIPPSLAND_EARTHWORM,EXACT_SPECIES,EVD_JRN_R14_B01_SPC_MEGASCOLIDES_AUSTRALIS_PERSONALITY_ID_001 | EVD_JRN_R14_B01_SPC_MEGASCOLIDES_AUSTRALIS_TERRAIN_BROAD_001 | EVD_JRN_R14_B01_SPC_MEGASCOLIDES_AUSTRALIS_TERRAIN_SPECIFIC_001
SPC_CHRYSOSPALAX_TREVELYANI,BRD_GIANT_GOLDEN_MOLE,EXACT_SPECIES,EVD_JRN_R11_B01_SPC_CHRYSOSPALAX_TREVELYANI_PERSONALITY_ID_001 | EVD_JRN_R11_B01_SPC_CHRYSOSPALAX_TREVELYANI_TERRAIN_BROAD_001 | EVD_JRN_R11_B01_SPC_CHRYSOSPALAX_TREVELYANI_TERRAIN_SPECIFIC_001
SPC_OSPHRONEMUS_GORAMY,BRD_GIANT_GOURAMI,EXACT_SPECIES,EVD_JRN_R14_B01_SPC_OSPHRONEMUS_GORAMY_PERSONALITY_ID_001 | EVD_JRN_R14_B01_SPC_OSPHRONEMUS_GORAMY_TERRAIN_BROAD_001 | EVD_JRN_R14_B01_SPC_OSPHRONEMUS_GORAMY_TERRAIN_SPECIFIC_001
SPC_EPTATRETUS_GOLIATH,BRD_GIANT_HAGFISH,EXACT_SPECIES,EVD_JRN_R12_B01_SPC_EPTATRETUS_GOLIATH_PERSONALITY_ID_001 | EVD_JRN_R12_B01_SPC_EPTATRETUS_GOLIATH_TERRAIN_BROAD_001 | EVD_JRN_R12_B01_SPC_EPTATRETUS_GOLIATH_TERRAIN_SPECIFIC_001
SPC_PATAGONA_GIGAS,BRD_GIANT_HUMMINGBIRD,EXACT_SPECIES,EVD_JRN_R22_B01_SPC_PATAGONA_GIGAS_PERSONALITY_ID_001 | EVD_JRN_R22_B01_SPC_PATAGONA_GIGAS_TERRAIN_BROAD_001 | EVD_JRN_R22_B01_SPC_PATAGONA_GIGAS_TERRAIN_SPECIFIC_001
SPC_THAUMATIBIS_GIGANTEA,BRD_GIANT_IBIS,EXACT_SPECIES,EVD_JRN_R01_B02_SPC_THAUMATIBIS_GIGANTEA_PERSONALITY_ID_001 | EVD_JRN_R01_B02_SPC_THAUMATIBIS_GIGANTEA_TERRAIN_BROAD_001 | EVD_JRN_R01_B02_SPC_THAUMATIBIS_GIGANTEA_TERRAIN_SPECIFIC_001
SPC_MEGARHYSSA_MACRURA,BRD_GIANT_ICHNEUMON_WASP,EXACT_SPECIES,EVD_JRN_R25_B02_SPC_MEGARHYSSA_MACRURA_PERSONALITY_ID_001 | EVD_JRN_R25_B02_SPC_MEGARHYSSA_MACRURA_TERRAIN_BROAD_001 | EVD_JRN_R25_B02_SPC_MEGARHYSSA_MACRURA_TERRAIN_SPECIFIC_001
SPC_MEGACERYLE_MAXIMA,BRD_GIANT_KINGFISHER,EXACT_SPECIES,EVD_JRN_R22_B01_SPC_MEGACERYLE_MAXIMA_PERSONALITY_ID_001 | EVD_JRN_R22_B01_SPC_MEGACERYLE_MAXIMA_TERRAIN_BROAD_001 | EVD_JRN_R22_B01_SPC_MEGACERYLE_MAXIMA_TERRAIN_SPECIFIC_001
SPC_GYMNOTHORAX_JAVANICUS,BRD_GIANT_MORAY,EXACT_SPECIES,EVD_JRN_R14_B01_SPC_GYMNOTHORAX_JAVANICUS_PERSONALITY_ID_001 | EVD_JRN_R14_B01_SPC_GYMNOTHORAX_JAVANICUS_TERRAIN_BROAD_001 | EVD_JRN_R14_B01_SPC_GYMNOTHORAX_JAVANICUS_TERRAIN_SPECIFIC_001
SPC_ANGUILLA_MARMORATA,BRD_GIANT_MOTTLED_EEL,EXACT_SPECIES,EVD_JRN_R14_B01_SPC_ANGUILLA_MARMORATA_PERSONALITY_ID_001 | EVD_JRN_R14_B01_SPC_ANGUILLA_MARMORATA_TERRAIN_BROAD_001 | EVD_JRN_R14_B01_SPC_ANGUILLA_MARMORATA_TERRAIN_SPECIFIC_001
SPC_PERIOPHTHALMODON_SCHLOSSERI,BRD_GIANT_MUDSKIPPER,EXACT_SPECIES,EVD_JRN_R14_B01_SPC_PERIOPHTHALMODON_SCHLOSSERI_PERSONALITY_ID_001 | EVD_JRN_R14_B01_SPC_PERIOPHTHALMODON_SCHLOSSERI_TERRAIN_BROAD_001 | EVD_JRN_R14_B01_SPC_PERIOPHTHALMODON_SCHLOSSERI_TERRAIN_SPECIFIC_001
SPC_AILUROPODA_MELANOLEUCA,BRD_GIANT_PANDA,EXACT_SPECIES,EVD_JRN_R02_B01_SPC_AILUROPODA_MELANOLEUCA_PERSONALITY_ID_001 | EVD_JRN_R02_B01_SPC_AILUROPODA_MELANOLEUCA_TERRAIN_BROAD_001 | EVD_JRN_R02_B01_SPC_AILUROPODA_MELANOLEUCA_TERRAIN_SPECIFIC_001
SPC_MANIS_GIGANTEA,BRD_GIANT_PANGOLIN,EXACT_SPECIES,EVD_JRN_R23_B01_SPC_MANIS_GIGANTEA_PERSONALITY_ID_001 | EVD_JRN_R23_B01_SPC_MANIS_GIGANTEA_TERRAIN_BROAD_001 | EVD_JRN_R23_B01_SPC_MANIS_GIGANTEA_TERRAIN_SPECIFIC_001
SPC_ARCHITEUTHIS_DUX,BRD_GIANT_SQUID,EXACT_SPECIES,EVD_JRN_R14_B01_SPC_ARCHITEUTHIS_DUX_PERSONALITY_ID_001 | EVD_JRN_R14_B01_SPC_ARCHITEUTHIS_DUX_TERRAIN_BROAD_001 | EVD_JRN_R14_B01_SPC_ARCHITEUTHIS_DUX_TERRAIN_SPECIFIC_001
SPC_TINAMUS_MAJOR,BRD_GIANT_TINAMOU,EXACT_SPECIES,EVD_JRN_R17_B01_SPC_TINAMUS_MAJOR_PERSONALITY_ID_001 | EVD_JRN_R17_B01_SPC_TINAMUS_MAJOR_TERRAIN_BROAD_001 | EVD_JRN_R17_B01_SPC_TINAMUS_MAJOR_TERRAIN_SPECIFIC_001
SPC_LETHOCERUS_INDICUS,BRD_GIANT_WATER_BUG,EXACT_SPECIES,EVD_JRN_R25_B01_SPC_LETHOCERUS_INDICUS_PERSONALITY_ID_001 | EVD_JRN_R25_B01_SPC_LETHOCERUS_INDICUS_TERRAIN_BROAD_001 | EVD_JRN_R25_B01_SPC_LETHOCERUS_INDICUS_TERRAIN_SPECIFIC_001
SPC_GIGAS_GIGANTES,BRD_GIGANTES,EXACT_TRADITION,EVD_JRN_R09_B01_SPC_GIGAS_GIGANTES_PERSONALITY_ID_001 | EVD_JRN_R09_B01_SPC_GIGAS_GIGANTES_TERRAIN_BROAD_001 | EVD_JRN_R09_B01_SPC_GIGAS_GIGANTES_TERRAIN_SPECIFIC_001
SPC_HELODERMA_SUSPECTUM,BRD_GILA_MONSTER,EXACT_SPECIES,EVD_JRN_R24_B01_SPC_HELODERMA_SUSPECTUM_PERSONALITY_ID_001 | EVD_JRN_R24_B01_SPC_HELODERMA_SUSPECTUM_TERRAIN_BROAD_001 | EVD_JRN_R24_B01_SPC_HELODERMA_SUSPECTUM_TERRAIN_SPECIFIC_001
SPC_BENTHOSEMA_GLACIALE,BRD_GLACIER_LANTERNFISH,EXACT_SPECIES,EVD_JRN_R14_B01_SPC_BENTHOSEMA_GLACIALE_PERSONALITY_ID_001 | EVD_JRN_R14_B01_SPC_BENTHOSEMA_GLACIALE_TERRAIN_BROAD_001 | EVD_JRN_R14_B01_SPC_BENTHOSEMA_GLACIALE_TERRAIN_SPECIFIC_001
SPC_GRETA_OTO,BRD_GLASSWING_BUTTERFLY,EXACT_SPECIES,EVD_JRN_R25_B01_SPC_GRETA_OTO_PERSONALITY_ID_001 | EVD_JRN_R25_B01_SPC_GRETA_OTO_TERRAIN_BROAD_001 | EVD_JRN_R25_B01_SPC_GRETA_OTO_TERRAIN_SPECIFIC_001
SPC_GOBELINUS_VULGARIS,BRD_GOBLIN,EXACT_TRADITION,EVD_JRN_R21_B01_SPC_GOBELINUS_VULGARIS_PERSONALITY_ID_001 | EVD_JRN_R21_B01_SPC_GOBELINUS_VULGARIS_TERRAIN_BROAD_001 | EVD_JRN_R21_B01_SPC_GOBELINUS_VULGARIS_TERRAIN_SPECIFIC_001
SPC_AQUILA_CHRYSAETOS,BRD_GOLDEN_EAGLE,EXACT_SPECIES,EVD_JRN_R18_B01_SPC_AQUILA_CHRYSAETOS_PERSONALITY_ID_001 | EVD_JRN_R18_B01_SPC_AQUILA_CHRYSAETOS_TERRAIN_BROAD_001 | EVD_JRN_R18_B01_SPC_AQUILA_CHRYSAETOS_TERRAIN_SPECIFIC_001
SPC_MESOCRICETUS_AURATUS,BRD_GOLDEN_HAMSTER,EXACT_SPECIES,EVD_JRN_R20_B01_SPC_MESOCRICETUS_AURATUS_PERSONALITY_ID_001 | EVD_JRN_R20_B01_SPC_MESOCRICETUS_AURATUS_TERRAIN_BROAD_001 | EVD_JRN_R20_B01_SPC_MESOCRICETUS_AURATUS_TERRAIN_SPECIFIC_001
SPC_LITHODES_AEQUISPINUS,BRD_GOLDEN_KING_CRAB,EXACT_SPECIES,EVD_JRN_R25_B01_SPC_LITHODES_AEQUISPINUS_PERSONALITY_ID_001 | EVD_JRN_R25_B01_SPC_LITHODES_AEQUISPINUS_TERRAIN_BROAD_001 | EVD_JRN_R25_B01_SPC_LITHODES_AEQUISPINUS_TERRAIN_SPECIFIC_001
SPC_PHYLLOBATES_TERRIBILIS,BRD_GOLDEN_POISON_FROG,EXACT_SPECIES,EVD_JRN_R13_B01_SPC_PHYLLOBATES_TERRIBILIS_PERSONALITY_ID_001 | EVD_JRN_R13_B01_SPC_PHYLLOBATES_TERRIBILIS_TERRAIN_BROAD_001 | EVD_JRN_R13_B01_SPC_PHYLLOBATES_TERRIBILIS_TERRAIN_SPECIFIC_001
SPC_TRICHONEPHILA_CLAVIPES,BRD_GOLDEN_SILK_ORB_WEAVER,EXACT_SPECIES,EVD_JRN_R25_B02_SPC_TRICHONEPHILA_CLAVIPES_PERSONALITY_ID_001 | EVD_JRN_R25_B02_SPC_TRICHONEPHILA_CLAVIPES_TERRAIN_BROAD_001 | EVD_JRN_R25_B02_SPC_TRICHONEPHILA_CLAVIPES_TERRAIN_SPECIFIC_001
SPC_RHINOPITHECUS_ROXELLANA,BRD_GOLDEN_SNUB_NOSED_MONKEY,EXACT_SPECIES,EVD_JRN_R15_B01_SPC_RHINOPITHECUS_ROXELLANA_PERSONALITY_ID_001 | EVD_JRN_R15_B01_SPC_RHINOPITHECUS_ROXELLANA_TERRAIN_BROAD_001 | EVD_JRN_R15_B01_SPC_RHINOPITHECUS_ROXELLANA_TERRAIN_SPECIFIC_001
SPC_GOLEM_FACTITIUS,BRD_GOLEM,EXACT_TRADITION,EVD_JRN_R21_B01_SPC_GOLEM_FACTITIUS_PERSONALITY_ID_001 | EVD_JRN_R21_B01_SPC_GOLEM_FACTITIUS_TERRAIN_BROAD_001 | EVD_JRN_R21_B01_SPC_GOLEM_FACTITIUS_TERRAIN_SPECIFIC_001
SPC_GOLEM_FACTITIUS,BRD_GOLEMS_BONE,EXACT_TRADITION,EVD_JRN_R21_B01_SPC_GOLEM_FACTITIUS_PERSONALITY_ID_001 | EVD_JRN_R21_B01_SPC_GOLEM_FACTITIUS_TERRAIN_BROAD_001 | EVD_JRN_R21_B01_SPC_GOLEM_FACTITIUS_TERRAIN_SPECIFIC_001
SPC_GOLEM_FACTITIUS,BRD_GOLEMS_CLAY,EXACT_TRADITION,EVD_JRN_R21_B01_SPC_GOLEM_FACTITIUS_PERSONALITY_ID_001 | EVD_JRN_R21_B01_SPC_GOLEM_FACTITIUS_TERRAIN_BROAD_001 | EVD_JRN_R21_B01_SPC_GOLEM_FACTITIUS_TERRAIN_SPECIFIC_001
SPC_GOLEM_FACTITIUS,BRD_GOLEMS_FLESH,EXACT_TRADITION,EVD_JRN_R21_B01_SPC_GOLEM_FACTITIUS_PERSONALITY_ID_001 | EVD_JRN_R21_B01_SPC_GOLEM_FACTITIUS_TERRAIN_BROAD_001 | EVD_JRN_R21_B01_SPC_GOLEM_FACTITIUS_TERRAIN_SPECIFIC_001
SPC_GOLEM_FACTITIUS,BRD_GOLEMS_GLASS,EXACT_TRADITION,EVD_JRN_R21_B01_SPC_GOLEM_FACTITIUS_PERSONALITY_ID_001 | EVD_JRN_R21_B01_SPC_GOLEM_FACTITIUS_TERRAIN_BROAD_001 | EVD_JRN_R21_B01_SPC_GOLEM_FACTITIUS_TERRAIN_SPECIFIC_001
SPC_GOLEM_FACTITIUS,BRD_GOLEMS_IRON,EXACT_TRADITION,EVD_JRN_R21_B01_SPC_GOLEM_FACTITIUS_PERSONALITY_ID_001 | EVD_JRN_R21_B01_SPC_GOLEM_FACTITIUS_TERRAIN_BROAD_001 | EVD_JRN_R21_B01_SPC_GOLEM_FACTITIUS_TERRAIN_SPECIFIC_001
SPC_GOLEM_FACTITIUS,BRD_GOLEMS_KINTSUGI_CERAMIC,EXACT_TRADITION,EVD_JRN_R21_B01_SPC_GOLEM_FACTITIUS_PERSONALITY_ID_001 | EVD_JRN_R21_B01_SPC_GOLEM_FACTITIUS_TERRAIN_BROAD_001 | EVD_JRN_R21_B01_SPC_GOLEM_FACTITIUS_TERRAIN_SPECIFIC_001
SPC_GOLEM_FACTITIUS,BRD_GOLEMS_STONE,EXACT_TRADITION,EVD_JRN_R21_B01_SPC_GOLEM_FACTITIUS_PERSONALITY_ID_001 | EVD_JRN_R21_B01_SPC_GOLEM_FACTITIUS_TERRAIN_BROAD_001 | EVD_JRN_R21_B01_SPC_GOLEM_FACTITIUS_TERRAIN_SPECIFIC_001
SPC_GOLEM_FACTITIUS,BRD_GOLEMS_WOOD,EXACT_TRADITION,EVD_JRN_R21_B01_SPC_GOLEM_FACTITIUS_PERSONALITY_ID_001 | EVD_JRN_R21_B01_SPC_GOLEM_FACTITIUS_TERRAIN_BROAD_001 | EVD_JRN_R21_B01_SPC_GOLEM_FACTITIUS_TERRAIN_SPECIFIC_001
SPC_THERAPHOSA_BLONDI,BRD_GOLIATH_BIRDEATER,EXACT_SPECIES,EVD_JRN_R25_B02_SPC_THERAPHOSA_BLONDI_PERSONALITY_ID_001 | EVD_JRN_R25_B02_SPC_THERAPHOSA_BLONDI_TERRAIN_BROAD_001 | EVD_JRN_R25_B02_SPC_THERAPHOSA_BLONDI_TERRAIN_SPECIFIC_001
SPC_CONRAUA_GOLIATH,BRD_GOLIATH_FROG,EXACT_SPECIES,EVD_JRN_R13_B01_SPC_CONRAUA_GOLIATH_PERSONALITY_ID_001 | EVD_JRN_R13_B01_SPC_CONRAUA_GOLIATH_TERRAIN_BROAD_001 | EVD_JRN_R13_B01_SPC_CONRAUA_GOLIATH_TERRAIN_SPECIFIC_001
SPC_CHIMAERA_GORGON,BRD_GORGON,EXACT_TRADITION,EVD_JRN_R23_B01_SPC_CHIMAERA_GORGON_PERSONALITY_ID_001 | EVD_JRN_R23_B01_SPC_CHIMAERA_GORGON_TERRAIN_BROAD_001 | EVD_JRN_R23_B01_SPC_CHIMAERA_GORGON_TERRAIN_SPECIFIC_001
SPC_ERYTHRURA_GOULDIAE,BRD_GOULDIAN_FINCH,EXACT_SPECIES,EVD_JRN_R08_B01_SPC_ERYTHRURA_GOULDIAE_PERSONALITY_ID_001 | EVD_JRN_R08_B01_SPC_ERYTHRURA_GOULDIAE_TERRAIN_BROAD_001 | EVD_JRN_R08_B01_SPC_ERYTHRURA_GOULDIAE_TERRAIN_SPECIFIC_001
SPC_EREMITALPA_GRANTI,BRD_GRANT_S_GOLDEN_MOLE,EXACT_SPECIES,EVD_JRN_R11_B01_SPC_EREMITALPA_GRANTI_PERSONALITY_ID_001 | EVD_JRN_R11_B01_SPC_EREMITALPA_GRANTI_TERRAIN_BROAD_001 | EVD_JRN_R11_B01_SPC_EREMITALPA_GRANTI_TERRAIN_SPECIFIC_001
SPC_BALEARICA_REGULORUM,BRD_GRAY_CROWNED_CRANE,EXACT_SPECIES,EVD_JRN_R01_B01_SPC_BALEARICA_REGULORUM_PERSONALITY_001 | EVD_JRN_R01_B01_SPC_BALEARICA_REGULORUM_TERRAIN_BROAD_001 | EVD_JRN_R01_B01_SPC_BALEARICA_REGULORUM_TERRAIN_SPECIFIC_001
SPC_PERDIX_PERDIX,BRD_GRAY_PARTRIDGE,EXACT_SPECIES,EVD_JRN_R17_B01_SPC_PERDIX_PERDIX_PERSONALITY_ID_001 | EVD_JRN_R17_B01_SPC_PERDIX_PERDIX_TERRAIN_BROAD_001 | EVD_JRN_R17_B01_SPC_PERDIX_PERDIX_TERRAIN_SPECIFIC_001
SPC_ESCHRICHTIUS_ROBUSTUS,BRD_GRAY_WHALE,EXACT_SPECIES,EVD_JRN_R01_B01_SPC_ESCHRICHTIUS_ROBUSTUS_PERSONALITY_ID_001 | EVD_JRN_R01_B01_SPC_ESCHRICHTIUS_ROBUSTUS_TERRAIN_BROAD_001 | EVD_JRN_R01_B01_SPC_ESCHRICHTIUS_ROBUSTUS_TERRAIN_SPECIFIC_001
SPC_CANIS_LUPUS,BRD_GRAY_WOLF,EXACT_SPECIES,EVD_JRN_R02_B01_SPC_CANIS_LUPUS_PERSONALITY_ID_001 | EVD_JRN_R02_B01_SPC_CANIS_LUPUS_TERRAIN_BROAD_001 | EVD_JRN_R02_B01_SPC_CANIS_LUPUS_TERRAIN_SPECIFIC_001
SPC_PSILOPOGON_VIRENS,BRD_GREAT_BARBET,EXACT_SPECIES,EVD_JRN_R22_B01_SPC_PSILOPOGON_VIRENS_PERSONALITY_ID_001 | EVD_JRN_R22_B01_SPC_PSILOPOGON_VIRENS_TERRAIN_BROAD_001 | EVD_JRN_R22_B01_SPC_PSILOPOGON_VIRENS_TERRAIN_SPECIFIC_001
SPC_CORYTHAEOLA_CRISTATA,BRD_GREAT_BLUE_TURACO,EXACT_SPECIES,EVD_JRN_R22_B01_SPC_CORYTHAEOLA_CRISTATA_PERSONALITY_ID_001 | EVD_JRN_R22_B01_SPC_CORYTHAEOLA_CRISTATA_TERRAIN_BROAD_001 | EVD_JRN_R22_B01_SPC_CORYTHAEOLA_CRISTATA_TERRAIN_SPECIFIC_001
SPC_CHLAMYDERA_NUCHALIS,BRD_GREAT_BOWERBIRD,EXACT_SPECIES,EVD_JRN_R08_B01_SPC_CHLAMYDERA_NUCHALIS_PERSONALITY_ID_001 | EVD_JRN_R08_B01_SPC_CHLAMYDERA_NUCHALIS_TERRAIN_BROAD_001 | EVD_JRN_R08_B01_SPC_CHLAMYDERA_NUCHALIS_TERRAIN_SPECIFIC_001
SPC_OTIS_TARDA,BRD_GREAT_BUSTARD,EXACT_SPECIES,EVD_JRN_R17_B01_SPC_OTIS_TARDA_PERSONALITY_ID_001 | EVD_JRN_R17_B01_SPC_OTIS_TARDA_TERRAIN_BROAD_001 | EVD_JRN_R17_B01_SPC_OTIS_TARDA_TERRAIN_SPECIFIC_001
SPC_PHALACROCORAX_CARBO,BRD_GREAT_CORMORANT,EXACT_SPECIES,EVD_JRN_R01_B01_SPC_PHALACROCORAX_CARBO_PERSONALITY_ID_001 | EVD_JRN_R01_B01_SPC_PHALACROCORAX_CARBO_TERRAIN_BROAD_001 | EVD_JRN_R01_B01_SPC_PHALACROCORAX_CARBO_TERRAIN_SPECIFIC_001
SPC_PODICEPS_CRISTATUS,BRD_GREAT_CRESTED_GREBE,EXACT_SPECIES,EVD_JRN_R01_B02_SPC_PODICEPS_CRISTATUS_PERSONALITY_ID_001 | EVD_JRN_R01_B02_SPC_PODICEPS_CRISTATUS_TERRAIN_BROAD_001 | EVD_JRN_R01_B02_SPC_PODICEPS_CRISTATUS_TERRAIN_SPECIFIC_001
SPC_TRITURUS_CRISTATUS,BRD_GREAT_CRESTED_NEWT,EXACT_SPECIES,EVD_JRN_R13_B01_SPC_TRITURUS_CRISTATUS_PERSONALITY_ID_001 | EVD_JRN_R13_B01_SPC_TRITURUS_CRISTATUS_TERRAIN_BROAD_001 | EVD_JRN_R13_B01_SPC_TRITURUS_CRISTATUS_TERRAIN_SPECIFIC_001
SPC_ARDEA_ALBA,BRD_GREAT_EGRET,EXACT_SPECIES,EVD_JRN_R01_B01_SPC_ARDEA_ALBA_PERSONALITY_001 | EVD_JRN_R01_B01_SPC_ARDEA_ALBA_TERRAIN_BROAD_001 | EVD_JRN_R01_B01_SPC_ARDEA_ALBA_TERRAIN_SPECIFIC_001
SPC_FREGATA_MINOR,BRD_GREAT_FRIGATEBIRD,EXACT_SPECIES,EVD_JRN_R01_B01_SPC_FREGATA_MINOR_PERSONALITY_ID_001 | EVD_JRN_R01_B01_SPC_FREGATA_MINOR_TERRAIN_BROAD_001 | EVD_JRN_R01_B01_SPC_FREGATA_MINOR_TERRAIN_SPECIFIC_001
SPC_RHOMBOMYS_OPIMUS,BRD_GREAT_GERBIL,EXACT_SPECIES,EVD_JRN_R20_B01_SPC_RHOMBOMYS_OPIMUS_PERSONALITY_ID_001 | EVD_JRN_R20_B01_SPC_RHOMBOMYS_OPIMUS_TERRAIN_BROAD_001 | EVD_JRN_R20_B01_SPC_RHOMBOMYS_OPIMUS_TERRAIN_SPECIFIC_001
SPC_LANIUS_EXCUBITOR,BRD_GREAT_GRAY_SHRIKE,EXACT_SPECIES,EVD_JRN_R08_B01_SPC_LANIUS_EXCUBITOR_PERSONALITY_ID_001 | EVD_JRN_R08_B01_SPC_LANIUS_EXCUBITOR_TERRAIN_BROAD_001 | EVD_JRN_R08_B01_SPC_LANIUS_EXCUBITOR_TERRAIN_SPECIFIC_001
SPC_BUCEROS_BICORNIS,BRD_GREAT_HORNBILL,EXACT_SPECIES,EVD_JRN_R22_B01_SPC_BUCEROS_BICORNIS_PERSONALITY_ID_001 | EVD_JRN_R22_B01_SPC_BUCEROS_BICORNIS_TERRAIN_BROAD_001 | EVD_JRN_R22_B01_SPC_BUCEROS_BICORNIS_TERRAIN_SPECIFIC_001
SPC_NYCTIBIUS_GRANDIS,BRD_GREAT_POTOO,EXACT_SPECIES,EVD_JRN_R22_B01_SPC_NYCTIBIUS_GRANDIS_PERSONALITY_ID_001 | EVD_JRN_R22_B01_SPC_NYCTIBIUS_GRANDIS_TERRAIN_BROAD_001 | EVD_JRN_R22_B01_SPC_NYCTIBIUS_GRANDIS_TERRAIN_SPECIFIC_001
SPC_APTERYX_HAASTII,BRD_GREAT_SPOTTED_KIWI,EXACT_SPECIES,EVD_JRN_R17_B01_SPC_APTERYX_HAASTII_PERSONALITY_ID_001 | EVD_JRN_R17_B01_SPC_APTERYX_HAASTII_TERRAIN_BROAD_001 | EVD_JRN_R17_B01_SPC_APTERYX_HAASTII_TERRAIN_SPECIFIC_001
SPC_DENDROCOPOS_MAJOR,BRD_GREAT_SPOTTED_WOODPECKER,EXACT_SPECIES,EVD_JRN_R22_B01_SPC_DENDROCOPOS_MAJOR_PERSONALITY_ID_001 | EVD_JRN_R22_B01_SPC_DENDROCOPOS_MAJOR_TERRAIN_BROAD_001 | EVD_JRN_R22_B01_SPC_DENDROCOPOS_MAJOR_TERRAIN_SPECIFIC_001
SPC_PELECANUS_ONOCROTALUS,BRD_GREAT_WHITE_PELICAN,EXACT_SPECIES,EVD_JRN_R01_B01_SPC_PELECANUS_ONOCROTALUS_PERSONALITY_ID_001 | EVD_JRN_R01_B01_SPC_PELECANUS_ONOCROTALUS_TERRAIN_BROAD_001 | EVD_JRN_R01_B01_SPC_PELECANUS_ONOCROTALUS_TERRAIN_SPECIFIC_001
SPC_SQUALUS_CARCHARIAS,BRD_GREAT_WHITE_SHARK,EXACT_SPECIES,EVD_JRN_R12_B01_SPC_SQUALUS_CARCHARIAS_PERSONALITY_ID_001 | EVD_JRN_R12_B01_SPC_SQUALUS_CARCHARIAS_TERRAIN_BROAD_001 | EVD_JRN_R12_B01_SPC_SQUALUS_CARCHARIAS_TERRAIN_SPECIFIC_001
SPC_MICROCENTRUM_RHOMBIFOLIUM,BRD_GREATER_ANGLE_WING_KATYDID,EXACT_SPECIES,EVD_JRN_R25_B02_SPC_MICROCENTRUM_RHOMBIFOLIUM_PERSONALITY_ID_001 | EVD_JRN_R25_B02_SPC_MICROCENTRUM_RHOMBIFOLIUM_TERRAIN_BROAD_001 | EVD_JRN_R25_B02_SPC_MICROCENTRUM_RHOMBIFOLIUM_TERRAIN_SPECIFIC_001
SPC_MACROTIS_LAGOTIS,BRD_GREATER_BILBY,EXACT_SPECIES,EVD_JRN_R22_B01_SPC_MACROTIS_LAGOTIS_PERSONALITY_ID_001 | EVD_JRN_R22_B01_SPC_MACROTIS_LAGOTIS_TERRAIN_BROAD_001 | EVD_JRN_R22_B01_SPC_MACROTIS_LAGOTIS_TERRAIN_SPECIFIC_001
SPC_PARADISAEA_APODA,BRD_GREATER_BIRD_OF_PARADISE,EXACT_SPECIES,EVD_JRN_R08_B01_SPC_PARADISAEA_APODA_PERSONALITY_ID_001 | EVD_JRN_R08_B01_SPC_PARADISAEA_APODA_TERRAIN_BROAD_001 | EVD_JRN_R08_B01_SPC_PARADISAEA_APODA_TERRAIN_SPECIFIC_001
SPC_HAPALOCHLAENA_LUNULATA,BRD_GREATER_BLUE_RINGED_OCTOPUS,EXACT_SPECIES,EVD_JRN_R14_B01_SPC_HAPALOCHLAENA_LUNULATA_PERSONALITY_ID_001 | EVD_JRN_R14_B01_SPC_HAPALOCHLAENA_LUNULATA_TERRAIN_BROAD_001 | EVD_JRN_R14_B01_SPC_HAPALOCHLAENA_LUNULATA_TERRAIN_SPECIFIC_001
SPC_NOCTILIO_LEPORINUS,BRD_GREATER_BULLDOG_BAT,EXACT_SPECIES,EVD_JRN_R20_B01_SPC_NOCTILIO_LEPORINUS_PERSONALITY_ID_001 | EVD_JRN_R20_B01_SPC_NOCTILIO_LEPORINUS_TERRAIN_BROAD_001 | EVD_JRN_R20_B01_SPC_NOCTILIO_LEPORINUS_TERRAIN_SPECIFIC_001
SPC_CENTROPUS_SINENSIS,BRD_GREATER_COUCAL,EXACT_SPECIES,EVD_JRN_R22_B01_SPC_CENTROPUS_SINENSIS_PERSONALITY_ID_001 | EVD_JRN_R22_B01_SPC_CENTROPUS_SINENSIS_TERRAIN_BROAD_001 | EVD_JRN_R22_B01_SPC_CENTROPUS_SINENSIS_TERRAIN_SPECIFIC_001
SPC_PHOENICOPTERUS_ROSEUS,BRD_GREATER_FLAMINGO,EXACT_SPECIES,EVD_JRN_R01_B02_SPC_PHOENICOPTERUS_ROSEUS_PERSONALITY_ID_001 | EVD_JRN_R01_B02_SPC_PHOENICOPTERUS_ROSEUS_TERRAIN_BROAD_001 | EVD_JRN_R01_B02_SPC_PHOENICOPTERUS_ROSEUS_TERRAIN_SPECIFIC_001
SPC_ALAEMON_ALAUDIPES,BRD_GREATER_HOOPOE_LARK,EXACT_SPECIES,EVD_JRN_R08_B01_SPC_ALAEMON_ALAUDIPES_PERSONALITY_ID_001 | EVD_JRN_R08_B01_SPC_ALAEMON_ALAUDIPES_TERRAIN_BROAD_001 | EVD_JRN_R08_B01_SPC_ALAEMON_ALAUDIPES_TERRAIN_SPECIFIC_001
SPC_RHINOLOPHUS_FERRUMEQUINUM,BRD_GREATER_HORSESHOE_BAT,EXACT_SPECIES,EVD_JRN_R20_B01_SPC_RHINOLOPHUS_FERRUMEQUINUM_PERSONALITY_ID_001 | EVD_JRN_R20_B01_SPC_RHINOLOPHUS_FERRUMEQUINUM_TERRAIN_BROAD_001 | EVD_JRN_R20_B01_SPC_RHINOLOPHUS_FERRUMEQUINUM_TERRAIN_SPECIFIC_001
SPC_TRAGELAPHUS_STREPSICEROS,BRD_GREATER_KUDU,EXACT_SPECIES,EVD_JRN_R02_B02_SPC_TRAGELAPHUS_STREPSICEROS_PERSONALITY_ID_001 | EVD_JRN_R02_B02_SPC_TRAGELAPHUS_STREPSICEROS_TERRAIN_BROAD_001 | EVD_JRN_R02_B02_SPC_TRAGELAPHUS_STREPSICEROS_TERRAIN_SPECIFIC_001
SPC_VESPERTILIO_MYOTIS,BRD_GREATER_MOUSE_EARED_BAT,EXACT_SPECIES,EVD_JRN_R20_B01_SPC_VESPERTILIO_MYOTIS_PERSONALITY_ID_001 | EVD_JRN_R20_B01_SPC_VESPERTILIO_MYOTIS_TERRAIN_BROAD_001 | EVD_JRN_R20_B01_SPC_VESPERTILIO_MYOTIS_TERRAIN_SPECIFIC_001
SPC_SYNGNATHUS_ACUS,BRD_GREATER_PIPEFISH,EXACT_SPECIES,EVD_JRN_R14_B02_SPC_SYNGNATHUS_ACUS_PERSONALITY_ID_001 | EVD_JRN_R14_B02_SPC_SYNGNATHUS_ACUS_TERRAIN_BROAD_001 | EVD_JRN_R14_B02_SPC_SYNGNATHUS_ACUS_TERRAIN_SPECIFIC_001
SPC_RHEA_AMERICANA,BRD_GREATER_RHEA,EXACT_SPECIES,EVD_JRN_R17_B01_SPC_RHEA_AMERICANA_PERSONALITY_ID_001 | EVD_JRN_R17_B01_SPC_RHEA_AMERICANA_TERRAIN_BROAD_001 | EVD_JRN_R17_B01_SPC_RHEA_AMERICANA_TERRAIN_SPECIFIC_001
SPC_GEOCOCCYX_CALIFORNIANUS,BRD_GREATER_ROADRUNNER,EXACT_SPECIES,EVD_JRN_R22_B01_SPC_GEOCOCCYX_CALIFORNIANUS_PERSONALITY_ID_001 | EVD_JRN_R22_B01_SPC_GEOCOCCYX_CALIFORNIANUS_TERRAIN_BROAD_001 | EVD_JRN_R22_B01_SPC_GEOCOCCYX_CALIFORNIANUS_TERRAIN_SPECIFIC_001
SPC_SIREN_LACERTINA,BRD_GREATER_SIREN,EXACT_SPECIES,EVD_JRN_R13_B01_SPC_SIREN_LACERTINA_PERSONALITY_ID_001 | EVD_JRN_R13_B01_SPC_SIREN_LACERTINA_TERRAIN_BROAD_001 | EVD_JRN_R13_B01_SPC_SIREN_LACERTINA_TERRAIN_SPECIFIC_001
SPC_MYOPROCTA_PRATTI,BRD_GREEN_ACOUCHI,EXACT_SPECIES,EVD_JRN_R20_B01_SPC_MYOPROCTA_PRATTI_PERSONALITY_ID_001 | EVD_JRN_R20_B01_SPC_MYOPROCTA_PRATTI_TERRAIN_BROAD_001 | EVD_JRN_R20_B01_SPC_MYOPROCTA_PRATTI_TERRAIN_SPECIFIC_001
SPC_EUNECTES_MURINUS,BRD_GREEN_ANACONDA,EXACT_SPECIES,EVD_JRN_R25_B01_SPC_EUNECTES_MURINUS_PERSONALITY_ID_001 | EVD_JRN_R25_B01_SPC_EUNECTES_MURINUS_TERRAIN_BROAD_001 | EVD_JRN_R25_B01_SPC_EUNECTES_MURINUS_TERRAIN_SPECIFIC_001
SPC_CHLOROCERYLE_INDA,BRD_GREEN_AND_RUFOUS_KINGFISHER,EXACT_SPECIES,EVD_JRN_R22_B01_SPC_CHLOROCERYLE_INDA_PERSONALITY_ID_001 | EVD_JRN_R22_B01_SPC_CHLOROCERYLE_INDA_TERRAIN_BROAD_001 | EVD_JRN_R22_B01_SPC_CHLOROCERYLE_INDA_TERRAIN_SPECIFIC_001
SPC_ANOLIS_CAROLINENSIS,BRD_GREEN_ANOLE,EXACT_SPECIES,EVD_JRN_R24_B01_SPC_ANOLIS_CAROLINENSIS_PERSONALITY_ID_001 | EVD_JRN_R24_B01_SPC_ANOLIS_CAROLINENSIS_TERRAIN_BROAD_001 | EVD_JRN_R24_B01_SPC_ANOLIS_CAROLINENSIS_TERRAIN_SPECIFIC_001
SPC_IGUANA_IGUANA,BRD_GREEN_IGUANA,EXACT_SPECIES,EVD_JRN_R24_B01_SPC_IGUANA_IGUANA_PERSONALITY_ID_001 | EVD_JRN_R24_B01_SPC_IGUANA_IGUANA_TERRAIN_BROAD_001 | EVD_JRN_R24_B01_SPC_IGUANA_IGUANA_TERRAIN_SPECIFIC_001
SPC_PRISTIS_ZIJSRON,BRD_GREEN_SAWFISH,EXACT_SPECIES,EVD_JRN_R12_B01_SPC_PRISTIS_ZIJSRON_PERSONALITY_ID_001 | EVD_JRN_R12_B01_SPC_PRISTIS_ZIJSRON_TERRAIN_BROAD_001 | EVD_JRN_R12_B01_SPC_PRISTIS_ZIJSRON_TERRAIN_SPECIFIC_001
SPC_CHELONIA_MYDAS,BRD_GREEN_SEA_TURTLE,EXACT_SPECIES,EVD_JRN_R04_B01_SPC_CHELONIA_MYDAS_PERSONALITY_ID_001 | EVD_JRN_R04_B01_SPC_CHELONIA_MYDAS_TERRAIN_BROAD_001 | EVD_JRN_R04_B01_SPC_CHELONIA_MYDAS_TERRAIN_SPECIFIC_001
SPC_CICINDELA_CAMPESTRIS,BRD_GREEN_TIGER_BEETLE,EXACT_SPECIES,EVD_JRN_R25_B01_SPC_CICINDELA_CAMPESTRIS_PERSONALITY_ID_001 | EVD_JRN_R25_B01_SPC_CICINDELA_CAMPESTRIS_TERRAIN_BROAD_001 | EVD_JRN_R25_B01_SPC_CICINDELA_CAMPESTRIS_TERRAIN_SPECIFIC_001
SPC_MORELIA_VIRIDIS,BRD_GREEN_TREE_PYTHON,EXACT_SPECIES,EVD_JRN_R25_B02_SPC_MORELIA_VIRIDIS_PERSONALITY_ID_001 | EVD_JRN_R25_B02_SPC_MORELIA_VIRIDIS_TERRAIN_BROAD_001 | EVD_JRN_R25_B02_SPC_MORELIA_VIRIDIS_TERRAIN_SPECIFIC_001
SPC_EQUUS_GREVYI,BRD_GREVY_S_ZEBRA,EXACT_SPECIES,EVD_JRN_R18_B01_SPC_EQUUS_GREVYI_PERSONALITY_ID_001 | EVD_JRN_R18_B01_SPC_EQUUS_GREVYI_TERRAIN_BROAD_001 | EVD_JRN_R18_B01_SPC_EQUUS_GREVYI_TERRAIN_SPECIFIC_001
SPC_ANSER_ANSER,BRD_GREYLAG_GOOSE,EXACT_SPECIES,EVD_JRN_R01_B01_SPC_ANSER_ANSER_PERSONALITY_001 | EVD_JRN_R01_B01_SPC_ANSER_ANSER_TERRAIN_BROAD_001 | EVD_JRN_R01_B01_SPC_ANSER_ANSER_TERRAIN_SPECIFIC_001
SPC_CHIMAERA_GRIFFIN,BRD_GRIFFIN,EXACT_TRADITION,EVD_JRN_R23_B01_SPC_CHIMAERA_GRIFFIN_PERSONALITY_ID_001 | EVD_JRN_R23_B01_SPC_CHIMAERA_GRIFFIN_TERRAIN_BROAD_001 | EVD_JRN_R23_B01_SPC_CHIMAERA_GRIFFIN_TERRAIN_SPECIFIC_001
SPC_GYPS_FULVUS,BRD_GRIFFON_VULTURE,EXACT_SPECIES,EVD_JRN_R18_B01_SPC_GYPS_FULVUS_PERSONALITY_ID_001 | EVD_JRN_R18_B01_SPC_GYPS_FULVUS_TERRAIN_BROAD_001 | EVD_JRN_R18_B01_SPC_GYPS_FULVUS_TERRAIN_SPECIFIC_001
SPC_DENDROLAGUS_INUSTUS,BRD_GRIZZLED_TREE_KANGAROO,EXACT_SPECIES,EVD_JRN_R22_B01_SPC_DENDROLAGUS_INUSTUS_PERSONALITY_ID_001 | EVD_JRN_R22_B01_SPC_DENDROLAGUS_INUSTUS_TERRAIN_BROAD_001 | EVD_JRN_R22_B01_SPC_DENDROLAGUS_INUSTUS_TERRAIN_SPECIFIC_001
SPC_URSUS_ARCTOS,BRD_GRIZZLY_BEAR,EXACT_SPECIES,EVD_JRN_R02_B02_SPC_URSUS_ARCTOS_PERSONALITY_ID_001 | EVD_JRN_R02_B02_SPC_URSUS_ARCTOS_TERRAIN_BROAD_001 | EVD_JRN_R02_B02_SPC_URSUS_ARCTOS_TERRAIN_SPECIFIC_001
SPC_MANIS_TEMMINCKII,BRD_GROUND_PANGOLIN,EXACT_SPECIES,EVD_JRN_R23_B01_SPC_MANIS_TEMMINCKII_PERSONALITY_ID_001 | EVD_JRN_R23_B01_SPC_MANIS_TEMMINCKII_TERRAIN_BROAD_001 | EVD_JRN_R23_B01_SPC_MANIS_TEMMINCKII_TERRAIN_SPECIFIC_001
SPC_MARMOTA_MONAX,BRD_GROUNDHOG,EXACT_SPECIES,EVD_JRN_R20_B01_SPC_MARMOTA_MONAX_PERSONALITY_ID_001 | EVD_JRN_R20_B01_SPC_MARMOTA_MONAX_TERRAIN_BROAD_001 | EVD_JRN_R20_B01_SPC_MARMOTA_MONAX_TERRAIN_SPECIFIC_001
SPC_FALCO_RUSTICOLUS,BRD_GYRFALCON,EXACT_SPECIES,EVD_JRN_R18_B01_SPC_FALCO_RUSTICOLUS_PERSONALITY_ID_001 | EVD_JRN_R18_B01_SPC_FALCO_RUSTICOLUS_TERRAIN_BROAD_001 | EVD_JRN_R18_B01_SPC_FALCO_RUSTICOLUS_TERRAIN_SPECIFIC_001
SPC_TRICHOBATRACHUS_ROBUSTUS,BRD_HAIRY_FROG,EXACT_SPECIES,EVD_JRN_R13_B01_SPC_TRICHOBATRACHUS_ROBUSTUS_PERSONALITY_ID_001 | EVD_JRN_R13_B01_SPC_TRICHOBATRACHUS_ROBUSTUS_TERRAIN_BROAD_001 | EVD_JRN_R13_B01_SPC_TRICHOBATRACHUS_ROBUSTUS_TERRAIN_SPECIFIC_001
SPC_ANTENNARIUS_STRIATUS,BRD_HAIRY_FROGFISH,EXACT_SPECIES,EVD_JRN_R14_B01_SPC_ANTENNARIUS_STRIATUS_PERSONALITY_ID_001 | EVD_JRN_R14_B01_SPC_ANTENNARIUS_STRIATUS_TERRAIN_BROAD_001 | EVD_JRN_R14_B01_SPC_ANTENNARIUS_STRIATUS_TERRAIN_SPECIFIC_001
SPC_DIPHYLLA_ECAUDATA,BRD_HAIRY_LEGGED_VAMPIRE_BAT,EXACT_SPECIES,EVD_JRN_R20_B01_SPC_DIPHYLLA_ECAUDATA_PERSONALITY_ID_001 | EVD_JRN_R20_B01_SPC_DIPHYLLA_ECAUDATA_TERRAIN_BROAD_001 | EVD_JRN_R20_B01_SPC_DIPHYLLA_ECAUDATA_TERRAIN_SPECIFIC_001
SPC_PARVULUS_DIMIDIATUS,BRD_HALFLING,EXACT_TRADITION,EVD_JRN_R03_B01_SPC_PARVULUS_DIMIDIATUS_PERSONALITY_ID_001 | EVD_JRN_R03_B01_SPC_PARVULUS_DIMIDIATUS_TERRAIN_BROAD_001 | EVD_JRN_R03_B01_SPC_PARVULUS_DIMIDIATUS_TERRAIN_SPECIFIC_001
SPC_PAPIO_HAMADRYAS,BRD_HAMADRYAS_BABOON,EXACT_SPECIES,EVD_JRN_R15_B01_SPC_PAPIO_HAMADRYAS_PERSONALITY_ID_001 | EVD_JRN_R15_B01_SPC_PAPIO_HAMADRYAS_TERRAIN_BROAD_001 | EVD_JRN_R15_B01_SPC_PAPIO_HAMADRYAS_TERRAIN_SPECIFIC_001
SPC_SCOPUS_UMBRETTA,BRD_HAMERKOP,EXACT_SPECIES,EVD_JRN_R01_B02_SPC_SCOPUS_UMBRETTA_PERSONALITY_ID_001 | EVD_JRN_R01_B02_SPC_SCOPUS_UMBRETTA_TERRAIN_BROAD_001 | EVD_JRN_R01_B02_SPC_SCOPUS_UMBRETTA_TERRAIN_SPECIFIC_001
SPC_HYPSIGNATHUS_MONSTROSUS,BRD_HAMMER_HEADED_FRUIT_BAT,EXACT_SPECIES,EVD_JRN_R20_B01_SPC_HYPSIGNATHUS_MONSTROSUS_PERSONALITY_ID_001 | EVD_JRN_R20_B01_SPC_HYPSIGNATHUS_MONSTROSUS_TERRAIN_BROAD_001 | EVD_JRN_R20_B01_SPC_HYPSIGNATHUS_MONSTROSUS_TERRAIN_SPECIFIC_001
SPC_PHOCOENA_PHOCOENA,BRD_HARBOR_PORPOISE,EXACT_SPECIES,EVD_JRN_R01_B01_SPC_PHOCOENA_PHOCOENA_PERSONALITY_ID_001 | EVD_JRN_R01_B01_SPC_PHOCOENA_PHOCOENA_TERRAIN_BROAD_001 | EVD_JRN_R01_B01_SPC_PHOCOENA_PHOCOENA_TERRAIN_SPECIFIC_001
SPC_PHOCA_VITULINA,BRD_HARBOR_SEAL,EXACT_SPECIES,EVD_JRN_R02_B02_SPC_PHOCA_VITULINA_PERSONALITY_ID_001 | EVD_JRN_R02_B02_SPC_PHOCA_VITULINA_TERRAIN_BROAD_001 | EVD_JRN_R02_B02_SPC_PHOCA_VITULINA_TERRAIN_SPECIFIC_001
SPC_HARMONIA_AXYRIDIS,BRD_HARLEQUIN_LADYBIRD,EXACT_SPECIES,EVD_JRN_R25_B01_SPC_HARMONIA_AXYRIDIS_PERSONALITY_ID_001 | EVD_JRN_R25_B01_SPC_HARMONIA_AXYRIDIS_TERRAIN_BROAD_001 | EVD_JRN_R25_B01_SPC_HARMONIA_AXYRIDIS_TERRAIN_SPECIFIC_001
SPC_HYMENOCERA_PICTA,BRD_HARLEQUIN_SHRIMP,EXACT_SPECIES,EVD_JRN_R25_B01_SPC_HYMENOCERA_PICTA_PERSONALITY_ID_001 | EVD_JRN_R25_B01_SPC_HYMENOCERA_PICTA_TERRAIN_BROAD_001 | EVD_JRN_R25_B01_SPC_HYMENOCERA_PICTA_TERRAIN_SPECIFIC_001
SPC_PAGOPHILUS_GROENLANDICUS,BRD_HARP_SEAL,EXACT_SPECIES,EVD_JRN_R02_B02_SPC_PAGOPHILUS_GROENLANDICUS_PERSONALITY_ID_001 | EVD_JRN_R02_B02_SPC_PAGOPHILUS_GROENLANDICUS_TERRAIN_BROAD_001 | EVD_JRN_R02_B02_SPC_PAGOPHILUS_GROENLANDICUS_TERRAIN_SPECIFIC_001
SPC_CHIMAERA_HARPY,BRD_HARPY,EXACT_TRADITION,EVD_JRN_R23_B01_SPC_CHIMAERA_HARPY_PERSONALITY_ID_001 | EVD_JRN_R23_B01_SPC_CHIMAERA_HARPY_TERRAIN_BROAD_001 | EVD_JRN_R23_B01_SPC_CHIMAERA_HARPY_TERRAIN_SPECIFIC_001
SPC_HARPIA_HARPYJA,BRD_HARPY_EAGLE,EXACT_SPECIES,EVD_JRN_R18_B01_SPC_HARPIA_HARPYJA_PERSONALITY_ID_001 | EVD_JRN_R18_B01_SPC_HARPIA_HARPYJA_TERRAIN_BROAD_001 | EVD_JRN_R18_B01_SPC_HARPIA_HARPYJA_TERRAIN_SPECIFIC_001
SPC_COCCOTHRAUSTES_COCCOTHRAUSTES,BRD_HAWFINCH,EXACT_SPECIES,EVD_JRN_R08_B01_SPC_COCCOTHRAUSTES_COCCOTHRAUSTES_PERSONALITY_ID_001 | EVD_JRN_R08_B01_SPC_COCCOTHRAUSTES_COCCOTHRAUSTES_TERRAIN_BROAD_001 | EVD_JRN_R08_B01_SPC_COCCOTHRAUSTES_COCCOTHRAUSTES_TERRAIN_SPECIFIC_001
SPC_ERETMOCHELYS_IMBRICATA,BRD_HAWKSBILL_SEA_TURTLE,EXACT_SPECIES,EVD_JRN_R04_B01_SPC_ERETMOCHELYS_IMBRICATA_PERSONALITY_ID_001 | EVD_JRN_R04_B01_SPC_ERETMOCHELYS_IMBRICATA_TERRAIN_BROAD_001 | EVD_JRN_R04_B01_SPC_ERETMOCHELYS_IMBRICATA_TERRAIN_SPECIFIC_001
SPC_MUSCARDINUS_AVELLANARIUS,BRD_HAZEL_DORMOUSE,EXACT_SPECIES,EVD_JRN_R20_B01_SPC_MUSCARDINUS_AVELLANARIUS_PERSONALITY_ID_001 | EVD_JRN_R20_B01_SPC_MUSCARDINUS_AVELLANARIUS_TERRAIN_BROAD_001 | EVD_JRN_R20_B01_SPC_MUSCARDINUS_AVELLANARIUS_TERRAIN_SPECIFIC_001
SPC_DIAPHUS_THETA,BRD_HEADLIGHTFISH,EXACT_SPECIES,EVD_JRN_R14_B01_SPC_DIAPHUS_THETA_PERSONALITY_ID_001 | EVD_JRN_R14_B01_SPC_DIAPHUS_THETA_TERRAIN_BROAD_001 | EVD_JRN_R14_B01_SPC_DIAPHUS_THETA_TERRAIN_SPECIFIC_001
SPC_GIGAS_HECATONCHEIR,BRD_HECATONCHEIR,EXACT_TRADITION,EVD_JRN_R09_B01_SPC_GIGAS_HECATONCHEIR_PERSONALITY_ID_001 | EVD_JRN_R09_B01_SPC_GIGAS_HECATONCHEIR_TERRAIN_BROAD_001 | EVD_JRN_R09_B01_SPC_GIGAS_HECATONCHEIR_TERRAIN_SPECIFIC_001
SPC_CRYPTOBRANCHUS_ALLEGANIENSIS,BRD_HELLBENDER,EXACT_SPECIES,EVD_JRN_R13_B01_SPC_CRYPTOBRANCHUS_ALLEGANIENSIS_PERSONALITY_ID_001 | EVD_JRN_R13_B01_SPC_CRYPTOBRANCHUS_ALLEGANIENSIS_TERRAIN_BROAD_001 | EVD_JRN_R13_B01_SPC_CRYPTOBRANCHUS_ALLEGANIENSIS_TERRAIN_SPECIFIC_001
SPC_DYNASTES_HERCULES,BRD_HERCULES_BEETLE,EXACT_SPECIES,EVD_JRN_R25_B01_SPC_DYNASTES_HERCULES_PERSONALITY_ID_001 | EVD_JRN_R25_B01_SPC_DYNASTES_HERCULES_TERRAIN_BROAD_001 | EVD_JRN_R25_B01_SPC_DYNASTES_HERCULES_TERRAIN_SPECIFIC_001
SPC_LARUS_ARGENTATUS,BRD_HERRING_GULL,EXACT_SPECIES,EVD_JRN_R01_B01_SPC_LARUS_ARGENTATUS_PERSONALITY_ID_001 | EVD_JRN_R01_B01_SPC_LARUS_ARGENTATUS_TERRAIN_BROAD_001 | EVD_JRN_R01_B01_SPC_LARUS_ARGENTATUS_TERRAIN_SPECIFIC_001
SPC_SOLENODON_PARADOXUS,BRD_HISPANIOLAN_SOLENODON,EXACT_SPECIES,EVD_JRN_R23_B01_SPC_SOLENODON_PARADOXUS_PERSONALITY_ID_001 | EVD_JRN_R23_B01_SPC_SOLENODON_PARADOXUS_TERRAIN_BROAD_001 | EVD_JRN_R23_B01_SPC_SOLENODON_PARADOXUS_TERRAIN_SPECIFIC_001
SPC_OPISTHOCOMUS_HOAZIN,BRD_HOATZIN,EXACT_SPECIES,EVD_JRN_R22_B01_SPC_OPISTHOCOMUS_HOAZIN_PERSONALITY_ID_001 | EVD_JRN_R22_B01_SPC_OPISTHOCOMUS_HOAZIN_TERRAIN_BROAD_001 | EVD_JRN_R22_B01_SPC_OPISTHOCOMUS_HOAZIN_TERRAIN_SPECIFIC_001
SPC_GOBELINUS_MAIOR,BRD_HOBGOBLIN,EXACT_TRADITION,EVD_JRN_R21_B01_SPC_GOBELINUS_MAIOR_PERSONALITY_ID_001 | EVD_JRN_R21_B01_SPC_GOBELINUS_MAIOR_TERRAIN_BROAD_001 | EVD_JRN_R21_B01_SPC_GOBELINUS_MAIOR_TERRAIN_SPECIFIC_001
SPC_COLUMBA_LIVIA,BRD_HOMING_PIGEON_BEAST,EXACT_SPECIES,EVD_JRN_R17_B01_SPC_COLUMBA_LIVIA_PERSONALITY_ID_001 | EVD_JRN_R17_B01_SPC_COLUMBA_LIVIA_TERRAIN_BROAD_001 | EVD_JRN_R17_B01_SPC_COLUMBA_LIVIA_TERRAIN_SPECIFIC_001
SPC_AUTOMATON_HOMUNCULUS,BRD_HOMUNCULUS,EXACT_TRADITION,EVD_JRN_R24_B01_SPC_AUTOMATON_HOMUNCULUS_PERSONALITY_ID_001 | EVD_JRN_R24_B01_SPC_AUTOMATON_HOMUNCULUS_TERRAIN_BROAD_001 | EVD_JRN_R24_B01_SPC_AUTOMATON_HOMUNCULUS_TERRAIN_SPECIFIC_001
SPC_TARSIPES_ROSTRATUS,BRD_HONEY_POSSUM,EXACT_SPECIES,EVD_JRN_R22_B01_SPC_TARSIPES_ROSTRATUS_PERSONALITY_ID_001 | EVD_JRN_R22_B01_SPC_TARSIPES_ROSTRATUS_TERRAIN_BROAD_001 | EVD_JRN_R22_B01_SPC_TARSIPES_ROSTRATUS_TERRAIN_SPECIFIC_001
SPC_LOPHODYTES_CUCULLATUS,BRD_HOODED_MERGANSER,EXACT_SPECIES,EVD_JRN_R01_B01_SPC_LOPHODYTES_CUCULLATUS_PERSONALITY_ID_001 | EVD_JRN_R01_B01_SPC_LOPHODYTES_CUCULLATUS_TERRAIN_BROAD_001 | EVD_JRN_R01_B01_SPC_LOPHODYTES_CUCULLATUS_TERRAIN_SPECIFIC_001
SPC_NECROSYRTES_MONACHUS,BRD_HOODED_VULTURE,EXACT_SPECIES,EVD_JRN_R18_B01_SPC_NECROSYRTES_MONACHUS_PERSONALITY_ID_001 | EVD_JRN_R18_B01_SPC_NECROSYRTES_MONACHUS_TERRAIN_BROAD_001 | EVD_JRN_R18_B01_SPC_NECROSYRTES_MONACHUS_TERRAIN_SPECIFIC_001
SPC_MOLA_TECTA,BRD_HOODWINKER_SUNFISH,EXACT_SPECIES,EVD_JRN_R14_B01_SPC_MOLA_TECTA_PERSONALITY_ID_001 | EVD_JRN_R14_B01_SPC_MOLA_TECTA_TERRAIN_BROAD_001 | EVD_JRN_R14_B01_SPC_MOLA_TECTA_TERRAIN_SPECIFIC_001
SPC_PODICEPS_AURITUS,BRD_HORNED_GREBE,EXACT_SPECIES,EVD_JRN_R01_B02_SPC_PODICEPS_AURITUS_PERSONALITY_ID_001 | EVD_JRN_R01_B02_SPC_PODICEPS_AURITUS_TERRAIN_BROAD_001 | EVD_JRN_R01_B02_SPC_PODICEPS_AURITUS_TERRAIN_SPECIFIC_001
SPC_EREMOPHILA_ALPESTRIS,BRD_HORNED_LARK,EXACT_SPECIES,EVD_JRN_R08_B01_SPC_EREMOPHILA_ALPESTRIS_PERSONALITY_ID_001 | EVD_JRN_R08_B01_SPC_EREMOPHILA_ALPESTRIS_TERRAIN_BROAD_001 | EVD_JRN_R08_B01_SPC_EREMOPHILA_ALPESTRIS_TERRAIN_SPECIFIC_001
SPC_EUNYMPHICUS_CORNUTUS,BRD_HORNED_PARAKEET,EXACT_SPECIES,EVD_JRN_R19_B01_SPC_EUNYMPHICUS_CORNUTUS_PERSONALITY_ID_001 | EVD_JRN_R19_B01_SPC_EUNYMPHICUS_CORNUTUS_TERRAIN_BROAD_001 | EVD_JRN_R19_B01_SPC_EUNYMPHICUS_CORNUTUS_TERRAIN_SPECIFIC_001
SPC_ANHIMA_CORNUTA,BRD_HORNED_SCREAMER,EXACT_SPECIES,EVD_JRN_R01_B01_SPC_ANHIMA_CORNUTA_PERSONALITY_ID_001 | EVD_JRN_R01_B01_SPC_ANHIMA_CORNUTA_TERRAIN_BROAD_001 | EVD_JRN_R01_B01_SPC_ANHIMA_CORNUTA_TERRAIN_SPECIFIC_001
SPC_SCUTIGERA_COLEOPTRATA,BRD_HOUSE_CENTIPEDE,EXACT_SPECIES,EVD_JRN_R25_B02_SPC_SCUTIGERA_COLEOPTRATA_PERSONALITY_ID_001 | EVD_JRN_R25_B02_SPC_SCUTIGERA_COLEOPTRATA_TERRAIN_BROAD_001 | EVD_JRN_R25_B02_SPC_SCUTIGERA_COLEOPTRATA_TERRAIN_SPECIFIC_001
SPC_ACHETA_DOMESTICUS,BRD_HOUSE_CRICKET,EXACT_SPECIES,EVD_JRN_R25_B01_SPC_ACHETA_DOMESTICUS_PERSONALITY_ID_001 | EVD_JRN_R25_B01_SPC_ACHETA_DOMESTICUS_TERRAIN_BROAD_001 | EVD_JRN_R25_B01_SPC_ACHETA_DOMESTICUS_TERRAIN_SPECIFIC_001
SPC_MUS_MUSCULUS,BRD_HOUSE_MOUSE,EXACT_SPECIES,EVD_JRN_R20_B01_SPC_MUS_MUSCULUS_PERSONALITY_ID_001 | EVD_JRN_R20_B01_SPC_MUS_MUSCULUS_TERRAIN_BROAD_001 | EVD_JRN_R20_B01_SPC_MUS_MUSCULUS_TERRAIN_SPECIFIC_001
SPC_PASSER_DOMESTICUS,BRD_HOUSE_SPARROW,EXACT_SPECIES,EVD_JRN_R08_B01_SPC_PASSER_DOMESTICUS_PERSONALITY_ID_001 | EVD_JRN_R08_B01_SPC_PASSER_DOMESTICUS_TERRAIN_BROAD_001 | EVD_JRN_R08_B01_SPC_PASSER_DOMESTICUS_TERRAIN_SPECIFIC_001
SPC_MUSCA_DOMESTICA,BRD_HOUSEFLY,EXACT_SPECIES,EVD_JRN_R25_B02_SPC_MUSCA_DOMESTICA_PERSONALITY_ID_001 | EVD_JRN_R25_B02_SPC_MUSCA_DOMESTICA_TERRAIN_BROAD_001 | EVD_JRN_R25_B02_SPC_MUSCA_DOMESTICA_TERRAIN_SPECIFIC_001
SPC_VERSIPELLIS_HULIJING,BRD_HULI_JING,EXACT_TRADITION,EVD_JRN_R07_B01_SPC_VERSIPELLIS_HULIJING_PERSONALITY_ID_001 | EVD_JRN_R07_B01_SPC_VERSIPELLIS_HULIJING_TERRAIN_BROAD_001 | EVD_JRN_R07_B01_SPC_VERSIPELLIS_HULIJING_TERRAIN_SPECIFIC_001
CLT_ABORIGINAL_AUSTRALIAN,BRD_HUMAN_ABORIGINAL_AUSTRALIAN_ABORIGINAL_AUSTRALIAN,EXACT_CULTURE,EVD_JRN_R22_B01_CLT_ABORIGINAL_AUSTRALIAN_PERSONALITY_ID_001 | EVD_JRN_R22_B01_CLT_ABORIGINAL_AUSTRALIAN_TERRAIN_BROAD_001 | EVD_JRN_R22_B01_CLT_ABORIGINAL_AUSTRALIAN_TERRAIN_SPECIFIC_001
CLT_ABORIGINAL_AUSTRALIAN,BRD_HUMAN_ABORIGINAL_AUSTRALIAN_YOLNGU,EXACT_CULTURE,EVD_JRN_R22_B01_CLT_ABORIGINAL_AUSTRALIAN_PERSONALITY_ID_001 | EVD_JRN_R22_B01_CLT_ABORIGINAL_AUSTRALIAN_TERRAIN_BROAD_001 | EVD_JRN_R22_B01_CLT_ABORIGINAL_AUSTRALIAN_TERRAIN_SPECIFIC_001
CLT_PASHTUN,BRD_HUMAN_AFGHAN,EXACT_CULTURE,EVD_JRN_R06_B01_CLT_PASHTUN_PERSONALITY_ID_001 | EVD_JRN_R06_B01_CLT_PASHTUN_TERRAIN_BROAD_001 | EVD_JRN_R06_B01_CLT_PASHTUN_TERRAIN_SPECIFIC_001
CLT_AFRICAN_AMERICAN,BRD_HUMAN_AFRICAN_AMERICAN_AFRICAN_AMERICAN,EXACT_CULTURE,EVD_JRN_R17_B01_CLT_AFRICAN_AMERICAN_PERSONALITY_ID_001 | EVD_JRN_R17_B01_CLT_AFRICAN_AMERICAN_TERRAIN_BROAD_001 | EVD_JRN_R17_B01_CLT_AFRICAN_AMERICAN_TERRAIN_SPECIFIC_001
CLT_AFRICAN_AMERICAN,BRD_HUMAN_AFRICAN_AMERICAN_AMERICO_LIBERIAN,EXACT_CULTURE,EVD_JRN_R17_B01_CLT_AFRICAN_AMERICAN_PERSONALITY_ID_001 | EVD_JRN_R17_B01_CLT_AFRICAN_AMERICAN_TERRAIN_BROAD_001 | EVD_JRN_R17_B01_CLT_AFRICAN_AMERICAN_TERRAIN_SPECIFIC_001
CLT_AFRIKANER,BRD_HUMAN_AFRIKANER_AFRIKANER,EXACT_CULTURE,EVD_JRN_R18_B01_CLT_AFRIKANER_PERSONALITY_ID_001 | EVD_JRN_R18_B01_CLT_AFRIKANER_TERRAIN_BROAD_001 | EVD_JRN_R18_B01_CLT_AFRIKANER_TERRAIN_SPECIFIC_001
CLT_AFRO_LATIN_AMERICAN_AFRO_BAHIAN,BRD_HUMAN_AFRO_LATIN_AMERICAN_AFRO_BAHIAN_AFRO_BAHIAN,EXACT_CULTURE,EVD_JRN_R17_B01_CLT_AFRO_LATIN_AMERICAN_AFRO_BAHIAN_PERSONALITY_ID_001 | EVD_JRN_R17_B01_CLT_AFRO_LATIN_AMERICAN_AFRO_BAHIAN_TERRAIN_BROAD_001 | EVD_JRN_R17_B01_CLT_AFRO_LATIN_AMERICAN_AFRO_BAHIAN_TERRAIN_SPECIFIC_001
CLT_AFRO_LATIN_AMERICAN_AFRO_BAHIAN,BRD_HUMAN_AFRO_LATIN_AMERICAN_AFRO_BAHIAN_AFRO_COLOMBIAN,EXACT_CULTURE,EVD_JRN_R17_B01_CLT_AFRO_LATIN_AMERICAN_AFRO_BAHIAN_PERSONALITY_ID_001 | EVD_JRN_R17_B01_CLT_AFRO_LATIN_AMERICAN_AFRO_BAHIAN_TERRAIN_BROAD_001 | EVD_JRN_R17_B01_CLT_AFRO_LATIN_AMERICAN_AFRO_BAHIAN_TERRAIN_SPECIFIC_001
CLT_AFRO_LATIN_AMERICAN_AFRO_BAHIAN,BRD_HUMAN_AFRO_LATIN_AMERICAN_AFRO_BAHIAN_AFRO_COSTA_RICAN,EXACT_CULTURE,EVD_JRN_R17_B01_CLT_AFRO_LATIN_AMERICAN_AFRO_BAHIAN_PERSONALITY_ID_001 | EVD_JRN_R17_B01_CLT_AFRO_LATIN_AMERICAN_AFRO_BAHIAN_TERRAIN_BROAD_001 | EVD_JRN_R17_B01_CLT_AFRO_LATIN_AMERICAN_AFRO_BAHIAN_TERRAIN_SPECIFIC_001
CLT_AFRO_LATIN_AMERICAN_AFRO_BAHIAN,BRD_HUMAN_AFRO_LATIN_AMERICAN_AFRO_BAHIAN_AFRO_CUBAN,EXACT_CULTURE,EVD_JRN_R17_B01_CLT_AFRO_LATIN_AMERICAN_AFRO_BAHIAN_PERSONALITY_ID_001 | EVD_JRN_R17_B01_CLT_AFRO_LATIN_AMERICAN_AFRO_BAHIAN_TERRAIN_BROAD_001 | EVD_JRN_R17_B01_CLT_AFRO_LATIN_AMERICAN_AFRO_BAHIAN_TERRAIN_SPECIFIC_001
CLT_AFRO_LATIN_AMERICAN_AFRO_BAHIAN,BRD_HUMAN_AFRO_LATIN_AMERICAN_AFRO_BAHIAN_AFRO_DOMINICAN,EXACT_CULTURE,EVD_JRN_R17_B01_CLT_AFRO_LATIN_AMERICAN_AFRO_BAHIAN_PERSONALITY_ID_001 | EVD_JRN_R17_B01_CLT_AFRO_LATIN_AMERICAN_AFRO_BAHIAN_TERRAIN_BROAD_001 | EVD_JRN_R17_B01_CLT_AFRO_LATIN_AMERICAN_AFRO_BAHIAN_TERRAIN_SPECIFIC_001
CLT_AFRO_LATIN_AMERICAN_AFRO_BAHIAN,BRD_HUMAN_AFRO_LATIN_AMERICAN_AFRO_BAHIAN_AFRO_ECUADORIAN,EXACT_CULTURE,EVD_JRN_R17_B01_CLT_AFRO_LATIN_AMERICAN_AFRO_BAHIAN_PERSONALITY_ID_001 | EVD_JRN_R17_B01_CLT_AFRO_LATIN_AMERICAN_AFRO_BAHIAN_TERRAIN_BROAD_001 | EVD_JRN_R17_B01_CLT_AFRO_LATIN_AMERICAN_AFRO_BAHIAN_TERRAIN_SPECIFIC_001
CLT_AFRO_LATIN_AMERICAN_AFRO_BAHIAN,BRD_HUMAN_AFRO_LATIN_AMERICAN_AFRO_BAHIAN_AFRO_PANAMANIAN,EXACT_CULTURE,EVD_JRN_R17_B01_CLT_AFRO_LATIN_AMERICAN_AFRO_BAHIAN_PERSONALITY_ID_001 | EVD_JRN_R17_B01_CLT_AFRO_LATIN_AMERICAN_AFRO_BAHIAN_TERRAIN_BROAD_001 | EVD_JRN_R17_B01_CLT_AFRO_LATIN_AMERICAN_AFRO_BAHIAN_TERRAIN_SPECIFIC_001
CLT_AFRO_LATIN_AMERICAN_AFRO_BAHIAN,BRD_HUMAN_AFRO_LATIN_AMERICAN_AFRO_BAHIAN_AFRO_PUERTO_RICAN,EXACT_CULTURE,EVD_JRN_R17_B01_CLT_AFRO_LATIN_AMERICAN_AFRO_BAHIAN_PERSONALITY_ID_001 | EVD_JRN_R17_B01_CLT_AFRO_LATIN_AMERICAN_AFRO_BAHIAN_TERRAIN_BROAD_001 | EVD_JRN_R17_B01_CLT_AFRO_LATIN_AMERICAN_AFRO_BAHIAN_TERRAIN_SPECIFIC_001
CLT_AFRO_LATIN_AMERICAN_AFRO_BAHIAN,BRD_HUMAN_AFRO_LATIN_AMERICAN_AFRO_BAHIAN_AFRO_TRINIDADIAN,EXACT_CULTURE,EVD_JRN_R17_B01_CLT_AFRO_LATIN_AMERICAN_AFRO_BAHIAN_PERSONALITY_ID_001 | EVD_JRN_R17_B01_CLT_AFRO_LATIN_AMERICAN_AFRO_BAHIAN_TERRAIN_BROAD_001 | EVD_JRN_R17_B01_CLT_AFRO_LATIN_AMERICAN_AFRO_BAHIAN_TERRAIN_SPECIFIC_001
CLT_AFRO_LATIN_AMERICAN_AFRO_BAHIAN,BRD_HUMAN_AFRO_LATIN_AMERICAN_AFRO_BAHIAN_AFRO_URUGUAYAN,EXACT_CULTURE,EVD_JRN_R17_B01_CLT_AFRO_LATIN_AMERICAN_AFRO_BAHIAN_PERSONALITY_ID_001 | EVD_JRN_R17_B01_CLT_AFRO_LATIN_AMERICAN_AFRO_BAHIAN_TERRAIN_BROAD_001 | EVD_JRN_R17_B01_CLT_AFRO_LATIN_AMERICAN_AFRO_BAHIAN_TERRAIN_SPECIFIC_001
CLT_AFRO_LATIN_AMERICAN_AFRO_BAHIAN,BRD_HUMAN_AFRO_LATIN_AMERICAN_AFRO_BAHIAN_AFRO_VENEZUELAN,EXACT_CULTURE,EVD_JRN_R17_B01_CLT_AFRO_LATIN_AMERICAN_AFRO_BAHIAN_PERSONALITY_ID_001 | EVD_JRN_R17_B01_CLT_AFRO_LATIN_AMERICAN_AFRO_BAHIAN_TERRAIN_BROAD_001 | EVD_JRN_R17_B01_CLT_AFRO_LATIN_AMERICAN_AFRO_BAHIAN_TERRAIN_SPECIFIC_001
CLT_AINU,BRD_HUMAN_AINU_AINU,EXACT_CULTURE,EVD_JRN_R08_B01_CLT_AINU_PERSONALITY_ID_001 | EVD_JRN_R08_B01_CLT_AINU_TERRAIN_BROAD_001 | EVD_JRN_R08_B01_CLT_AINU_TERRAIN_SPECIFIC_001
CLT_ALBANIAN,BRD_HUMAN_ALBANIAN_ALBANIAN,EXACT_CULTURE,EVD_JRN_R11_B01_CLT_ALBANIAN_PERSONALITY_ID_001 | EVD_JRN_R11_B01_CLT_ALBANIAN_TERRAIN_BROAD_001 | EVD_JRN_R11_B01_CLT_ALBANIAN_TERRAIN_SPECIFIC_001
CLT_AMAZIGH_BERBER,BRD_HUMAN_AMAZIGH_BERBER_AMAZIGH,EXACT_CULTURE,EVD_JRN_R11_B01_CLT_AMAZIGH_BERBER_PERSONALITY_ID_001 | EVD_JRN_R11_B01_CLT_AMAZIGH_BERBER_TERRAIN_BROAD_001 | EVD_JRN_R11_B01_CLT_AMAZIGH_BERBER_TERRAIN_SPECIFIC_001
CLT_AMAZIGH_BERBER,BRD_HUMAN_AMAZIGH_BERBER_AMAZIGH_BERBER,EXACT_CULTURE,EVD_JRN_R11_B01_CLT_AMAZIGH_BERBER_PERSONALITY_ID_001 | EVD_JRN_R11_B01_CLT_AMAZIGH_BERBER_TERRAIN_BROAD_001 | EVD_JRN_R11_B01_CLT_AMAZIGH_BERBER_TERRAIN_SPECIFIC_001
CLT_AMAZIGH_BERBER,BRD_HUMAN_AMAZIGH_BERBER_AMAZIGH_TUAREG,EXACT_CULTURE,EVD_JRN_R11_B01_CLT_AMAZIGH_BERBER_PERSONALITY_ID_001 | EVD_JRN_R11_B01_CLT_AMAZIGH_BERBER_TERRAIN_BROAD_001 | EVD_JRN_R11_B01_CLT_AMAZIGH_BERBER_TERRAIN_SPECIFIC_001
CLT_AMAZIGH_BERBER,BRD_HUMAN_AMAZIGH_BERBER_TUAREG,EXACT_CULTURE,EVD_JRN_R11_B01_CLT_AMAZIGH_BERBER_PERSONALITY_ID_001 | EVD_JRN_R11_B01_CLT_AMAZIGH_BERBER_TERRAIN_BROAD_001 | EVD_JRN_R11_B01_CLT_AMAZIGH_BERBER_TERRAIN_SPECIFIC_001
CLT_AMAZONIAN_INDIGENOUS_MARAJOARA_SHIPIBO,BRD_HUMAN_AMAZONIAN_INDIGENOUS_MARAJOARA_SHIPIBO_AMAZONIAN,EXACT_CULTURE,EVD_JRN_R23_B01_CLT_AMAZONIAN_INDIGENOUS_MARAJOARA_SHIPIBO_PERSONALITY_ID_001 | EVD_JRN_R23_B01_CLT_AMAZONIAN_INDIGENOUS_MARAJOARA_SHIPIBO_TERRAIN_BROAD_001 | EVD_JRN_R23_B01_CLT_AMAZONIAN_INDIGENOUS_MARAJOARA_SHIPIBO_TERRAIN_SPECIFIC_001
CLT_AMAZONIAN_INDIGENOUS_MARAJOARA_SHIPIBO,BRD_HUMAN_AMAZONIAN_INDIGENOUS_MARAJOARA_SHIPIBO_AMAZONIAN_INDIGENOUS,EXACT_CULTURE,EVD_JRN_R23_B01_CLT_AMAZONIAN_INDIGENOUS_MARAJOARA_SHIPIBO_PERSONALITY_ID_001 | EVD_JRN_R23_B01_CLT_AMAZONIAN_INDIGENOUS_MARAJOARA_SHIPIBO_TERRAIN_BROAD_001 | EVD_JRN_R23_B01_CLT_AMAZONIAN_INDIGENOUS_MARAJOARA_SHIPIBO_TERRAIN_SPECIFIC_001
CLT_AMAZONIAN_INDIGENOUS_MARAJOARA_SHIPIBO,BRD_HUMAN_AMAZONIAN_INDIGENOUS_MARAJOARA_SHIPIBO_INDIGENOUS,EXACT_CULTURE,EVD_JRN_R23_B01_CLT_AMAZONIAN_INDIGENOUS_MARAJOARA_SHIPIBO_PERSONALITY_ID_001 | EVD_JRN_R23_B01_CLT_AMAZONIAN_INDIGENOUS_MARAJOARA_SHIPIBO_TERRAIN_BROAD_001 | EVD_JRN_R23_B01_CLT_AMAZONIAN_INDIGENOUS_MARAJOARA_SHIPIBO_TERRAIN_SPECIFIC_001
CLT_AMAZONIAN_INDIGENOUS_MARAJOARA_SHIPIBO,BRD_HUMAN_AMAZONIAN_INDIGENOUS_MARAJOARA_SHIPIBO_INDIGENOUS_SURINAMESE,EXACT_CULTURE,EVD_JRN_R23_B01_CLT_AMAZONIAN_INDIGENOUS_MARAJOARA_SHIPIBO_PERSONALITY_ID_001 | EVD_JRN_R23_B01_CLT_AMAZONIAN_INDIGENOUS_MARAJOARA_SHIPIBO_TERRAIN_BROAD_001 | EVD_JRN_R23_B01_CLT_AMAZONIAN_INDIGENOUS_MARAJOARA_SHIPIBO_TERRAIN_SPECIFIC_001
CLT_AMAZONIAN_INDIGENOUS_MARAJOARA_SHIPIBO,BRD_HUMAN_AMAZONIAN_INDIGENOUS_MARAJOARA_SHIPIBO_MARAJOARA,EXACT_CULTURE,EVD_JRN_R23_B01_CLT_AMAZONIAN_INDIGENOUS_MARAJOARA_SHIPIBO_PERSONALITY_ID_001 | EVD_JRN_R23_B01_CLT_AMAZONIAN_INDIGENOUS_MARAJOARA_SHIPIBO_TERRAIN_BROAD_001 | EVD_JRN_R23_B01_CLT_AMAZONIAN_INDIGENOUS_MARAJOARA_SHIPIBO_TERRAIN_SPECIFIC_001
CLT_AMAZONIAN_INDIGENOUS_MARAJOARA_SHIPIBO,BRD_HUMAN_AMAZONIAN_INDIGENOUS_MARAJOARA_SHIPIBO_SHIPIBO_KONIBO,EXACT_CULTURE,EVD_JRN_R23_B01_CLT_AMAZONIAN_INDIGENOUS_MARAJOARA_SHIPIBO_PERSONALITY_ID_001 | EVD_JRN_R23_B01_CLT_AMAZONIAN_INDIGENOUS_MARAJOARA_SHIPIBO_TERRAIN_BROAD_001 | EVD_JRN_R23_B01_CLT_AMAZONIAN_INDIGENOUS_MARAJOARA_SHIPIBO_TERRAIN_SPECIFIC_001
CLT_ENGLISH_ANGLO,BRD_HUMAN_AMERICAN,EXACT_CULTURE,EVD_JRN_R03_B01_CLT_ENGLISH_ANGLO_PERSONALITY_ID_001 | EVD_JRN_R03_B01_CLT_ENGLISH_ANGLO_TERRAIN_BROAD_001 | EVD_JRN_R03_B01_CLT_ENGLISH_ANGLO_TERRAIN_SPECIFIC_001
CLT_METIS,BRD_HUMAN_AMERICAN_SETTLER_INDIGENOUS_MIXED,EXACT_CULTURE,EVD_JRN_R21_B01_CLT_METIS_PERSONALITY_ID_001 | EVD_JRN_R21_B01_CLT_METIS_TERRAIN_BROAD_001 | EVD_JRN_R21_B01_CLT_METIS_TERRAIN_SPECIFIC_001
CLT_ANCIENT_LEVANTINE_NABATAEAN_PHOENICIAN,BRD_HUMAN_ANCIENT_LEVANTINE_NABATAEAN_PHOENICIAN_NABATAEAN,EXACT_CULTURE,EVD_JRN_R13_B01_CLT_ANCIENT_LEVANTINE_NABATAEAN_PHOENICIAN_PERSONALITY_ID_001 | EVD_JRN_R13_B01_CLT_ANCIENT_LEVANTINE_NABATAEAN_PHOENICIAN_TERRAIN_BROAD_001 | EVD_JRN_R13_B01_CLT_ANCIENT_LEVANTINE_NABATAEAN_PHOENICIAN_TERRAIN_SPECIFIC_001
CLT_ANCIENT_LEVANTINE_NABATAEAN_PHOENICIAN,BRD_HUMAN_ANCIENT_LEVANTINE_NABATAEAN_PHOENICIAN_PHOENICIAN_CARTHAGINIAN,EXACT_CULTURE,EVD_JRN_R13_B01_CLT_ANCIENT_LEVANTINE_NABATAEAN_PHOENICIAN_PERSONALITY_ID_001 | EVD_JRN_R13_B01_CLT_ANCIENT_LEVANTINE_NABATAEAN_PHOENICIAN_TERRAIN_BROAD_001 | EVD_JRN_R13_B01_CLT_ANCIENT_LEVANTINE_NABATAEAN_PHOENICIAN_TERRAIN_SPECIFIC_001
CLT_ANCIENT_LEVANTINE_NABATAEAN_PHOENICIAN,BRD_HUMAN_ANCIENT_LEVANTINE_NABATAEAN_PHOENICIAN_TUNISIAN_ARAB,EXACT_CULTURE,EVD_JRN_R13_B01_CLT_ANCIENT_LEVANTINE_NABATAEAN_PHOENICIAN_PERSONALITY_ID_001 | EVD_JRN_R13_B01_CLT_ANCIENT_LEVANTINE_NABATAEAN_PHOENICIAN_TERRAIN_BROAD_001 | EVD_JRN_R13_B01_CLT_ANCIENT_LEVANTINE_NABATAEAN_PHOENICIAN_TERRAIN_SPECIFIC_001
CLT_ANGLOPHONE_ATLANTIC_CREOLE_MAROON,BRD_HUMAN_ANGLOPHONE_ATLANTIC_CREOLE_MAROON_AFRO_GUYANESE,EXACT_CULTURE,EVD_JRN_R18_B01_CLT_ANGLOPHONE_ATLANTIC_CREOLE_MAROON_PERSONALITY_ID_001 | EVD_JRN_R18_B01_CLT_ANGLOPHONE_ATLANTIC_CREOLE_MAROON_TERRAIN_BROAD_001 | EVD_JRN_R18_B01_CLT_ANGLOPHONE_ATLANTIC_CREOLE_MAROON_TERRAIN_SPECIFIC_001
CLT_ANGLOPHONE_ATLANTIC_CREOLE_MAROON,BRD_HUMAN_ANGLOPHONE_ATLANTIC_CREOLE_MAROON_AFRO_VIRGIN_ISLANDER,EXACT_CULTURE,EVD_JRN_R18_B01_CLT_ANGLOPHONE_ATLANTIC_CREOLE_MAROON_PERSONALITY_ID_001 | EVD_JRN_R18_B01_CLT_ANGLOPHONE_ATLANTIC_CREOLE_MAROON_TERRAIN_BROAD_001 | EVD_JRN_R18_B01_CLT_ANGLOPHONE_ATLANTIC_CREOLE_MAROON_TERRAIN_SPECIFIC_001
CLT_ANGLOPHONE_ATLANTIC_CREOLE_MAROON,BRD_HUMAN_ANGLOPHONE_ATLANTIC_CREOLE_MAROON_ANGUILLAN,EXACT_CULTURE,EVD_JRN_R18_B01_CLT_ANGLOPHONE_ATLANTIC_CREOLE_MAROON_PERSONALITY_ID_001 | EVD_JRN_R18_B01_CLT_ANGLOPHONE_ATLANTIC_CREOLE_MAROON_TERRAIN_BROAD_001 | EVD_JRN_R18_B01_CLT_ANGLOPHONE_ATLANTIC_CREOLE_MAROON_TERRAIN_SPECIFIC_001
CLT_ANGLOPHONE_ATLANTIC_CREOLE_MAROON,BRD_HUMAN_ANGLOPHONE_ATLANTIC_CREOLE_MAROON_ANTIGUAN_BARBUDAN,EXACT_CULTURE,EVD_JRN_R18_B01_CLT_ANGLOPHONE_ATLANTIC_CREOLE_MAROON_PERSONALITY_ID_001 | EVD_JRN_R18_B01_CLT_ANGLOPHONE_ATLANTIC_CREOLE_MAROON_TERRAIN_BROAD_001 | EVD_JRN_R18_B01_CLT_ANGLOPHONE_ATLANTIC_CREOLE_MAROON_TERRAIN_SPECIFIC_001
CLT_ANGLOPHONE_ATLANTIC_CREOLE_MAROON,BRD_HUMAN_ANGLOPHONE_ATLANTIC_CREOLE_MAROON_BAHAMIAN,EXACT_CULTURE,EVD_JRN_R18_B01_CLT_ANGLOPHONE_ATLANTIC_CREOLE_MAROON_PERSONALITY_ID_001 | EVD_JRN_R18_B01_CLT_ANGLOPHONE_ATLANTIC_CREOLE_MAROON_TERRAIN_BROAD_001 | EVD_JRN_R18_B01_CLT_ANGLOPHONE_ATLANTIC_CREOLE_MAROON_TERRAIN_SPECIFIC_001
CLT_ANGLOPHONE_ATLANTIC_CREOLE_MAROON,BRD_HUMAN_ANGLOPHONE_ATLANTIC_CREOLE_MAROON_BAJAN,EXACT_CULTURE,EVD_JRN_R18_B01_CLT_ANGLOPHONE_ATLANTIC_CREOLE_MAROON_PERSONALITY_ID_001 | EVD_JRN_R18_B01_CLT_ANGLOPHONE_ATLANTIC_CREOLE_MAROON_TERRAIN_BROAD_001 | EVD_JRN_R18_B01_CLT_ANGLOPHONE_ATLANTIC_CREOLE_MAROON_TERRAIN_SPECIFIC_001
CLT_ANGLOPHONE_ATLANTIC_CREOLE_MAROON,BRD_HUMAN_ANGLOPHONE_ATLANTIC_CREOLE_MAROON_BELIZEAN_KRIOL,EXACT_CULTURE,EVD_JRN_R18_B01_CLT_ANGLOPHONE_ATLANTIC_CREOLE_MAROON_PERSONALITY_ID_001 | EVD_JRN_R18_B01_CLT_ANGLOPHONE_ATLANTIC_CREOLE_MAROON_TERRAIN_BROAD_001 | EVD_JRN_R18_B01_CLT_ANGLOPHONE_ATLANTIC_CREOLE_MAROON_TERRAIN_SPECIFIC_001
CLT_ANGLOPHONE_ATLANTIC_CREOLE_MAROON,BRD_HUMAN_ANGLOPHONE_ATLANTIC_CREOLE_MAROON_BERMUDIAN,EXACT_CULTURE,EVD_JRN_R18_B01_CLT_ANGLOPHONE_ATLANTIC_CREOLE_MAROON_PERSONALITY_ID_001 | EVD_JRN_R18_B01_CLT_ANGLOPHONE_ATLANTIC_CREOLE_MAROON_TERRAIN_BROAD_001 | EVD_JRN_R18_B01_CLT_ANGLOPHONE_ATLANTIC_CREOLE_MAROON_TERRAIN_SPECIFIC_001
CLT_ANGLOPHONE_ATLANTIC_CREOLE_MAROON,BRD_HUMAN_ANGLOPHONE_ATLANTIC_CREOLE_MAROON_BVI_CREOLE,EXACT_CULTURE,EVD_JRN_R18_B01_CLT_ANGLOPHONE_ATLANTIC_CREOLE_MAROON_PERSONALITY_ID_001 | EVD_JRN_R18_B01_CLT_ANGLOPHONE_ATLANTIC_CREOLE_MAROON_TERRAIN_BROAD_001 | EVD_JRN_R18_B01_CLT_ANGLOPHONE_ATLANTIC_CREOLE_MAROON_TERRAIN_SPECIFIC_001
CLT_ANGLOPHONE_ATLANTIC_CREOLE_MAROON,BRD_HUMAN_ANGLOPHONE_ATLANTIC_CREOLE_MAROON_CAYMANIAN,EXACT_CULTURE,EVD_JRN_R18_B01_CLT_ANGLOPHONE_ATLANTIC_CREOLE_MAROON_PERSONALITY_ID_001 | EVD_JRN_R18_B01_CLT_ANGLOPHONE_ATLANTIC_CREOLE_MAROON_TERRAIN_BROAD_001 | EVD_JRN_R18_B01_CLT_ANGLOPHONE_ATLANTIC_CREOLE_MAROON_TERRAIN_SPECIFIC_001
CLT_ANGLOPHONE_ATLANTIC_CREOLE_MAROON,BRD_HUMAN_ANGLOPHONE_ATLANTIC_CREOLE_MAROON_GRENADIAN,EXACT_CULTURE,EVD_JRN_R18_B01_CLT_ANGLOPHONE_ATLANTIC_CREOLE_MAROON_PERSONALITY_ID_001 | EVD_JRN_R18_B01_CLT_ANGLOPHONE_ATLANTIC_CREOLE_MAROON_TERRAIN_BROAD_001 | EVD_JRN_R18_B01_CLT_ANGLOPHONE_ATLANTIC_CREOLE_MAROON_TERRAIN_SPECIFIC_001
CLT_ANGLOPHONE_ATLANTIC_CREOLE_MAROON,BRD_HUMAN_ANGLOPHONE_ATLANTIC_CREOLE_MAROON_JAMAICAN,EXACT_CULTURE,EVD_JRN_R18_B01_CLT_ANGLOPHONE_ATLANTIC_CREOLE_MAROON_PERSONALITY_ID_001 | EVD_JRN_R18_B01_CLT_ANGLOPHONE_ATLANTIC_CREOLE_MAROON_TERRAIN_BROAD_001 | EVD_JRN_R18_B01_CLT_ANGLOPHONE_ATLANTIC_CREOLE_MAROON_TERRAIN_SPECIFIC_001
CLT_ANGLOPHONE_ATLANTIC_CREOLE_MAROON,BRD_HUMAN_ANGLOPHONE_ATLANTIC_CREOLE_MAROON_JAMAICAN_MAROON,EXACT_CULTURE,EVD_JRN_R18_B01_CLT_ANGLOPHONE_ATLANTIC_CREOLE_MAROON_PERSONALITY_ID_001 | EVD_JRN_R18_B01_CLT_ANGLOPHONE_ATLANTIC_CREOLE_MAROON_TERRAIN_BROAD_001 | EVD_JRN_R18_B01_CLT_ANGLOPHONE_ATLANTIC_CREOLE_MAROON_TERRAIN_SPECIFIC_001
CLT_ANGLOPHONE_ATLANTIC_CREOLE_MAROON,BRD_HUMAN_ANGLOPHONE_ATLANTIC_CREOLE_MAROON_KITTITIAN_NEVISIAN,EXACT_CULTURE,EVD_JRN_R18_B01_CLT_ANGLOPHONE_ATLANTIC_CREOLE_MAROON_PERSONALITY_ID_001 | EVD_JRN_R18_B01_CLT_ANGLOPHONE_ATLANTIC_CREOLE_MAROON_TERRAIN_BROAD_001 | EVD_JRN_R18_B01_CLT_ANGLOPHONE_ATLANTIC_CREOLE_MAROON_TERRAIN_SPECIFIC_001
CLT_ANGLOPHONE_ATLANTIC_CREOLE_MAROON,BRD_HUMAN_ANGLOPHONE_ATLANTIC_CREOLE_MAROON_KRIO,EXACT_CULTURE,EVD_JRN_R18_B01_CLT_ANGLOPHONE_ATLANTIC_CREOLE_MAROON_PERSONALITY_ID_001 | EVD_JRN_R18_B01_CLT_ANGLOPHONE_ATLANTIC_CREOLE_MAROON_TERRAIN_BROAD_001 | EVD_JRN_R18_B01_CLT_ANGLOPHONE_ATLANTIC_CREOLE_MAROON_TERRAIN_SPECIFIC_001
CLT_ANGLOPHONE_ATLANTIC_CREOLE_MAROON,BRD_HUMAN_ANGLOPHONE_ATLANTIC_CREOLE_MAROON_MAROON,EXACT_CULTURE,EVD_JRN_R18_B01_CLT_ANGLOPHONE_ATLANTIC_CREOLE_MAROON_PERSONALITY_ID_001 | EVD_JRN_R18_B01_CLT_ANGLOPHONE_ATLANTIC_CREOLE_MAROON_TERRAIN_BROAD_001 | EVD_JRN_R18_B01_CLT_ANGLOPHONE_ATLANTIC_CREOLE_MAROON_TERRAIN_SPECIFIC_001
CLT_ANGLOPHONE_ATLANTIC_CREOLE_MAROON,BRD_HUMAN_ANGLOPHONE_ATLANTIC_CREOLE_MAROON_MONTSERRATIAN,EXACT_CULTURE,EVD_JRN_R18_B01_CLT_ANGLOPHONE_ATLANTIC_CREOLE_MAROON_PERSONALITY_ID_001 | EVD_JRN_R18_B01_CLT_ANGLOPHONE_ATLANTIC_CREOLE_MAROON_TERRAIN_BROAD_001 | EVD_JRN_R18_B01_CLT_ANGLOPHONE_ATLANTIC_CREOLE_MAROON_TERRAIN_SPECIFIC_001
CLT_ANGLOPHONE_ATLANTIC_CREOLE_MAROON,BRD_HUMAN_ANGLOPHONE_ATLANTIC_CREOLE_MAROON_NICARAGUAN_CREOLE,EXACT_CULTURE,EVD_JRN_R18_B01_CLT_ANGLOPHONE_ATLANTIC_CREOLE_MAROON_PERSONALITY_ID_001 | EVD_JRN_R18_B01_CLT_ANGLOPHONE_ATLANTIC_CREOLE_MAROON_TERRAIN_BROAD_001 | EVD_JRN_R18_B01_CLT_ANGLOPHONE_ATLANTIC_CREOLE_MAROON_TERRAIN_SPECIFIC_001
CLT_ANGLOPHONE_ATLANTIC_CREOLE_MAROON,BRD_HUMAN_ANGLOPHONE_ATLANTIC_CREOLE_MAROON_SABAN_STATIAN,EXACT_CULTURE,EVD_JRN_R18_B01_CLT_ANGLOPHONE_ATLANTIC_CREOLE_MAROON_PERSONALITY_ID_001 | EVD_JRN_R18_B01_CLT_ANGLOPHONE_ATLANTIC_CREOLE_MAROON_TERRAIN_BROAD_001 | EVD_JRN_R18_B01_CLT_ANGLOPHONE_ATLANTIC_CREOLE_MAROON_TERRAIN_SPECIFIC_001
CLT_ANGLOPHONE_ATLANTIC_CREOLE_MAROON,BRD_HUMAN_ANGLOPHONE_ATLANTIC_CREOLE_MAROON_SINT_MAARTENER,EXACT_CULTURE,EVD_JRN_R18_B01_CLT_ANGLOPHONE_ATLANTIC_CREOLE_MAROON_PERSONALITY_ID_001 | EVD_JRN_R18_B01_CLT_ANGLOPHONE_ATLANTIC_CREOLE_MAROON_TERRAIN_BROAD_001 | EVD_JRN_R18_B01_CLT_ANGLOPHONE_ATLANTIC_CREOLE_MAROON_TERRAIN_SPECIFIC_001
CLT_ANGLOPHONE_ATLANTIC_CREOLE_MAROON,BRD_HUMAN_ANGLOPHONE_ATLANTIC_CREOLE_MAROON_SURINAMESE_CREOLE,EXACT_CULTURE,EVD_JRN_R18_B01_CLT_ANGLOPHONE_ATLANTIC_CREOLE_MAROON_PERSONALITY_ID_001 | EVD_JRN_R18_B01_CLT_ANGLOPHONE_ATLANTIC_CREOLE_MAROON_TERRAIN_BROAD_001 | EVD_JRN_R18_B01_CLT_ANGLOPHONE_ATLANTIC_CREOLE_MAROON_TERRAIN_SPECIFIC_001
CLT_ANGLOPHONE_ATLANTIC_CREOLE_MAROON,BRD_HUMAN_ANGLOPHONE_ATLANTIC_CREOLE_MAROON_TURKS_CAICOS,EXACT_CULTURE,EVD_JRN_R18_B01_CLT_ANGLOPHONE_ATLANTIC_CREOLE_MAROON_PERSONALITY_ID_001 | EVD_JRN_R18_B01_CLT_ANGLOPHONE_ATLANTIC_CREOLE_MAROON_TERRAIN_BROAD_001 | EVD_JRN_R18_B01_CLT_ANGLOPHONE_ATLANTIC_CREOLE_MAROON_TERRAIN_SPECIFIC_001
CLT_ANGLOPHONE_ATLANTIC_CREOLE_MAROON,BRD_HUMAN_ANGLOPHONE_ATLANTIC_CREOLE_MAROON_VINCENTIAN,EXACT_CULTURE,EVD_JRN_R18_B01_CLT_ANGLOPHONE_ATLANTIC_CREOLE_MAROON_PERSONALITY_ID_001 | EVD_JRN_R18_B01_CLT_ANGLOPHONE_ATLANTIC_CREOLE_MAROON_TERRAIN_BROAD_001 | EVD_JRN_R18_B01_CLT_ANGLOPHONE_ATLANTIC_CREOLE_MAROON_TERRAIN_SPECIFIC_001
CLT_ANISHINAABE,BRD_HUMAN_ANISHINAABE_ANISHINAABE,EXACT_CULTURE,EVD_JRN_R01_B02_CLT_ANISHINAABE_PERSONALITY_ID_001 | EVD_JRN_R01_B02_CLT_ANISHINAABE_TERRAIN_BROAD_001 | EVD_JRN_R01_B02_CLT_ANISHINAABE_TERRAIN_SPECIFIC_001
CLT_ARABIAN_PENINSULA_ARAB,BRD_HUMAN_ARABIAN_PENINSULA_ARAB_ARABIAN_BEDOUIN,EXACT_CULTURE,EVD_JRN_R13_B01_CLT_ARABIAN_PENINSULA_ARAB_PERSONALITY_ID_001 | EVD_JRN_R13_B01_CLT_ARABIAN_PENINSULA_ARAB_TERRAIN_BROAD_001 | EVD_JRN_R13_B01_CLT_ARABIAN_PENINSULA_ARAB_TERRAIN_SPECIFIC_001
CLT_ARABIAN_PENINSULA_ARAB,BRD_HUMAN_ARABIAN_PENINSULA_ARAB_ASIRI,EXACT_CULTURE,EVD_JRN_R13_B01_CLT_ARABIAN_PENINSULA_ARAB_PERSONALITY_ID_001 | EVD_JRN_R13_B01_CLT_ARABIAN_PENINSULA_ARAB_TERRAIN_BROAD_001 | EVD_JRN_R13_B01_CLT_ARABIAN_PENINSULA_ARAB_TERRAIN_SPECIFIC_001
CLT_ARABIAN_PENINSULA_ARAB,BRD_HUMAN_ARABIAN_PENINSULA_ARAB_BAHRANI_ARAB,EXACT_CULTURE,EVD_JRN_R13_B01_CLT_ARABIAN_PENINSULA_ARAB_PERSONALITY_ID_001 | EVD_JRN_R13_B01_CLT_ARABIAN_PENINSULA_ARAB_TERRAIN_BROAD_001 | EVD_JRN_R13_B01_CLT_ARABIAN_PENINSULA_ARAB_TERRAIN_SPECIFIC_001
CLT_ARABIAN_PENINSULA_ARAB,BRD_HUMAN_ARABIAN_PENINSULA_ARAB_BEDOUIN,EXACT_CULTURE,EVD_JRN_R13_B01_CLT_ARABIAN_PENINSULA_ARAB_PERSONALITY_ID_001 | EVD_JRN_R13_B01_CLT_ARABIAN_PENINSULA_ARAB_TERRAIN_BROAD_001 | EVD_JRN_R13_B01_CLT_ARABIAN_PENINSULA_ARAB_TERRAIN_SPECIFIC_001
CLT_ARABIAN_PENINSULA_ARAB,BRD_HUMAN_ARABIAN_PENINSULA_ARAB_DHOFARI_ARAB,EXACT_CULTURE,EVD_JRN_R13_B01_CLT_ARABIAN_PENINSULA_ARAB_PERSONALITY_ID_001 | EVD_JRN_R13_B01_CLT_ARABIAN_PENINSULA_ARAB_TERRAIN_BROAD_001 | EVD_JRN_R13_B01_CLT_ARABIAN_PENINSULA_ARAB_TERRAIN_SPECIFIC_001
CLT_ARABIAN_PENINSULA_ARAB,BRD_HUMAN_ARABIAN_PENINSULA_ARAB_EMIRATI_ARAB,EXACT_CULTURE,EVD_JRN_R13_B01_CLT_ARABIAN_PENINSULA_ARAB_PERSONALITY_ID_001 | EVD_JRN_R13_B01_CLT_ARABIAN_PENINSULA_ARAB_TERRAIN_BROAD_001 | EVD_JRN_R13_B01_CLT_ARABIAN_PENINSULA_ARAB_TERRAIN_SPECIFIC_001
CLT_ARABIAN_PENINSULA_ARAB,BRD_HUMAN_ARABIAN_PENINSULA_ARAB_GULF_ARAB,EXACT_CULTURE,EVD_JRN_R13_B01_CLT_ARABIAN_PENINSULA_ARAB_PERSONALITY_ID_001 | EVD_JRN_R13_B01_CLT_ARABIAN_PENINSULA_ARAB_TERRAIN_BROAD_001 | EVD_JRN_R13_B01_CLT_ARABIAN_PENINSULA_ARAB_TERRAIN_SPECIFIC_001
CLT_ARABIAN_PENINSULA_ARAB,BRD_HUMAN_ARABIAN_PENINSULA_ARAB_HADHRAMI,EXACT_CULTURE,EVD_JRN_R13_B01_CLT_ARABIAN_PENINSULA_ARAB_PERSONALITY_ID_001 | EVD_JRN_R13_B01_CLT_ARABIAN_PENINSULA_ARAB_TERRAIN_BROAD_001 | EVD_JRN_R13_B01_CLT_ARABIAN_PENINSULA_ARAB_TERRAIN_SPECIFIC_001
CLT_ARABIAN_PENINSULA_ARAB,BRD_HUMAN_ARABIAN_PENINSULA_ARAB_HEJAZI,EXACT_CULTURE,EVD_JRN_R13_B01_CLT_ARABIAN_PENINSULA_ARAB_PERSONALITY_ID_001 | EVD_JRN_R13_B01_CLT_ARABIAN_PENINSULA_ARAB_TERRAIN_BROAD_001 | EVD_JRN_R13_B01_CLT_ARABIAN_PENINSULA_ARAB_TERRAIN_SPECIFIC_001
CLT_ARABIAN_PENINSULA_ARAB,BRD_HUMAN_ARABIAN_PENINSULA_ARAB_KHUZESTANI_ARAB,EXACT_CULTURE,EVD_JRN_R13_B01_CLT_ARABIAN_PENINSULA_ARAB_PERSONALITY_ID_001 | EVD_JRN_R13_B01_CLT_ARABIAN_PENINSULA_ARAB_TERRAIN_BROAD_001 | EVD_JRN_R13_B01_CLT_ARABIAN_PENINSULA_ARAB_TERRAIN_SPECIFIC_001
CLT_ARABIAN_PENINSULA_ARAB,BRD_HUMAN_ARABIAN_PENINSULA_ARAB_KUWAITI_ARAB,EXACT_CULTURE,EVD_JRN_R13_B01_CLT_ARABIAN_PENINSULA_ARAB_PERSONALITY_ID_001 | EVD_JRN_R13_B01_CLT_ARABIAN_PENINSULA_ARAB_TERRAIN_BROAD_001 | EVD_JRN_R13_B01_CLT_ARABIAN_PENINSULA_ARAB_TERRAIN_SPECIFIC_001
CLT_ARABIAN_PENINSULA_ARAB,BRD_HUMAN_ARABIAN_PENINSULA_ARAB_NAJDI,EXACT_CULTURE,EVD_JRN_R13_B01_CLT_ARABIAN_PENINSULA_ARAB_PERSONALITY_ID_001 | EVD_JRN_R13_B01_CLT_ARABIAN_PENINSULA_ARAB_TERRAIN_BROAD_001 | EVD_JRN_R13_B01_CLT_ARABIAN_PENINSULA_ARAB_TERRAIN_SPECIFIC_001
CLT_ARABIAN_PENINSULA_ARAB,BRD_HUMAN_ARABIAN_PENINSULA_ARAB_OMANI,EXACT_CULTURE,EVD_JRN_R13_B01_CLT_ARABIAN_PENINSULA_ARAB_PERSONALITY_ID_001 | EVD_JRN_R13_B01_CLT_ARABIAN_PENINSULA_ARAB_TERRAIN_BROAD_001 | EVD_JRN_R13_B01_CLT_ARABIAN_PENINSULA_ARAB_TERRAIN_SPECIFIC_001
CLT_ARABIAN_PENINSULA_ARAB,BRD_HUMAN_ARABIAN_PENINSULA_ARAB_OMANI_ARAB,EXACT_CULTURE,EVD_JRN_R13_B01_CLT_ARABIAN_PENINSULA_ARAB_PERSONALITY_ID_001 | EVD_JRN_R13_B01_CLT_ARABIAN_PENINSULA_ARAB_TERRAIN_BROAD_001 | EVD_JRN_R13_B01_CLT_ARABIAN_PENINSULA_ARAB_TERRAIN_SPECIFIC_001
CLT_ARABIAN_PENINSULA_ARAB,BRD_HUMAN_ARABIAN_PENINSULA_ARAB_QATARI_ARAB,EXACT_CULTURE,EVD_JRN_R13_B01_CLT_ARABIAN_PENINSULA_ARAB_PERSONALITY_ID_001 | EVD_JRN_R13_B01_CLT_ARABIAN_PENINSULA_ARAB_TERRAIN_BROAD_001 | EVD_JRN_R13_B01_CLT_ARABIAN_PENINSULA_ARAB_TERRAIN_SPECIFIC_001
CLT_ARABIAN_PENINSULA_ARAB,BRD_HUMAN_ARABIAN_PENINSULA_ARAB_SOCOTRI,EXACT_CULTURE,EVD_JRN_R13_B01_CLT_ARABIAN_PENINSULA_ARAB_PERSONALITY_ID_001 | EVD_JRN_R13_B01_CLT_ARABIAN_PENINSULA_ARAB_TERRAIN_BROAD_001 | EVD_JRN_R13_B01_CLT_ARABIAN_PENINSULA_ARAB_TERRAIN_SPECIFIC_001
CLT_ARABIAN_PENINSULA_ARAB,BRD_HUMAN_ARABIAN_PENINSULA_ARAB_YEMENI_ARAB,EXACT_CULTURE,EVD_JRN_R13_B01_CLT_ARABIAN_PENINSULA_ARAB_PERSONALITY_ID_001 | EVD_JRN_R13_B01_CLT_ARABIAN_PENINSULA_ARAB_TERRAIN_BROAD_001 | EVD_JRN_R13_B01_CLT_ARABIAN_PENINSULA_ARAB_TERRAIN_SPECIFIC_001
CLT_ASSYRIAN_SYRIAC,BRD_HUMAN_ASSYRIAN_SYRIAC_ASSYRIAN_ARMENIAN,EXACT_CULTURE,EVD_JRN_R13_B01_CLT_ASSYRIAN_SYRIAC_PERSONALITY_ID_001 | EVD_JRN_R13_B01_CLT_ASSYRIAN_SYRIAC_TERRAIN_BROAD_001 | EVD_JRN_R13_B01_CLT_ASSYRIAN_SYRIAC_TERRAIN_SPECIFIC_001
CLT_ASSYRIAN_SYRIAC,BRD_HUMAN_ASSYRIAN_SYRIAC_ASSYRIAN_SYRIAC,EXACT_CULTURE,EVD_JRN_R13_B01_CLT_ASSYRIAN_SYRIAC_PERSONALITY_ID_001 | EVD_JRN_R13_B01_CLT_ASSYRIAN_SYRIAC_TERRAIN_BROAD_001 | EVD_JRN_R13_B01_CLT_ASSYRIAN_SYRIAC_TERRAIN_SPECIFIC_001
CLT_ASSYRIAN_SYRIAC,BRD_HUMAN_ASSYRIAN_SYRIAC_MARONITE_SYRIAC,EXACT_CULTURE,EVD_JRN_R13_B01_CLT_ASSYRIAN_SYRIAC_PERSONALITY_ID_001 | EVD_JRN_R13_B01_CLT_ASSYRIAN_SYRIAC_TERRAIN_BROAD_001 | EVD_JRN_R13_B01_CLT_ASSYRIAN_SYRIAC_TERRAIN_SPECIFIC_001
CLT_ATLANTIS,BRD_HUMAN_ATLANTIS_ATLANTIS,EXACT_CULTURE,EVD_JRN_R21_B01_CLT_ATLANTIS_PERSONALITY_ID_001 | EVD_JRN_R21_B01_CLT_ATLANTIS_TERRAIN_BROAD_001 | EVD_JRN_R21_B01_CLT_ATLANTIS_TERRAIN_SPECIFIC_001
CLT_ENGLISH_ANGLO,BRD_HUMAN_AUSTRALIAN,EXACT_CULTURE,EVD_JRN_R03_B01_CLT_ENGLISH_ANGLO_PERSONALITY_ID_001 | EVD_JRN_R03_B01_CLT_ENGLISH_ANGLO_TERRAIN_BROAD_001 | EVD_JRN_R03_B01_CLT_ENGLISH_ANGLO_TERRAIN_SPECIFIC_001
CLT_AVALON,BRD_HUMAN_AVALON_AVALON,EXACT_CULTURE,EVD_JRN_R21_B01_CLT_AVALON_PERSONALITY_ID_001 | EVD_JRN_R21_B01_CLT_AVALON_TERRAIN_BROAD_001 | EVD_JRN_R21_B01_CLT_AVALON_TERRAIN_SPECIFIC_001
CLT_AVALON,BRD_HUMAN_AVALON_CORNISH,EXACT_CULTURE,EVD_JRN_R21_B01_CLT_AVALON_PERSONALITY_ID_001 | EVD_JRN_R21_B01_CLT_AVALON_TERRAIN_BROAD_001 | EVD_JRN_R21_B01_CLT_AVALON_TERRAIN_SPECIFIC_001
CLT_AYMARA_TIWANAKU,BRD_HUMAN_AYMARA_TIWANAKU_AYMARA,EXACT_CULTURE,EVD_JRN_R23_B01_CLT_AYMARA_TIWANAKU_PERSONALITY_ID_001 | EVD_JRN_R23_B01_CLT_AYMARA_TIWANAKU_TERRAIN_BROAD_001 | EVD_JRN_R23_B01_CLT_AYMARA_TIWANAKU_TERRAIN_SPECIFIC_001
CLT_AYMARA_TIWANAKU,BRD_HUMAN_AYMARA_TIWANAKU_TIWANAKU,EXACT_CULTURE,EVD_JRN_R23_B01_CLT_AYMARA_TIWANAKU_PERSONALITY_ID_001 | EVD_JRN_R23_B01_CLT_AYMARA_TIWANAKU_TERRAIN_BROAD_001 | EVD_JRN_R23_B01_CLT_AYMARA_TIWANAKU_TERRAIN_SPECIFIC_001
CLT_BALINESE,BRD_HUMAN_BALINESE_BALINESE,EXACT_CULTURE,EVD_JRN_R16_B01_CLT_BALINESE_PERSONALITY_ID_001 | EVD_JRN_R16_B01_CLT_BALINESE_TERRAIN_BROAD_001 | EVD_JRN_R16_B01_CLT_BALINESE_TERRAIN_SPECIFIC_001
CLT_BALTIC,BRD_HUMAN_BALTIC_LATVIAN,EXACT_CULTURE,EVD_JRN_R07_B01_CLT_BALTIC_PERSONALITY_ID_001 | EVD_JRN_R07_B01_CLT_BALTIC_TERRAIN_BROAD_001 | EVD_JRN_R07_B01_CLT_BALTIC_TERRAIN_SPECIFIC_001
CLT_BALTIC,BRD_HUMAN_BALTIC_LITHUANIAN,EXACT_CULTURE,EVD_JRN_R07_B01_CLT_BALTIC_PERSONALITY_ID_001 | EVD_JRN_R07_B01_CLT_BALTIC_TERRAIN_BROAD_001 | EVD_JRN_R07_B01_CLT_BALTIC_TERRAIN_SPECIFIC_001
CLT_BENGALI,BRD_HUMAN_BANGLADESHI,EXACT_CULTURE,EVD_JRN_R15_B01_CLT_BENGALI_PERSONALITY_ID_001 | EVD_JRN_R15_B01_CLT_BENGALI_TERRAIN_BROAD_001 | EVD_JRN_R15_B01_CLT_BENGALI_TERRAIN_SPECIFIC_001
CLT_BASQUE,BRD_HUMAN_BASQUE_BASQUE,EXACT_CULTURE,EVD_JRN_R07_B01_CLT_BASQUE_PERSONALITY_ID_001 | EVD_JRN_R07_B01_CLT_BASQUE_TERRAIN_BROAD_001 | EVD_JRN_R07_B01_CLT_BASQUE_TERRAIN_SPECIFIC_001
CLT_GERMAN_DUTCH_FLEMISH_CONTINENTAL_WEST_GERMANIC,BRD_HUMAN_BELGIAN,EXACT_CULTURE,EVD_JRN_R07_B01_CLT_GERMAN_DUTCH_FLEMISH_CONTINENTAL_WEST_GERMANIC_PERSONALITY_ID_001 | EVD_JRN_R07_B01_CLT_GERMAN_DUTCH_FLEMISH_CONTINENTAL_WEST_GERMANIC_TERRAIN_BROAD_001 | EVD_JRN_R07_B01_CLT_GERMAN_DUTCH_FLEMISH_CONTINENTAL_WEST_GERMANIC_TERRAIN_SPECIFIC_001
CLT_BENGALI,BRD_HUMAN_BENGALI_BENGALI,EXACT_CULTURE,EVD_JRN_R15_B01_CLT_BENGALI_PERSONALITY_ID_001 | EVD_JRN_R15_B01_CLT_BENGALI_TERRAIN_BROAD_001 | EVD_JRN_R15_B01_CLT_BENGALI_TERRAIN_SPECIFIC_001
CLT_SOUTHERN_AFRICAN_BANTU_NGUNI_SOTHO_TSWANA,BRD_HUMAN_BLACK_SOUTH_AFRICAN,EXACT_CULTURE,EVD_JRN_R18_B01_CLT_SOUTHERN_AFRICAN_BANTU_NGUNI_SOTHO_TSWANA_PERSONALITY_ID_001 | EVD_JRN_R18_B01_CLT_SOUTHERN_AFRICAN_BANTU_NGUNI_SOTHO_TSWANA_TERRAIN_BROAD_001 | EVD_JRN_R18_B01_CLT_SOUTHERN_AFRICAN_BANTU_NGUNI_SOTHO_TSWANA_TERRAIN_SPECIFIC_001
CLT_IBERIAN_ATLANTIC_PORTUGUESE_CREOLE,BRD_HUMAN_BRAZILIAN,EXACT_CULTURE,EVD_JRN_R21_B01_CLT_IBERIAN_ATLANTIC_PORTUGUESE_CREOLE_PERSONALITY_ID_001 | EVD_JRN_R21_B01_CLT_IBERIAN_ATLANTIC_PORTUGUESE_CREOLE_TERRAIN_BROAD_001 | EVD_JRN_R21_B01_CLT_IBERIAN_ATLANTIC_PORTUGUESE_CREOLE_TERRAIN_SPECIFIC_001
CLT_ENGLISH_ANGLO,BRD_HUMAN_CANADIAN,EXACT_CULTURE,EVD_JRN_R03_B01_CLT_ENGLISH_ANGLO_PERSONALITY_ID_001 | EVD_JRN_R03_B01_CLT_ENGLISH_ANGLO_TERRAIN_BROAD_001 | EVD_JRN_R03_B01_CLT_ENGLISH_ANGLO_TERRAIN_SPECIFIC_001
CLT_METIS,BRD_HUMAN_CANADIAN_SETTLER_INDIGENOUS_MIXED,EXACT_CULTURE,EVD_JRN_R21_B01_CLT_METIS_PERSONALITY_ID_001 | EVD_JRN_R21_B01_CLT_METIS_TERRAIN_BROAD_001 | EVD_JRN_R21_B01_CLT_METIS_TERRAIN_SPECIFIC_001
CLT_CARIBBEAN_INDIGENOUS_TAINO,BRD_HUMAN_CARIBBEAN_INDIGENOUS_TAINO_ARAWAK_CARIB,EXACT_CULTURE,EVD_JRN_R24_B01_CLT_CARIBBEAN_INDIGENOUS_TAINO_PERSONALITY_ID_001 | EVD_JRN_R24_B01_CLT_CARIBBEAN_INDIGENOUS_TAINO_TERRAIN_BROAD_001 | EVD_JRN_R24_B01_CLT_CARIBBEAN_INDIGENOUS_TAINO_TERRAIN_SPECIFIC_001
CLT_CARIBBEAN_INDIGENOUS_TAINO,BRD_HUMAN_CARIBBEAN_INDIGENOUS_TAINO_BRIBRI_CABECAR,EXACT_CULTURE,EVD_JRN_R24_B01_CLT_CARIBBEAN_INDIGENOUS_TAINO_PERSONALITY_ID_001 | EVD_JRN_R24_B01_CLT_CARIBBEAN_INDIGENOUS_TAINO_TERRAIN_BROAD_001 | EVD_JRN_R24_B01_CLT_CARIBBEAN_INDIGENOUS_TAINO_TERRAIN_SPECIFIC_001
CLT_CARIBBEAN_INDIGENOUS_TAINO,BRD_HUMAN_CARIBBEAN_INDIGENOUS_TAINO_GUNA_EMBERA,EXACT_CULTURE,EVD_JRN_R24_B01_CLT_CARIBBEAN_INDIGENOUS_TAINO_PERSONALITY_ID_001 | EVD_JRN_R24_B01_CLT_CARIBBEAN_INDIGENOUS_TAINO_TERRAIN_BROAD_001 | EVD_JRN_R24_B01_CLT_CARIBBEAN_INDIGENOUS_TAINO_TERRAIN_SPECIFIC_001
CLT_CARIBBEAN_INDIGENOUS_TAINO,BRD_HUMAN_CARIBBEAN_INDIGENOUS_TAINO_MISKITO,EXACT_CULTURE,EVD_JRN_R24_B01_CLT_CARIBBEAN_INDIGENOUS_TAINO_PERSONALITY_ID_001 | EVD_JRN_R24_B01_CLT_CARIBBEAN_INDIGENOUS_TAINO_TERRAIN_BROAD_001 | EVD_JRN_R24_B01_CLT_CARIBBEAN_INDIGENOUS_TAINO_TERRAIN_SPECIFIC_001
CLT_CARIBBEAN_INDIGENOUS_TAINO,BRD_HUMAN_CARIBBEAN_INDIGENOUS_TAINO_TAINO,EXACT_CULTURE,EVD_JRN_R24_B01_CLT_CARIBBEAN_INDIGENOUS_TAINO_PERSONALITY_ID_001 | EVD_JRN_R24_B01_CLT_CARIBBEAN_INDIGENOUS_TAINO_TERRAIN_BROAD_001 | EVD_JRN_R24_B01_CLT_CARIBBEAN_INDIGENOUS_TAINO_TERRAIN_SPECIFIC_001
CLT_CATALAN,BRD_HUMAN_CATALAN_CATALAN,EXACT_CULTURE,EVD_JRN_R11_B01_CLT_CATALAN_PERSONALITY_ID_001 | EVD_JRN_R11_B01_CLT_CATALAN_TERRAIN_BROAD_001 | EVD_JRN_R11_B01_CLT_CATALAN_TERRAIN_SPECIFIC_001
CLT_CAUCASUS_HIGHLAND_GEORGIAN_NORTH_CAUCASIAN,BRD_HUMAN_CAUCASUS_HIGHLAND_GEORGIAN_NORTH_CAUCASIAN_GEORGIAN,EXACT_CULTURE,EVD_JRN_R15_B01_CLT_CAUCASUS_HIGHLAND_GEORGIAN_NORTH_CAUCASIAN_PERSONALITY_ID_001 | EVD_JRN_R15_B01_CLT_CAUCASUS_HIGHLAND_GEORGIAN_NORTH_CAUCASIAN_TERRAIN_BROAD_001 | EVD_JRN_R15_B01_CLT_CAUCASUS_HIGHLAND_GEORGIAN_NORTH_CAUCASIAN_TERRAIN_SPECIFIC_001
CLT_CAUCASUS_HIGHLAND_GEORGIAN_NORTH_CAUCASIAN,BRD_HUMAN_CAUCASUS_HIGHLAND_GEORGIAN_NORTH_CAUCASIAN_LAZ_GEORGIAN,EXACT_CULTURE,EVD_JRN_R15_B01_CLT_CAUCASUS_HIGHLAND_GEORGIAN_NORTH_CAUCASIAN_PERSONALITY_ID_001 | EVD_JRN_R15_B01_CLT_CAUCASUS_HIGHLAND_GEORGIAN_NORTH_CAUCASIAN_TERRAIN_BROAD_001 | EVD_JRN_R15_B01_CLT_CAUCASUS_HIGHLAND_GEORGIAN_NORTH_CAUCASIAN_TERRAIN_SPECIFIC_001
CLT_CAUCASUS_HIGHLAND_GEORGIAN_NORTH_CAUCASIAN,BRD_HUMAN_CAUCASUS_HIGHLAND_GEORGIAN_NORTH_CAUCASIAN_LEZGIN,EXACT_CULTURE,EVD_JRN_R15_B01_CLT_CAUCASUS_HIGHLAND_GEORGIAN_NORTH_CAUCASIAN_PERSONALITY_ID_001 | EVD_JRN_R15_B01_CLT_CAUCASUS_HIGHLAND_GEORGIAN_NORTH_CAUCASIAN_TERRAIN_BROAD_001 | EVD_JRN_R15_B01_CLT_CAUCASUS_HIGHLAND_GEORGIAN_NORTH_CAUCASIAN_TERRAIN_SPECIFIC_001
CLT_CAUCASUS_HIGHLAND_GEORGIAN_NORTH_CAUCASIAN,BRD_HUMAN_CAUCASUS_HIGHLAND_GEORGIAN_NORTH_CAUCASIAN_NORTH_CAUCASIAN,EXACT_CULTURE,EVD_JRN_R15_B01_CLT_CAUCASUS_HIGHLAND_GEORGIAN_NORTH_CAUCASIAN_PERSONALITY_ID_001 | EVD_JRN_R15_B01_CLT_CAUCASUS_HIGHLAND_GEORGIAN_NORTH_CAUCASIAN_TERRAIN_BROAD_001 | EVD_JRN_R15_B01_CLT_CAUCASUS_HIGHLAND_GEORGIAN_NORTH_CAUCASIAN_TERRAIN_SPECIFIC_001
CLT_CENTRAL_AND_GREAT_LAKES_AFRICAN_KONGO_BANTU_TWA,BRD_HUMAN_CENTRAL_AND_GREAT_LAKES_AFRICAN_KONGO_BANTU_TWA_BAGANDA,EXACT_CULTURE,EVD_JRN_R17_B01_CLT_CENTRAL_AND_GREAT_LAKES_AFRICAN_KONGO_BANTU_TWA_PERSONALITY_ID_001 | EVD_JRN_R17_B01_CLT_CENTRAL_AND_GREAT_LAKES_AFRICAN_KONGO_BANTU_TWA_TERRAIN_BROAD_001 | EVD_JRN_R17_B01_CLT_CENTRAL_AND_GREAT_LAKES_AFRICAN_KONGO_BANTU_TWA_TERRAIN_SPECIFIC_001
CLT_CENTRAL_AND_GREAT_LAKES_AFRICAN_KONGO_BANTU_TWA,BRD_HUMAN_CENTRAL_AND_GREAT_LAKES_AFRICAN_KONGO_BANTU_TWA_BAKONGO,EXACT_CULTURE,EVD_JRN_R17_B01_CLT_CENTRAL_AND_GREAT_LAKES_AFRICAN_KONGO_BANTU_TWA_PERSONALITY_ID_001 | EVD_JRN_R17_B01_CLT_CENTRAL_AND_GREAT_LAKES_AFRICAN_KONGO_BANTU_TWA_TERRAIN_BROAD_001 | EVD_JRN_R17_B01_CLT_CENTRAL_AND_GREAT_LAKES_AFRICAN_KONGO_BANTU_TWA_TERRAIN_SPECIFIC_001
CLT_CENTRAL_AND_GREAT_LAKES_AFRICAN_KONGO_BANTU_TWA,BRD_HUMAN_CENTRAL_AND_GREAT_LAKES_AFRICAN_KONGO_BANTU_TWA_BAMILEKE,EXACT_CULTURE,EVD_JRN_R17_B01_CLT_CENTRAL_AND_GREAT_LAKES_AFRICAN_KONGO_BANTU_TWA_PERSONALITY_ID_001 | EVD_JRN_R17_B01_CLT_CENTRAL_AND_GREAT_LAKES_AFRICAN_KONGO_BANTU_TWA_TERRAIN_BROAD_001 | EVD_JRN_R17_B01_CLT_CENTRAL_AND_GREAT_LAKES_AFRICAN_KONGO_BANTU_TWA_TERRAIN_SPECIFIC_001
CLT_CENTRAL_AND_GREAT_LAKES_AFRICAN_KONGO_BANTU_TWA,BRD_HUMAN_CENTRAL_AND_GREAT_LAKES_AFRICAN_KONGO_BANTU_TWA_BANYANKOLE_BUNYORO,EXACT_CULTURE,EVD_JRN_R17_B01_CLT_CENTRAL_AND_GREAT_LAKES_AFRICAN_KONGO_BANTU_TWA_PERSONALITY_ID_001 | EVD_JRN_R17_B01_CLT_CENTRAL_AND_GREAT_LAKES_AFRICAN_KONGO_BANTU_TWA_TERRAIN_BROAD_001 | EVD_JRN_R17_B01_CLT_CENTRAL_AND_GREAT_LAKES_AFRICAN_KONGO_BANTU_TWA_TERRAIN_SPECIFIC_001
CLT_CENTRAL_AND_GREAT_LAKES_AFRICAN_KONGO_BANTU_TWA,BRD_HUMAN_CENTRAL_AND_GREAT_LAKES_AFRICAN_KONGO_BANTU_TWA_BETI_FANG,EXACT_CULTURE,EVD_JRN_R17_B01_CLT_CENTRAL_AND_GREAT_LAKES_AFRICAN_KONGO_BANTU_TWA_PERSONALITY_ID_001 | EVD_JRN_R17_B01_CLT_CENTRAL_AND_GREAT_LAKES_AFRICAN_KONGO_BANTU_TWA_TERRAIN_BROAD_001 | EVD_JRN_R17_B01_CLT_CENTRAL_AND_GREAT_LAKES_AFRICAN_KONGO_BANTU_TWA_TERRAIN_SPECIFIC_001
CLT_CENTRAL_AND_GREAT_LAKES_AFRICAN_KONGO_BANTU_TWA,BRD_HUMAN_CENTRAL_AND_GREAT_LAKES_AFRICAN_KONGO_BANTU_TWA_BUBI,EXACT_CULTURE,EVD_JRN_R17_B01_CLT_CENTRAL_AND_GREAT_LAKES_AFRICAN_KONGO_BANTU_TWA_PERSONALITY_ID_001 | EVD_JRN_R17_B01_CLT_CENTRAL_AND_GREAT_LAKES_AFRICAN_KONGO_BANTU_TWA_TERRAIN_BROAD_001 | EVD_JRN_R17_B01_CLT_CENTRAL_AND_GREAT_LAKES_AFRICAN_KONGO_BANTU_TWA_TERRAIN_SPECIFIC_001
CLT_CENTRAL_AND_GREAT_LAKES_AFRICAN_KONGO_BANTU_TWA,BRD_HUMAN_CENTRAL_AND_GREAT_LAKES_AFRICAN_KONGO_BANTU_TWA_EQUATORIAN_BANTU,EXACT_CULTURE,EVD_JRN_R17_B01_CLT_CENTRAL_AND_GREAT_LAKES_AFRICAN_KONGO_BANTU_TWA_PERSONALITY_ID_001 | EVD_JRN_R17_B01_CLT_CENTRAL_AND_GREAT_LAKES_AFRICAN_KONGO_BANTU_TWA_TERRAIN_BROAD_001 | EVD_JRN_R17_B01_CLT_CENTRAL_AND_GREAT_LAKES_AFRICAN_KONGO_BANTU_TWA_TERRAIN_SPECIFIC_001
CLT_CENTRAL_AND_GREAT_LAKES_AFRICAN_KONGO_BANTU_TWA,BRD_HUMAN_CENTRAL_AND_GREAT_LAKES_AFRICAN_KONGO_BANTU_TWA_FANG,EXACT_CULTURE,EVD_JRN_R17_B01_CLT_CENTRAL_AND_GREAT_LAKES_AFRICAN_KONGO_BANTU_TWA_PERSONALITY_ID_001 | EVD_JRN_R17_B01_CLT_CENTRAL_AND_GREAT_LAKES_AFRICAN_KONGO_BANTU_TWA_TERRAIN_BROAD_001 | EVD_JRN_R17_B01_CLT_CENTRAL_AND_GREAT_LAKES_AFRICAN_KONGO_BANTU_TWA_TERRAIN_SPECIFIC_001
CLT_CENTRAL_AND_GREAT_LAKES_AFRICAN_KONGO_BANTU_TWA,BRD_HUMAN_CENTRAL_AND_GREAT_LAKES_AFRICAN_KONGO_BANTU_TWA_FOREST_PEOPLES,EXACT_CULTURE,EVD_JRN_R17_B01_CLT_CENTRAL_AND_GREAT_LAKES_AFRICAN_KONGO_BANTU_TWA_PERSONALITY_ID_001 | EVD_JRN_R17_B01_CLT_CENTRAL_AND_GREAT_LAKES_AFRICAN_KONGO_BANTU_TWA_TERRAIN_BROAD_001 | EVD_JRN_R17_B01_CLT_CENTRAL_AND_GREAT_LAKES_AFRICAN_KONGO_BANTU_TWA_TERRAIN_SPECIFIC_001
CLT_CENTRAL_AND_GREAT_LAKES_AFRICAN_KONGO_BANTU_TWA,BRD_HUMAN_CENTRAL_AND_GREAT_LAKES_AFRICAN_KONGO_BANTU_TWA_GBAYA_BANDA,EXACT_CULTURE,EVD_JRN_R17_B01_CLT_CENTRAL_AND_GREAT_LAKES_AFRICAN_KONGO_BANTU_TWA_PERSONALITY_ID_001 | EVD_JRN_R17_B01_CLT_CENTRAL_AND_GREAT_LAKES_AFRICAN_KONGO_BANTU_TWA_TERRAIN_BROAD_001 | EVD_JRN_R17_B01_CLT_CENTRAL_AND_GREAT_LAKES_AFRICAN_KONGO_BANTU_TWA_TERRAIN_SPECIFIC_001
CLT_CENTRAL_AND_GREAT_LAKES_AFRICAN_KONGO_BANTU_TWA,BRD_HUMAN_CENTRAL_AND_GREAT_LAKES_AFRICAN_KONGO_BANTU_TWA_HUTU_TUTSI,EXACT_CULTURE,EVD_JRN_R17_B01_CLT_CENTRAL_AND_GREAT_LAKES_AFRICAN_KONGO_BANTU_TWA_PERSONALITY_ID_001 | EVD_JRN_R17_B01_CLT_CENTRAL_AND_GREAT_LAKES_AFRICAN_KONGO_BANTU_TWA_TERRAIN_BROAD_001 | EVD_JRN_R17_B01_CLT_CENTRAL_AND_GREAT_LAKES_AFRICAN_KONGO_BANTU_TWA_TERRAIN_SPECIFIC_001
CLT_CENTRAL_AND_GREAT_LAKES_AFRICAN_KONGO_BANTU_TWA,BRD_HUMAN_CENTRAL_AND_GREAT_LAKES_AFRICAN_KONGO_BANTU_TWA_KINYARWANDA_KIRUNDI,EXACT_CULTURE,EVD_JRN_R17_B01_CLT_CENTRAL_AND_GREAT_LAKES_AFRICAN_KONGO_BANTU_TWA_PERSONALITY_ID_001 | EVD_JRN_R17_B01_CLT_CENTRAL_AND_GREAT_LAKES_AFRICAN_KONGO_BANTU_TWA_TERRAIN_BROAD_001 | EVD_JRN_R17_B01_CLT_CENTRAL_AND_GREAT_LAKES_AFRICAN_KONGO_BANTU_TWA_TERRAIN_SPECIFIC_001
CLT_CENTRAL_AND_GREAT_LAKES_AFRICAN_KONGO_BANTU_TWA,BRD_HUMAN_CENTRAL_AND_GREAT_LAKES_AFRICAN_KONGO_BANTU_TWA_KONGO,EXACT_CULTURE,EVD_JRN_R17_B01_CLT_CENTRAL_AND_GREAT_LAKES_AFRICAN_KONGO_BANTU_TWA_PERSONALITY_ID_001 | EVD_JRN_R17_B01_CLT_CENTRAL_AND_GREAT_LAKES_AFRICAN_KONGO_BANTU_TWA_TERRAIN_BROAD_001 | EVD_JRN_R17_B01_CLT_CENTRAL_AND_GREAT_LAKES_AFRICAN_KONGO_BANTU_TWA_TERRAIN_SPECIFIC_001
CLT_CENTRAL_AND_GREAT_LAKES_AFRICAN_KONGO_BANTU_TWA,BRD_HUMAN_CENTRAL_AND_GREAT_LAKES_AFRICAN_KONGO_BANTU_TWA_KONGO_TEKE,EXACT_CULTURE,EVD_JRN_R17_B01_CLT_CENTRAL_AND_GREAT_LAKES_AFRICAN_KONGO_BANTU_TWA_PERSONALITY_ID_001 | EVD_JRN_R17_B01_CLT_CENTRAL_AND_GREAT_LAKES_AFRICAN_KONGO_BANTU_TWA_TERRAIN_BROAD_001 | EVD_JRN_R17_B01_CLT_CENTRAL_AND_GREAT_LAKES_AFRICAN_KONGO_BANTU_TWA_TERRAIN_SPECIFIC_001
CLT_CENTRAL_AND_GREAT_LAKES_AFRICAN_KONGO_BANTU_TWA,BRD_HUMAN_CENTRAL_AND_GREAT_LAKES_AFRICAN_KONGO_BANTU_TWA_LUBA_LUNDA,EXACT_CULTURE,EVD_JRN_R17_B01_CLT_CENTRAL_AND_GREAT_LAKES_AFRICAN_KONGO_BANTU_TWA_PERSONALITY_ID_001 | EVD_JRN_R17_B01_CLT_CENTRAL_AND_GREAT_LAKES_AFRICAN_KONGO_BANTU_TWA_TERRAIN_BROAD_001 | EVD_JRN_R17_B01_CLT_CENTRAL_AND_GREAT_LAKES_AFRICAN_KONGO_BANTU_TWA_TERRAIN_SPECIFIC_001
CLT_CENTRAL_AND_GREAT_LAKES_AFRICAN_KONGO_BANTU_TWA,BRD_HUMAN_CENTRAL_AND_GREAT_LAKES_AFRICAN_KONGO_BANTU_TWA_MBUNDU_OVIMBUNDU,EXACT_CULTURE,EVD_JRN_R17_B01_CLT_CENTRAL_AND_GREAT_LAKES_AFRICAN_KONGO_BANTU_TWA_PERSONALITY_ID_001 | EVD_JRN_R17_B01_CLT_CENTRAL_AND_GREAT_LAKES_AFRICAN_KONGO_BANTU_TWA_TERRAIN_BROAD_001 | EVD_JRN_R17_B01_CLT_CENTRAL_AND_GREAT_LAKES_AFRICAN_KONGO_BANTU_TWA_TERRAIN_SPECIFIC_001
CLT_CENTRAL_AND_GREAT_LAKES_AFRICAN_KONGO_BANTU_TWA,BRD_HUMAN_CENTRAL_AND_GREAT_LAKES_AFRICAN_KONGO_BANTU_TWA_MYENE,EXACT_CULTURE,EVD_JRN_R17_B01_CLT_CENTRAL_AND_GREAT_LAKES_AFRICAN_KONGO_BANTU_TWA_PERSONALITY_ID_001 | EVD_JRN_R17_B01_CLT_CENTRAL_AND_GREAT_LAKES_AFRICAN_KONGO_BANTU_TWA_TERRAIN_BROAD_001 | EVD_JRN_R17_B01_CLT_CENTRAL_AND_GREAT_LAKES_AFRICAN_KONGO_BANTU_TWA_TERRAIN_SPECIFIC_001
CLT_CENTRAL_AND_GREAT_LAKES_AFRICAN_KONGO_BANTU_TWA,BRD_HUMAN_CENTRAL_AND_GREAT_LAKES_AFRICAN_KONGO_BANTU_TWA_TWA,EXACT_CULTURE,EVD_JRN_R17_B01_CLT_CENTRAL_AND_GREAT_LAKES_AFRICAN_KONGO_BANTU_TWA_PERSONALITY_ID_001 | EVD_JRN_R17_B01_CLT_CENTRAL_AND_GREAT_LAKES_AFRICAN_KONGO_BANTU_TWA_TERRAIN_BROAD_001 | EVD_JRN_R17_B01_CLT_CENTRAL_AND_GREAT_LAKES_AFRICAN_KONGO_BANTU_TWA_TERRAIN_SPECIFIC_001
CLT_CENTRAL_SAHARA_TOUBOU_TEBU,BRD_HUMAN_CENTRAL_SAHARA_TOUBOU_TEBU_TEBU,EXACT_CULTURE,EVD_JRN_R11_B01_CLT_CENTRAL_SAHARA_TOUBOU_TEBU_PERSONALITY_ID_001 | EVD_JRN_R11_B01_CLT_CENTRAL_SAHARA_TOUBOU_TEBU_TERRAIN_BROAD_001 | EVD_JRN_R11_B01_CLT_CENTRAL_SAHARA_TOUBOU_TEBU_TERRAIN_SPECIFIC_001
CLT_CENTRAL_SAHARA_TOUBOU_TEBU,BRD_HUMAN_CENTRAL_SAHARA_TOUBOU_TEBU_TOUBOU,EXACT_CULTURE,EVD_JRN_R11_B01_CLT_CENTRAL_SAHARA_TOUBOU_TEBU_PERSONALITY_ID_001 | EVD_JRN_R11_B01_CLT_CENTRAL_SAHARA_TOUBOU_TEBU_TERRAIN_BROAD_001 | EVD_JRN_R11_B01_CLT_CENTRAL_SAHARA_TOUBOU_TEBU_TERRAIN_SPECIFIC_001
CLT_CHAD_SUDAN_INTERIOR,BRD_HUMAN_CHAD_SUDAN_INTERIOR_CHADIAN_ARAB,EXACT_CULTURE,EVD_JRN_R14_B02_CLT_CHAD_SUDAN_INTERIOR_PERSONALITY_ID_001 | EVD_JRN_R14_B02_CLT_CHAD_SUDAN_INTERIOR_TERRAIN_BROAD_001 | EVD_JRN_R14_B02_CLT_CHAD_SUDAN_INTERIOR_TERRAIN_SPECIFIC_001
CLT_CHAD_SUDAN_INTERIOR,BRD_HUMAN_CHAD_SUDAN_INTERIOR_FUR_ZAGHAWA,EXACT_CULTURE,EVD_JRN_R14_B02_CLT_CHAD_SUDAN_INTERIOR_PERSONALITY_ID_001 | EVD_JRN_R14_B02_CLT_CHAD_SUDAN_INTERIOR_TERRAIN_BROAD_001 | EVD_JRN_R14_B02_CLT_CHAD_SUDAN_INTERIOR_TERRAIN_SPECIFIC_001
CLT_CHAD_SUDAN_INTERIOR,BRD_HUMAN_CHAD_SUDAN_INTERIOR_SARA,EXACT_CULTURE,EVD_JRN_R14_B02_CLT_CHAD_SUDAN_INTERIOR_PERSONALITY_ID_001 | EVD_JRN_R14_B02_CLT_CHAD_SUDAN_INTERIOR_TERRAIN_BROAD_001 | EVD_JRN_R14_B02_CLT_CHAD_SUDAN_INTERIOR_TERRAIN_SPECIFIC_001
CLT_CHAD_SUDAN_INTERIOR,BRD_HUMAN_CHAD_SUDAN_INTERIOR_SUDANESE_ARAB,EXACT_CULTURE,EVD_JRN_R14_B02_CLT_CHAD_SUDAN_INTERIOR_PERSONALITY_ID_001 | EVD_JRN_R14_B02_CLT_CHAD_SUDAN_INTERIOR_TERRAIN_BROAD_001 | EVD_JRN_R14_B02_CLT_CHAD_SUDAN_INTERIOR_TERRAIN_SPECIFIC_001
CLT_NORTHERN_HAN_CHINESE,BRD_HUMAN_CHINESE,EXACT_CULTURE,EVD_JRN_R08_B01_CLT_NORTHERN_HAN_CHINESE_PERSONALITY_ID_001 | EVD_JRN_R08_B01_CLT_NORTHERN_HAN_CHINESE_TERRAIN_BROAD_001 | EVD_JRN_R08_B01_CLT_NORTHERN_HAN_CHINESE_TERRAIN_SPECIFIC_001
CLT_HISPANIC_AMERICAN_MESTIZO,BRD_HUMAN_COLOMBIAN,EXACT_CULTURE,EVD_JRN_R21_B01_CLT_HISPANIC_AMERICAN_MESTIZO_PERSONALITY_ID_001 | EVD_JRN_R21_B01_CLT_HISPANIC_AMERICAN_MESTIZO_TERRAIN_BROAD_001 | EVD_JRN_R21_B01_CLT_HISPANIC_AMERICAN_MESTIZO_TERRAIN_SPECIFIC_001
CLT_CENTRAL_AND_GREAT_LAKES_AFRICAN_KONGO_BANTU_TWA,BRD_HUMAN_CONGOLESE,EXACT_CULTURE,EVD_JRN_R17_B01_CLT_CENTRAL_AND_GREAT_LAKES_AFRICAN_KONGO_BANTU_TWA_PERSONALITY_ID_001 | EVD_JRN_R17_B01_CLT_CENTRAL_AND_GREAT_LAKES_AFRICAN_KONGO_BANTU_TWA_TERRAIN_BROAD_001 | EVD_JRN_R17_B01_CLT_CENTRAL_AND_GREAT_LAKES_AFRICAN_KONGO_BANTU_TWA_TERRAIN_SPECIFIC_001
CLT_HISPANIC_AMERICAN_MESTIZO,BRD_HUMAN_CUBAN,EXACT_CULTURE,EVD_JRN_R21_B01_CLT_HISPANIC_AMERICAN_MESTIZO_PERSONALITY_ID_001 | EVD_JRN_R21_B01_CLT_HISPANIC_AMERICAN_MESTIZO_TERRAIN_BROAD_001 | EVD_JRN_R21_B01_CLT_HISPANIC_AMERICAN_MESTIZO_TERRAIN_SPECIFIC_001
CLT_DINE_NAVAJO,BRD_HUMAN_DINE_NAVAJO_DINE,EXACT_CULTURE,EVD_JRN_R01_B02_CLT_DINE_NAVAJO_PERSONALITY_ID_001 | EVD_JRN_R01_B02_CLT_DINE_NAVAJO_TERRAIN_BROAD_001 | EVD_JRN_R01_B02_CLT_DINE_NAVAJO_TERRAIN_SPECIFIC_001
CLT_DINE_NAVAJO,BRD_HUMAN_DINE_NAVAJO_DINE_NAVAJO,EXACT_CULTURE,EVD_JRN_R01_B02_CLT_DINE_NAVAJO_PERSONALITY_ID_001 | EVD_JRN_R01_B02_CLT_DINE_NAVAJO_TERRAIN_BROAD_001 | EVD_JRN_R01_B02_CLT_DINE_NAVAJO_TERRAIN_SPECIFIC_001
CLT_EAST_AFRICAN_BANTU_SWAHILI_COMORIAN,BRD_HUMAN_EAST_AFRICAN_BANTU_SWAHILI_COMORIAN_CHAGA,EXACT_CULTURE,EVD_JRN_R04_B01_CLT_EAST_AFRICAN_BANTU_SWAHILI_COMORIAN_PERSONALITY_ID_001 | EVD_JRN_R04_B01_CLT_EAST_AFRICAN_BANTU_SWAHILI_COMORIAN_TERRAIN_BROAD_001 | EVD_JRN_R04_B01_CLT_EAST_AFRICAN_BANTU_SWAHILI_COMORIAN_TERRAIN_SPECIFIC_001
CLT_EAST_AFRICAN_BANTU_SWAHILI_COMORIAN,BRD_HUMAN_EAST_AFRICAN_BANTU_SWAHILI_COMORIAN_COMORIAN,EXACT_CULTURE,EVD_JRN_R04_B01_CLT_EAST_AFRICAN_BANTU_SWAHILI_COMORIAN_PERSONALITY_ID_001 | EVD_JRN_R04_B01_CLT_EAST_AFRICAN_BANTU_SWAHILI_COMORIAN_TERRAIN_BROAD_001 | EVD_JRN_R04_B01_CLT_EAST_AFRICAN_BANTU_SWAHILI_COMORIAN_TERRAIN_SPECIFIC_001
CLT_EAST_AFRICAN_BANTU_SWAHILI_COMORIAN,BRD_HUMAN_EAST_AFRICAN_BANTU_SWAHILI_COMORIAN_KIKUYU_KAMBA,EXACT_CULTURE,EVD_JRN_R04_B01_CLT_EAST_AFRICAN_BANTU_SWAHILI_COMORIAN_PERSONALITY_ID_001 | EVD_JRN_R04_B01_CLT_EAST_AFRICAN_BANTU_SWAHILI_COMORIAN_TERRAIN_BROAD_001 | EVD_JRN_R04_B01_CLT_EAST_AFRICAN_BANTU_SWAHILI_COMORIAN_TERRAIN_SPECIFIC_001
CLT_EAST_AFRICAN_BANTU_SWAHILI_COMORIAN,BRD_HUMAN_EAST_AFRICAN_BANTU_SWAHILI_COMORIAN_MAHORAN,EXACT_CULTURE,EVD_JRN_R04_B01_CLT_EAST_AFRICAN_BANTU_SWAHILI_COMORIAN_PERSONALITY_ID_001 | EVD_JRN_R04_B01_CLT_EAST_AFRICAN_BANTU_SWAHILI_COMORIAN_TERRAIN_BROAD_001 | EVD_JRN_R04_B01_CLT_EAST_AFRICAN_BANTU_SWAHILI_COMORIAN_TERRAIN_SPECIFIC_001
CLT_EAST_AFRICAN_BANTU_SWAHILI_COMORIAN,BRD_HUMAN_EAST_AFRICAN_BANTU_SWAHILI_COMORIAN_SUKUMA_NYAMWEZI,EXACT_CULTURE,EVD_JRN_R04_B01_CLT_EAST_AFRICAN_BANTU_SWAHILI_COMORIAN_PERSONALITY_ID_001 | EVD_JRN_R04_B01_CLT_EAST_AFRICAN_BANTU_SWAHILI_COMORIAN_TERRAIN_BROAD_001 | EVD_JRN_R04_B01_CLT_EAST_AFRICAN_BANTU_SWAHILI_COMORIAN_TERRAIN_SPECIFIC_001
CLT_EAST_AFRICAN_BANTU_SWAHILI_COMORIAN,BRD_HUMAN_EAST_AFRICAN_BANTU_SWAHILI_COMORIAN_SWAHILI,EXACT_CULTURE,EVD_JRN_R04_B01_CLT_EAST_AFRICAN_BANTU_SWAHILI_COMORIAN_PERSONALITY_ID_001 | EVD_JRN_R04_B01_CLT_EAST_AFRICAN_BANTU_SWAHILI_COMORIAN_TERRAIN_BROAD_001 | EVD_JRN_R04_B01_CLT_EAST_AFRICAN_BANTU_SWAHILI_COMORIAN_TERRAIN_SPECIFIC_001
CLT_EAST_AFRICAN_BANTU_SWAHILI_COMORIAN,BRD_HUMAN_EAST_AFRICAN_BANTU_SWAHILI_COMORIAN_SWAHILI_COAST,EXACT_CULTURE,EVD_JRN_R04_B01_CLT_EAST_AFRICAN_BANTU_SWAHILI_COMORIAN_PERSONALITY_ID_001 | EVD_JRN_R04_B01_CLT_EAST_AFRICAN_BANTU_SWAHILI_COMORIAN_TERRAIN_BROAD_001 | EVD_JRN_R04_B01_CLT_EAST_AFRICAN_BANTU_SWAHILI_COMORIAN_TERRAIN_SPECIFIC_001
CLT_EDO_BENIN_NIGER_DELTA,BRD_HUMAN_EDO_BENIN_NIGER_DELTA_EDO,EXACT_CULTURE,EVD_JRN_R17_B01_CLT_EDO_BENIN_NIGER_DELTA_PERSONALITY_ID_001 | EVD_JRN_R17_B01_CLT_EDO_BENIN_NIGER_DELTA_TERRAIN_BROAD_001 | EVD_JRN_R17_B01_CLT_EDO_BENIN_NIGER_DELTA_TERRAIN_SPECIFIC_001
CLT_EDO_BENIN_NIGER_DELTA,BRD_HUMAN_EDO_BENIN_NIGER_DELTA_EDO_BENIN,EXACT_CULTURE,EVD_JRN_R17_B01_CLT_EDO_BENIN_NIGER_DELTA_PERSONALITY_ID_001 | EVD_JRN_R17_B01_CLT_EDO_BENIN_NIGER_DELTA_TERRAIN_BROAD_001 | EVD_JRN_R17_B01_CLT_EDO_BENIN_NIGER_DELTA_TERRAIN_SPECIFIC_001
CLT_EDO_BENIN_NIGER_DELTA,BRD_HUMAN_EDO_BENIN_NIGER_DELTA_NIGER_DELTA,EXACT_CULTURE,EVD_JRN_R17_B01_CLT_EDO_BENIN_NIGER_DELTA_PERSONALITY_ID_001 | EVD_JRN_R17_B01_CLT_EDO_BENIN_NIGER_DELTA_TERRAIN_BROAD_001 | EVD_JRN_R17_B01_CLT_EDO_BENIN_NIGER_DELTA_TERRAIN_SPECIFIC_001
CLT_EGYPTIAN_COPTIC,BRD_HUMAN_EGYPTIAN,EXACT_CULTURE,EVD_JRN_R11_B01_CLT_EGYPTIAN_COPTIC_PERSONALITY_ID_001 | EVD_JRN_R11_B01_CLT_EGYPTIAN_COPTIC_TERRAIN_BROAD_001 | EVD_JRN_R11_B01_CLT_EGYPTIAN_COPTIC_TERRAIN_SPECIFIC_001
CLT_EGYPTIAN_COPTIC,BRD_HUMAN_EGYPTIAN_COPTIC_COPTIC,EXACT_CULTURE,EVD_JRN_R11_B01_CLT_EGYPTIAN_COPTIC_PERSONALITY_ID_001 | EVD_JRN_R11_B01_CLT_EGYPTIAN_COPTIC_TERRAIN_BROAD_001 | EVD_JRN_R11_B01_CLT_EGYPTIAN_COPTIC_TERRAIN_SPECIFIC_001
CLT_EGYPTIAN_COPTIC,BRD_HUMAN_EGYPTIAN_COPTIC_EGYPTIAN_ARAB,EXACT_CULTURE,EVD_JRN_R11_B01_CLT_EGYPTIAN_COPTIC_PERSONALITY_ID_001 | EVD_JRN_R11_B01_CLT_EGYPTIAN_COPTIC_TERRAIN_BROAD_001 | EVD_JRN_R11_B01_CLT_EGYPTIAN_COPTIC_TERRAIN_SPECIFIC_001
CLT_EGYPTIAN_COPTIC,BRD_HUMAN_EGYPTIAN_COPTIC_EGYPTIAN_COPTIC,EXACT_CULTURE,EVD_JRN_R11_B01_CLT_EGYPTIAN_COPTIC_PERSONALITY_ID_001 | EVD_JRN_R11_B01_CLT_EGYPTIAN_COPTIC_TERRAIN_BROAD_001 | EVD_JRN_R11_B01_CLT_EGYPTIAN_COPTIC_TERRAIN_SPECIFIC_001
CLT_ENGLISH_ANGLO,BRD_HUMAN_ENGLISH_ANGLO_ANGLO_AMERICAN,EXACT_CULTURE,EVD_JRN_R03_B01_CLT_ENGLISH_ANGLO_PERSONALITY_ID_001 | EVD_JRN_R03_B01_CLT_ENGLISH_ANGLO_TERRAIN_BROAD_001 | EVD_JRN_R03_B01_CLT_ENGLISH_ANGLO_TERRAIN_SPECIFIC_001
CLT_ENGLISH_ANGLO,BRD_HUMAN_ENGLISH_ANGLO_ANGLO_AUSTRALIAN,EXACT_CULTURE,EVD_JRN_R03_B01_CLT_ENGLISH_ANGLO_PERSONALITY_ID_001 | EVD_JRN_R03_B01_CLT_ENGLISH_ANGLO_TERRAIN_BROAD_001 | EVD_JRN_R03_B01_CLT_ENGLISH_ANGLO_TERRAIN_SPECIFIC_001
CLT_ENGLISH_ANGLO,BRD_HUMAN_ENGLISH_ANGLO_ANGLO_SOUTH_AFRICAN,EXACT_CULTURE,EVD_JRN_R03_B01_CLT_ENGLISH_ANGLO_PERSONALITY_ID_001 | EVD_JRN_R03_B01_CLT_ENGLISH_ANGLO_TERRAIN_BROAD_001 | EVD_JRN_R03_B01_CLT_ENGLISH_ANGLO_TERRAIN_SPECIFIC_001
CLT_ENGLISH_ANGLO,BRD_HUMAN_ENGLISH_ANGLO_ASCENSION_ISLANDER,EXACT_CULTURE,EVD_JRN_R03_B01_CLT_ENGLISH_ANGLO_PERSONALITY_ID_001 | EVD_JRN_R03_B01_CLT_ENGLISH_ANGLO_TERRAIN_BROAD_001 | EVD_JRN_R03_B01_CLT_ENGLISH_ANGLO_TERRAIN_SPECIFIC_001
CLT_ENGLISH_ANGLO,BRD_HUMAN_ENGLISH_ANGLO_ENGLISH,EXACT_CULTURE,EVD_JRN_R03_B01_CLT_ENGLISH_ANGLO_PERSONALITY_ID_001 | EVD_JRN_R03_B01_CLT_ENGLISH_ANGLO_TERRAIN_BROAD_001 | EVD_JRN_R03_B01_CLT_ENGLISH_ANGLO_TERRAIN_SPECIFIC_001
CLT_ENGLISH_ANGLO,BRD_HUMAN_ENGLISH_ANGLO_ENGLISH_CANADIAN,EXACT_CULTURE,EVD_JRN_R03_B01_CLT_ENGLISH_ANGLO_PERSONALITY_ID_001 | EVD_JRN_R03_B01_CLT_ENGLISH_ANGLO_TERRAIN_BROAD_001 | EVD_JRN_R03_B01_CLT_ENGLISH_ANGLO_TERRAIN_SPECIFIC_001
CLT_ENGLISH_ANGLO,BRD_HUMAN_ENGLISH_ANGLO_FALKLAND_ISLANDER,EXACT_CULTURE,EVD_JRN_R03_B01_CLT_ENGLISH_ANGLO_PERSONALITY_ID_001 | EVD_JRN_R03_B01_CLT_ENGLISH_ANGLO_TERRAIN_BROAD_001 | EVD_JRN_R03_B01_CLT_ENGLISH_ANGLO_TERRAIN_SPECIFIC_001
CLT_ENGLISH_ANGLO,BRD_HUMAN_ENGLISH_ANGLO_GUERNSEY_ENGLISH,EXACT_CULTURE,EVD_JRN_R03_B01_CLT_ENGLISH_ANGLO_PERSONALITY_ID_001 | EVD_JRN_R03_B01_CLT_ENGLISH_ANGLO_TERRAIN_BROAD_001 | EVD_JRN_R03_B01_CLT_ENGLISH_ANGLO_TERRAIN_SPECIFIC_001
CLT_ENGLISH_ANGLO,BRD_HUMAN_ENGLISH_ANGLO_JERSEY_ENGLISH,EXACT_CULTURE,EVD_JRN_R03_B01_CLT_ENGLISH_ANGLO_PERSONALITY_ID_001 | EVD_JRN_R03_B01_CLT_ENGLISH_ANGLO_TERRAIN_BROAD_001 | EVD_JRN_R03_B01_CLT_ENGLISH_ANGLO_TERRAIN_SPECIFIC_001
CLT_ENGLISH_ANGLO,BRD_HUMAN_ENGLISH_ANGLO_PAKEHA,EXACT_CULTURE,EVD_JRN_R03_B01_CLT_ENGLISH_ANGLO_PERSONALITY_ID_001 | EVD_JRN_R03_B01_CLT_ENGLISH_ANGLO_TERRAIN_BROAD_001 | EVD_JRN_R03_B01_CLT_ENGLISH_ANGLO_TERRAIN_SPECIFIC_001
CLT_ENGLISH_ANGLO,BRD_HUMAN_ENGLISH_ANGLO_SAINT_HELENIAN,EXACT_CULTURE,EVD_JRN_R03_B01_CLT_ENGLISH_ANGLO_PERSONALITY_ID_001 | EVD_JRN_R03_B01_CLT_ENGLISH_ANGLO_TERRAIN_BROAD_001 | EVD_JRN_R03_B01_CLT_ENGLISH_ANGLO_TERRAIN_SPECIFIC_001
CLT_ENGLISH_ANGLO,BRD_HUMAN_ENGLISH_ANGLO_TRISTANIAN,EXACT_CULTURE,EVD_JRN_R03_B01_CLT_ENGLISH_ANGLO_PERSONALITY_ID_001 | EVD_JRN_R03_B01_CLT_ENGLISH_ANGLO_TERRAIN_BROAD_001 | EVD_JRN_R03_B01_CLT_ENGLISH_ANGLO_TERRAIN_SPECIFIC_001
CLT_ETHIOPIAN_ERITREAN_HIGHLANDS_AND_SOUTH,BRD_HUMAN_ETHIOPIAN,EXACT_CULTURE,EVD_JRN_R04_B01_CLT_ETHIOPIAN_ERITREAN_HIGHLANDS_AND_SOUTH_PERSONALITY_ID_001 | EVD_JRN_R04_B01_CLT_ETHIOPIAN_ERITREAN_HIGHLANDS_AND_SOUTH_TERRAIN_BROAD_001 | EVD_JRN_R04_B01_CLT_ETHIOPIAN_ERITREAN_HIGHLANDS_AND_SOUTH_TERRAIN_SPECIFIC_001
CLT_ETHIOPIAN_ERITREAN_HIGHLANDS_AND_SOUTH,BRD_HUMAN_ETHIOPIAN_ERITREAN_HIGHLANDS_AND_SOUTH_AMHARA_TIGRAYAN,EXACT_CULTURE,EVD_JRN_R04_B01_CLT_ETHIOPIAN_ERITREAN_HIGHLANDS_AND_SOUTH_PERSONALITY_ID_001 | EVD_JRN_R04_B01_CLT_ETHIOPIAN_ERITREAN_HIGHLANDS_AND_SOUTH_TERRAIN_BROAD_001 | EVD_JRN_R04_B01_CLT_ETHIOPIAN_ERITREAN_HIGHLANDS_AND_SOUTH_TERRAIN_SPECIFIC_001
CLT_ETHIOPIAN_ERITREAN_HIGHLANDS_AND_SOUTH,BRD_HUMAN_ETHIOPIAN_ERITREAN_HIGHLANDS_AND_SOUTH_HABESHA_ETHIOPIAN_HIGHLAND,EXACT_CULTURE,EVD_JRN_R04_B01_CLT_ETHIOPIAN_ERITREAN_HIGHLANDS_AND_SOUTH_PERSONALITY_ID_001 | EVD_JRN_R04_B01_CLT_ETHIOPIAN_ERITREAN_HIGHLANDS_AND_SOUTH_TERRAIN_BROAD_001 | EVD_JRN_R04_B01_CLT_ETHIOPIAN_ERITREAN_HIGHLANDS_AND_SOUTH_TERRAIN_SPECIFIC_001
CLT_ETHIOPIAN_ERITREAN_HIGHLANDS_AND_SOUTH,BRD_HUMAN_ETHIOPIAN_ERITREAN_HIGHLANDS_AND_SOUTH_OMOTIC_SIDAMA,EXACT_CULTURE,EVD_JRN_R04_B01_CLT_ETHIOPIAN_ERITREAN_HIGHLANDS_AND_SOUTH_PERSONALITY_ID_001 | EVD_JRN_R04_B01_CLT_ETHIOPIAN_ERITREAN_HIGHLANDS_AND_SOUTH_TERRAIN_BROAD_001 | EVD_JRN_R04_B01_CLT_ETHIOPIAN_ERITREAN_HIGHLANDS_AND_SOUTH_TERRAIN_SPECIFIC_001
CLT_ETHIOPIAN_ERITREAN_HIGHLANDS_AND_SOUTH,BRD_HUMAN_ETHIOPIAN_ERITREAN_HIGHLANDS_AND_SOUTH_TIGRE,EXACT_CULTURE,EVD_JRN_R04_B01_CLT_ETHIOPIAN_ERITREAN_HIGHLANDS_AND_SOUTH_PERSONALITY_ID_001 | EVD_JRN_R04_B01_CLT_ETHIOPIAN_ERITREAN_HIGHLANDS_AND_SOUTH_TERRAIN_BROAD_001 | EVD_JRN_R04_B01_CLT_ETHIOPIAN_ERITREAN_HIGHLANDS_AND_SOUTH_TERRAIN_SPECIFIC_001
CLT_ETHIOPIAN_ERITREAN_HIGHLANDS_AND_SOUTH,BRD_HUMAN_ETHIOPIAN_ERITREAN_HIGHLANDS_AND_SOUTH_TIGRINYA,EXACT_CULTURE,EVD_JRN_R04_B01_CLT_ETHIOPIAN_ERITREAN_HIGHLANDS_AND_SOUTH_PERSONALITY_ID_001 | EVD_JRN_R04_B01_CLT_ETHIOPIAN_ERITREAN_HIGHLANDS_AND_SOUTH_TERRAIN_BROAD_001 | EVD_JRN_R04_B01_CLT_ETHIOPIAN_ERITREAN_HIGHLANDS_AND_SOUTH_TERRAIN_SPECIFIC_001
CLT_FINNIC,BRD_HUMAN_FINNIC_ESTONIAN,EXACT_CULTURE,EVD_JRN_R07_B01_CLT_FINNIC_PERSONALITY_ID_001 | EVD_JRN_R07_B01_CLT_FINNIC_TERRAIN_BROAD_001 | EVD_JRN_R07_B01_CLT_FINNIC_TERRAIN_SPECIFIC_001
CLT_FINNIC,BRD_HUMAN_FINNIC_FINNISH,EXACT_CULTURE,EVD_JRN_R07_B01_CLT_FINNIC_PERSONALITY_ID_001 | EVD_JRN_R07_B01_CLT_FINNIC_TERRAIN_BROAD_001 | EVD_JRN_R07_B01_CLT_FINNIC_TERRAIN_SPECIFIC_001
CLT_FINNIC,BRD_HUMAN_FINNIC_SWEDISH_FINN,EXACT_CULTURE,EVD_JRN_R07_B01_CLT_FINNIC_PERSONALITY_ID_001 | EVD_JRN_R07_B01_CLT_FINNIC_TERRAIN_BROAD_001 | EVD_JRN_R07_B01_CLT_FINNIC_TERRAIN_SPECIFIC_001
CLT_FINNIC,BRD_HUMAN_FINNIC_TORNEDALIAN,EXACT_CULTURE,EVD_JRN_R07_B01_CLT_FINNIC_PERSONALITY_ID_001 | EVD_JRN_R07_B01_CLT_FINNIC_TERRAIN_BROAD_001 | EVD_JRN_R07_B01_CLT_FINNIC_TERRAIN_SPECIFIC_001
CLT_FRANCOPHONE_CARIBBEAN_CREOLE,BRD_HUMAN_FRANCOPHONE_CARIBBEAN_CREOLE_DOMINICAN_CREOLE,EXACT_CULTURE,EVD_JRN_R17_B01_CLT_FRANCOPHONE_CARIBBEAN_CREOLE_PERSONALITY_ID_001 | EVD_JRN_R17_B01_CLT_FRANCOPHONE_CARIBBEAN_CREOLE_TERRAIN_BROAD_001 | EVD_JRN_R17_B01_CLT_FRANCOPHONE_CARIBBEAN_CREOLE_TERRAIN_SPECIFIC_001
CLT_FRANCOPHONE_CARIBBEAN_CREOLE,BRD_HUMAN_FRANCOPHONE_CARIBBEAN_CREOLE_FRENCH_CREOLE,EXACT_CULTURE,EVD_JRN_R17_B01_CLT_FRANCOPHONE_CARIBBEAN_CREOLE_PERSONALITY_ID_001 | EVD_JRN_R17_B01_CLT_FRANCOPHONE_CARIBBEAN_CREOLE_TERRAIN_BROAD_001 | EVD_JRN_R17_B01_CLT_FRANCOPHONE_CARIBBEAN_CREOLE_TERRAIN_SPECIFIC_001
CLT_FRANCOPHONE_CARIBBEAN_CREOLE,BRD_HUMAN_FRANCOPHONE_CARIBBEAN_CREOLE_GUADELOUPEAN_CREOLE,EXACT_CULTURE,EVD_JRN_R17_B01_CLT_FRANCOPHONE_CARIBBEAN_CREOLE_PERSONALITY_ID_001 | EVD_JRN_R17_B01_CLT_FRANCOPHONE_CARIBBEAN_CREOLE_TERRAIN_BROAD_001 | EVD_JRN_R17_B01_CLT_FRANCOPHONE_CARIBBEAN_CREOLE_TERRAIN_SPECIFIC_001
CLT_FRANCOPHONE_CARIBBEAN_CREOLE,BRD_HUMAN_FRANCOPHONE_CARIBBEAN_CREOLE_GUIANESE_CREOLE,EXACT_CULTURE,EVD_JRN_R17_B01_CLT_FRANCOPHONE_CARIBBEAN_CREOLE_PERSONALITY_ID_001 | EVD_JRN_R17_B01_CLT_FRANCOPHONE_CARIBBEAN_CREOLE_TERRAIN_BROAD_001 | EVD_JRN_R17_B01_CLT_FRANCOPHONE_CARIBBEAN_CREOLE_TERRAIN_SPECIFIC_001
CLT_FRANCOPHONE_CARIBBEAN_CREOLE,BRD_HUMAN_FRANCOPHONE_CARIBBEAN_CREOLE_HAITIAN,EXACT_CULTURE,EVD_JRN_R17_B01_CLT_FRANCOPHONE_CARIBBEAN_CREOLE_PERSONALITY_ID_001 | EVD_JRN_R17_B01_CLT_FRANCOPHONE_CARIBBEAN_CREOLE_TERRAIN_BROAD_001 | EVD_JRN_R17_B01_CLT_FRANCOPHONE_CARIBBEAN_CREOLE_TERRAIN_SPECIFIC_001
CLT_FRANCOPHONE_CARIBBEAN_CREOLE,BRD_HUMAN_FRANCOPHONE_CARIBBEAN_CREOLE_HAITIAN_KREYOL,EXACT_CULTURE,EVD_JRN_R17_B01_CLT_FRANCOPHONE_CARIBBEAN_CREOLE_PERSONALITY_ID_001 | EVD_JRN_R17_B01_CLT_FRANCOPHONE_CARIBBEAN_CREOLE_TERRAIN_BROAD_001 | EVD_JRN_R17_B01_CLT_FRANCOPHONE_CARIBBEAN_CREOLE_TERRAIN_SPECIFIC_001
CLT_FRANCOPHONE_CARIBBEAN_CREOLE,BRD_HUMAN_FRANCOPHONE_CARIBBEAN_CREOLE_MARTINICAN_CREOLE,EXACT_CULTURE,EVD_JRN_R17_B01_CLT_FRANCOPHONE_CARIBBEAN_CREOLE_PERSONALITY_ID_001 | EVD_JRN_R17_B01_CLT_FRANCOPHONE_CARIBBEAN_CREOLE_TERRAIN_BROAD_001 | EVD_JRN_R17_B01_CLT_FRANCOPHONE_CARIBBEAN_CREOLE_TERRAIN_SPECIFIC_001
CLT_FRANCOPHONE_CARIBBEAN_CREOLE,BRD_HUMAN_FRANCOPHONE_CARIBBEAN_CREOLE_SAINT_LUCIAN,EXACT_CULTURE,EVD_JRN_R17_B01_CLT_FRANCOPHONE_CARIBBEAN_CREOLE_PERSONALITY_ID_001 | EVD_JRN_R17_B01_CLT_FRANCOPHONE_CARIBBEAN_CREOLE_TERRAIN_BROAD_001 | EVD_JRN_R17_B01_CLT_FRANCOPHONE_CARIBBEAN_CREOLE_TERRAIN_SPECIFIC_001
CLT_FRANCOPHONE_CARIBBEAN_CREOLE,BRD_HUMAN_FRANCOPHONE_CARIBBEAN_CREOLE_SAINT_MARTINOIS,EXACT_CULTURE,EVD_JRN_R17_B01_CLT_FRANCOPHONE_CARIBBEAN_CREOLE_PERSONALITY_ID_001 | EVD_JRN_R17_B01_CLT_FRANCOPHONE_CARIBBEAN_CREOLE_TERRAIN_BROAD_001 | EVD_JRN_R17_B01_CLT_FRANCOPHONE_CARIBBEAN_CREOLE_TERRAIN_SPECIFIC_001
CLT_FRENCH_FRANCOPHONE,BRD_HUMAN_FRENCH_FRANCOPHONE_CALDOCHE,EXACT_CULTURE,EVD_JRN_R03_B01_CLT_FRENCH_FRANCOPHONE_PERSONALITY_ID_001 | EVD_JRN_R03_B01_CLT_FRENCH_FRANCOPHONE_TERRAIN_BROAD_001 | EVD_JRN_R03_B01_CLT_FRENCH_FRANCOPHONE_TERRAIN_SPECIFIC_001
CLT_FRENCH_FRANCOPHONE,BRD_HUMAN_FRENCH_FRANCOPHONE_FRENCH,EXACT_CULTURE,EVD_JRN_R03_B01_CLT_FRENCH_FRANCOPHONE_PERSONALITY_ID_001 | EVD_JRN_R03_B01_CLT_FRENCH_FRANCOPHONE_TERRAIN_BROAD_001 | EVD_JRN_R03_B01_CLT_FRENCH_FRANCOPHONE_TERRAIN_SPECIFIC_001
CLT_FRENCH_FRANCOPHONE,BRD_HUMAN_FRENCH_FRANCOPHONE_GUERNESIAIS,EXACT_CULTURE,EVD_JRN_R03_B01_CLT_FRENCH_FRANCOPHONE_PERSONALITY_ID_001 | EVD_JRN_R03_B01_CLT_FRENCH_FRANCOPHONE_TERRAIN_BROAD_001 | EVD_JRN_R03_B01_CLT_FRENCH_FRANCOPHONE_TERRAIN_SPECIFIC_001
CLT_FRENCH_FRANCOPHONE,BRD_HUMAN_FRENCH_FRANCOPHONE_JERRIAIS,EXACT_CULTURE,EVD_JRN_R03_B01_CLT_FRENCH_FRANCOPHONE_PERSONALITY_ID_001 | EVD_JRN_R03_B01_CLT_FRENCH_FRANCOPHONE_TERRAIN_BROAD_001 | EVD_JRN_R03_B01_CLT_FRENCH_FRANCOPHONE_TERRAIN_SPECIFIC_001
CLT_FRENCH_FRANCOPHONE,BRD_HUMAN_FRENCH_FRANCOPHONE_LOUISIANA_CREOLE_CAJUN,EXACT_CULTURE,EVD_JRN_R03_B01_CLT_FRENCH_FRANCOPHONE_PERSONALITY_ID_001 | EVD_JRN_R03_B01_CLT_FRENCH_FRANCOPHONE_TERRAIN_BROAD_001 | EVD_JRN_R03_B01_CLT_FRENCH_FRANCOPHONE_TERRAIN_SPECIFIC_001
CLT_FRENCH_FRANCOPHONE,BRD_HUMAN_FRENCH_FRANCOPHONE_MONEGASQUE,EXACT_CULTURE,EVD_JRN_R03_B01_CLT_FRENCH_FRANCOPHONE_PERSONALITY_ID_001 | EVD_JRN_R03_B01_CLT_FRENCH_FRANCOPHONE_TERRAIN_BROAD_001 | EVD_JRN_R03_B01_CLT_FRENCH_FRANCOPHONE_TERRAIN_SPECIFIC_001
CLT_FRENCH_FRANCOPHONE,BRD_HUMAN_FRENCH_FRANCOPHONE_OCCITAN,EXACT_CULTURE,EVD_JRN_R03_B01_CLT_FRENCH_FRANCOPHONE_PERSONALITY_ID_001 | EVD_JRN_R03_B01_CLT_FRENCH_FRANCOPHONE_TERRAIN_BROAD_001 | EVD_JRN_R03_B01_CLT_FRENCH_FRANCOPHONE_TERRAIN_SPECIFIC_001
CLT_FRENCH_FRANCOPHONE,BRD_HUMAN_FRENCH_FRANCOPHONE_QUEBECOIS_ACADIAN,EXACT_CULTURE,EVD_JRN_R03_B01_CLT_FRENCH_FRANCOPHONE_PERSONALITY_ID_001 | EVD_JRN_R03_B01_CLT_FRENCH_FRANCOPHONE_TERRAIN_BROAD_001 | EVD_JRN_R03_B01_CLT_FRENCH_FRANCOPHONE_TERRAIN_SPECIFIC_001
CLT_FRENCH_FRANCOPHONE,BRD_HUMAN_FRENCH_FRANCOPHONE_SAINT_PIERRAIS,EXACT_CULTURE,EVD_JRN_R03_B01_CLT_FRENCH_FRANCOPHONE_PERSONALITY_ID_001 | EVD_JRN_R03_B01_CLT_FRENCH_FRANCOPHONE_TERRAIN_BROAD_001 | EVD_JRN_R03_B01_CLT_FRENCH_FRANCOPHONE_TERRAIN_SPECIFIC_001
CLT_FRENCH_FRANCOPHONE,BRD_HUMAN_FRENCH_FRANCOPHONE_SWISS_FRENCH,EXACT_CULTURE,EVD_JRN_R03_B01_CLT_FRENCH_FRANCOPHONE_PERSONALITY_ID_001 | EVD_JRN_R03_B01_CLT_FRENCH_FRANCOPHONE_TERRAIN_BROAD_001 | EVD_JRN_R03_B01_CLT_FRENCH_FRANCOPHONE_TERRAIN_SPECIFIC_001
CLT_FRENCH_FRANCOPHONE,BRD_HUMAN_FRENCH_FRANCOPHONE_WALLOON,EXACT_CULTURE,EVD_JRN_R03_B01_CLT_FRENCH_FRANCOPHONE_PERSONALITY_ID_001 | EVD_JRN_R03_B01_CLT_FRENCH_FRANCOPHONE_TERRAIN_BROAD_001 | EVD_JRN_R03_B01_CLT_FRENCH_FRANCOPHONE_TERRAIN_SPECIFIC_001
CLT_GARIFUNA,BRD_HUMAN_GARIFUNA_GARIFUNA,EXACT_CULTURE,EVD_JRN_R21_B01_CLT_GARIFUNA_PERSONALITY_ID_001 | EVD_JRN_R21_B01_CLT_GARIFUNA_TERRAIN_BROAD_001 | EVD_JRN_R21_B01_CLT_GARIFUNA_TERRAIN_SPECIFIC_001
CLT_GERMAN_DUTCH_FLEMISH_CONTINENTAL_WEST_GERMANIC,BRD_HUMAN_GERMAN_DUTCH_FLEMISH_CONTINENTAL_WEST_GERMANIC_AFRIKANER_GERMAN,EXACT_CULTURE,EVD_JRN_R07_B01_CLT_GERMAN_DUTCH_FLEMISH_CONTINENTAL_WEST_GERMANIC_PERSONALITY_ID_001 | EVD_JRN_R07_B01_CLT_GERMAN_DUTCH_FLEMISH_CONTINENTAL_WEST_GERMANIC_TERRAIN_BROAD_001 | EVD_JRN_R07_B01_CLT_GERMAN_DUTCH_FLEMISH_CONTINENTAL_WEST_GERMANIC_TERRAIN_SPECIFIC_001
CLT_GERMAN_DUTCH_FLEMISH_CONTINENTAL_WEST_GERMANIC,BRD_HUMAN_GERMAN_DUTCH_FLEMISH_CONTINENTAL_WEST_GERMANIC_ALEMANNIC,EXACT_CULTURE,EVD_JRN_R07_B01_CLT_GERMAN_DUTCH_FLEMISH_CONTINENTAL_WEST_GERMANIC_PERSONALITY_ID_001 | EVD_JRN_R07_B01_CLT_GERMAN_DUTCH_FLEMISH_CONTINENTAL_WEST_GERMANIC_TERRAIN_BROAD_001 | EVD_JRN_R07_B01_CLT_GERMAN_DUTCH_FLEMISH_CONTINENTAL_WEST_GERMANIC_TERRAIN_SPECIFIC_001
CLT_GERMAN_DUTCH_FLEMISH_CONTINENTAL_WEST_GERMANIC,BRD_HUMAN_GERMAN_DUTCH_FLEMISH_CONTINENTAL_WEST_GERMANIC_ALSATIAN,EXACT_CULTURE,EVD_JRN_R07_B01_CLT_GERMAN_DUTCH_FLEMISH_CONTINENTAL_WEST_GERMANIC_PERSONALITY_ID_001 | EVD_JRN_R07_B01_CLT_GERMAN_DUTCH_FLEMISH_CONTINENTAL_WEST_GERMANIC_TERRAIN_BROAD_001 | EVD_JRN_R07_B01_CLT_GERMAN_DUTCH_FLEMISH_CONTINENTAL_WEST_GERMANIC_TERRAIN_SPECIFIC_001
CLT_GERMAN_DUTCH_FLEMISH_CONTINENTAL_WEST_GERMANIC,BRD_HUMAN_GERMAN_DUTCH_FLEMISH_CONTINENTAL_WEST_GERMANIC_AUSTRIAN,EXACT_CULTURE,EVD_JRN_R07_B01_CLT_GERMAN_DUTCH_FLEMISH_CONTINENTAL_WEST_GERMANIC_PERSONALITY_ID_001 | EVD_JRN_R07_B01_CLT_GERMAN_DUTCH_FLEMISH_CONTINENTAL_WEST_GERMANIC_TERRAIN_BROAD_001 | EVD_JRN_R07_B01_CLT_GERMAN_DUTCH_FLEMISH_CONTINENTAL_WEST_GERMANIC_TERRAIN_SPECIFIC_001
CLT_GERMAN_DUTCH_FLEMISH_CONTINENTAL_WEST_GERMANIC,BRD_HUMAN_GERMAN_DUTCH_FLEMISH_CONTINENTAL_WEST_GERMANIC_BAVARIAN,EXACT_CULTURE,EVD_JRN_R07_B01_CLT_GERMAN_DUTCH_FLEMISH_CONTINENTAL_WEST_GERMANIC_PERSONALITY_ID_001 | EVD_JRN_R07_B01_CLT_GERMAN_DUTCH_FLEMISH_CONTINENTAL_WEST_GERMANIC_TERRAIN_BROAD_001 | EVD_JRN_R07_B01_CLT_GERMAN_DUTCH_FLEMISH_CONTINENTAL_WEST_GERMANIC_TERRAIN_SPECIFIC_001
CLT_GERMAN_DUTCH_FLEMISH_CONTINENTAL_WEST_GERMANIC,BRD_HUMAN_GERMAN_DUTCH_FLEMISH_CONTINENTAL_WEST_GERMANIC_CARINTHIAN,EXACT_CULTURE,EVD_JRN_R07_B01_CLT_GERMAN_DUTCH_FLEMISH_CONTINENTAL_WEST_GERMANIC_PERSONALITY_ID_001 | EVD_JRN_R07_B01_CLT_GERMAN_DUTCH_FLEMISH_CONTINENTAL_WEST_GERMANIC_TERRAIN_BROAD_001 | EVD_JRN_R07_B01_CLT_GERMAN_DUTCH_FLEMISH_CONTINENTAL_WEST_GERMANIC_TERRAIN_SPECIFIC_001
CLT_GERMAN_DUTCH_FLEMISH_CONTINENTAL_WEST_GERMANIC,BRD_HUMAN_GERMAN_DUTCH_FLEMISH_CONTINENTAL_WEST_GERMANIC_DUTCH,EXACT_CULTURE,EVD_JRN_R07_B01_CLT_GERMAN_DUTCH_FLEMISH_CONTINENTAL_WEST_GERMANIC_PERSONALITY_ID_001 | EVD_JRN_R07_B01_CLT_GERMAN_DUTCH_FLEMISH_CONTINENTAL_WEST_GERMANIC_TERRAIN_BROAD_001 | EVD_JRN_R07_B01_CLT_GERMAN_DUTCH_FLEMISH_CONTINENTAL_WEST_GERMANIC_TERRAIN_SPECIFIC_001
CLT_GERMAN_DUTCH_FLEMISH_CONTINENTAL_WEST_GERMANIC,BRD_HUMAN_GERMAN_DUTCH_FLEMISH_CONTINENTAL_WEST_GERMANIC_FLEMISH,EXACT_CULTURE,EVD_JRN_R07_B01_CLT_GERMAN_DUTCH_FLEMISH_CONTINENTAL_WEST_GERMANIC_PERSONALITY_ID_001 | EVD_JRN_R07_B01_CLT_GERMAN_DUTCH_FLEMISH_CONTINENTAL_WEST_GERMANIC_TERRAIN_BROAD_001 | EVD_JRN_R07_B01_CLT_GERMAN_DUTCH_FLEMISH_CONTINENTAL_WEST_GERMANIC_TERRAIN_SPECIFIC_001
CLT_GERMAN_DUTCH_FLEMISH_CONTINENTAL_WEST_GERMANIC,BRD_HUMAN_GERMAN_DUTCH_FLEMISH_CONTINENTAL_WEST_GERMANIC_FLEMISH_DUTCH_LOW_COUNTRIES,EXACT_CULTURE,EVD_JRN_R07_B01_CLT_GERMAN_DUTCH_FLEMISH_CONTINENTAL_WEST_GERMANIC_PERSONALITY_ID_001 | EVD_JRN_R07_B01_CLT_GERMAN_DUTCH_FLEMISH_CONTINENTAL_WEST_GERMANIC_TERRAIN_BROAD_001 | EVD_JRN_R07_B01_CLT_GERMAN_DUTCH_FLEMISH_CONTINENTAL_WEST_GERMANIC_TERRAIN_SPECIFIC_001
CLT_GERMAN_DUTCH_FLEMISH_CONTINENTAL_WEST_GERMANIC,BRD_HUMAN_GERMAN_DUTCH_FLEMISH_CONTINENTAL_WEST_GERMANIC_FRANCONIAN,EXACT_CULTURE,EVD_JRN_R07_B01_CLT_GERMAN_DUTCH_FLEMISH_CONTINENTAL_WEST_GERMANIC_PERSONALITY_ID_001 | EVD_JRN_R07_B01_CLT_GERMAN_DUTCH_FLEMISH_CONTINENTAL_WEST_GERMANIC_TERRAIN_BROAD_001 | EVD_JRN_R07_B01_CLT_GERMAN_DUTCH_FLEMISH_CONTINENTAL_WEST_GERMANIC_TERRAIN_SPECIFIC_001
CLT_GERMAN_DUTCH_FLEMISH_CONTINENTAL_WEST_GERMANIC,BRD_HUMAN_GERMAN_DUTCH_FLEMISH_CONTINENTAL_WEST_GERMANIC_FRISIAN,EXACT_CULTURE,EVD_JRN_R07_B01_CLT_GERMAN_DUTCH_FLEMISH_CONTINENTAL_WEST_GERMANIC_PERSONALITY_ID_001 | EVD_JRN_R07_B01_CLT_GERMAN_DUTCH_FLEMISH_CONTINENTAL_WEST_GERMANIC_TERRAIN_BROAD_001 | EVD_JRN_R07_B01_CLT_GERMAN_DUTCH_FLEMISH_CONTINENTAL_WEST_GERMANIC_TERRAIN_SPECIFIC_001
CLT_GERMAN_DUTCH_FLEMISH_CONTINENTAL_WEST_GERMANIC,BRD_HUMAN_GERMAN_DUTCH_FLEMISH_CONTINENTAL_WEST_GERMANIC_GERMAN,EXACT_CULTURE,EVD_JRN_R07_B01_CLT_GERMAN_DUTCH_FLEMISH_CONTINENTAL_WEST_GERMANIC_PERSONALITY_ID_001 | EVD_JRN_R07_B01_CLT_GERMAN_DUTCH_FLEMISH_CONTINENTAL_WEST_GERMANIC_TERRAIN_BROAD_001 | EVD_JRN_R07_B01_CLT_GERMAN_DUTCH_FLEMISH_CONTINENTAL_WEST_GERMANIC_TERRAIN_SPECIFIC_001
CLT_GERMAN_DUTCH_FLEMISH_CONTINENTAL_WEST_GERMANIC,BRD_HUMAN_GERMAN_DUTCH_FLEMISH_CONTINENTAL_WEST_GERMANIC_GERMAN_BELGIAN,EXACT_CULTURE,EVD_JRN_R07_B01_CLT_GERMAN_DUTCH_FLEMISH_CONTINENTAL_WEST_GERMANIC_PERSONALITY_ID_001 | EVD_JRN_R07_B01_CLT_GERMAN_DUTCH_FLEMISH_CONTINENTAL_WEST_GERMANIC_TERRAIN_BROAD_001 | EVD_JRN_R07_B01_CLT_GERMAN_DUTCH_FLEMISH_CONTINENTAL_WEST_GERMANIC_TERRAIN_SPECIFIC_001
CLT_GERMAN_DUTCH_FLEMISH_CONTINENTAL_WEST_GERMANIC,BRD_HUMAN_GERMAN_DUTCH_FLEMISH_CONTINENTAL_WEST_GERMANIC_GERMAN_SAXON,EXACT_CULTURE,EVD_JRN_R07_B01_CLT_GERMAN_DUTCH_FLEMISH_CONTINENTAL_WEST_GERMANIC_PERSONALITY_ID_001 | EVD_JRN_R07_B01_CLT_GERMAN_DUTCH_FLEMISH_CONTINENTAL_WEST_GERMANIC_TERRAIN_BROAD_001 | EVD_JRN_R07_B01_CLT_GERMAN_DUTCH_FLEMISH_CONTINENTAL_WEST_GERMANIC_TERRAIN_SPECIFIC_001
CLT_GERMAN_DUTCH_FLEMISH_CONTINENTAL_WEST_GERMANIC,BRD_HUMAN_GERMAN_DUTCH_FLEMISH_CONTINENTAL_WEST_GERMANIC_LIECHTENSTEINER,EXACT_CULTURE,EVD_JRN_R07_B01_CLT_GERMAN_DUTCH_FLEMISH_CONTINENTAL_WEST_GERMANIC_PERSONALITY_ID_001 | EVD_JRN_R07_B01_CLT_GERMAN_DUTCH_FLEMISH_CONTINENTAL_WEST_GERMANIC_TERRAIN_BROAD_001 | EVD_JRN_R07_B01_CLT_GERMAN_DUTCH_FLEMISH_CONTINENTAL_WEST_GERMANIC_TERRAIN_SPECIFIC_001
CLT_GERMAN_DUTCH_FLEMISH_CONTINENTAL_WEST_GERMANIC,BRD_HUMAN_GERMAN_DUTCH_FLEMISH_CONTINENTAL_WEST_GERMANIC_LIMBURGISH,EXACT_CULTURE,EVD_JRN_R07_B01_CLT_GERMAN_DUTCH_FLEMISH_CONTINENTAL_WEST_GERMANIC_PERSONALITY_ID_001 | EVD_JRN_R07_B01_CLT_GERMAN_DUTCH_FLEMISH_CONTINENTAL_WEST_GERMANIC_TERRAIN_BROAD_001 | EVD_JRN_R07_B01_CLT_GERMAN_DUTCH_FLEMISH_CONTINENTAL_WEST_GERMANIC_TERRAIN_SPECIFIC_001
CLT_GERMAN_DUTCH_FLEMISH_CONTINENTAL_WEST_GERMANIC,BRD_HUMAN_GERMAN_DUTCH_FLEMISH_CONTINENTAL_WEST_GERMANIC_LOW_GERMAN,EXACT_CULTURE,EVD_JRN_R07_B01_CLT_GERMAN_DUTCH_FLEMISH_CONTINENTAL_WEST_GERMANIC_PERSONALITY_ID_001 | EVD_JRN_R07_B01_CLT_GERMAN_DUTCH_FLEMISH_CONTINENTAL_WEST_GERMANIC_TERRAIN_BROAD_001 | EVD_JRN_R07_B01_CLT_GERMAN_DUTCH_FLEMISH_CONTINENTAL_WEST_GERMANIC_TERRAIN_SPECIFIC_001
CLT_GERMAN_DUTCH_FLEMISH_CONTINENTAL_WEST_GERMANIC,BRD_HUMAN_GERMAN_DUTCH_FLEMISH_CONTINENTAL_WEST_GERMANIC_LUXEMBOURGISH,EXACT_CULTURE,EVD_JRN_R07_B01_CLT_GERMAN_DUTCH_FLEMISH_CONTINENTAL_WEST_GERMANIC_PERSONALITY_ID_001 | EVD_JRN_R07_B01_CLT_GERMAN_DUTCH_FLEMISH_CONTINENTAL_WEST_GERMANIC_TERRAIN_BROAD_001 | EVD_JRN_R07_B01_CLT_GERMAN_DUTCH_FLEMISH_CONTINENTAL_WEST_GERMANIC_TERRAIN_SPECIFIC_001
CLT_GERMAN_DUTCH_FLEMISH_CONTINENTAL_WEST_GERMANIC,BRD_HUMAN_GERMAN_DUTCH_FLEMISH_CONTINENTAL_WEST_GERMANIC_MENNONITE,EXACT_CULTURE,EVD_JRN_R07_B01_CLT_GERMAN_DUTCH_FLEMISH_CONTINENTAL_WEST_GERMANIC_PERSONALITY_ID_001 | EVD_JRN_R07_B01_CLT_GERMAN_DUTCH_FLEMISH_CONTINENTAL_WEST_GERMANIC_TERRAIN_BROAD_001 | EVD_JRN_R07_B01_CLT_GERMAN_DUTCH_FLEMISH_CONTINENTAL_WEST_GERMANIC_TERRAIN_SPECIFIC_001
CLT_GERMAN_DUTCH_FLEMISH_CONTINENTAL_WEST_GERMANIC,BRD_HUMAN_GERMAN_DUTCH_FLEMISH_CONTINENTAL_WEST_GERMANIC_RHINELANDER,EXACT_CULTURE,EVD_JRN_R07_B01_CLT_GERMAN_DUTCH_FLEMISH_CONTINENTAL_WEST_GERMANIC_PERSONALITY_ID_001 | EVD_JRN_R07_B01_CLT_GERMAN_DUTCH_FLEMISH_CONTINENTAL_WEST_GERMANIC_TERRAIN_BROAD_001 | EVD_JRN_R07_B01_CLT_GERMAN_DUTCH_FLEMISH_CONTINENTAL_WEST_GERMANIC_TERRAIN_SPECIFIC_001
CLT_GERMAN_DUTCH_FLEMISH_CONTINENTAL_WEST_GERMANIC,BRD_HUMAN_GERMAN_DUTCH_FLEMISH_CONTINENTAL_WEST_GERMANIC_SAXON_THURINGIAN,EXACT_CULTURE,EVD_JRN_R07_B01_CLT_GERMAN_DUTCH_FLEMISH_CONTINENTAL_WEST_GERMANIC_PERSONALITY_ID_001 | EVD_JRN_R07_B01_CLT_GERMAN_DUTCH_FLEMISH_CONTINENTAL_WEST_GERMANIC_TERRAIN_BROAD_001 | EVD_JRN_R07_B01_CLT_GERMAN_DUTCH_FLEMISH_CONTINENTAL_WEST_GERMANIC_TERRAIN_SPECIFIC_001
CLT_GERMAN_DUTCH_FLEMISH_CONTINENTAL_WEST_GERMANIC,BRD_HUMAN_GERMAN_DUTCH_FLEMISH_CONTINENTAL_WEST_GERMANIC_SOUTH_TYROLEAN,EXACT_CULTURE,EVD_JRN_R07_B01_CLT_GERMAN_DUTCH_FLEMISH_CONTINENTAL_WEST_GERMANIC_PERSONALITY_ID_001 | EVD_JRN_R07_B01_CLT_GERMAN_DUTCH_FLEMISH_CONTINENTAL_WEST_GERMANIC_TERRAIN_BROAD_001 | EVD_JRN_R07_B01_CLT_GERMAN_DUTCH_FLEMISH_CONTINENTAL_WEST_GERMANIC_TERRAIN_SPECIFIC_001
CLT_GERMAN_DUTCH_FLEMISH_CONTINENTAL_WEST_GERMANIC,BRD_HUMAN_GERMAN_DUTCH_FLEMISH_CONTINENTAL_WEST_GERMANIC_STYRIAN,EXACT_CULTURE,EVD_JRN_R07_B01_CLT_GERMAN_DUTCH_FLEMISH_CONTINENTAL_WEST_GERMANIC_PERSONALITY_ID_001 | EVD_JRN_R07_B01_CLT_GERMAN_DUTCH_FLEMISH_CONTINENTAL_WEST_GERMANIC_TERRAIN_BROAD_001 | EVD_JRN_R07_B01_CLT_GERMAN_DUTCH_FLEMISH_CONTINENTAL_WEST_GERMANIC_TERRAIN_SPECIFIC_001
CLT_GERMAN_DUTCH_FLEMISH_CONTINENTAL_WEST_GERMANIC,BRD_HUMAN_GERMAN_DUTCH_FLEMISH_CONTINENTAL_WEST_GERMANIC_SWABIAN,EXACT_CULTURE,EVD_JRN_R07_B01_CLT_GERMAN_DUTCH_FLEMISH_CONTINENTAL_WEST_GERMANIC_PERSONALITY_ID_001 | EVD_JRN_R07_B01_CLT_GERMAN_DUTCH_FLEMISH_CONTINENTAL_WEST_GERMANIC_TERRAIN_BROAD_001 | EVD_JRN_R07_B01_CLT_GERMAN_DUTCH_FLEMISH_CONTINENTAL_WEST_GERMANIC_TERRAIN_SPECIFIC_001
CLT_GERMAN_DUTCH_FLEMISH_CONTINENTAL_WEST_GERMANIC,BRD_HUMAN_GERMAN_DUTCH_FLEMISH_CONTINENTAL_WEST_GERMANIC_SWISS_GERMAN,EXACT_CULTURE,EVD_JRN_R07_B01_CLT_GERMAN_DUTCH_FLEMISH_CONTINENTAL_WEST_GERMANIC_PERSONALITY_ID_001 | EVD_JRN_R07_B01_CLT_GERMAN_DUTCH_FLEMISH_CONTINENTAL_WEST_GERMANIC_TERRAIN_BROAD_001 | EVD_JRN_R07_B01_CLT_GERMAN_DUTCH_FLEMISH_CONTINENTAL_WEST_GERMANIC_TERRAIN_SPECIFIC_001
CLT_GERMAN_DUTCH_FLEMISH_CONTINENTAL_WEST_GERMANIC,BRD_HUMAN_GERMAN_DUTCH_FLEMISH_CONTINENTAL_WEST_GERMANIC_TYROLEAN,EXACT_CULTURE,EVD_JRN_R07_B01_CLT_GERMAN_DUTCH_FLEMISH_CONTINENTAL_WEST_GERMANIC_PERSONALITY_ID_001 | EVD_JRN_R07_B01_CLT_GERMAN_DUTCH_FLEMISH_CONTINENTAL_WEST_GERMANIC_TERRAIN_BROAD_001 | EVD_JRN_R07_B01_CLT_GERMAN_DUTCH_FLEMISH_CONTINENTAL_WEST_GERMANIC_TERRAIN_SPECIFIC_001
CLT_GERMAN_DUTCH_FLEMISH_CONTINENTAL_WEST_GERMANIC,BRD_HUMAN_GERMAN_DUTCH_FLEMISH_CONTINENTAL_WEST_GERMANIC_VIENNESE,EXACT_CULTURE,EVD_JRN_R07_B01_CLT_GERMAN_DUTCH_FLEMISH_CONTINENTAL_WEST_GERMANIC_PERSONALITY_ID_001 | EVD_JRN_R07_B01_CLT_GERMAN_DUTCH_FLEMISH_CONTINENTAL_WEST_GERMANIC_TERRAIN_BROAD_001 | EVD_JRN_R07_B01_CLT_GERMAN_DUTCH_FLEMISH_CONTINENTAL_WEST_GERMANIC_TERRAIN_SPECIFIC_001
CLT_GERMAN_DUTCH_FLEMISH_CONTINENTAL_WEST_GERMANIC,BRD_HUMAN_GERMAN_DUTCH_FLEMISH_CONTINENTAL_WEST_GERMANIC_VORARLBERGER,EXACT_CULTURE,EVD_JRN_R07_B01_CLT_GERMAN_DUTCH_FLEMISH_CONTINENTAL_WEST_GERMANIC_PERSONALITY_ID_001 | EVD_JRN_R07_B01_CLT_GERMAN_DUTCH_FLEMISH_CONTINENTAL_WEST_GERMANIC_TERRAIN_BROAD_001 | EVD_JRN_R07_B01_CLT_GERMAN_DUTCH_FLEMISH_CONTINENTAL_WEST_GERMANIC_TERRAIN_SPECIFIC_001
CLT_GREEK_AEGEAN_BYZANTINE,BRD_HUMAN_GREEK_AEGEAN_BYZANTINE_AEGEAN_GREEK,EXACT_CULTURE,EVD_JRN_R11_B01_CLT_GREEK_AEGEAN_BYZANTINE_PERSONALITY_ID_001 | EVD_JRN_R11_B01_CLT_GREEK_AEGEAN_BYZANTINE_TERRAIN_BROAD_001 | EVD_JRN_R11_B01_CLT_GREEK_AEGEAN_BYZANTINE_TERRAIN_SPECIFIC_001
CLT_GREEK_AEGEAN_BYZANTINE,BRD_HUMAN_GREEK_AEGEAN_BYZANTINE_ANCIENT_GREEK_AEGEAN,EXACT_CULTURE,EVD_JRN_R11_B01_CLT_GREEK_AEGEAN_BYZANTINE_PERSONALITY_ID_001 | EVD_JRN_R11_B01_CLT_GREEK_AEGEAN_BYZANTINE_TERRAIN_BROAD_001 | EVD_JRN_R11_B01_CLT_GREEK_AEGEAN_BYZANTINE_TERRAIN_SPECIFIC_001
CLT_GREEK_AEGEAN_BYZANTINE,BRD_HUMAN_GREEK_AEGEAN_BYZANTINE_BYZANTINE_ROMAN,EXACT_CULTURE,EVD_JRN_R11_B01_CLT_GREEK_AEGEAN_BYZANTINE_PERSONALITY_ID_001 | EVD_JRN_R11_B01_CLT_GREEK_AEGEAN_BYZANTINE_TERRAIN_BROAD_001 | EVD_JRN_R11_B01_CLT_GREEK_AEGEAN_BYZANTINE_TERRAIN_SPECIFIC_001
CLT_GREEK_AEGEAN_BYZANTINE,BRD_HUMAN_GREEK_AEGEAN_BYZANTINE_GREEK,EXACT_CULTURE,EVD_JRN_R11_B01_CLT_GREEK_AEGEAN_BYZANTINE_PERSONALITY_ID_001 | EVD_JRN_R11_B01_CLT_GREEK_AEGEAN_BYZANTINE_TERRAIN_BROAD_001 | EVD_JRN_R11_B01_CLT_GREEK_AEGEAN_BYZANTINE_TERRAIN_SPECIFIC_001
CLT_GREEK_AEGEAN_BYZANTINE,BRD_HUMAN_GREEK_AEGEAN_BYZANTINE_GREEK_CYPRIOT,EXACT_CULTURE,EVD_JRN_R11_B01_CLT_GREEK_AEGEAN_BYZANTINE_PERSONALITY_ID_001 | EVD_JRN_R11_B01_CLT_GREEK_AEGEAN_BYZANTINE_TERRAIN_BROAD_001 | EVD_JRN_R11_B01_CLT_GREEK_AEGEAN_BYZANTINE_TERRAIN_SPECIFIC_001
CLT_GREEK_AEGEAN_BYZANTINE,BRD_HUMAN_GREEK_AEGEAN_BYZANTINE_PONTIC_GREEK,EXACT_CULTURE,EVD_JRN_R11_B01_CLT_GREEK_AEGEAN_BYZANTINE_PERSONALITY_ID_001 | EVD_JRN_R11_B01_CLT_GREEK_AEGEAN_BYZANTINE_TERRAIN_BROAD_001 | EVD_JRN_R11_B01_CLT_GREEK_AEGEAN_BYZANTINE_TERRAIN_SPECIFIC_001
CLT_GUARANI_CHACO,BRD_HUMAN_GUARANI_CHACO_CHACO_INDIGENOUS,EXACT_CULTURE,EVD_JRN_R23_B01_CLT_GUARANI_CHACO_PERSONALITY_ID_001 | EVD_JRN_R23_B01_CLT_GUARANI_CHACO_TERRAIN_BROAD_001 | EVD_JRN_R23_B01_CLT_GUARANI_CHACO_TERRAIN_SPECIFIC_001
CLT_GUARANI_CHACO,BRD_HUMAN_GUARANI_CHACO_GUARANI,EXACT_CULTURE,EVD_JRN_R23_B01_CLT_GUARANI_CHACO_PERSONALITY_ID_001 | EVD_JRN_R23_B01_CLT_GUARANI_CHACO_TERRAIN_BROAD_001 | EVD_JRN_R23_B01_CLT_GUARANI_CHACO_TERRAIN_SPECIFIC_001
CLT_GUJARATI,BRD_HUMAN_GUJARATI_GUJARATI,EXACT_CULTURE,EVD_JRN_R15_B01_CLT_GUJARATI_PERSONALITY_ID_001 | EVD_JRN_R15_B01_CLT_GUJARATI_TERRAIN_BROAD_001 | EVD_JRN_R15_B01_CLT_GUJARATI_TERRAIN_SPECIFIC_001
CLT_GUJARATI,BRD_HUMAN_GUJARATI_GUJARATI_MUSLIM,EXACT_CULTURE,EVD_JRN_R15_B01_CLT_GUJARATI_PERSONALITY_ID_001 | EVD_JRN_R15_B01_CLT_GUJARATI_TERRAIN_BROAD_001 | EVD_JRN_R15_B01_CLT_GUJARATI_TERRAIN_SPECIFIC_001
CLT_GULF_VOLTA_WEST_AFRICAN_AKAN_GBE_GUR,BRD_HUMAN_GULF_VOLTA_WEST_AFRICAN_AKAN_GBE_GUR_AKAN_ASANTE,EXACT_CULTURE,EVD_JRN_R17_B01_CLT_GULF_VOLTA_WEST_AFRICAN_AKAN_GBE_GUR_PERSONALITY_ID_001 | EVD_JRN_R17_B01_CLT_GULF_VOLTA_WEST_AFRICAN_AKAN_GBE_GUR_TERRAIN_BROAD_001 | EVD_JRN_R17_B01_CLT_GULF_VOLTA_WEST_AFRICAN_AKAN_GBE_GUR_TERRAIN_SPECIFIC_001
CLT_GULF_VOLTA_WEST_AFRICAN_AKAN_GBE_GUR,BRD_HUMAN_GULF_VOLTA_WEST_AFRICAN_AKAN_GBE_GUR_AKAN_BAOULE,EXACT_CULTURE,EVD_JRN_R17_B01_CLT_GULF_VOLTA_WEST_AFRICAN_AKAN_GBE_GUR_PERSONALITY_ID_001 | EVD_JRN_R17_B01_CLT_GULF_VOLTA_WEST_AFRICAN_AKAN_GBE_GUR_TERRAIN_BROAD_001 | EVD_JRN_R17_B01_CLT_GULF_VOLTA_WEST_AFRICAN_AKAN_GBE_GUR_TERRAIN_SPECIFIC_001
CLT_GULF_VOLTA_WEST_AFRICAN_AKAN_GBE_GUR,BRD_HUMAN_GULF_VOLTA_WEST_AFRICAN_AKAN_GBE_GUR_BARIBA,EXACT_CULTURE,EVD_JRN_R17_B01_CLT_GULF_VOLTA_WEST_AFRICAN_AKAN_GBE_GUR_PERSONALITY_ID_001 | EVD_JRN_R17_B01_CLT_GULF_VOLTA_WEST_AFRICAN_AKAN_GBE_GUR_TERRAIN_BROAD_001 | EVD_JRN_R17_B01_CLT_GULF_VOLTA_WEST_AFRICAN_AKAN_GBE_GUR_TERRAIN_SPECIFIC_001
CLT_GULF_VOLTA_WEST_AFRICAN_AKAN_GBE_GUR,BRD_HUMAN_GULF_VOLTA_WEST_AFRICAN_AKAN_GBE_GUR_EWE,EXACT_CULTURE,EVD_JRN_R17_B01_CLT_GULF_VOLTA_WEST_AFRICAN_AKAN_GBE_GUR_PERSONALITY_ID_001 | EVD_JRN_R17_B01_CLT_GULF_VOLTA_WEST_AFRICAN_AKAN_GBE_GUR_TERRAIN_BROAD_001 | EVD_JRN_R17_B01_CLT_GULF_VOLTA_WEST_AFRICAN_AKAN_GBE_GUR_TERRAIN_SPECIFIC_001
CLT_GULF_VOLTA_WEST_AFRICAN_AKAN_GBE_GUR,BRD_HUMAN_GULF_VOLTA_WEST_AFRICAN_AKAN_GBE_GUR_FON_AJA,EXACT_CULTURE,EVD_JRN_R17_B01_CLT_GULF_VOLTA_WEST_AFRICAN_AKAN_GBE_GUR_PERSONALITY_ID_001 | EVD_JRN_R17_B01_CLT_GULF_VOLTA_WEST_AFRICAN_AKAN_GBE_GUR_TERRAIN_BROAD_001 | EVD_JRN_R17_B01_CLT_GULF_VOLTA_WEST_AFRICAN_AKAN_GBE_GUR_TERRAIN_SPECIFIC_001
CLT_GULF_VOLTA_WEST_AFRICAN_AKAN_GBE_GUR,BRD_HUMAN_GULF_VOLTA_WEST_AFRICAN_AKAN_GBE_GUR_GA_ADANGBE,EXACT_CULTURE,EVD_JRN_R17_B01_CLT_GULF_VOLTA_WEST_AFRICAN_AKAN_GBE_GUR_PERSONALITY_ID_001 | EVD_JRN_R17_B01_CLT_GULF_VOLTA_WEST_AFRICAN_AKAN_GBE_GUR_TERRAIN_BROAD_001 | EVD_JRN_R17_B01_CLT_GULF_VOLTA_WEST_AFRICAN_AKAN_GBE_GUR_TERRAIN_SPECIFIC_001
CLT_GULF_VOLTA_WEST_AFRICAN_AKAN_GBE_GUR,BRD_HUMAN_GULF_VOLTA_WEST_AFRICAN_AKAN_GBE_GUR_KABYE,EXACT_CULTURE,EVD_JRN_R17_B01_CLT_GULF_VOLTA_WEST_AFRICAN_AKAN_GBE_GUR_PERSONALITY_ID_001 | EVD_JRN_R17_B01_CLT_GULF_VOLTA_WEST_AFRICAN_AKAN_GBE_GUR_TERRAIN_BROAD_001 | EVD_JRN_R17_B01_CLT_GULF_VOLTA_WEST_AFRICAN_AKAN_GBE_GUR_TERRAIN_SPECIFIC_001
CLT_GULF_VOLTA_WEST_AFRICAN_AKAN_GBE_GUR,BRD_HUMAN_GULF_VOLTA_WEST_AFRICAN_AKAN_GBE_GUR_MOLE_DAGBANI,EXACT_CULTURE,EVD_JRN_R17_B01_CLT_GULF_VOLTA_WEST_AFRICAN_AKAN_GBE_GUR_PERSONALITY_ID_001 | EVD_JRN_R17_B01_CLT_GULF_VOLTA_WEST_AFRICAN_AKAN_GBE_GUR_TERRAIN_BROAD_001 | EVD_JRN_R17_B01_CLT_GULF_VOLTA_WEST_AFRICAN_AKAN_GBE_GUR_TERRAIN_SPECIFIC_001
CLT_GULF_VOLTA_WEST_AFRICAN_AKAN_GBE_GUR,BRD_HUMAN_GULF_VOLTA_WEST_AFRICAN_AKAN_GBE_GUR_MOSSI_GUR,EXACT_CULTURE,EVD_JRN_R17_B01_CLT_GULF_VOLTA_WEST_AFRICAN_AKAN_GBE_GUR_PERSONALITY_ID_001 | EVD_JRN_R17_B01_CLT_GULF_VOLTA_WEST_AFRICAN_AKAN_GBE_GUR_TERRAIN_BROAD_001 | EVD_JRN_R17_B01_CLT_GULF_VOLTA_WEST_AFRICAN_AKAN_GBE_GUR_TERRAIN_SPECIFIC_001
CLT_GULLAH_GEECHEE,BRD_HUMAN_GULLAH_GEECHEE_GULLAH_GEECHEE,EXACT_CULTURE,EVD_JRN_R17_B01_CLT_GULLAH_GEECHEE_PERSONALITY_ID_001 | EVD_JRN_R17_B01_CLT_GULLAH_GEECHEE_TERRAIN_BROAD_001 | EVD_JRN_R17_B01_CLT_GULLAH_GEECHEE_TERRAIN_SPECIFIC_001
CLT_HAUDENOSAUNEE,BRD_HUMAN_HAUDENOSAUNEE_HAUDENOSAUNEE,EXACT_CULTURE,EVD_JRN_R01_B02_CLT_HAUDENOSAUNEE_PERSONALITY_ID_001 | EVD_JRN_R01_B02_CLT_HAUDENOSAUNEE_TERRAIN_BROAD_001 | EVD_JRN_R01_B02_CLT_HAUDENOSAUNEE_TERRAIN_SPECIFIC_001
CLT_HAUSA_KANURI_SAHEL,BRD_HUMAN_HAUSA_KANURI_SAHEL_HAUSA,EXACT_CULTURE,EVD_JRN_R14_B02_CLT_HAUSA_KANURI_SAHEL_PERSONALITY_ID_001 | EVD_JRN_R14_B02_CLT_HAUSA_KANURI_SAHEL_TERRAIN_BROAD_001 | EVD_JRN_R14_B02_CLT_HAUSA_KANURI_SAHEL_TERRAIN_SPECIFIC_001
CLT_HAUSA_KANURI_SAHEL,BRD_HUMAN_HAUSA_KANURI_SAHEL_HAUSA_KANURI,EXACT_CULTURE,EVD_JRN_R14_B02_CLT_HAUSA_KANURI_SAHEL_PERSONALITY_ID_001 | EVD_JRN_R14_B02_CLT_HAUSA_KANURI_SAHEL_TERRAIN_BROAD_001 | EVD_JRN_R14_B02_CLT_HAUSA_KANURI_SAHEL_TERRAIN_SPECIFIC_001
CLT_HAUSA_KANURI_SAHEL,BRD_HUMAN_HAUSA_KANURI_SAHEL_KANURI,EXACT_CULTURE,EVD_JRN_R14_B02_CLT_HAUSA_KANURI_SAHEL_PERSONALITY_ID_001 | EVD_JRN_R14_B02_CLT_HAUSA_KANURI_SAHEL_TERRAIN_BROAD_001 | EVD_JRN_R14_B02_CLT_HAUSA_KANURI_SAHEL_TERRAIN_SPECIFIC_001
CLT_HISPANIC_AMERICAN_MESTIZO,BRD_HUMAN_HISPANIC_AMERICAN_MESTIZO_ANDEAN,EXACT_CULTURE,EVD_JRN_R21_B01_CLT_HISPANIC_AMERICAN_MESTIZO_PERSONALITY_ID_001 | EVD_JRN_R21_B01_CLT_HISPANIC_AMERICAN_MESTIZO_TERRAIN_BROAD_001 | EVD_JRN_R21_B01_CLT_HISPANIC_AMERICAN_MESTIZO_TERRAIN_SPECIFIC_001
CLT_HISPANIC_AMERICAN_MESTIZO,BRD_HUMAN_HISPANIC_AMERICAN_MESTIZO_ARGENTINE,EXACT_CULTURE,EVD_JRN_R21_B01_CLT_HISPANIC_AMERICAN_MESTIZO_PERSONALITY_ID_001 | EVD_JRN_R21_B01_CLT_HISPANIC_AMERICAN_MESTIZO_TERRAIN_BROAD_001 | EVD_JRN_R21_B01_CLT_HISPANIC_AMERICAN_MESTIZO_TERRAIN_SPECIFIC_001
CLT_HISPANIC_AMERICAN_MESTIZO,BRD_HUMAN_HISPANIC_AMERICAN_MESTIZO_CHILEAN,EXACT_CULTURE,EVD_JRN_R21_B01_CLT_HISPANIC_AMERICAN_MESTIZO_PERSONALITY_ID_001 | EVD_JRN_R21_B01_CLT_HISPANIC_AMERICAN_MESTIZO_TERRAIN_BROAD_001 | EVD_JRN_R21_B01_CLT_HISPANIC_AMERICAN_MESTIZO_TERRAIN_SPECIFIC_001
CLT_HISPANIC_AMERICAN_MESTIZO,BRD_HUMAN_HISPANIC_AMERICAN_MESTIZO_COLOMBIAN_MESTIZO,EXACT_CULTURE,EVD_JRN_R21_B01_CLT_HISPANIC_AMERICAN_MESTIZO_PERSONALITY_ID_001 | EVD_JRN_R21_B01_CLT_HISPANIC_AMERICAN_MESTIZO_TERRAIN_BROAD_001 | EVD_JRN_R21_B01_CLT_HISPANIC_AMERICAN_MESTIZO_TERRAIN_SPECIFIC_001
CLT_HISPANIC_AMERICAN_MESTIZO,BRD_HUMAN_HISPANIC_AMERICAN_MESTIZO_COSTA_RICAN,EXACT_CULTURE,EVD_JRN_R21_B01_CLT_HISPANIC_AMERICAN_MESTIZO_PERSONALITY_ID_001 | EVD_JRN_R21_B01_CLT_HISPANIC_AMERICAN_MESTIZO_TERRAIN_BROAD_001 | EVD_JRN_R21_B01_CLT_HISPANIC_AMERICAN_MESTIZO_TERRAIN_SPECIFIC_001
CLT_HISPANIC_AMERICAN_MESTIZO,BRD_HUMAN_HISPANIC_AMERICAN_MESTIZO_CUBAN,EXACT_CULTURE,EVD_JRN_R21_B01_CLT_HISPANIC_AMERICAN_MESTIZO_PERSONALITY_ID_001 | EVD_JRN_R21_B01_CLT_HISPANIC_AMERICAN_MESTIZO_TERRAIN_BROAD_001 | EVD_JRN_R21_B01_CLT_HISPANIC_AMERICAN_MESTIZO_TERRAIN_SPECIFIC_001
CLT_HISPANIC_AMERICAN_MESTIZO,BRD_HUMAN_HISPANIC_AMERICAN_MESTIZO_DOMINICAN,EXACT_CULTURE,EVD_JRN_R21_B01_CLT_HISPANIC_AMERICAN_MESTIZO_PERSONALITY_ID_001 | EVD_JRN_R21_B01_CLT_HISPANIC_AMERICAN_MESTIZO_TERRAIN_BROAD_001 | EVD_JRN_R21_B01_CLT_HISPANIC_AMERICAN_MESTIZO_TERRAIN_SPECIFIC_001
CLT_HISPANIC_AMERICAN_MESTIZO,BRD_HUMAN_HISPANIC_AMERICAN_MESTIZO_ECUADORIAN_MESTIZO,EXACT_CULTURE,EVD_JRN_R21_B01_CLT_HISPANIC_AMERICAN_MESTIZO_PERSONALITY_ID_001 | EVD_JRN_R21_B01_CLT_HISPANIC_AMERICAN_MESTIZO_TERRAIN_BROAD_001 | EVD_JRN_R21_B01_CLT_HISPANIC_AMERICAN_MESTIZO_TERRAIN_SPECIFIC_001
CLT_HISPANIC_AMERICAN_MESTIZO,BRD_HUMAN_HISPANIC_AMERICAN_MESTIZO_LADINO_MESTIZO,EXACT_CULTURE,EVD_JRN_R21_B01_CLT_HISPANIC_AMERICAN_MESTIZO_PERSONALITY_ID_001 | EVD_JRN_R21_B01_CLT_HISPANIC_AMERICAN_MESTIZO_TERRAIN_BROAD_001 | EVD_JRN_R21_B01_CLT_HISPANIC_AMERICAN_MESTIZO_TERRAIN_SPECIFIC_001
CLT_HISPANIC_AMERICAN_MESTIZO,BRD_HUMAN_HISPANIC_AMERICAN_MESTIZO_MESTIZO,EXACT_CULTURE,EVD_JRN_R21_B01_CLT_HISPANIC_AMERICAN_MESTIZO_PERSONALITY_ID_001 | EVD_JRN_R21_B01_CLT_HISPANIC_AMERICAN_MESTIZO_TERRAIN_BROAD_001 | EVD_JRN_R21_B01_CLT_HISPANIC_AMERICAN_MESTIZO_TERRAIN_SPECIFIC_001
CLT_HISPANIC_AMERICAN_MESTIZO,BRD_HUMAN_HISPANIC_AMERICAN_MESTIZO_MEXICAN_AMERICAN,EXACT_CULTURE,EVD_JRN_R21_B01_CLT_HISPANIC_AMERICAN_MESTIZO_PERSONALITY_ID_001 | EVD_JRN_R21_B01_CLT_HISPANIC_AMERICAN_MESTIZO_TERRAIN_BROAD_001 | EVD_JRN_R21_B01_CLT_HISPANIC_AMERICAN_MESTIZO_TERRAIN_SPECIFIC_001
CLT_HISPANIC_AMERICAN_MESTIZO,BRD_HUMAN_HISPANIC_AMERICAN_MESTIZO_NICARAGUAN_MESTIZO,EXACT_CULTURE,EVD_JRN_R21_B01_CLT_HISPANIC_AMERICAN_MESTIZO_PERSONALITY_ID_001 | EVD_JRN_R21_B01_CLT_HISPANIC_AMERICAN_MESTIZO_TERRAIN_BROAD_001 | EVD_JRN_R21_B01_CLT_HISPANIC_AMERICAN_MESTIZO_TERRAIN_SPECIFIC_001
CLT_HISPANIC_AMERICAN_MESTIZO,BRD_HUMAN_HISPANIC_AMERICAN_MESTIZO_PANAMANIAN_MESTIZO,EXACT_CULTURE,EVD_JRN_R21_B01_CLT_HISPANIC_AMERICAN_MESTIZO_PERSONALITY_ID_001 | EVD_JRN_R21_B01_CLT_HISPANIC_AMERICAN_MESTIZO_TERRAIN_BROAD_001 | EVD_JRN_R21_B01_CLT_HISPANIC_AMERICAN_MESTIZO_TERRAIN_SPECIFIC_001
CLT_HISPANIC_AMERICAN_MESTIZO,BRD_HUMAN_HISPANIC_AMERICAN_MESTIZO_PUERTO_RICAN,EXACT_CULTURE,EVD_JRN_R21_B01_CLT_HISPANIC_AMERICAN_MESTIZO_PERSONALITY_ID_001 | EVD_JRN_R21_B01_CLT_HISPANIC_AMERICAN_MESTIZO_TERRAIN_BROAD_001 | EVD_JRN_R21_B01_CLT_HISPANIC_AMERICAN_MESTIZO_TERRAIN_SPECIFIC_001
CLT_HISPANIC_AMERICAN_MESTIZO,BRD_HUMAN_HISPANIC_AMERICAN_MESTIZO_URUGUAYAN,EXACT_CULTURE,EVD_JRN_R21_B01_CLT_HISPANIC_AMERICAN_MESTIZO_PERSONALITY_ID_001 | EVD_JRN_R21_B01_CLT_HISPANIC_AMERICAN_MESTIZO_TERRAIN_BROAD_001 | EVD_JRN_R21_B01_CLT_HISPANIC_AMERICAN_MESTIZO_TERRAIN_SPECIFIC_001
CLT_HISPANIC_AMERICAN_MESTIZO,BRD_HUMAN_HISPANIC_AMERICAN_MESTIZO_VENEZUELAN_MESTIZO,EXACT_CULTURE,EVD_JRN_R21_B01_CLT_HISPANIC_AMERICAN_MESTIZO_PERSONALITY_ID_001 | EVD_JRN_R21_B01_CLT_HISPANIC_AMERICAN_MESTIZO_TERRAIN_BROAD_001 | EVD_JRN_R21_B01_CLT_HISPANIC_AMERICAN_MESTIZO_TERRAIN_SPECIFIC_001
CLT_HOPI,BRD_HUMAN_HOPI_HOPI,EXACT_CULTURE,EVD_JRN_R01_B02_CLT_HOPI_PERSONALITY_ID_001 | EVD_JRN_R01_B02_CLT_HOPI_TERRAIN_BROAD_001 | EVD_JRN_R01_B02_CLT_HOPI_TERRAIN_SPECIFIC_001
CLT_HOPI,BRD_HUMAN_HOPI_HOPI_PUEBLO,EXACT_CULTURE,EVD_JRN_R01_B02_CLT_HOPI_PERSONALITY_ID_001 | EVD_JRN_R01_B02_CLT_HOPI_TERRAIN_BROAD_001 | EVD_JRN_R01_B02_CLT_HOPI_TERRAIN_SPECIFIC_001
CLT_HUNGARIAN_MAGYAR,BRD_HUMAN_HUNGARIAN_MAGYAR_BURGENLAND_HUNGARIAN,EXACT_CULTURE,EVD_JRN_R15_B01_CLT_HUNGARIAN_MAGYAR_PERSONALITY_ID_001 | EVD_JRN_R15_B01_CLT_HUNGARIAN_MAGYAR_TERRAIN_BROAD_001 | EVD_JRN_R15_B01_CLT_HUNGARIAN_MAGYAR_TERRAIN_SPECIFIC_001
CLT_HUNGARIAN_MAGYAR,BRD_HUMAN_HUNGARIAN_MAGYAR_HUNGARIAN,EXACT_CULTURE,EVD_JRN_R15_B01_CLT_HUNGARIAN_MAGYAR_PERSONALITY_ID_001 | EVD_JRN_R15_B01_CLT_HUNGARIAN_MAGYAR_TERRAIN_BROAD_001 | EVD_JRN_R15_B01_CLT_HUNGARIAN_MAGYAR_TERRAIN_SPECIFIC_001
CLT_HUNGARIAN_MAGYAR,BRD_HUMAN_HUNGARIAN_MAGYAR_HUNGARIAN_MAGYAR,EXACT_CULTURE,EVD_JRN_R15_B01_CLT_HUNGARIAN_MAGYAR_PERSONALITY_ID_001 | EVD_JRN_R15_B01_CLT_HUNGARIAN_MAGYAR_TERRAIN_BROAD_001 | EVD_JRN_R15_B01_CLT_HUNGARIAN_MAGYAR_TERRAIN_SPECIFIC_001
CLT_HUNGARIAN_MAGYAR,BRD_HUMAN_HUNGARIAN_MAGYAR_SZEKELY_HUNGARIAN,EXACT_CULTURE,EVD_JRN_R15_B01_CLT_HUNGARIAN_MAGYAR_PERSONALITY_ID_001 | EVD_JRN_R15_B01_CLT_HUNGARIAN_MAGYAR_TERRAIN_BROAD_001 | EVD_JRN_R15_B01_CLT_HUNGARIAN_MAGYAR_TERRAIN_SPECIFIC_001
CLT_IBERIAN_ATLANTIC_PORTUGUESE_CREOLE,BRD_HUMAN_IBERIAN_ATLANTIC_PORTUGUESE_CREOLE_ANGOLAR,EXACT_CULTURE,EVD_JRN_R21_B01_CLT_IBERIAN_ATLANTIC_PORTUGUESE_CREOLE_PERSONALITY_ID_001 | EVD_JRN_R21_B01_CLT_IBERIAN_ATLANTIC_PORTUGUESE_CREOLE_TERRAIN_BROAD_001 | EVD_JRN_R21_B01_CLT_IBERIAN_ATLANTIC_PORTUGUESE_CREOLE_TERRAIN_SPECIFIC_001
CLT_IBERIAN_ATLANTIC_PORTUGUESE_CREOLE,BRD_HUMAN_IBERIAN_ATLANTIC_PORTUGUESE_CREOLE_ANNOBONESE,EXACT_CULTURE,EVD_JRN_R21_B01_CLT_IBERIAN_ATLANTIC_PORTUGUESE_CREOLE_PERSONALITY_ID_001 | EVD_JRN_R21_B01_CLT_IBERIAN_ATLANTIC_PORTUGUESE_CREOLE_TERRAIN_BROAD_001 | EVD_JRN_R21_B01_CLT_IBERIAN_ATLANTIC_PORTUGUESE_CREOLE_TERRAIN_SPECIFIC_001
CLT_IBERIAN_ATLANTIC_PORTUGUESE_CREOLE,BRD_HUMAN_IBERIAN_ATLANTIC_PORTUGUESE_CREOLE_ARUBAN,EXACT_CULTURE,EVD_JRN_R21_B01_CLT_IBERIAN_ATLANTIC_PORTUGUESE_CREOLE_PERSONALITY_ID_001 | EVD_JRN_R21_B01_CLT_IBERIAN_ATLANTIC_PORTUGUESE_CREOLE_TERRAIN_BROAD_001 | EVD_JRN_R21_B01_CLT_IBERIAN_ATLANTIC_PORTUGUESE_CREOLE_TERRAIN_SPECIFIC_001
CLT_IBERIAN_ATLANTIC_PORTUGUESE_CREOLE,BRD_HUMAN_IBERIAN_ATLANTIC_PORTUGUESE_CREOLE_AZOREAN,EXACT_CULTURE,EVD_JRN_R21_B01_CLT_IBERIAN_ATLANTIC_PORTUGUESE_CREOLE_PERSONALITY_ID_001 | EVD_JRN_R21_B01_CLT_IBERIAN_ATLANTIC_PORTUGUESE_CREOLE_TERRAIN_BROAD_001 | EVD_JRN_R21_B01_CLT_IBERIAN_ATLANTIC_PORTUGUESE_CREOLE_TERRAIN_SPECIFIC_001
CLT_IBERIAN_ATLANTIC_PORTUGUESE_CREOLE,BRD_HUMAN_IBERIAN_ATLANTIC_PORTUGUESE_CREOLE_BISSAU_KRIOL,EXACT_CULTURE,EVD_JRN_R21_B01_CLT_IBERIAN_ATLANTIC_PORTUGUESE_CREOLE_PERSONALITY_ID_001 | EVD_JRN_R21_B01_CLT_IBERIAN_ATLANTIC_PORTUGUESE_CREOLE_TERRAIN_BROAD_001 | EVD_JRN_R21_B01_CLT_IBERIAN_ATLANTIC_PORTUGUESE_CREOLE_TERRAIN_SPECIFIC_001
CLT_IBERIAN_ATLANTIC_PORTUGUESE_CREOLE,BRD_HUMAN_IBERIAN_ATLANTIC_PORTUGUESE_CREOLE_BONAIREAN,EXACT_CULTURE,EVD_JRN_R21_B01_CLT_IBERIAN_ATLANTIC_PORTUGUESE_CREOLE_PERSONALITY_ID_001 | EVD_JRN_R21_B01_CLT_IBERIAN_ATLANTIC_PORTUGUESE_CREOLE_TERRAIN_BROAD_001 | EVD_JRN_R21_B01_CLT_IBERIAN_ATLANTIC_PORTUGUESE_CREOLE_TERRAIN_SPECIFIC_001
CLT_IBERIAN_ATLANTIC_PORTUGUESE_CREOLE,BRD_HUMAN_IBERIAN_ATLANTIC_PORTUGUESE_CREOLE_CABO_VERDEAN,EXACT_CULTURE,EVD_JRN_R21_B01_CLT_IBERIAN_ATLANTIC_PORTUGUESE_CREOLE_PERSONALITY_ID_001 | EVD_JRN_R21_B01_CLT_IBERIAN_ATLANTIC_PORTUGUESE_CREOLE_TERRAIN_BROAD_001 | EVD_JRN_R21_B01_CLT_IBERIAN_ATLANTIC_PORTUGUESE_CREOLE_TERRAIN_SPECIFIC_001
CLT_IBERIAN_ATLANTIC_PORTUGUESE_CREOLE,BRD_HUMAN_IBERIAN_ATLANTIC_PORTUGUESE_CREOLE_CURACAOAN,EXACT_CULTURE,EVD_JRN_R21_B01_CLT_IBERIAN_ATLANTIC_PORTUGUESE_CREOLE_PERSONALITY_ID_001 | EVD_JRN_R21_B01_CLT_IBERIAN_ATLANTIC_PORTUGUESE_CREOLE_TERRAIN_BROAD_001 | EVD_JRN_R21_B01_CLT_IBERIAN_ATLANTIC_PORTUGUESE_CREOLE_TERRAIN_SPECIFIC_001
CLT_IBERIAN_ATLANTIC_PORTUGUESE_CREOLE,BRD_HUMAN_IBERIAN_ATLANTIC_PORTUGUESE_CREOLE_FORRO,EXACT_CULTURE,EVD_JRN_R21_B01_CLT_IBERIAN_ATLANTIC_PORTUGUESE_CREOLE_PERSONALITY_ID_001 | EVD_JRN_R21_B01_CLT_IBERIAN_ATLANTIC_PORTUGUESE_CREOLE_TERRAIN_BROAD_001 | EVD_JRN_R21_B01_CLT_IBERIAN_ATLANTIC_PORTUGUESE_CREOLE_TERRAIN_SPECIFIC_001
CLT_IBERIAN_ATLANTIC_PORTUGUESE_CREOLE,BRD_HUMAN_IBERIAN_ATLANTIC_PORTUGUESE_CREOLE_GALICIAN,EXACT_CULTURE,EVD_JRN_R21_B01_CLT_IBERIAN_ATLANTIC_PORTUGUESE_CREOLE_PERSONALITY_ID_001 | EVD_JRN_R21_B01_CLT_IBERIAN_ATLANTIC_PORTUGUESE_CREOLE_TERRAIN_BROAD_001 | EVD_JRN_R21_B01_CLT_IBERIAN_ATLANTIC_PORTUGUESE_CREOLE_TERRAIN_SPECIFIC_001
CLT_IBERIAN_ATLANTIC_PORTUGUESE_CREOLE,BRD_HUMAN_IBERIAN_ATLANTIC_PORTUGUESE_CREOLE_LUSO_BRAZILIAN,EXACT_CULTURE,EVD_JRN_R21_B01_CLT_IBERIAN_ATLANTIC_PORTUGUESE_CREOLE_PERSONALITY_ID_001 | EVD_JRN_R21_B01_CLT_IBERIAN_ATLANTIC_PORTUGUESE_CREOLE_TERRAIN_BROAD_001 | EVD_JRN_R21_B01_CLT_IBERIAN_ATLANTIC_PORTUGUESE_CREOLE_TERRAIN_SPECIFIC_001
CLT_IBERIAN_ATLANTIC_PORTUGUESE_CREOLE,BRD_HUMAN_IBERIAN_ATLANTIC_PORTUGUESE_CREOLE_MACANESE_CREOLE,EXACT_CULTURE,EVD_JRN_R21_B01_CLT_IBERIAN_ATLANTIC_PORTUGUESE_CREOLE_PERSONALITY_ID_001 | EVD_JRN_R21_B01_CLT_IBERIAN_ATLANTIC_PORTUGUESE_CREOLE_TERRAIN_BROAD_001 | EVD_JRN_R21_B01_CLT_IBERIAN_ATLANTIC_PORTUGUESE_CREOLE_TERRAIN_SPECIFIC_001
CLT_IBERIAN_ATLANTIC_PORTUGUESE_CREOLE,BRD_HUMAN_IBERIAN_ATLANTIC_PORTUGUESE_CREOLE_MADEIRAN,EXACT_CULTURE,EVD_JRN_R21_B01_CLT_IBERIAN_ATLANTIC_PORTUGUESE_CREOLE_PERSONALITY_ID_001 | EVD_JRN_R21_B01_CLT_IBERIAN_ATLANTIC_PORTUGUESE_CREOLE_TERRAIN_BROAD_001 | EVD_JRN_R21_B01_CLT_IBERIAN_ATLANTIC_PORTUGUESE_CREOLE_TERRAIN_SPECIFIC_001
CLT_IBERIAN_ATLANTIC_PORTUGUESE_CREOLE,BRD_HUMAN_IBERIAN_ATLANTIC_PORTUGUESE_CREOLE_PORTUGUESE,EXACT_CULTURE,EVD_JRN_R21_B01_CLT_IBERIAN_ATLANTIC_PORTUGUESE_CREOLE_PERSONALITY_ID_001 | EVD_JRN_R21_B01_CLT_IBERIAN_ATLANTIC_PORTUGUESE_CREOLE_TERRAIN_BROAD_001 | EVD_JRN_R21_B01_CLT_IBERIAN_ATLANTIC_PORTUGUESE_CREOLE_TERRAIN_SPECIFIC_001
CLT_IBERIAN_ATLANTIC_PORTUGUESE_CREOLE,BRD_HUMAN_IBERIAN_ATLANTIC_PORTUGUESE_CREOLE_PORTUGUESE_ATLANTIC,EXACT_CULTURE,EVD_JRN_R21_B01_CLT_IBERIAN_ATLANTIC_PORTUGUESE_CREOLE_PERSONALITY_ID_001 | EVD_JRN_R21_B01_CLT_IBERIAN_ATLANTIC_PORTUGUESE_CREOLE_TERRAIN_BROAD_001 | EVD_JRN_R21_B01_CLT_IBERIAN_ATLANTIC_PORTUGUESE_CREOLE_TERRAIN_SPECIFIC_001
CLT_IGBO,BRD_HUMAN_IGBO_IGBO,EXACT_CULTURE,EVD_JRN_R17_B01_CLT_IGBO_PERSONALITY_ID_001 | EVD_JRN_R17_B01_CLT_IGBO_TERRAIN_BROAD_001 | EVD_JRN_R17_B01_CLT_IGBO_TERRAIN_SPECIFIC_001
CLT_NORTH_AND_WEST_INDIAN_INDUS_GANGETIC,BRD_HUMAN_INDIAN,EXACT_CULTURE,EVD_JRN_R15_B01_CLT_NORTH_AND_WEST_INDIAN_INDUS_GANGETIC_PERSONALITY_ID_001 | EVD_JRN_R15_B01_CLT_NORTH_AND_WEST_INDIAN_INDUS_GANGETIC_TERRAIN_BROAD_001 | EVD_JRN_R15_B01_CLT_NORTH_AND_WEST_INDIAN_INDUS_GANGETIC_TERRAIN_SPECIFIC_001
CLT_INDIAN_OCEAN_CREOLE,BRD_HUMAN_INDIAN_OCEAN_CREOLE_CHAGOSSIAN,EXACT_CULTURE,EVD_JRN_R04_B01_CLT_INDIAN_OCEAN_CREOLE_PERSONALITY_ID_001 | EVD_JRN_R04_B01_CLT_INDIAN_OCEAN_CREOLE_TERRAIN_BROAD_001 | EVD_JRN_R04_B01_CLT_INDIAN_OCEAN_CREOLE_TERRAIN_SPECIFIC_001
CLT_INDIAN_OCEAN_CREOLE,BRD_HUMAN_INDIAN_OCEAN_CREOLE_MAURITIAN_CREOLE,EXACT_CULTURE,EVD_JRN_R04_B01_CLT_INDIAN_OCEAN_CREOLE_PERSONALITY_ID_001 | EVD_JRN_R04_B01_CLT_INDIAN_OCEAN_CREOLE_TERRAIN_BROAD_001 | EVD_JRN_R04_B01_CLT_INDIAN_OCEAN_CREOLE_TERRAIN_SPECIFIC_001
CLT_INDIAN_OCEAN_CREOLE,BRD_HUMAN_INDIAN_OCEAN_CREOLE_REUNION_CREOLE,EXACT_CULTURE,EVD_JRN_R04_B01_CLT_INDIAN_OCEAN_CREOLE_PERSONALITY_ID_001 | EVD_JRN_R04_B01_CLT_INDIAN_OCEAN_CREOLE_TERRAIN_BROAD_001 | EVD_JRN_R04_B01_CLT_INDIAN_OCEAN_CREOLE_TERRAIN_SPECIFIC_001
CLT_INDIAN_OCEAN_CREOLE,BRD_HUMAN_INDIAN_OCEAN_CREOLE_SEYCHELLOIS_CREOLE,EXACT_CULTURE,EVD_JRN_R04_B01_CLT_INDIAN_OCEAN_CREOLE_PERSONALITY_ID_001 | EVD_JRN_R04_B01_CLT_INDIAN_OCEAN_CREOLE_TERRAIN_BROAD_001 | EVD_JRN_R04_B01_CLT_INDIAN_OCEAN_CREOLE_TERRAIN_SPECIFIC_001
CLT_INDIAN_OCEAN_MUSLIM_CAPE_MALAY_MALDIVIAN,BRD_HUMAN_INDIAN_OCEAN_MUSLIM_CAPE_MALAY_MALDIVIAN_CAPE_MALAY,EXACT_CULTURE,EVD_JRN_R16_B01_CLT_INDIAN_OCEAN_MUSLIM_CAPE_MALAY_MALDIVIAN_PERSONALITY_ID_001 | EVD_JRN_R16_B01_CLT_INDIAN_OCEAN_MUSLIM_CAPE_MALAY_MALDIVIAN_TERRAIN_BROAD_001 | EVD_JRN_R16_B01_CLT_INDIAN_OCEAN_MUSLIM_CAPE_MALAY_MALDIVIAN_TERRAIN_SPECIFIC_001
CLT_INDIAN_OCEAN_MUSLIM_CAPE_MALAY_MALDIVIAN,BRD_HUMAN_INDIAN_OCEAN_MUSLIM_CAPE_MALAY_MALDIVIAN_INDO_TRINIDADIAN,EXACT_CULTURE,EVD_JRN_R16_B01_CLT_INDIAN_OCEAN_MUSLIM_CAPE_MALAY_MALDIVIAN_PERSONALITY_ID_001 | EVD_JRN_R16_B01_CLT_INDIAN_OCEAN_MUSLIM_CAPE_MALAY_MALDIVIAN_TERRAIN_BROAD_001 | EVD_JRN_R16_B01_CLT_INDIAN_OCEAN_MUSLIM_CAPE_MALAY_MALDIVIAN_TERRAIN_SPECIFIC_001
CLT_INDIAN_OCEAN_MUSLIM_CAPE_MALAY_MALDIVIAN,BRD_HUMAN_INDIAN_OCEAN_MUSLIM_CAPE_MALAY_MALDIVIAN_LANKAN_MOOR,EXACT_CULTURE,EVD_JRN_R16_B01_CLT_INDIAN_OCEAN_MUSLIM_CAPE_MALAY_MALDIVIAN_PERSONALITY_ID_001 | EVD_JRN_R16_B01_CLT_INDIAN_OCEAN_MUSLIM_CAPE_MALAY_MALDIVIAN_TERRAIN_BROAD_001 | EVD_JRN_R16_B01_CLT_INDIAN_OCEAN_MUSLIM_CAPE_MALAY_MALDIVIAN_TERRAIN_SPECIFIC_001
CLT_INDIAN_OCEAN_MUSLIM_CAPE_MALAY_MALDIVIAN,BRD_HUMAN_INDIAN_OCEAN_MUSLIM_CAPE_MALAY_MALDIVIAN_MALDIVIAN,EXACT_CULTURE,EVD_JRN_R16_B01_CLT_INDIAN_OCEAN_MUSLIM_CAPE_MALAY_MALDIVIAN_PERSONALITY_ID_001 | EVD_JRN_R16_B01_CLT_INDIAN_OCEAN_MUSLIM_CAPE_MALAY_MALDIVIAN_TERRAIN_BROAD_001 | EVD_JRN_R16_B01_CLT_INDIAN_OCEAN_MUSLIM_CAPE_MALAY_MALDIVIAN_TERRAIN_SPECIFIC_001
CLT_INUIT_YUPIK,BRD_HUMAN_INUIT_YUPIK_GREENLANDIC_INUIT,EXACT_CULTURE,EVD_JRN_R09_B01_CLT_INUIT_YUPIK_PERSONALITY_ID_001 | EVD_JRN_R09_B01_CLT_INUIT_YUPIK_TERRAIN_BROAD_001 | EVD_JRN_R09_B01_CLT_INUIT_YUPIK_TERRAIN_SPECIFIC_001
CLT_INUIT_YUPIK,BRD_HUMAN_INUIT_YUPIK_INUIT,EXACT_CULTURE,EVD_JRN_R09_B01_CLT_INUIT_YUPIK_PERSONALITY_ID_001 | EVD_JRN_R09_B01_CLT_INUIT_YUPIK_TERRAIN_BROAD_001 | EVD_JRN_R09_B01_CLT_INUIT_YUPIK_TERRAIN_SPECIFIC_001
CLT_INUIT_YUPIK,BRD_HUMAN_INUIT_YUPIK_INUIT_YUPIK,EXACT_CULTURE,EVD_JRN_R09_B01_CLT_INUIT_YUPIK_PERSONALITY_ID_001 | EVD_JRN_R09_B01_CLT_INUIT_YUPIK_TERRAIN_BROAD_001 | EVD_JRN_R09_B01_CLT_INUIT_YUPIK_TERRAIN_SPECIFIC_001
CLT_PERSIAN_IRANIAN,BRD_HUMAN_IRANIAN,EXACT_CULTURE,EVD_JRN_R06_B01_CLT_PERSIAN_IRANIAN_PERSONALITY_ID_001 | EVD_JRN_R06_B01_CLT_PERSIAN_IRANIAN_TERRAIN_BROAD_001 | EVD_JRN_R06_B01_CLT_PERSIAN_IRANIAN_TERRAIN_SPECIFIC_001
CLT_IRISH_GAELIC,BRD_HUMAN_IRISH_GAELIC_GAELTACHT_IRISH,EXACT_CULTURE,EVD_JRN_R03_B01_CLT_IRISH_GAELIC_PERSONALITY_ID_001 | EVD_JRN_R03_B01_CLT_IRISH_GAELIC_TERRAIN_BROAD_001 | EVD_JRN_R03_B01_CLT_IRISH_GAELIC_TERRAIN_SPECIFIC_001
CLT_IRISH_GAELIC,BRD_HUMAN_IRISH_GAELIC_HIGHLAND_SCOTS,EXACT_CULTURE,EVD_JRN_R03_B01_CLT_IRISH_GAELIC_PERSONALITY_ID_001 | EVD_JRN_R03_B01_CLT_IRISH_GAELIC_TERRAIN_BROAD_001 | EVD_JRN_R03_B01_CLT_IRISH_GAELIC_TERRAIN_SPECIFIC_001
CLT_IRISH_GAELIC,BRD_HUMAN_IRISH_GAELIC_IRISH,EXACT_CULTURE,EVD_JRN_R03_B01_CLT_IRISH_GAELIC_PERSONALITY_ID_001 | EVD_JRN_R03_B01_CLT_IRISH_GAELIC_TERRAIN_BROAD_001 | EVD_JRN_R03_B01_CLT_IRISH_GAELIC_TERRAIN_SPECIFIC_001
CLT_IRISH_GAELIC,BRD_HUMAN_IRISH_GAELIC_IRISH_GAELIC,EXACT_CULTURE,EVD_JRN_R03_B01_CLT_IRISH_GAELIC_PERSONALITY_ID_001 | EVD_JRN_R03_B01_CLT_IRISH_GAELIC_TERRAIN_BROAD_001 | EVD_JRN_R03_B01_CLT_IRISH_GAELIC_TERRAIN_SPECIFIC_001
CLT_IRISH_GAELIC,BRD_HUMAN_IRISH_GAELIC_MANX,EXACT_CULTURE,EVD_JRN_R03_B01_CLT_IRISH_GAELIC_PERSONALITY_ID_001 | EVD_JRN_R03_B01_CLT_IRISH_GAELIC_TERRAIN_BROAD_001 | EVD_JRN_R03_B01_CLT_IRISH_GAELIC_TERRAIN_SPECIFIC_001
CLT_ITALIAN_CENTRAL_MEDITERRANEAN,BRD_HUMAN_ITALIAN_CENTRAL_MEDITERRANEAN_CORSICAN,EXACT_CULTURE,EVD_JRN_R11_B01_CLT_ITALIAN_CENTRAL_MEDITERRANEAN_PERSONALITY_ID_001 | EVD_JRN_R11_B01_CLT_ITALIAN_CENTRAL_MEDITERRANEAN_TERRAIN_BROAD_001 | EVD_JRN_R11_B01_CLT_ITALIAN_CENTRAL_MEDITERRANEAN_TERRAIN_SPECIFIC_001
CLT_ITALIAN_CENTRAL_MEDITERRANEAN,BRD_HUMAN_ITALIAN_CENTRAL_MEDITERRANEAN_DALMATIAN_ISTRIAN,EXACT_CULTURE,EVD_JRN_R11_B01_CLT_ITALIAN_CENTRAL_MEDITERRANEAN_PERSONALITY_ID_001 | EVD_JRN_R11_B01_CLT_ITALIAN_CENTRAL_MEDITERRANEAN_TERRAIN_BROAD_001 | EVD_JRN_R11_B01_CLT_ITALIAN_CENTRAL_MEDITERRANEAN_TERRAIN_SPECIFIC_001
CLT_ITALIAN_CENTRAL_MEDITERRANEAN,BRD_HUMAN_ITALIAN_CENTRAL_MEDITERRANEAN_ISTRIAN,EXACT_CULTURE,EVD_JRN_R11_B01_CLT_ITALIAN_CENTRAL_MEDITERRANEAN_PERSONALITY_ID_001 | EVD_JRN_R11_B01_CLT_ITALIAN_CENTRAL_MEDITERRANEAN_TERRAIN_BROAD_001 | EVD_JRN_R11_B01_CLT_ITALIAN_CENTRAL_MEDITERRANEAN_TERRAIN_SPECIFIC_001
CLT_ITALIAN_CENTRAL_MEDITERRANEAN,BRD_HUMAN_ITALIAN_CENTRAL_MEDITERRANEAN_ITALIAN,EXACT_CULTURE,EVD_JRN_R11_B01_CLT_ITALIAN_CENTRAL_MEDITERRANEAN_PERSONALITY_ID_001 | EVD_JRN_R11_B01_CLT_ITALIAN_CENTRAL_MEDITERRANEAN_TERRAIN_BROAD_001 | EVD_JRN_R11_B01_CLT_ITALIAN_CENTRAL_MEDITERRANEAN_TERRAIN_SPECIFIC_001
CLT_ITALIAN_CENTRAL_MEDITERRANEAN,BRD_HUMAN_ITALIAN_CENTRAL_MEDITERRANEAN_MALTESE,EXACT_CULTURE,EVD_JRN_R11_B01_CLT_ITALIAN_CENTRAL_MEDITERRANEAN_PERSONALITY_ID_001 | EVD_JRN_R11_B01_CLT_ITALIAN_CENTRAL_MEDITERRANEAN_TERRAIN_BROAD_001 | EVD_JRN_R11_B01_CLT_ITALIAN_CENTRAL_MEDITERRANEAN_TERRAIN_SPECIFIC_001
CLT_ITALIAN_CENTRAL_MEDITERRANEAN,BRD_HUMAN_ITALIAN_CENTRAL_MEDITERRANEAN_ROMAN_IMPERIAL,EXACT_CULTURE,EVD_JRN_R11_B01_CLT_ITALIAN_CENTRAL_MEDITERRANEAN_PERSONALITY_ID_001 | EVD_JRN_R11_B01_CLT_ITALIAN_CENTRAL_MEDITERRANEAN_TERRAIN_BROAD_001 | EVD_JRN_R11_B01_CLT_ITALIAN_CENTRAL_MEDITERRANEAN_TERRAIN_SPECIFIC_001
CLT_ITALIAN_CENTRAL_MEDITERRANEAN,BRD_HUMAN_ITALIAN_CENTRAL_MEDITERRANEAN_ROMAN_LAZIALE,EXACT_CULTURE,EVD_JRN_R11_B01_CLT_ITALIAN_CENTRAL_MEDITERRANEAN_PERSONALITY_ID_001 | EVD_JRN_R11_B01_CLT_ITALIAN_CENTRAL_MEDITERRANEAN_TERRAIN_BROAD_001 | EVD_JRN_R11_B01_CLT_ITALIAN_CENTRAL_MEDITERRANEAN_TERRAIN_SPECIFIC_001
CLT_ITALIAN_CENTRAL_MEDITERRANEAN,BRD_HUMAN_ITALIAN_CENTRAL_MEDITERRANEAN_ROMANSH,EXACT_CULTURE,EVD_JRN_R11_B01_CLT_ITALIAN_CENTRAL_MEDITERRANEAN_PERSONALITY_ID_001 | EVD_JRN_R11_B01_CLT_ITALIAN_CENTRAL_MEDITERRANEAN_TERRAIN_BROAD_001 | EVD_JRN_R11_B01_CLT_ITALIAN_CENTRAL_MEDITERRANEAN_TERRAIN_SPECIFIC_001
CLT_ITALIAN_CENTRAL_MEDITERRANEAN,BRD_HUMAN_ITALIAN_CENTRAL_MEDITERRANEAN_SAMMARINESE,EXACT_CULTURE,EVD_JRN_R11_B01_CLT_ITALIAN_CENTRAL_MEDITERRANEAN_PERSONALITY_ID_001 | EVD_JRN_R11_B01_CLT_ITALIAN_CENTRAL_MEDITERRANEAN_TERRAIN_BROAD_001 | EVD_JRN_R11_B01_CLT_ITALIAN_CENTRAL_MEDITERRANEAN_TERRAIN_SPECIFIC_001
CLT_ITALIAN_CENTRAL_MEDITERRANEAN,BRD_HUMAN_ITALIAN_CENTRAL_MEDITERRANEAN_SARDINIAN,EXACT_CULTURE,EVD_JRN_R11_B01_CLT_ITALIAN_CENTRAL_MEDITERRANEAN_PERSONALITY_ID_001 | EVD_JRN_R11_B01_CLT_ITALIAN_CENTRAL_MEDITERRANEAN_TERRAIN_BROAD_001 | EVD_JRN_R11_B01_CLT_ITALIAN_CENTRAL_MEDITERRANEAN_TERRAIN_SPECIFIC_001
CLT_ITALIAN_CENTRAL_MEDITERRANEAN,BRD_HUMAN_ITALIAN_CENTRAL_MEDITERRANEAN_SOUTHERN_ITALIAN,EXACT_CULTURE,EVD_JRN_R11_B01_CLT_ITALIAN_CENTRAL_MEDITERRANEAN_PERSONALITY_ID_001 | EVD_JRN_R11_B01_CLT_ITALIAN_CENTRAL_MEDITERRANEAN_TERRAIN_BROAD_001 | EVD_JRN_R11_B01_CLT_ITALIAN_CENTRAL_MEDITERRANEAN_TERRAIN_SPECIFIC_001
CLT_ITALIAN_CENTRAL_MEDITERRANEAN,BRD_HUMAN_ITALIAN_CENTRAL_MEDITERRANEAN_TICINESE,EXACT_CULTURE,EVD_JRN_R11_B01_CLT_ITALIAN_CENTRAL_MEDITERRANEAN_PERSONALITY_ID_001 | EVD_JRN_R11_B01_CLT_ITALIAN_CENTRAL_MEDITERRANEAN_TERRAIN_BROAD_001 | EVD_JRN_R11_B01_CLT_ITALIAN_CENTRAL_MEDITERRANEAN_TERRAIN_SPECIFIC_001
CLT_ITALIAN_CENTRAL_MEDITERRANEAN,BRD_HUMAN_ITALIAN_CENTRAL_MEDITERRANEAN_VENETIAN,EXACT_CULTURE,EVD_JRN_R11_B01_CLT_ITALIAN_CENTRAL_MEDITERRANEAN_PERSONALITY_ID_001 | EVD_JRN_R11_B01_CLT_ITALIAN_CENTRAL_MEDITERRANEAN_TERRAIN_BROAD_001 | EVD_JRN_R11_B01_CLT_ITALIAN_CENTRAL_MEDITERRANEAN_TERRAIN_SPECIFIC_001
CLT_JAPANESE,BRD_HUMAN_JAPANESE_JAPANESE,EXACT_CULTURE,EVD_JRN_R08_B01_CLT_JAPANESE_PERSONALITY_ID_001 | EVD_JRN_R08_B01_CLT_JAPANESE_TERRAIN_BROAD_001 | EVD_JRN_R08_B01_CLT_JAPANESE_TERRAIN_SPECIFIC_001
CLT_JAPANESE,BRD_HUMAN_JAPANESE_RYUKYUAN,EXACT_CULTURE,EVD_JRN_R08_B01_CLT_JAPANESE_PERSONALITY_ID_001 | EVD_JRN_R08_B01_CLT_JAPANESE_TERRAIN_BROAD_001 | EVD_JRN_R08_B01_CLT_JAPANESE_TERRAIN_SPECIFIC_001
CLT_JAPANESE,BRD_HUMAN_JAPANESE_YAMATO_JAPANESE,EXACT_CULTURE,EVD_JRN_R08_B01_CLT_JAPANESE_PERSONALITY_ID_001 | EVD_JRN_R08_B01_CLT_JAPANESE_TERRAIN_BROAD_001 | EVD_JRN_R08_B01_CLT_JAPANESE_TERRAIN_SPECIFIC_001
CLT_JAVA_JAVANESE_SUNDANESE,BRD_HUMAN_JAVA_JAVANESE_SUNDANESE_JAVANESE,EXACT_CULTURE,EVD_JRN_R16_B01_CLT_JAVA_JAVANESE_SUNDANESE_PERSONALITY_ID_001 | EVD_JRN_R16_B01_CLT_JAVA_JAVANESE_SUNDANESE_TERRAIN_BROAD_001 | EVD_JRN_R16_B01_CLT_JAVA_JAVANESE_SUNDANESE_TERRAIN_SPECIFIC_001
CLT_JAVA_JAVANESE_SUNDANESE,BRD_HUMAN_JAVA_JAVANESE_SUNDANESE_SUNDANESE,EXACT_CULTURE,EVD_JRN_R16_B01_CLT_JAVA_JAVANESE_SUNDANESE_PERSONALITY_ID_001 | EVD_JRN_R16_B01_CLT_JAVA_JAVANESE_SUNDANESE_TERRAIN_BROAD_001 | EVD_JRN_R16_B01_CLT_JAVA_JAVANESE_SUNDANESE_TERRAIN_SPECIFIC_001
CLT_JEWISH_DIASPORA,BRD_HUMAN_JEWISH_DIASPORA_ISRAELI_JEWISH,EXACT_CULTURE,EVD_JRN_R21_B01_CLT_JEWISH_DIASPORA_PERSONALITY_ID_001 | EVD_JRN_R21_B01_CLT_JEWISH_DIASPORA_TERRAIN_BROAD_001 | EVD_JRN_R21_B01_CLT_JEWISH_DIASPORA_TERRAIN_SPECIFIC_001
CLT_JEWISH_DIASPORA,BRD_HUMAN_JEWISH_DIASPORA_JEWISH_AMERICAN,EXACT_CULTURE,EVD_JRN_R21_B01_CLT_JEWISH_DIASPORA_PERSONALITY_ID_001 | EVD_JRN_R21_B01_CLT_JEWISH_DIASPORA_TERRAIN_BROAD_001 | EVD_JRN_R21_B01_CLT_JEWISH_DIASPORA_TERRAIN_SPECIFIC_001
CLT_JEWISH_DIASPORA,BRD_HUMAN_JEWISH_DIASPORA_JEWISH_DIASPORA,EXACT_CULTURE,EVD_JRN_R21_B01_CLT_JEWISH_DIASPORA_PERSONALITY_ID_001 | EVD_JRN_R21_B01_CLT_JEWISH_DIASPORA_TERRAIN_BROAD_001 | EVD_JRN_R21_B01_CLT_JEWISH_DIASPORA_TERRAIN_SPECIFIC_001
CLT_KANAKA_MAOLI_HAWAIIAN,BRD_HUMAN_KANAKA_MAOLI_HAWAIIAN_KANAKA_MAOLI_HAWAIIAN,EXACT_CULTURE,EVD_JRN_R19_B01_CLT_KANAKA_MAOLI_HAWAIIAN_PERSONALITY_ID_001 | EVD_JRN_R19_B01_CLT_KANAKA_MAOLI_HAWAIIAN_TERRAIN_BROAD_001 | EVD_JRN_R19_B01_CLT_KANAKA_MAOLI_HAWAIIAN_TERRAIN_SPECIFIC_001
CLT_KANAKA_MAOLI_HAWAIIAN,BRD_HUMAN_KANAKA_MAOLI_HAWAIIAN_NATIVE_HAWAIIAN,EXACT_CULTURE,EVD_JRN_R19_B01_CLT_KANAKA_MAOLI_HAWAIIAN_PERSONALITY_ID_001 | EVD_JRN_R19_B01_CLT_KANAKA_MAOLI_HAWAIIAN_TERRAIN_BROAD_001 | EVD_JRN_R19_B01_CLT_KANAKA_MAOLI_HAWAIIAN_TERRAIN_SPECIFIC_001
CLT_KHMER,BRD_HUMAN_KHMER_KHMER,EXACT_CULTURE,EVD_JRN_R16_B01_CLT_KHMER_PERSONALITY_ID_001 | EVD_JRN_R16_B01_CLT_KHMER_TERRAIN_BROAD_001 | EVD_JRN_R16_B01_CLT_KHMER_TERRAIN_SPECIFIC_001
CLT_KHMER,BRD_HUMAN_KHMER_KHMER_KROM,EXACT_CULTURE,EVD_JRN_R16_B01_CLT_KHMER_PERSONALITY_ID_001 | EVD_JRN_R16_B01_CLT_KHMER_TERRAIN_BROAD_001 | EVD_JRN_R16_B01_CLT_KHMER_TERRAIN_SPECIFIC_001
CLT_KIPCHAK_AND_NORTHERN_TURKIC,BRD_HUMAN_KIPCHAK_AND_NORTHERN_TURKIC_KARAKALPAK,EXACT_CULTURE,EVD_JRN_R02_B02_CLT_KIPCHAK_AND_NORTHERN_TURKIC_PERSONALITY_ID_001 | EVD_JRN_R02_B02_CLT_KIPCHAK_AND_NORTHERN_TURKIC_TERRAIN_BROAD_001 | EVD_JRN_R02_B02_CLT_KIPCHAK_AND_NORTHERN_TURKIC_TERRAIN_SPECIFIC_001
CLT_KIPCHAK_AND_NORTHERN_TURKIC,BRD_HUMAN_KIPCHAK_AND_NORTHERN_TURKIC_KAZAKH,EXACT_CULTURE,EVD_JRN_R02_B02_CLT_KIPCHAK_AND_NORTHERN_TURKIC_PERSONALITY_ID_001 | EVD_JRN_R02_B02_CLT_KIPCHAK_AND_NORTHERN_TURKIC_TERRAIN_BROAD_001 | EVD_JRN_R02_B02_CLT_KIPCHAK_AND_NORTHERN_TURKIC_TERRAIN_SPECIFIC_001
CLT_KIPCHAK_AND_NORTHERN_TURKIC,BRD_HUMAN_KIPCHAK_AND_NORTHERN_TURKIC_KYRGYZ,EXACT_CULTURE,EVD_JRN_R02_B02_CLT_KIPCHAK_AND_NORTHERN_TURKIC_PERSONALITY_ID_001 | EVD_JRN_R02_B02_CLT_KIPCHAK_AND_NORTHERN_TURKIC_TERRAIN_BROAD_001 | EVD_JRN_R02_B02_CLT_KIPCHAK_AND_NORTHERN_TURKIC_TERRAIN_SPECIFIC_001
CLT_KIPCHAK_AND_NORTHERN_TURKIC,BRD_HUMAN_KIPCHAK_AND_NORTHERN_TURKIC_SIBERIAN_TURKIC,EXACT_CULTURE,EVD_JRN_R02_B02_CLT_KIPCHAK_AND_NORTHERN_TURKIC_PERSONALITY_ID_001 | EVD_JRN_R02_B02_CLT_KIPCHAK_AND_NORTHERN_TURKIC_TERRAIN_BROAD_001 | EVD_JRN_R02_B02_CLT_KIPCHAK_AND_NORTHERN_TURKIC_TERRAIN_SPECIFIC_001
CLT_KIPCHAK_AND_NORTHERN_TURKIC,BRD_HUMAN_KIPCHAK_AND_NORTHERN_TURKIC_TATAR_BASHKIR,EXACT_CULTURE,EVD_JRN_R02_B02_CLT_KIPCHAK_AND_NORTHERN_TURKIC_PERSONALITY_ID_001 | EVD_JRN_R02_B02_CLT_KIPCHAK_AND_NORTHERN_TURKIC_TERRAIN_BROAD_001 | EVD_JRN_R02_B02_CLT_KIPCHAK_AND_NORTHERN_TURKIC_TERRAIN_SPECIFIC_001
CLT_KOREAN,BRD_HUMAN_KOREAN_KOREAN,EXACT_CULTURE,EVD_JRN_R08_B01_CLT_KOREAN_PERSONALITY_ID_001 | EVD_JRN_R08_B01_CLT_KOREAN_TERRAIN_BROAD_001 | EVD_JRN_R08_B01_CLT_KOREAN_TERRAIN_SPECIFIC_001
CLT_KURDISH,BRD_HUMAN_KURDISH_KURDISH,EXACT_CULTURE,EVD_JRN_R06_B01_CLT_KURDISH_PERSONALITY_ID_001 | EVD_JRN_R06_B01_CLT_KURDISH_TERRAIN_BROAD_001 | EVD_JRN_R06_B01_CLT_KURDISH_TERRAIN_SPECIFIC_001
CLT_LEVANTINE_ARAB,BRD_HUMAN_LEBANESE,EXACT_CULTURE,EVD_JRN_R13_B01_CLT_LEVANTINE_ARAB_PERSONALITY_ID_001 | EVD_JRN_R13_B01_CLT_LEVANTINE_ARAB_TERRAIN_BROAD_001 | EVD_JRN_R13_B01_CLT_LEVANTINE_ARAB_TERRAIN_SPECIFIC_001
CLT_LEVANTINE_ARAB,BRD_HUMAN_LEVANTINE_ARAB_DRUZE,EXACT_CULTURE,EVD_JRN_R13_B01_CLT_LEVANTINE_ARAB_PERSONALITY_ID_001 | EVD_JRN_R13_B01_CLT_LEVANTINE_ARAB_TERRAIN_BROAD_001 | EVD_JRN_R13_B01_CLT_LEVANTINE_ARAB_TERRAIN_SPECIFIC_001
CLT_LEVANTINE_ARAB,BRD_HUMAN_LEVANTINE_ARAB_HATAY_ARAB,EXACT_CULTURE,EVD_JRN_R13_B01_CLT_LEVANTINE_ARAB_PERSONALITY_ID_001 | EVD_JRN_R13_B01_CLT_LEVANTINE_ARAB_TERRAIN_BROAD_001 | EVD_JRN_R13_B01_CLT_LEVANTINE_ARAB_TERRAIN_SPECIFIC_001
CLT_LEVANTINE_ARAB,BRD_HUMAN_LEVANTINE_ARAB_JORDANIAN_PALESTINIAN,EXACT_CULTURE,EVD_JRN_R13_B01_CLT_LEVANTINE_ARAB_PERSONALITY_ID_001 | EVD_JRN_R13_B01_CLT_LEVANTINE_ARAB_TERRAIN_BROAD_001 | EVD_JRN_R13_B01_CLT_LEVANTINE_ARAB_TERRAIN_SPECIFIC_001
CLT_LEVANTINE_ARAB,BRD_HUMAN_LEVANTINE_ARAB_LEBANESE_ARAB,EXACT_CULTURE,EVD_JRN_R13_B01_CLT_LEVANTINE_ARAB_PERSONALITY_ID_001 | EVD_JRN_R13_B01_CLT_LEVANTINE_ARAB_TERRAIN_BROAD_001 | EVD_JRN_R13_B01_CLT_LEVANTINE_ARAB_TERRAIN_SPECIFIC_001
CLT_LEVANTINE_ARAB,BRD_HUMAN_LEVANTINE_ARAB_LEVANTINE_ARAB,EXACT_CULTURE,EVD_JRN_R13_B01_CLT_LEVANTINE_ARAB_PERSONALITY_ID_001 | EVD_JRN_R13_B01_CLT_LEVANTINE_ARAB_TERRAIN_BROAD_001 | EVD_JRN_R13_B01_CLT_LEVANTINE_ARAB_TERRAIN_SPECIFIC_001
CLT_LEVANTINE_ARAB,BRD_HUMAN_LEVANTINE_ARAB_PALESTINIAN,EXACT_CULTURE,EVD_JRN_R13_B01_CLT_LEVANTINE_ARAB_PERSONALITY_ID_001 | EVD_JRN_R13_B01_CLT_LEVANTINE_ARAB_TERRAIN_BROAD_001 | EVD_JRN_R13_B01_CLT_LEVANTINE_ARAB_TERRAIN_SPECIFIC_001
CLT_LEVANTINE_ARAB,BRD_HUMAN_LEVANTINE_ARAB_PALESTINIAN_ARAB,EXACT_CULTURE,EVD_JRN_R13_B01_CLT_LEVANTINE_ARAB_PERSONALITY_ID_001 | EVD_JRN_R13_B01_CLT_LEVANTINE_ARAB_TERRAIN_BROAD_001 | EVD_JRN_R13_B01_CLT_LEVANTINE_ARAB_TERRAIN_SPECIFIC_001
CLT_LEVANTINE_ARAB,BRD_HUMAN_LEVANTINE_ARAB_SYRIAN_ARAB,EXACT_CULTURE,EVD_JRN_R13_B01_CLT_LEVANTINE_ARAB_PERSONALITY_ID_001 | EVD_JRN_R13_B01_CLT_LEVANTINE_ARAB_TERRAIN_BROAD_001 | EVD_JRN_R13_B01_CLT_LEVANTINE_ARAB_TERRAIN_SPECIFIC_001
CLT_LOWLAND_FILIPINO_TAGALOG_VISAYAN,BRD_HUMAN_LOWLAND_FILIPINO_TAGALOG_VISAYAN_FILIPINO,EXACT_CULTURE,EVD_JRN_R16_B01_CLT_LOWLAND_FILIPINO_TAGALOG_VISAYAN_PERSONALITY_ID_001 | EVD_JRN_R16_B01_CLT_LOWLAND_FILIPINO_TAGALOG_VISAYAN_TERRAIN_BROAD_001 | EVD_JRN_R16_B01_CLT_LOWLAND_FILIPINO_TAGALOG_VISAYAN_TERRAIN_SPECIFIC_001
CLT_LOWLAND_FILIPINO_TAGALOG_VISAYAN,BRD_HUMAN_LOWLAND_FILIPINO_TAGALOG_VISAYAN_TAGALOG,EXACT_CULTURE,EVD_JRN_R16_B01_CLT_LOWLAND_FILIPINO_TAGALOG_VISAYAN_PERSONALITY_ID_001 | EVD_JRN_R16_B01_CLT_LOWLAND_FILIPINO_TAGALOG_VISAYAN_TERRAIN_BROAD_001 | EVD_JRN_R16_B01_CLT_LOWLAND_FILIPINO_TAGALOG_VISAYAN_TERRAIN_SPECIFIC_001
CLT_LOWLAND_FILIPINO_TAGALOG_VISAYAN,BRD_HUMAN_LOWLAND_FILIPINO_TAGALOG_VISAYAN_TAGALOG_LOWLAND_FILIPINO,EXACT_CULTURE,EVD_JRN_R16_B01_CLT_LOWLAND_FILIPINO_TAGALOG_VISAYAN_PERSONALITY_ID_001 | EVD_JRN_R16_B01_CLT_LOWLAND_FILIPINO_TAGALOG_VISAYAN_TERRAIN_BROAD_001 | EVD_JRN_R16_B01_CLT_LOWLAND_FILIPINO_TAGALOG_VISAYAN_TERRAIN_SPECIFIC_001
CLT_LOWLAND_FILIPINO_TAGALOG_VISAYAN,BRD_HUMAN_LOWLAND_FILIPINO_TAGALOG_VISAYAN_VISAYAN,EXACT_CULTURE,EVD_JRN_R16_B01_CLT_LOWLAND_FILIPINO_TAGALOG_VISAYAN_PERSONALITY_ID_001 | EVD_JRN_R16_B01_CLT_LOWLAND_FILIPINO_TAGALOG_VISAYAN_TERRAIN_BROAD_001 | EVD_JRN_R16_B01_CLT_LOWLAND_FILIPINO_TAGALOG_VISAYAN_TERRAIN_SPECIFIC_001
CLT_MAASAI_NILOTIC_EAST_AFRICA,BRD_HUMAN_MAASAI_NILOTIC_EAST_AFRICA_ACHOLI_LANGO,EXACT_CULTURE,EVD_JRN_R04_B01_CLT_MAASAI_NILOTIC_EAST_AFRICA_PERSONALITY_ID_001 | EVD_JRN_R04_B01_CLT_MAASAI_NILOTIC_EAST_AFRICA_TERRAIN_BROAD_001 | EVD_JRN_R04_B01_CLT_MAASAI_NILOTIC_EAST_AFRICA_TERRAIN_SPECIFIC_001
CLT_MAASAI_NILOTIC_EAST_AFRICA,BRD_HUMAN_MAASAI_NILOTIC_EAST_AFRICA_DINKA_NUER,EXACT_CULTURE,EVD_JRN_R04_B01_CLT_MAASAI_NILOTIC_EAST_AFRICA_PERSONALITY_ID_001 | EVD_JRN_R04_B01_CLT_MAASAI_NILOTIC_EAST_AFRICA_TERRAIN_BROAD_001 | EVD_JRN_R04_B01_CLT_MAASAI_NILOTIC_EAST_AFRICA_TERRAIN_SPECIFIC_001
CLT_MAASAI_NILOTIC_EAST_AFRICA,BRD_HUMAN_MAASAI_NILOTIC_EAST_AFRICA_KARAMOJONG,EXACT_CULTURE,EVD_JRN_R04_B01_CLT_MAASAI_NILOTIC_EAST_AFRICA_PERSONALITY_ID_001 | EVD_JRN_R04_B01_CLT_MAASAI_NILOTIC_EAST_AFRICA_TERRAIN_BROAD_001 | EVD_JRN_R04_B01_CLT_MAASAI_NILOTIC_EAST_AFRICA_TERRAIN_SPECIFIC_001
CLT_MAASAI_NILOTIC_EAST_AFRICA,BRD_HUMAN_MAASAI_NILOTIC_EAST_AFRICA_LUO,EXACT_CULTURE,EVD_JRN_R04_B01_CLT_MAASAI_NILOTIC_EAST_AFRICA_PERSONALITY_ID_001 | EVD_JRN_R04_B01_CLT_MAASAI_NILOTIC_EAST_AFRICA_TERRAIN_BROAD_001 | EVD_JRN_R04_B01_CLT_MAASAI_NILOTIC_EAST_AFRICA_TERRAIN_SPECIFIC_001
CLT_MAASAI_NILOTIC_EAST_AFRICA,BRD_HUMAN_MAASAI_NILOTIC_EAST_AFRICA_MAASAI,EXACT_CULTURE,EVD_JRN_R04_B01_CLT_MAASAI_NILOTIC_EAST_AFRICA_PERSONALITY_ID_001 | EVD_JRN_R04_B01_CLT_MAASAI_NILOTIC_EAST_AFRICA_TERRAIN_BROAD_001 | EVD_JRN_R04_B01_CLT_MAASAI_NILOTIC_EAST_AFRICA_TERRAIN_SPECIFIC_001
CLT_MAASAI_NILOTIC_EAST_AFRICA,BRD_HUMAN_MAASAI_NILOTIC_EAST_AFRICA_MAASAI_KALENJIN,EXACT_CULTURE,EVD_JRN_R04_B01_CLT_MAASAI_NILOTIC_EAST_AFRICA_PERSONALITY_ID_001 | EVD_JRN_R04_B01_CLT_MAASAI_NILOTIC_EAST_AFRICA_TERRAIN_BROAD_001 | EVD_JRN_R04_B01_CLT_MAASAI_NILOTIC_EAST_AFRICA_TERRAIN_SPECIFIC_001
CLT_MAGHREBI_ARAB,BRD_HUMAN_MAGHREBI_ARAB_ALGERIAN_ARAB,EXACT_CULTURE,EVD_JRN_R11_B01_CLT_MAGHREBI_ARAB_PERSONALITY_ID_001 | EVD_JRN_R11_B01_CLT_MAGHREBI_ARAB_TERRAIN_BROAD_001 | EVD_JRN_R11_B01_CLT_MAGHREBI_ARAB_TERRAIN_SPECIFIC_001
CLT_MAGHREBI_ARAB,BRD_HUMAN_MAGHREBI_ARAB_HARATIN,EXACT_CULTURE,EVD_JRN_R11_B01_CLT_MAGHREBI_ARAB_PERSONALITY_ID_001 | EVD_JRN_R11_B01_CLT_MAGHREBI_ARAB_TERRAIN_BROAD_001 | EVD_JRN_R11_B01_CLT_MAGHREBI_ARAB_TERRAIN_SPECIFIC_001
CLT_MAGHREBI_ARAB,BRD_HUMAN_MAGHREBI_ARAB_HASSANIYA_MOOR,EXACT_CULTURE,EVD_JRN_R11_B01_CLT_MAGHREBI_ARAB_PERSONALITY_ID_001 | EVD_JRN_R11_B01_CLT_MAGHREBI_ARAB_TERRAIN_BROAD_001 | EVD_JRN_R11_B01_CLT_MAGHREBI_ARAB_TERRAIN_SPECIFIC_001
CLT_MAGHREBI_ARAB,BRD_HUMAN_MAGHREBI_ARAB_LIBYAN_ARAB,EXACT_CULTURE,EVD_JRN_R11_B01_CLT_MAGHREBI_ARAB_PERSONALITY_ID_001 | EVD_JRN_R11_B01_CLT_MAGHREBI_ARAB_TERRAIN_BROAD_001 | EVD_JRN_R11_B01_CLT_MAGHREBI_ARAB_TERRAIN_SPECIFIC_001
CLT_MAGHREBI_ARAB,BRD_HUMAN_MAGHREBI_ARAB_MOROCCAN_ARAB,EXACT_CULTURE,EVD_JRN_R11_B01_CLT_MAGHREBI_ARAB_PERSONALITY_ID_001 | EVD_JRN_R11_B01_CLT_MAGHREBI_ARAB_TERRAIN_BROAD_001 | EVD_JRN_R11_B01_CLT_MAGHREBI_ARAB_TERRAIN_SPECIFIC_001
CLT_MAGHREBI_ARAB,BRD_HUMAN_MAGHREBI_ARAB_SAHRAWI,EXACT_CULTURE,EVD_JRN_R11_B01_CLT_MAGHREBI_ARAB_PERSONALITY_ID_001 | EVD_JRN_R11_B01_CLT_MAGHREBI_ARAB_TERRAIN_BROAD_001 | EVD_JRN_R11_B01_CLT_MAGHREBI_ARAB_TERRAIN_SPECIFIC_001
CLT_MALAGASY,BRD_HUMAN_MALAGASY_MALAGASY,EXACT_CULTURE,EVD_JRN_R04_B01_CLT_MALAGASY_PERSONALITY_ID_001 | EVD_JRN_R04_B01_CLT_MALAGASY_TERRAIN_BROAD_001 | EVD_JRN_R04_B01_CLT_MALAGASY_TERRAIN_SPECIFIC_001
CLT_MALAGASY,BRD_HUMAN_MALAGASY_MALAGASY_HIGHLAND,EXACT_CULTURE,EVD_JRN_R04_B01_CLT_MALAGASY_PERSONALITY_ID_001 | EVD_JRN_R04_B01_CLT_MALAGASY_TERRAIN_BROAD_001 | EVD_JRN_R04_B01_CLT_MALAGASY_TERRAIN_SPECIFIC_001
CLT_MALAGASY,BRD_HUMAN_MALAGASY_MERINA,EXACT_CULTURE,EVD_JRN_R04_B01_CLT_MALAGASY_PERSONALITY_ID_001 | EVD_JRN_R04_B01_CLT_MALAGASY_TERRAIN_BROAD_001 | EVD_JRN_R04_B01_CLT_MALAGASY_TERRAIN_SPECIFIC_001
CLT_MAORI,BRD_HUMAN_MAORI_COOK_MAORI,EXACT_CULTURE,EVD_JRN_R19_B01_CLT_MAORI_PERSONALITY_ID_001 | EVD_JRN_R19_B01_CLT_MAORI_TERRAIN_BROAD_001 | EVD_JRN_R19_B01_CLT_MAORI_TERRAIN_SPECIFIC_001
CLT_MAORI,BRD_HUMAN_MAORI_MAORI,EXACT_CULTURE,EVD_JRN_R19_B01_CLT_MAORI_PERSONALITY_ID_001 | EVD_JRN_R19_B01_CLT_MAORI_TERRAIN_BROAD_001 | EVD_JRN_R19_B01_CLT_MAORI_TERRAIN_SPECIFIC_001
CLT_MAPUCHE,BRD_HUMAN_MAPUCHE_MAPUCHE,EXACT_CULTURE,EVD_JRN_R23_B01_CLT_MAPUCHE_PERSONALITY_ID_001 | EVD_JRN_R23_B01_CLT_MAPUCHE_TERRAIN_BROAD_001 | EVD_JRN_R23_B01_CLT_MAPUCHE_TERRAIN_SPECIFIC_001
CLT_MARITIME_AUSTRONESIAN_MALAYIC_BORNEAN_TIMORESE,BRD_HUMAN_MARITIME_AUSTRONESIAN_MALAYIC_BORNEAN_TIMORESE_BORNEAN_INDIGENOUS,EXACT_CULTURE,EVD_JRN_R16_B01_CLT_MARITIME_AUSTRONESIAN_MALAYIC_BORNEAN_TIMORESE_PERSONALITY_ID_001 | EVD_JRN_R16_B01_CLT_MARITIME_AUSTRONESIAN_MALAYIC_BORNEAN_TIMORESE_TERRAIN_BROAD_001 | EVD_JRN_R16_B01_CLT_MARITIME_AUSTRONESIAN_MALAYIC_BORNEAN_TIMORESE_TERRAIN_SPECIFIC_001
CLT_MARITIME_AUSTRONESIAN_MALAYIC_BORNEAN_TIMORESE,BRD_HUMAN_MARITIME_AUSTRONESIAN_MALAYIC_BORNEAN_TIMORESE_BRUNEI_MALAY,EXACT_CULTURE,EVD_JRN_R16_B01_CLT_MARITIME_AUSTRONESIAN_MALAYIC_BORNEAN_TIMORESE_PERSONALITY_ID_001 | EVD_JRN_R16_B01_CLT_MARITIME_AUSTRONESIAN_MALAYIC_BORNEAN_TIMORESE_TERRAIN_BROAD_001 | EVD_JRN_R16_B01_CLT_MARITIME_AUSTRONESIAN_MALAYIC_BORNEAN_TIMORESE_TERRAIN_SPECIFIC_001
CLT_MARITIME_AUSTRONESIAN_MALAYIC_BORNEAN_TIMORESE,BRD_HUMAN_MARITIME_AUSTRONESIAN_MALAYIC_BORNEAN_TIMORESE_COCOS_MALAY,EXACT_CULTURE,EVD_JRN_R16_B01_CLT_MARITIME_AUSTRONESIAN_MALAYIC_BORNEAN_TIMORESE_PERSONALITY_ID_001 | EVD_JRN_R16_B01_CLT_MARITIME_AUSTRONESIAN_MALAYIC_BORNEAN_TIMORESE_TERRAIN_BROAD_001 | EVD_JRN_R16_B01_CLT_MARITIME_AUSTRONESIAN_MALAYIC_BORNEAN_TIMORESE_TERRAIN_SPECIFIC_001
CLT_MARITIME_AUSTRONESIAN_MALAYIC_BORNEAN_TIMORESE,BRD_HUMAN_MARITIME_AUSTRONESIAN_MALAYIC_BORNEAN_TIMORESE_DAYAK,EXACT_CULTURE,EVD_JRN_R16_B01_CLT_MARITIME_AUSTRONESIAN_MALAYIC_BORNEAN_TIMORESE_PERSONALITY_ID_001 | EVD_JRN_R16_B01_CLT_MARITIME_AUSTRONESIAN_MALAYIC_BORNEAN_TIMORESE_TERRAIN_BROAD_001 | EVD_JRN_R16_B01_CLT_MARITIME_AUSTRONESIAN_MALAYIC_BORNEAN_TIMORESE_TERRAIN_SPECIFIC_001
CLT_MARITIME_AUSTRONESIAN_MALAYIC_BORNEAN_TIMORESE,BRD_HUMAN_MARITIME_AUSTRONESIAN_MALAYIC_BORNEAN_TIMORESE_LUSO_TIMORESE,EXACT_CULTURE,EVD_JRN_R16_B01_CLT_MARITIME_AUSTRONESIAN_MALAYIC_BORNEAN_TIMORESE_PERSONALITY_ID_001 | EVD_JRN_R16_B01_CLT_MARITIME_AUSTRONESIAN_MALAYIC_BORNEAN_TIMORESE_TERRAIN_BROAD_001 | EVD_JRN_R16_B01_CLT_MARITIME_AUSTRONESIAN_MALAYIC_BORNEAN_TIMORESE_TERRAIN_SPECIFIC_001
CLT_MARITIME_AUSTRONESIAN_MALAYIC_BORNEAN_TIMORESE,BRD_HUMAN_MARITIME_AUSTRONESIAN_MALAYIC_BORNEAN_TIMORESE_MALAY,EXACT_CULTURE,EVD_JRN_R16_B01_CLT_MARITIME_AUSTRONESIAN_MALAYIC_BORNEAN_TIMORESE_PERSONALITY_ID_001 | EVD_JRN_R16_B01_CLT_MARITIME_AUSTRONESIAN_MALAYIC_BORNEAN_TIMORESE_TERRAIN_BROAD_001 | EVD_JRN_R16_B01_CLT_MARITIME_AUSTRONESIAN_MALAYIC_BORNEAN_TIMORESE_TERRAIN_SPECIFIC_001
CLT_MARITIME_AUSTRONESIAN_MALAYIC_BORNEAN_TIMORESE,BRD_HUMAN_MARITIME_AUSTRONESIAN_MALAYIC_BORNEAN_TIMORESE_MALAY_ACEHNESE,EXACT_CULTURE,EVD_JRN_R16_B01_CLT_MARITIME_AUSTRONESIAN_MALAYIC_BORNEAN_TIMORESE_PERSONALITY_ID_001 | EVD_JRN_R16_B01_CLT_MARITIME_AUSTRONESIAN_MALAYIC_BORNEAN_TIMORESE_TERRAIN_BROAD_001 | EVD_JRN_R16_B01_CLT_MARITIME_AUSTRONESIAN_MALAYIC_BORNEAN_TIMORESE_TERRAIN_SPECIFIC_001
CLT_MARITIME_AUSTRONESIAN_MALAYIC_BORNEAN_TIMORESE,BRD_HUMAN_MARITIME_AUSTRONESIAN_MALAYIC_BORNEAN_TIMORESE_MALAY_MUSLIM,EXACT_CULTURE,EVD_JRN_R16_B01_CLT_MARITIME_AUSTRONESIAN_MALAYIC_BORNEAN_TIMORESE_PERSONALITY_ID_001 | EVD_JRN_R16_B01_CLT_MARITIME_AUSTRONESIAN_MALAYIC_BORNEAN_TIMORESE_TERRAIN_BROAD_001 | EVD_JRN_R16_B01_CLT_MARITIME_AUSTRONESIAN_MALAYIC_BORNEAN_TIMORESE_TERRAIN_SPECIFIC_001
CLT_MARITIME_AUSTRONESIAN_MALAYIC_BORNEAN_TIMORESE,BRD_HUMAN_MARITIME_AUSTRONESIAN_MALAYIC_BORNEAN_TIMORESE_MINANGKABAU,EXACT_CULTURE,EVD_JRN_R16_B01_CLT_MARITIME_AUSTRONESIAN_MALAYIC_BORNEAN_TIMORESE_PERSONALITY_ID_001 | EVD_JRN_R16_B01_CLT_MARITIME_AUSTRONESIAN_MALAYIC_BORNEAN_TIMORESE_TERRAIN_BROAD_001 | EVD_JRN_R16_B01_CLT_MARITIME_AUSTRONESIAN_MALAYIC_BORNEAN_TIMORESE_TERRAIN_SPECIFIC_001
CLT_MARITIME_AUSTRONESIAN_MALAYIC_BORNEAN_TIMORESE,BRD_HUMAN_MARITIME_AUSTRONESIAN_MALAYIC_BORNEAN_TIMORESE_MORO,EXACT_CULTURE,EVD_JRN_R16_B01_CLT_MARITIME_AUSTRONESIAN_MALAYIC_BORNEAN_TIMORESE_PERSONALITY_ID_001 | EVD_JRN_R16_B01_CLT_MARITIME_AUSTRONESIAN_MALAYIC_BORNEAN_TIMORESE_TERRAIN_BROAD_001 | EVD_JRN_R16_B01_CLT_MARITIME_AUSTRONESIAN_MALAYIC_BORNEAN_TIMORESE_TERRAIN_SPECIFIC_001
CLT_MARITIME_AUSTRONESIAN_MALAYIC_BORNEAN_TIMORESE,BRD_HUMAN_MARITIME_AUSTRONESIAN_MALAYIC_BORNEAN_TIMORESE_SINGAPOREAN_MALAY,EXACT_CULTURE,EVD_JRN_R16_B01_CLT_MARITIME_AUSTRONESIAN_MALAYIC_BORNEAN_TIMORESE_PERSONALITY_ID_001 | EVD_JRN_R16_B01_CLT_MARITIME_AUSTRONESIAN_MALAYIC_BORNEAN_TIMORESE_TERRAIN_BROAD_001 | EVD_JRN_R16_B01_CLT_MARITIME_AUSTRONESIAN_MALAYIC_BORNEAN_TIMORESE_TERRAIN_SPECIFIC_001
CLT_MARITIME_AUSTRONESIAN_MALAYIC_BORNEAN_TIMORESE,BRD_HUMAN_MARITIME_AUSTRONESIAN_MALAYIC_BORNEAN_TIMORESE_TAIWANESE_INDIGENOUS,EXACT_CULTURE,EVD_JRN_R16_B01_CLT_MARITIME_AUSTRONESIAN_MALAYIC_BORNEAN_TIMORESE_PERSONALITY_ID_001 | EVD_JRN_R16_B01_CLT_MARITIME_AUSTRONESIAN_MALAYIC_BORNEAN_TIMORESE_TERRAIN_BROAD_001 | EVD_JRN_R16_B01_CLT_MARITIME_AUSTRONESIAN_MALAYIC_BORNEAN_TIMORESE_TERRAIN_SPECIFIC_001
CLT_MARITIME_AUSTRONESIAN_MALAYIC_BORNEAN_TIMORESE,BRD_HUMAN_MARITIME_AUSTRONESIAN_MALAYIC_BORNEAN_TIMORESE_TETUM,EXACT_CULTURE,EVD_JRN_R16_B01_CLT_MARITIME_AUSTRONESIAN_MALAYIC_BORNEAN_TIMORESE_PERSONALITY_ID_001 | EVD_JRN_R16_B01_CLT_MARITIME_AUSTRONESIAN_MALAYIC_BORNEAN_TIMORESE_TERRAIN_BROAD_001 | EVD_JRN_R16_B01_CLT_MARITIME_AUSTRONESIAN_MALAYIC_BORNEAN_TIMORESE_TERRAIN_SPECIFIC_001
CLT_MAYA_CULTURAL_CONTINUUM,BRD_HUMAN_MAYA_CULTURAL_CONTINUUM_MAYA,EXACT_CULTURE,EVD_JRN_R24_B01_CLT_MAYA_CULTURAL_CONTINUUM_PERSONALITY_ID_001 | EVD_JRN_R24_B01_CLT_MAYA_CULTURAL_CONTINUUM_TERRAIN_BROAD_001 | EVD_JRN_R24_B01_CLT_MAYA_CULTURAL_CONTINUUM_TERRAIN_SPECIFIC_001
CLT_MAYA_CULTURAL_CONTINUUM,BRD_HUMAN_MAYA_CULTURAL_CONTINUUM_MAYA_CULTURAL_CONTINUUM,EXACT_CULTURE,EVD_JRN_R24_B01_CLT_MAYA_CULTURAL_CONTINUUM_PERSONALITY_ID_001 | EVD_JRN_R24_B01_CLT_MAYA_CULTURAL_CONTINUUM_TERRAIN_BROAD_001 | EVD_JRN_R24_B01_CLT_MAYA_CULTURAL_CONTINUUM_TERRAIN_SPECIFIC_001
CLT_MAYA_CULTURAL_CONTINUUM,BRD_HUMAN_MAYA_CULTURAL_CONTINUUM_YUCATEC_MAYA,EXACT_CULTURE,EVD_JRN_R24_B01_CLT_MAYA_CULTURAL_CONTINUUM_PERSONALITY_ID_001 | EVD_JRN_R24_B01_CLT_MAYA_CULTURAL_CONTINUUM_TERRAIN_BROAD_001 | EVD_JRN_R24_B01_CLT_MAYA_CULTURAL_CONTINUUM_TERRAIN_SPECIFIC_001
CLT_MELANESIAN_PAPUAN,BRD_HUMAN_MELANESIAN_PAPUAN_ITAUKEI,EXACT_CULTURE,EVD_JRN_R19_B01_CLT_MELANESIAN_PAPUAN_PERSONALITY_ID_001 | EVD_JRN_R19_B01_CLT_MELANESIAN_PAPUAN_TERRAIN_BROAD_001 | EVD_JRN_R19_B01_CLT_MELANESIAN_PAPUAN_TERRAIN_SPECIFIC_001
CLT_MELANESIAN_PAPUAN,BRD_HUMAN_MELANESIAN_PAPUAN_KANAK,EXACT_CULTURE,EVD_JRN_R19_B01_CLT_MELANESIAN_PAPUAN_PERSONALITY_ID_001 | EVD_JRN_R19_B01_CLT_MELANESIAN_PAPUAN_TERRAIN_BROAD_001 | EVD_JRN_R19_B01_CLT_MELANESIAN_PAPUAN_TERRAIN_SPECIFIC_001
CLT_MELANESIAN_PAPUAN,BRD_HUMAN_MELANESIAN_PAPUAN_MELANESIAN,EXACT_CULTURE,EVD_JRN_R19_B01_CLT_MELANESIAN_PAPUAN_PERSONALITY_ID_001 | EVD_JRN_R19_B01_CLT_MELANESIAN_PAPUAN_TERRAIN_BROAD_001 | EVD_JRN_R19_B01_CLT_MELANESIAN_PAPUAN_TERRAIN_SPECIFIC_001
CLT_MELANESIAN_PAPUAN,BRD_HUMAN_MELANESIAN_PAPUAN_NI_VANUATU,EXACT_CULTURE,EVD_JRN_R19_B01_CLT_MELANESIAN_PAPUAN_PERSONALITY_ID_001 | EVD_JRN_R19_B01_CLT_MELANESIAN_PAPUAN_TERRAIN_BROAD_001 | EVD_JRN_R19_B01_CLT_MELANESIAN_PAPUAN_TERRAIN_SPECIFIC_001
CLT_MELANESIAN_PAPUAN,BRD_HUMAN_MELANESIAN_PAPUAN_PAPUAN,EXACT_CULTURE,EVD_JRN_R19_B01_CLT_MELANESIAN_PAPUAN_PERSONALITY_ID_001 | EVD_JRN_R19_B01_CLT_MELANESIAN_PAPUAN_TERRAIN_BROAD_001 | EVD_JRN_R19_B01_CLT_MELANESIAN_PAPUAN_TERRAIN_SPECIFIC_001
CLT_MELANESIAN_PAPUAN,BRD_HUMAN_MELANESIAN_PAPUAN_SOLOMON_ISLANDER,EXACT_CULTURE,EVD_JRN_R19_B01_CLT_MELANESIAN_PAPUAN_PERSONALITY_ID_001 | EVD_JRN_R19_B01_CLT_MELANESIAN_PAPUAN_TERRAIN_BROAD_001 | EVD_JRN_R19_B01_CLT_MELANESIAN_PAPUAN_TERRAIN_SPECIFIC_001
CLT_MELANESIAN_PAPUAN,BRD_HUMAN_MELANESIAN_PAPUAN_TORRES_ISLANDER,EXACT_CULTURE,EVD_JRN_R19_B01_CLT_MELANESIAN_PAPUAN_PERSONALITY_ID_001 | EVD_JRN_R19_B01_CLT_MELANESIAN_PAPUAN_TERRAIN_BROAD_001 | EVD_JRN_R19_B01_CLT_MELANESIAN_PAPUAN_TERRAIN_SPECIFIC_001
CLT_MESOPOTAMIAN_SUMERIAN_BABYLONIAN,BRD_HUMAN_MESOPOTAMIAN_SUMERIAN_BABYLONIAN_BABYLONIAN,EXACT_CULTURE,EVD_JRN_R13_B01_CLT_MESOPOTAMIAN_SUMERIAN_BABYLONIAN_PERSONALITY_ID_001 | EVD_JRN_R13_B01_CLT_MESOPOTAMIAN_SUMERIAN_BABYLONIAN_TERRAIN_BROAD_001 | EVD_JRN_R13_B01_CLT_MESOPOTAMIAN_SUMERIAN_BABYLONIAN_TERRAIN_SPECIFIC_001
CLT_MESOPOTAMIAN_SUMERIAN_BABYLONIAN,BRD_HUMAN_MESOPOTAMIAN_SUMERIAN_BABYLONIAN_IRAQI_ARAB,EXACT_CULTURE,EVD_JRN_R13_B01_CLT_MESOPOTAMIAN_SUMERIAN_BABYLONIAN_PERSONALITY_ID_001 | EVD_JRN_R13_B01_CLT_MESOPOTAMIAN_SUMERIAN_BABYLONIAN_TERRAIN_BROAD_001 | EVD_JRN_R13_B01_CLT_MESOPOTAMIAN_SUMERIAN_BABYLONIAN_TERRAIN_SPECIFIC_001
CLT_MESOPOTAMIAN_SUMERIAN_BABYLONIAN,BRD_HUMAN_MESOPOTAMIAN_SUMERIAN_BABYLONIAN_MARSH_ARAB,EXACT_CULTURE,EVD_JRN_R13_B01_CLT_MESOPOTAMIAN_SUMERIAN_BABYLONIAN_PERSONALITY_ID_001 | EVD_JRN_R13_B01_CLT_MESOPOTAMIAN_SUMERIAN_BABYLONIAN_TERRAIN_BROAD_001 | EVD_JRN_R13_B01_CLT_MESOPOTAMIAN_SUMERIAN_BABYLONIAN_TERRAIN_SPECIFIC_001
CLT_MESOPOTAMIAN_SUMERIAN_BABYLONIAN,BRD_HUMAN_MESOPOTAMIAN_SUMERIAN_BABYLONIAN_SUMERIAN,EXACT_CULTURE,EVD_JRN_R13_B01_CLT_MESOPOTAMIAN_SUMERIAN_BABYLONIAN_PERSONALITY_ID_001 | EVD_JRN_R13_B01_CLT_MESOPOTAMIAN_SUMERIAN_BABYLONIAN_TERRAIN_BROAD_001 | EVD_JRN_R13_B01_CLT_MESOPOTAMIAN_SUMERIAN_BABYLONIAN_TERRAIN_SPECIFIC_001
CLT_METIS,BRD_HUMAN_METIS_METIS,EXACT_CULTURE,EVD_JRN_R21_B01_CLT_METIS_PERSONALITY_ID_001 | EVD_JRN_R21_B01_CLT_METIS_TERRAIN_BROAD_001 | EVD_JRN_R21_B01_CLT_METIS_TERRAIN_SPECIFIC_001
CLT_MEXICA_AZTEC,BRD_HUMAN_MEXICA_AZTEC_MESTIZO_NAHUA,EXACT_CULTURE,EVD_JRN_R24_B01_CLT_MEXICA_AZTEC_PERSONALITY_ID_001 | EVD_JRN_R24_B01_CLT_MEXICA_AZTEC_TERRAIN_BROAD_001 | EVD_JRN_R24_B01_CLT_MEXICA_AZTEC_TERRAIN_SPECIFIC_001
CLT_MEXICA_AZTEC,BRD_HUMAN_MEXICA_AZTEC_MESTIZO_PIPIL,EXACT_CULTURE,EVD_JRN_R24_B01_CLT_MEXICA_AZTEC_PERSONALITY_ID_001 | EVD_JRN_R24_B01_CLT_MEXICA_AZTEC_TERRAIN_BROAD_001 | EVD_JRN_R24_B01_CLT_MEXICA_AZTEC_TERRAIN_SPECIFIC_001
CLT_MEXICA_AZTEC,BRD_HUMAN_MEXICA_AZTEC_MEXICA_AZTEC,EXACT_CULTURE,EVD_JRN_R24_B01_CLT_MEXICA_AZTEC_PERSONALITY_ID_001 | EVD_JRN_R24_B01_CLT_MEXICA_AZTEC_TERRAIN_BROAD_001 | EVD_JRN_R24_B01_CLT_MEXICA_AZTEC_TERRAIN_SPECIFIC_001
CLT_HISPANIC_AMERICAN_MESTIZO,BRD_HUMAN_MEXICAN,EXACT_CULTURE,EVD_JRN_R21_B01_CLT_HISPANIC_AMERICAN_MESTIZO_PERSONALITY_ID_001 | EVD_JRN_R21_B01_CLT_HISPANIC_AMERICAN_MESTIZO_TERRAIN_BROAD_001 | EVD_JRN_R21_B01_CLT_HISPANIC_AMERICAN_MESTIZO_TERRAIN_SPECIFIC_001
CLT_MICRONESIAN,BRD_HUMAN_MICRONESIAN_CAROLINIAN,EXACT_CULTURE,EVD_JRN_R19_B01_CLT_MICRONESIAN_PERSONALITY_ID_001 | EVD_JRN_R19_B01_CLT_MICRONESIAN_TERRAIN_BROAD_001 | EVD_JRN_R19_B01_CLT_MICRONESIAN_TERRAIN_SPECIFIC_001
CLT_MICRONESIAN,BRD_HUMAN_MICRONESIAN_CHAMORRO,EXACT_CULTURE,EVD_JRN_R19_B01_CLT_MICRONESIAN_PERSONALITY_ID_001 | EVD_JRN_R19_B01_CLT_MICRONESIAN_TERRAIN_BROAD_001 | EVD_JRN_R19_B01_CLT_MICRONESIAN_TERRAIN_SPECIFIC_001
CLT_MICRONESIAN,BRD_HUMAN_MICRONESIAN_CHAMORRO_CAROLINIAN,EXACT_CULTURE,EVD_JRN_R19_B01_CLT_MICRONESIAN_PERSONALITY_ID_001 | EVD_JRN_R19_B01_CLT_MICRONESIAN_TERRAIN_BROAD_001 | EVD_JRN_R19_B01_CLT_MICRONESIAN_TERRAIN_SPECIFIC_001
CLT_MICRONESIAN,BRD_HUMAN_MICRONESIAN_I_KIRIBATI,EXACT_CULTURE,EVD_JRN_R19_B01_CLT_MICRONESIAN_PERSONALITY_ID_001 | EVD_JRN_R19_B01_CLT_MICRONESIAN_TERRAIN_BROAD_001 | EVD_JRN_R19_B01_CLT_MICRONESIAN_TERRAIN_SPECIFIC_001
CLT_MICRONESIAN,BRD_HUMAN_MICRONESIAN_MARSHALLESE,EXACT_CULTURE,EVD_JRN_R19_B01_CLT_MICRONESIAN_PERSONALITY_ID_001 | EVD_JRN_R19_B01_CLT_MICRONESIAN_TERRAIN_BROAD_001 | EVD_JRN_R19_B01_CLT_MICRONESIAN_TERRAIN_SPECIFIC_001
CLT_MICRONESIAN,BRD_HUMAN_MICRONESIAN_NAURUAN,EXACT_CULTURE,EVD_JRN_R19_B01_CLT_MICRONESIAN_PERSONALITY_ID_001 | EVD_JRN_R19_B01_CLT_MICRONESIAN_TERRAIN_BROAD_001 | EVD_JRN_R19_B01_CLT_MICRONESIAN_TERRAIN_SPECIFIC_001
CLT_MICRONESIAN,BRD_HUMAN_MICRONESIAN_PALAUAN,EXACT_CULTURE,EVD_JRN_R19_B01_CLT_MICRONESIAN_PERSONALITY_ID_001 | EVD_JRN_R19_B01_CLT_MICRONESIAN_TERRAIN_BROAD_001 | EVD_JRN_R19_B01_CLT_MICRONESIAN_TERRAIN_SPECIFIC_001
CLT_MISSISSIPPIAN_EASTERN_WOODLANDS,BRD_HUMAN_MISSISSIPPIAN_EASTERN_WOODLANDS_MISSISSIPPI_INDIGENOUS,EXACT_CULTURE,EVD_JRN_R01_B02_CLT_MISSISSIPPIAN_EASTERN_WOODLANDS_PERSONALITY_ID_001 | EVD_JRN_R01_B02_CLT_MISSISSIPPIAN_EASTERN_WOODLANDS_TERRAIN_BROAD_001 | EVD_JRN_R01_B02_CLT_MISSISSIPPIAN_EASTERN_WOODLANDS_TERRAIN_SPECIFIC_001
CLT_MISSISSIPPIAN_EASTERN_WOODLANDS,BRD_HUMAN_MISSISSIPPIAN_EASTERN_WOODLANDS_MISSISSIPPIAN_CAHOKIAN,EXACT_CULTURE,EVD_JRN_R01_B02_CLT_MISSISSIPPIAN_EASTERN_WOODLANDS_PERSONALITY_ID_001 | EVD_JRN_R01_B02_CLT_MISSISSIPPIAN_EASTERN_WOODLANDS_TERRAIN_BROAD_001 | EVD_JRN_R01_B02_CLT_MISSISSIPPIAN_EASTERN_WOODLANDS_TERRAIN_SPECIFIC_001
CLT_MIXTEC_NUU_SAVI,BRD_HUMAN_MIXTEC_NUU_SAVI_MIXTEC_NUU_SAVI,EXACT_CULTURE,EVD_JRN_R24_B01_CLT_MIXTEC_NUU_SAVI_PERSONALITY_ID_001 | EVD_JRN_R24_B01_CLT_MIXTEC_NUU_SAVI_TERRAIN_BROAD_001 | EVD_JRN_R24_B01_CLT_MIXTEC_NUU_SAVI_TERRAIN_SPECIFIC_001
CLT_MIXTEC_NUU_SAVI,BRD_HUMAN_MIXTEC_NUU_SAVI_NUU_SAVI,EXACT_CULTURE,EVD_JRN_R24_B01_CLT_MIXTEC_NUU_SAVI_PERSONALITY_ID_001 | EVD_JRN_R24_B01_CLT_MIXTEC_NUU_SAVI_TERRAIN_BROAD_001 | EVD_JRN_R24_B01_CLT_MIXTEC_NUU_SAVI_TERRAIN_SPECIFIC_001
CLT_MOCHE,BRD_HUMAN_MOCHE_COASTAL_PERUVIAN,EXACT_CULTURE,EVD_JRN_R22_B01_CLT_MOCHE_PERSONALITY_ID_001 | EVD_JRN_R22_B01_CLT_MOCHE_TERRAIN_BROAD_001 | EVD_JRN_R22_B01_CLT_MOCHE_TERRAIN_SPECIFIC_001
CLT_MOCHE,BRD_HUMAN_MOCHE_MOCHE,EXACT_CULTURE,EVD_JRN_R22_B01_CLT_MOCHE_PERSONALITY_ID_001 | EVD_JRN_R22_B01_CLT_MOCHE_TERRAIN_BROAD_001 | EVD_JRN_R22_B01_CLT_MOCHE_TERRAIN_SPECIFIC_001
CLT_MONGOL,BRD_HUMAN_MONGOL_BURYAT_KALMYK,EXACT_CULTURE,EVD_JRN_R02_B02_CLT_MONGOL_PERSONALITY_ID_001 | EVD_JRN_R02_B02_CLT_MONGOL_TERRAIN_BROAD_001 | EVD_JRN_R02_B02_CLT_MONGOL_TERRAIN_SPECIFIC_001
CLT_MONGOL,BRD_HUMAN_MONGOL_MONGOL,EXACT_CULTURE,EVD_JRN_R02_B02_CLT_MONGOL_PERSONALITY_ID_001 | EVD_JRN_R02_B02_CLT_MONGOL_TERRAIN_BROAD_001 | EVD_JRN_R02_B02_CLT_MONGOL_TERRAIN_SPECIFIC_001
CLT_MAGHREBI_ARAB,BRD_HUMAN_MOROCCAN,EXACT_CULTURE,EVD_JRN_R11_B01_CLT_MAGHREBI_ARAB_PERSONALITY_ID_001 | EVD_JRN_R11_B01_CLT_MAGHREBI_ARAB_TERRAIN_BROAD_001 | EVD_JRN_R11_B01_CLT_MAGHREBI_ARAB_TERRAIN_SPECIFIC_001
CLT_MUISCA,BRD_HUMAN_MUISCA_MUISCA,EXACT_CULTURE,EVD_JRN_R22_B01_CLT_MUISCA_PERSONALITY_ID_001 | EVD_JRN_R22_B01_CLT_MUISCA_TERRAIN_BROAD_001 | EVD_JRN_R22_B01_CLT_MUISCA_TERRAIN_SPECIFIC_001
CLT_MYANMAR_MAINLAND_SOUTHEAST_ASIAN_HIGHLAND,BRD_HUMAN_MYANMAR_MAINLAND_SOUTHEAST_ASIAN_HIGHLAND_BAMAR,EXACT_CULTURE,EVD_JRN_R16_B01_CLT_MYANMAR_MAINLAND_SOUTHEAST_ASIAN_HIGHLAND_PERSONALITY_ID_001 | EVD_JRN_R16_B01_CLT_MYANMAR_MAINLAND_SOUTHEAST_ASIAN_HIGHLAND_TERRAIN_BROAD_001 | EVD_JRN_R16_B01_CLT_MYANMAR_MAINLAND_SOUTHEAST_ASIAN_HIGHLAND_TERRAIN_SPECIFIC_001
CLT_MYANMAR_MAINLAND_SOUTHEAST_ASIAN_HIGHLAND,BRD_HUMAN_MYANMAR_MAINLAND_SOUTHEAST_ASIAN_HIGHLAND_BAMAR_BURMESE,EXACT_CULTURE,EVD_JRN_R16_B01_CLT_MYANMAR_MAINLAND_SOUTHEAST_ASIAN_HIGHLAND_PERSONALITY_ID_001 | EVD_JRN_R16_B01_CLT_MYANMAR_MAINLAND_SOUTHEAST_ASIAN_HIGHLAND_TERRAIN_BROAD_001 | EVD_JRN_R16_B01_CLT_MYANMAR_MAINLAND_SOUTHEAST_ASIAN_HIGHLAND_TERRAIN_SPECIFIC_001
CLT_MYANMAR_MAINLAND_SOUTHEAST_ASIAN_HIGHLAND,BRD_HUMAN_MYANMAR_MAINLAND_SOUTHEAST_ASIAN_HIGHLAND_HIGHLAND_INDIGENOUS,EXACT_CULTURE,EVD_JRN_R16_B01_CLT_MYANMAR_MAINLAND_SOUTHEAST_ASIAN_HIGHLAND_PERSONALITY_ID_001 | EVD_JRN_R16_B01_CLT_MYANMAR_MAINLAND_SOUTHEAST_ASIAN_HIGHLAND_TERRAIN_BROAD_001 | EVD_JRN_R16_B01_CLT_MYANMAR_MAINLAND_SOUTHEAST_ASIAN_HIGHLAND_TERRAIN_SPECIFIC_001
CLT_MYANMAR_MAINLAND_SOUTHEAST_ASIAN_HIGHLAND,BRD_HUMAN_MYANMAR_MAINLAND_SOUTHEAST_ASIAN_HIGHLAND_HILL_PEOPLES,EXACT_CULTURE,EVD_JRN_R16_B01_CLT_MYANMAR_MAINLAND_SOUTHEAST_ASIAN_HIGHLAND_PERSONALITY_ID_001 | EVD_JRN_R16_B01_CLT_MYANMAR_MAINLAND_SOUTHEAST_ASIAN_HIGHLAND_TERRAIN_BROAD_001 | EVD_JRN_R16_B01_CLT_MYANMAR_MAINLAND_SOUTHEAST_ASIAN_HIGHLAND_TERRAIN_SPECIFIC_001
CLT_MYANMAR_MAINLAND_SOUTHEAST_ASIAN_HIGHLAND,BRD_HUMAN_MYANMAR_MAINLAND_SOUTHEAST_ASIAN_HIGHLAND_HMONG,EXACT_CULTURE,EVD_JRN_R16_B01_CLT_MYANMAR_MAINLAND_SOUTHEAST_ASIAN_HIGHLAND_PERSONALITY_ID_001 | EVD_JRN_R16_B01_CLT_MYANMAR_MAINLAND_SOUTHEAST_ASIAN_HIGHLAND_TERRAIN_BROAD_001 | EVD_JRN_R16_B01_CLT_MYANMAR_MAINLAND_SOUTHEAST_ASIAN_HIGHLAND_TERRAIN_SPECIFIC_001
CLT_MYANMAR_MAINLAND_SOUTHEAST_ASIAN_HIGHLAND,BRD_HUMAN_MYANMAR_MAINLAND_SOUTHEAST_ASIAN_HIGHLAND_KAREN_KACHIN_CHIN,EXACT_CULTURE,EVD_JRN_R16_B01_CLT_MYANMAR_MAINLAND_SOUTHEAST_ASIAN_HIGHLAND_PERSONALITY_ID_001 | EVD_JRN_R16_B01_CLT_MYANMAR_MAINLAND_SOUTHEAST_ASIAN_HIGHLAND_TERRAIN_BROAD_001 | EVD_JRN_R16_B01_CLT_MYANMAR_MAINLAND_SOUTHEAST_ASIAN_HIGHLAND_TERRAIN_SPECIFIC_001
CLT_MYANMAR_MAINLAND_SOUTHEAST_ASIAN_HIGHLAND,BRD_HUMAN_MYANMAR_MAINLAND_SOUTHEAST_ASIAN_HIGHLAND_RAKHINE,EXACT_CULTURE,EVD_JRN_R16_B01_CLT_MYANMAR_MAINLAND_SOUTHEAST_ASIAN_HIGHLAND_PERSONALITY_ID_001 | EVD_JRN_R16_B01_CLT_MYANMAR_MAINLAND_SOUTHEAST_ASIAN_HIGHLAND_TERRAIN_BROAD_001 | EVD_JRN_R16_B01_CLT_MYANMAR_MAINLAND_SOUTHEAST_ASIAN_HIGHLAND_TERRAIN_SPECIFIC_001
CLT_MYANMAR_MAINLAND_SOUTHEAST_ASIAN_HIGHLAND,BRD_HUMAN_MYANMAR_MAINLAND_SOUTHEAST_ASIAN_HIGHLAND_ROHINGYA,EXACT_CULTURE,EVD_JRN_R16_B01_CLT_MYANMAR_MAINLAND_SOUTHEAST_ASIAN_HIGHLAND_PERSONALITY_ID_001 | EVD_JRN_R16_B01_CLT_MYANMAR_MAINLAND_SOUTHEAST_ASIAN_HIGHLAND_TERRAIN_BROAD_001 | EVD_JRN_R16_B01_CLT_MYANMAR_MAINLAND_SOUTHEAST_ASIAN_HIGHLAND_TERRAIN_SPECIFIC_001
CLT_NEPAL_BHUTAN_HIMALAYAN_NEWAR,BRD_HUMAN_NEPAL_BHUTAN_HIMALAYAN_NEWAR_GILGIT_BALTISTANI,EXACT_CULTURE,EVD_JRN_R09_B01_CLT_NEPAL_BHUTAN_HIMALAYAN_NEWAR_PERSONALITY_ID_001 | EVD_JRN_R09_B01_CLT_NEPAL_BHUTAN_HIMALAYAN_NEWAR_TERRAIN_BROAD_001 | EVD_JRN_R09_B01_CLT_NEPAL_BHUTAN_HIMALAYAN_NEWAR_TERRAIN_SPECIFIC_001
CLT_NEPAL_BHUTAN_HIMALAYAN_NEWAR,BRD_HUMAN_NEPAL_BHUTAN_HIMALAYAN_NEWAR_KASHMIRI_HIMALAYAN,EXACT_CULTURE,EVD_JRN_R09_B01_CLT_NEPAL_BHUTAN_HIMALAYAN_NEWAR_PERSONALITY_ID_001 | EVD_JRN_R09_B01_CLT_NEPAL_BHUTAN_HIMALAYAN_NEWAR_TERRAIN_BROAD_001 | EVD_JRN_R09_B01_CLT_NEPAL_BHUTAN_HIMALAYAN_NEWAR_TERRAIN_SPECIFIC_001
CLT_NEPAL_BHUTAN_HIMALAYAN_NEWAR,BRD_HUMAN_NEPAL_BHUTAN_HIMALAYAN_NEWAR_KHAS_PAHARI,EXACT_CULTURE,EVD_JRN_R09_B01_CLT_NEPAL_BHUTAN_HIMALAYAN_NEWAR_PERSONALITY_ID_001 | EVD_JRN_R09_B01_CLT_NEPAL_BHUTAN_HIMALAYAN_NEWAR_TERRAIN_BROAD_001 | EVD_JRN_R09_B01_CLT_NEPAL_BHUTAN_HIMALAYAN_NEWAR_TERRAIN_SPECIFIC_001
CLT_NEPAL_BHUTAN_HIMALAYAN_NEWAR,BRD_HUMAN_NEPAL_BHUTAN_HIMALAYAN_NEWAR_LHOTSHAMPA,EXACT_CULTURE,EVD_JRN_R09_B01_CLT_NEPAL_BHUTAN_HIMALAYAN_NEWAR_PERSONALITY_ID_001 | EVD_JRN_R09_B01_CLT_NEPAL_BHUTAN_HIMALAYAN_NEWAR_TERRAIN_BROAD_001 | EVD_JRN_R09_B01_CLT_NEPAL_BHUTAN_HIMALAYAN_NEWAR_TERRAIN_SPECIFIC_001
CLT_NEPAL_BHUTAN_HIMALAYAN_NEWAR,BRD_HUMAN_NEPAL_BHUTAN_HIMALAYAN_NEWAR_NEWAR,EXACT_CULTURE,EVD_JRN_R09_B01_CLT_NEPAL_BHUTAN_HIMALAYAN_NEWAR_PERSONALITY_ID_001 | EVD_JRN_R09_B01_CLT_NEPAL_BHUTAN_HIMALAYAN_NEWAR_TERRAIN_BROAD_001 | EVD_JRN_R09_B01_CLT_NEPAL_BHUTAN_HIMALAYAN_NEWAR_TERRAIN_SPECIFIC_001
CLT_NEPAL_BHUTAN_HIMALAYAN_NEWAR,BRD_HUMAN_NEPAL_BHUTAN_HIMALAYAN_NEWAR_NORTHEAST_INDIGENOUS,EXACT_CULTURE,EVD_JRN_R09_B01_CLT_NEPAL_BHUTAN_HIMALAYAN_NEWAR_PERSONALITY_ID_001 | EVD_JRN_R09_B01_CLT_NEPAL_BHUTAN_HIMALAYAN_NEWAR_TERRAIN_BROAD_001 | EVD_JRN_R09_B01_CLT_NEPAL_BHUTAN_HIMALAYAN_NEWAR_TERRAIN_SPECIFIC_001
CLT_NEPAL_BHUTAN_HIMALAYAN_NEWAR,BRD_HUMAN_NEPAL_BHUTAN_HIMALAYAN_NEWAR_SHARCHOP,EXACT_CULTURE,EVD_JRN_R09_B01_CLT_NEPAL_BHUTAN_HIMALAYAN_NEWAR_PERSONALITY_ID_001 | EVD_JRN_R09_B01_CLT_NEPAL_BHUTAN_HIMALAYAN_NEWAR_TERRAIN_BROAD_001 | EVD_JRN_R09_B01_CLT_NEPAL_BHUTAN_HIMALAYAN_NEWAR_TERRAIN_SPECIFIC_001
CLT_NEPAL_BHUTAN_HIMALAYAN_NEWAR,BRD_HUMAN_NEPAL_BHUTAN_HIMALAYAN_NEWAR_SHERPA_TAMANG,EXACT_CULTURE,EVD_JRN_R09_B01_CLT_NEPAL_BHUTAN_HIMALAYAN_NEWAR_PERSONALITY_ID_001 | EVD_JRN_R09_B01_CLT_NEPAL_BHUTAN_HIMALAYAN_NEWAR_TERRAIN_BROAD_001 | EVD_JRN_R09_B01_CLT_NEPAL_BHUTAN_HIMALAYAN_NEWAR_TERRAIN_SPECIFIC_001
CLT_ENGLISH_ANGLO,BRD_HUMAN_NEW_ZEALANDER,EXACT_CULTURE,EVD_JRN_R03_B01_CLT_ENGLISH_ANGLO_PERSONALITY_ID_001 | EVD_JRN_R03_B01_CLT_ENGLISH_ANGLO_TERRAIN_BROAD_001 | EVD_JRN_R03_B01_CLT_ENGLISH_ANGLO_TERRAIN_SPECIFIC_001
CLT_MAORI,BRD_HUMAN_NEW_ZEALANDER_PAKEHA_MAORI_MIXED,EXACT_CULTURE,EVD_JRN_R19_B01_CLT_MAORI_PERSONALITY_ID_001 | EVD_JRN_R19_B01_CLT_MAORI_TERRAIN_BROAD_001 | EVD_JRN_R19_B01_CLT_MAORI_TERRAIN_SPECIFIC_001
CLT_EDO_BENIN_NIGER_DELTA,BRD_HUMAN_NIGERIAN,EXACT_CULTURE,EVD_JRN_R17_B01_CLT_EDO_BENIN_NIGER_DELTA_PERSONALITY_ID_001 | EVD_JRN_R17_B01_CLT_EDO_BENIN_NIGER_DELTA_TERRAIN_BROAD_001 | EVD_JRN_R17_B01_CLT_EDO_BENIN_NIGER_DELTA_TERRAIN_SPECIFIC_001
CLT_NORDIC,BRD_HUMAN_NORDIC_ALAND_SWEDISH,EXACT_CULTURE,EVD_JRN_R07_B01_CLT_NORDIC_PERSONALITY_ID_001 | EVD_JRN_R07_B01_CLT_NORDIC_TERRAIN_BROAD_001 | EVD_JRN_R07_B01_CLT_NORDIC_TERRAIN_SPECIFIC_001
CLT_NORDIC,BRD_HUMAN_NORDIC_DANISH,EXACT_CULTURE,EVD_JRN_R07_B01_CLT_NORDIC_PERSONALITY_ID_001 | EVD_JRN_R07_B01_CLT_NORDIC_TERRAIN_BROAD_001 | EVD_JRN_R07_B01_CLT_NORDIC_TERRAIN_SPECIFIC_001
CLT_NORDIC,BRD_HUMAN_NORDIC_FAROESE,EXACT_CULTURE,EVD_JRN_R07_B01_CLT_NORDIC_PERSONALITY_ID_001 | EVD_JRN_R07_B01_CLT_NORDIC_TERRAIN_BROAD_001 | EVD_JRN_R07_B01_CLT_NORDIC_TERRAIN_SPECIFIC_001
CLT_NORDIC,BRD_HUMAN_NORDIC_ICELANDIC,EXACT_CULTURE,EVD_JRN_R07_B01_CLT_NORDIC_PERSONALITY_ID_001 | EVD_JRN_R07_B01_CLT_NORDIC_TERRAIN_BROAD_001 | EVD_JRN_R07_B01_CLT_NORDIC_TERRAIN_SPECIFIC_001
CLT_NORDIC,BRD_HUMAN_NORDIC_NORSE_VIKING_AGE,EXACT_CULTURE,EVD_JRN_R07_B01_CLT_NORDIC_PERSONALITY_ID_001 | EVD_JRN_R07_B01_CLT_NORDIC_TERRAIN_BROAD_001 | EVD_JRN_R07_B01_CLT_NORDIC_TERRAIN_SPECIFIC_001
CLT_NORDIC,BRD_HUMAN_NORDIC_NORTHERN_SCOTS,EXACT_CULTURE,EVD_JRN_R07_B01_CLT_NORDIC_PERSONALITY_ID_001 | EVD_JRN_R07_B01_CLT_NORDIC_TERRAIN_BROAD_001 | EVD_JRN_R07_B01_CLT_NORDIC_TERRAIN_SPECIFIC_001
CLT_NORDIC,BRD_HUMAN_NORDIC_NORWEGIAN,EXACT_CULTURE,EVD_JRN_R07_B01_CLT_NORDIC_PERSONALITY_ID_001 | EVD_JRN_R07_B01_CLT_NORDIC_TERRAIN_BROAD_001 | EVD_JRN_R07_B01_CLT_NORDIC_TERRAIN_SPECIFIC_001
CLT_NORDIC,BRD_HUMAN_NORDIC_SVALBARD_NORWEGIAN,EXACT_CULTURE,EVD_JRN_R07_B01_CLT_NORDIC_PERSONALITY_ID_001 | EVD_JRN_R07_B01_CLT_NORDIC_TERRAIN_BROAD_001 | EVD_JRN_R07_B01_CLT_NORDIC_TERRAIN_SPECIFIC_001
CLT_NORDIC,BRD_HUMAN_NORDIC_SWEDISH,EXACT_CULTURE,EVD_JRN_R07_B01_CLT_NORDIC_PERSONALITY_ID_001 | EVD_JRN_R07_B01_CLT_NORDIC_TERRAIN_BROAD_001 | EVD_JRN_R07_B01_CLT_NORDIC_TERRAIN_SPECIFIC_001
CLT_NORTH_AND_WEST_INDIAN_INDUS_GANGETIC,BRD_HUMAN_NORTH_AND_WEST_INDIAN_INDUS_GANGETIC_HINDI,EXACT_CULTURE,EVD_JRN_R15_B01_CLT_NORTH_AND_WEST_INDIAN_INDUS_GANGETIC_PERSONALITY_ID_001 | EVD_JRN_R15_B01_CLT_NORTH_AND_WEST_INDIAN_INDUS_GANGETIC_TERRAIN_BROAD_001 | EVD_JRN_R15_B01_CLT_NORTH_AND_WEST_INDIAN_INDUS_GANGETIC_TERRAIN_SPECIFIC_001
CLT_NORTH_AND_WEST_INDIAN_INDUS_GANGETIC,BRD_HUMAN_NORTH_AND_WEST_INDIAN_INDUS_GANGETIC_HINDUSTANI,EXACT_CULTURE,EVD_JRN_R15_B01_CLT_NORTH_AND_WEST_INDIAN_INDUS_GANGETIC_PERSONALITY_ID_001 | EVD_JRN_R15_B01_CLT_NORTH_AND_WEST_INDIAN_INDUS_GANGETIC_TERRAIN_BROAD_001 | EVD_JRN_R15_B01_CLT_NORTH_AND_WEST_INDIAN_INDUS_GANGETIC_TERRAIN_SPECIFIC_001
CLT_NORTH_AND_WEST_INDIAN_INDUS_GANGETIC,BRD_HUMAN_NORTH_AND_WEST_INDIAN_INDUS_GANGETIC_INDIAN_SOUTH_AFRICAN,EXACT_CULTURE,EVD_JRN_R15_B01_CLT_NORTH_AND_WEST_INDIAN_INDUS_GANGETIC_PERSONALITY_ID_001 | EVD_JRN_R15_B01_CLT_NORTH_AND_WEST_INDIAN_INDUS_GANGETIC_TERRAIN_BROAD_001 | EVD_JRN_R15_B01_CLT_NORTH_AND_WEST_INDIAN_INDUS_GANGETIC_TERRAIN_SPECIFIC_001
CLT_NORTH_AND_WEST_INDIAN_INDUS_GANGETIC,BRD_HUMAN_NORTH_AND_WEST_INDIAN_INDUS_GANGETIC_INDO_FIJIAN,EXACT_CULTURE,EVD_JRN_R15_B01_CLT_NORTH_AND_WEST_INDIAN_INDUS_GANGETIC_PERSONALITY_ID_001 | EVD_JRN_R15_B01_CLT_NORTH_AND_WEST_INDIAN_INDUS_GANGETIC_TERRAIN_BROAD_001 | EVD_JRN_R15_B01_CLT_NORTH_AND_WEST_INDIAN_INDUS_GANGETIC_TERRAIN_SPECIFIC_001
CLT_NORTH_AND_WEST_INDIAN_INDUS_GANGETIC,BRD_HUMAN_NORTH_AND_WEST_INDIAN_INDUS_GANGETIC_INDO_GUYANESE,EXACT_CULTURE,EVD_JRN_R15_B01_CLT_NORTH_AND_WEST_INDIAN_INDUS_GANGETIC_PERSONALITY_ID_001 | EVD_JRN_R15_B01_CLT_NORTH_AND_WEST_INDIAN_INDUS_GANGETIC_TERRAIN_BROAD_001 | EVD_JRN_R15_B01_CLT_NORTH_AND_WEST_INDIAN_INDUS_GANGETIC_TERRAIN_SPECIFIC_001
CLT_NORTH_AND_WEST_INDIAN_INDUS_GANGETIC,BRD_HUMAN_NORTH_AND_WEST_INDIAN_INDUS_GANGETIC_INDO_MAURITIAN,EXACT_CULTURE,EVD_JRN_R15_B01_CLT_NORTH_AND_WEST_INDIAN_INDUS_GANGETIC_PERSONALITY_ID_001 | EVD_JRN_R15_B01_CLT_NORTH_AND_WEST_INDIAN_INDUS_GANGETIC_TERRAIN_BROAD_001 | EVD_JRN_R15_B01_CLT_NORTH_AND_WEST_INDIAN_INDUS_GANGETIC_TERRAIN_SPECIFIC_001
CLT_NORTH_AND_WEST_INDIAN_INDUS_GANGETIC,BRD_HUMAN_NORTH_AND_WEST_INDIAN_INDUS_GANGETIC_INDUS_HARAPPAN,EXACT_CULTURE,EVD_JRN_R15_B01_CLT_NORTH_AND_WEST_INDIAN_INDUS_GANGETIC_PERSONALITY_ID_001 | EVD_JRN_R15_B01_CLT_NORTH_AND_WEST_INDIAN_INDUS_GANGETIC_TERRAIN_BROAD_001 | EVD_JRN_R15_B01_CLT_NORTH_AND_WEST_INDIAN_INDUS_GANGETIC_TERRAIN_SPECIFIC_001
CLT_NORTH_AND_WEST_INDIAN_INDUS_GANGETIC,BRD_HUMAN_NORTH_AND_WEST_INDIAN_INDUS_GANGETIC_KASHMIRI,EXACT_CULTURE,EVD_JRN_R15_B01_CLT_NORTH_AND_WEST_INDIAN_INDUS_GANGETIC_PERSONALITY_ID_001 | EVD_JRN_R15_B01_CLT_NORTH_AND_WEST_INDIAN_INDUS_GANGETIC_TERRAIN_BROAD_001 | EVD_JRN_R15_B01_CLT_NORTH_AND_WEST_INDIAN_INDUS_GANGETIC_TERRAIN_SPECIFIC_001
CLT_NORTH_AND_WEST_INDIAN_INDUS_GANGETIC,BRD_HUMAN_NORTH_AND_WEST_INDIAN_INDUS_GANGETIC_MADHESI,EXACT_CULTURE,EVD_JRN_R15_B01_CLT_NORTH_AND_WEST_INDIAN_INDUS_GANGETIC_PERSONALITY_ID_001 | EVD_JRN_R15_B01_CLT_NORTH_AND_WEST_INDIAN_INDUS_GANGETIC_TERRAIN_BROAD_001 | EVD_JRN_R15_B01_CLT_NORTH_AND_WEST_INDIAN_INDUS_GANGETIC_TERRAIN_SPECIFIC_001
CLT_NORTH_AND_WEST_INDIAN_INDUS_GANGETIC,BRD_HUMAN_NORTH_AND_WEST_INDIAN_INDUS_GANGETIC_MARATHI_GOAN,EXACT_CULTURE,EVD_JRN_R15_B01_CLT_NORTH_AND_WEST_INDIAN_INDUS_GANGETIC_PERSONALITY_ID_001 | EVD_JRN_R15_B01_CLT_NORTH_AND_WEST_INDIAN_INDUS_GANGETIC_TERRAIN_BROAD_001 | EVD_JRN_R15_B01_CLT_NORTH_AND_WEST_INDIAN_INDUS_GANGETIC_TERRAIN_SPECIFIC_001
CLT_NORTH_AND_WEST_INDIAN_INDUS_GANGETIC,BRD_HUMAN_NORTH_AND_WEST_INDIAN_INDUS_GANGETIC_MUHAJIR,EXACT_CULTURE,EVD_JRN_R15_B01_CLT_NORTH_AND_WEST_INDIAN_INDUS_GANGETIC_PERSONALITY_ID_001 | EVD_JRN_R15_B01_CLT_NORTH_AND_WEST_INDIAN_INDUS_GANGETIC_TERRAIN_BROAD_001 | EVD_JRN_R15_B01_CLT_NORTH_AND_WEST_INDIAN_INDUS_GANGETIC_TERRAIN_SPECIFIC_001
CLT_NORTH_AND_WEST_INDIAN_INDUS_GANGETIC,BRD_HUMAN_NORTH_AND_WEST_INDIAN_INDUS_GANGETIC_SINDHI,EXACT_CULTURE,EVD_JRN_R15_B01_CLT_NORTH_AND_WEST_INDIAN_INDUS_GANGETIC_PERSONALITY_ID_001 | EVD_JRN_R15_B01_CLT_NORTH_AND_WEST_INDIAN_INDUS_GANGETIC_TERRAIN_BROAD_001 | EVD_JRN_R15_B01_CLT_NORTH_AND_WEST_INDIAN_INDUS_GANGETIC_TERRAIN_SPECIFIC_001
CLT_NORTHERN_HAN_CHINESE,BRD_HUMAN_NORTHERN_HAN_CHINESE_HAN_CHINESE,EXACT_CULTURE,EVD_JRN_R08_B01_CLT_NORTHERN_HAN_CHINESE_PERSONALITY_ID_001 | EVD_JRN_R08_B01_CLT_NORTHERN_HAN_CHINESE_TERRAIN_BROAD_001 | EVD_JRN_R08_B01_CLT_NORTHERN_HAN_CHINESE_TERRAIN_SPECIFIC_001
CLT_NORTHERN_HAN_CHINESE,BRD_HUMAN_NORTHERN_HAN_CHINESE_NORTHERN_CHINESE_COURTYARD,EXACT_CULTURE,EVD_JRN_R08_B01_CLT_NORTHERN_HAN_CHINESE_PERSONALITY_ID_001 | EVD_JRN_R08_B01_CLT_NORTHERN_HAN_CHINESE_TERRAIN_BROAD_001 | EVD_JRN_R08_B01_CLT_NORTHERN_HAN_CHINESE_TERRAIN_SPECIFIC_001
CLT_NORTHERN_HAN_CHINESE,BRD_HUMAN_NORTHERN_HAN_CHINESE_PENGLAI,EXACT_CULTURE,EVD_JRN_R08_B01_CLT_NORTHERN_HAN_CHINESE_PERSONALITY_ID_001 | EVD_JRN_R08_B01_CLT_NORTHERN_HAN_CHINESE_TERRAIN_BROAD_001 | EVD_JRN_R08_B01_CLT_NORTHERN_HAN_CHINESE_TERRAIN_SPECIFIC_001
CLT_NORTHERN_HAN_CHINESE,BRD_HUMAN_NORTHERN_HAN_CHINESE_SHANDONG_CHINESE,EXACT_CULTURE,EVD_JRN_R08_B01_CLT_NORTHERN_HAN_CHINESE_PERSONALITY_ID_001 | EVD_JRN_R08_B01_CLT_NORTHERN_HAN_CHINESE_TERRAIN_BROAD_001 | EVD_JRN_R08_B01_CLT_NORTHERN_HAN_CHINESE_TERRAIN_SPECIFIC_001
CLT_NUBIAN,BRD_HUMAN_NUBIAN_NUBIAN,EXACT_CULTURE,EVD_JRN_R11_B01_CLT_NUBIAN_PERSONALITY_ID_001 | EVD_JRN_R11_B01_CLT_NUBIAN_TERRAIN_BROAD_001 | EVD_JRN_R11_B01_CLT_NUBIAN_TERRAIN_SPECIFIC_001
CLT_OGHUZ_TURKIC,BRD_HUMAN_OGHUZ_TURKIC_AZERBAIJANI,EXACT_CULTURE,EVD_JRN_R02_B02_CLT_OGHUZ_TURKIC_PERSONALITY_ID_001 | EVD_JRN_R02_B02_CLT_OGHUZ_TURKIC_TERRAIN_BROAD_001 | EVD_JRN_R02_B02_CLT_OGHUZ_TURKIC_TERRAIN_SPECIFIC_001
CLT_OGHUZ_TURKIC,BRD_HUMAN_OGHUZ_TURKIC_CRIMEAN_TATAR,EXACT_CULTURE,EVD_JRN_R02_B02_CLT_OGHUZ_TURKIC_PERSONALITY_ID_001 | EVD_JRN_R02_B02_CLT_OGHUZ_TURKIC_TERRAIN_BROAD_001 | EVD_JRN_R02_B02_CLT_OGHUZ_TURKIC_TERRAIN_SPECIFIC_001
CLT_OGHUZ_TURKIC,BRD_HUMAN_OGHUZ_TURKIC_GAGAUZ,EXACT_CULTURE,EVD_JRN_R02_B02_CLT_OGHUZ_TURKIC_PERSONALITY_ID_001 | EVD_JRN_R02_B02_CLT_OGHUZ_TURKIC_TERRAIN_BROAD_001 | EVD_JRN_R02_B02_CLT_OGHUZ_TURKIC_TERRAIN_SPECIFIC_001
CLT_OGHUZ_TURKIC,BRD_HUMAN_OGHUZ_TURKIC_IRAQI_TURKMEN,EXACT_CULTURE,EVD_JRN_R02_B02_CLT_OGHUZ_TURKIC_PERSONALITY_ID_001 | EVD_JRN_R02_B02_CLT_OGHUZ_TURKIC_TERRAIN_BROAD_001 | EVD_JRN_R02_B02_CLT_OGHUZ_TURKIC_TERRAIN_SPECIFIC_001
CLT_OGHUZ_TURKIC,BRD_HUMAN_OGHUZ_TURKIC_OTTOMAN_TURKISH,EXACT_CULTURE,EVD_JRN_R02_B02_CLT_OGHUZ_TURKIC_PERSONALITY_ID_001 | EVD_JRN_R02_B02_CLT_OGHUZ_TURKIC_TERRAIN_BROAD_001 | EVD_JRN_R02_B02_CLT_OGHUZ_TURKIC_TERRAIN_SPECIFIC_001
CLT_OGHUZ_TURKIC,BRD_HUMAN_OGHUZ_TURKIC_RUMELIAN_TURKISH,EXACT_CULTURE,EVD_JRN_R02_B02_CLT_OGHUZ_TURKIC_PERSONALITY_ID_001 | EVD_JRN_R02_B02_CLT_OGHUZ_TURKIC_TERRAIN_BROAD_001 | EVD_JRN_R02_B02_CLT_OGHUZ_TURKIC_TERRAIN_SPECIFIC_001
CLT_OGHUZ_TURKIC,BRD_HUMAN_OGHUZ_TURKIC_TURKISH,EXACT_CULTURE,EVD_JRN_R02_B02_CLT_OGHUZ_TURKIC_PERSONALITY_ID_001 | EVD_JRN_R02_B02_CLT_OGHUZ_TURKIC_TERRAIN_BROAD_001 | EVD_JRN_R02_B02_CLT_OGHUZ_TURKIC_TERRAIN_SPECIFIC_001
CLT_OGHUZ_TURKIC,BRD_HUMAN_OGHUZ_TURKIC_TURKISH_CYPRIOT,EXACT_CULTURE,EVD_JRN_R02_B02_CLT_OGHUZ_TURKIC_PERSONALITY_ID_001 | EVD_JRN_R02_B02_CLT_OGHUZ_TURKIC_TERRAIN_BROAD_001 | EVD_JRN_R02_B02_CLT_OGHUZ_TURKIC_TERRAIN_SPECIFIC_001
CLT_OGHUZ_TURKIC,BRD_HUMAN_OGHUZ_TURKIC_TURKMEN,EXACT_CULTURE,EVD_JRN_R02_B02_CLT_OGHUZ_TURKIC_PERSONALITY_ID_001 | EVD_JRN_R02_B02_CLT_OGHUZ_TURKIC_TERRAIN_BROAD_001 | EVD_JRN_R02_B02_CLT_OGHUZ_TURKIC_TERRAIN_SPECIFIC_001
CLT_OLMEC,BRD_HUMAN_OLMEC_GULF_MEXICAN,EXACT_CULTURE,EVD_JRN_R22_B01_CLT_OLMEC_PERSONALITY_ID_001 | EVD_JRN_R22_B01_CLT_OLMEC_TERRAIN_BROAD_001 | EVD_JRN_R22_B01_CLT_OLMEC_TERRAIN_SPECIFIC_001
CLT_OLMEC,BRD_HUMAN_OLMEC_OLMEC,EXACT_CULTURE,EVD_JRN_R22_B01_CLT_OLMEC_PERSONALITY_ID_001 | EVD_JRN_R22_B01_CLT_OLMEC_TERRAIN_BROAD_001 | EVD_JRN_R22_B01_CLT_OLMEC_TERRAIN_SPECIFIC_001
CLT_PASHTUN,BRD_HUMAN_PASHTUN_PASHTUN,EXACT_CULTURE,EVD_JRN_R06_B01_CLT_PASHTUN_PERSONALITY_ID_001 | EVD_JRN_R06_B01_CLT_PASHTUN_TERRAIN_BROAD_001 | EVD_JRN_R06_B01_CLT_PASHTUN_TERRAIN_SPECIFIC_001
CLT_PERSIAN_IRANIAN,BRD_HUMAN_PERSIAN_IRANIAN_BALOCH,EXACT_CULTURE,EVD_JRN_R06_B01_CLT_PERSIAN_IRANIAN_PERSONALITY_ID_001 | EVD_JRN_R06_B01_CLT_PERSIAN_IRANIAN_TERRAIN_BROAD_001 | EVD_JRN_R06_B01_CLT_PERSIAN_IRANIAN_TERRAIN_SPECIFIC_001
CLT_PERSIAN_IRANIAN,BRD_HUMAN_PERSIAN_IRANIAN_HAZARA,EXACT_CULTURE,EVD_JRN_R06_B01_CLT_PERSIAN_IRANIAN_PERSONALITY_ID_001 | EVD_JRN_R06_B01_CLT_PERSIAN_IRANIAN_TERRAIN_BROAD_001 | EVD_JRN_R06_B01_CLT_PERSIAN_IRANIAN_TERRAIN_SPECIFIC_001
CLT_PERSIAN_IRANIAN,BRD_HUMAN_PERSIAN_IRANIAN_LUR_BAKHTIARI,EXACT_CULTURE,EVD_JRN_R06_B01_CLT_PERSIAN_IRANIAN_PERSONALITY_ID_001 | EVD_JRN_R06_B01_CLT_PERSIAN_IRANIAN_TERRAIN_BROAD_001 | EVD_JRN_R06_B01_CLT_PERSIAN_IRANIAN_TERRAIN_SPECIFIC_001
CLT_PERSIAN_IRANIAN,BRD_HUMAN_PERSIAN_IRANIAN_PAMIRI,EXACT_CULTURE,EVD_JRN_R06_B01_CLT_PERSIAN_IRANIAN_PERSONALITY_ID_001 | EVD_JRN_R06_B01_CLT_PERSIAN_IRANIAN_TERRAIN_BROAD_001 | EVD_JRN_R06_B01_CLT_PERSIAN_IRANIAN_TERRAIN_SPECIFIC_001
CLT_PERSIAN_IRANIAN,BRD_HUMAN_PERSIAN_IRANIAN_PERSIAN,EXACT_CULTURE,EVD_JRN_R06_B01_CLT_PERSIAN_IRANIAN_PERSONALITY_ID_001 | EVD_JRN_R06_B01_CLT_PERSIAN_IRANIAN_TERRAIN_BROAD_001 | EVD_JRN_R06_B01_CLT_PERSIAN_IRANIAN_TERRAIN_SPECIFIC_001
CLT_PERSIAN_IRANIAN,BRD_HUMAN_PERSIAN_IRANIAN_PERSIAN_IRANIAN,EXACT_CULTURE,EVD_JRN_R06_B01_CLT_PERSIAN_IRANIAN_PERSONALITY_ID_001 | EVD_JRN_R06_B01_CLT_PERSIAN_IRANIAN_TERRAIN_BROAD_001 | EVD_JRN_R06_B01_CLT_PERSIAN_IRANIAN_TERRAIN_SPECIFIC_001
CLT_PERSIAN_IRANIAN,BRD_HUMAN_PERSIAN_IRANIAN_TALYSH,EXACT_CULTURE,EVD_JRN_R06_B01_CLT_PERSIAN_IRANIAN_PERSONALITY_ID_001 | EVD_JRN_R06_B01_CLT_PERSIAN_IRANIAN_TERRAIN_BROAD_001 | EVD_JRN_R06_B01_CLT_PERSIAN_IRANIAN_TERRAIN_SPECIFIC_001
CLT_POLYNESIAN_ISLANDS,BRD_HUMAN_POLYNESIAN_ISLANDS_MARQUESAN_TUAMOTUAN,EXACT_CULTURE,EVD_JRN_R19_B01_CLT_POLYNESIAN_ISLANDS_PERSONALITY_ID_001 | EVD_JRN_R19_B01_CLT_POLYNESIAN_ISLANDS_TERRAIN_BROAD_001 | EVD_JRN_R19_B01_CLT_POLYNESIAN_ISLANDS_TERRAIN_SPECIFIC_001
CLT_POLYNESIAN_ISLANDS,BRD_HUMAN_POLYNESIAN_ISLANDS_NIUEAN,EXACT_CULTURE,EVD_JRN_R19_B01_CLT_POLYNESIAN_ISLANDS_PERSONALITY_ID_001 | EVD_JRN_R19_B01_CLT_POLYNESIAN_ISLANDS_TERRAIN_BROAD_001 | EVD_JRN_R19_B01_CLT_POLYNESIAN_ISLANDS_TERRAIN_SPECIFIC_001
CLT_POLYNESIAN_ISLANDS,BRD_HUMAN_POLYNESIAN_ISLANDS_PITCAIRN_DESCENDED,EXACT_CULTURE,EVD_JRN_R19_B01_CLT_POLYNESIAN_ISLANDS_PERSONALITY_ID_001 | EVD_JRN_R19_B01_CLT_POLYNESIAN_ISLANDS_TERRAIN_BROAD_001 | EVD_JRN_R19_B01_CLT_POLYNESIAN_ISLANDS_TERRAIN_SPECIFIC_001
CLT_POLYNESIAN_ISLANDS,BRD_HUMAN_POLYNESIAN_ISLANDS_PITCAIRN_ISLANDER,EXACT_CULTURE,EVD_JRN_R19_B01_CLT_POLYNESIAN_ISLANDS_PERSONALITY_ID_001 | EVD_JRN_R19_B01_CLT_POLYNESIAN_ISLANDS_TERRAIN_BROAD_001 | EVD_JRN_R19_B01_CLT_POLYNESIAN_ISLANDS_TERRAIN_SPECIFIC_001
CLT_POLYNESIAN_ISLANDS,BRD_HUMAN_POLYNESIAN_ISLANDS_RAPA_NUI,EXACT_CULTURE,EVD_JRN_R19_B01_CLT_POLYNESIAN_ISLANDS_PERSONALITY_ID_001 | EVD_JRN_R19_B01_CLT_POLYNESIAN_ISLANDS_TERRAIN_BROAD_001 | EVD_JRN_R19_B01_CLT_POLYNESIAN_ISLANDS_TERRAIN_SPECIFIC_001
CLT_POLYNESIAN_ISLANDS,BRD_HUMAN_POLYNESIAN_ISLANDS_SAMOAN,EXACT_CULTURE,EVD_JRN_R19_B01_CLT_POLYNESIAN_ISLANDS_PERSONALITY_ID_001 | EVD_JRN_R19_B01_CLT_POLYNESIAN_ISLANDS_TERRAIN_BROAD_001 | EVD_JRN_R19_B01_CLT_POLYNESIAN_ISLANDS_TERRAIN_SPECIFIC_001
CLT_POLYNESIAN_ISLANDS,BRD_HUMAN_POLYNESIAN_ISLANDS_TAHITIAN,EXACT_CULTURE,EVD_JRN_R19_B01_CLT_POLYNESIAN_ISLANDS_PERSONALITY_ID_001 | EVD_JRN_R19_B01_CLT_POLYNESIAN_ISLANDS_TERRAIN_BROAD_001 | EVD_JRN_R19_B01_CLT_POLYNESIAN_ISLANDS_TERRAIN_SPECIFIC_001
CLT_POLYNESIAN_ISLANDS,BRD_HUMAN_POLYNESIAN_ISLANDS_TOKELAUAN,EXACT_CULTURE,EVD_JRN_R19_B01_CLT_POLYNESIAN_ISLANDS_PERSONALITY_ID_001 | EVD_JRN_R19_B01_CLT_POLYNESIAN_ISLANDS_TERRAIN_BROAD_001 | EVD_JRN_R19_B01_CLT_POLYNESIAN_ISLANDS_TERRAIN_SPECIFIC_001
CLT_POLYNESIAN_ISLANDS,BRD_HUMAN_POLYNESIAN_ISLANDS_TONGAN,EXACT_CULTURE,EVD_JRN_R19_B01_CLT_POLYNESIAN_ISLANDS_PERSONALITY_ID_001 | EVD_JRN_R19_B01_CLT_POLYNESIAN_ISLANDS_TERRAIN_BROAD_001 | EVD_JRN_R19_B01_CLT_POLYNESIAN_ISLANDS_TERRAIN_SPECIFIC_001
CLT_POLYNESIAN_ISLANDS,BRD_HUMAN_POLYNESIAN_ISLANDS_TUVALUAN,EXACT_CULTURE,EVD_JRN_R19_B01_CLT_POLYNESIAN_ISLANDS_PERSONALITY_ID_001 | EVD_JRN_R19_B01_CLT_POLYNESIAN_ISLANDS_TERRAIN_BROAD_001 | EVD_JRN_R19_B01_CLT_POLYNESIAN_ISLANDS_TERRAIN_SPECIFIC_001
CLT_POLYNESIAN_ISLANDS,BRD_HUMAN_POLYNESIAN_ISLANDS_WALLISIAN_FUTUNAN,EXACT_CULTURE,EVD_JRN_R19_B01_CLT_POLYNESIAN_ISLANDS_PERSONALITY_ID_001 | EVD_JRN_R19_B01_CLT_POLYNESIAN_ISLANDS_TERRAIN_BROAD_001 | EVD_JRN_R19_B01_CLT_POLYNESIAN_ISLANDS_TERRAIN_SPECIFIC_001
CLT_PUNJABI_SIKH,BRD_HUMAN_PUNJABI_SIKH_PUNJABI,EXACT_CULTURE,EVD_JRN_R06_B01_CLT_PUNJABI_SIKH_PERSONALITY_ID_001 | EVD_JRN_R06_B01_CLT_PUNJABI_SIKH_TERRAIN_BROAD_001 | EVD_JRN_R06_B01_CLT_PUNJABI_SIKH_TERRAIN_SPECIFIC_001
CLT_PUNJABI_SIKH,BRD_HUMAN_PUNJABI_SIKH_PUNJABI_SIKH,EXACT_CULTURE,EVD_JRN_R06_B01_CLT_PUNJABI_SIKH_PERSONALITY_ID_001 | EVD_JRN_R06_B01_CLT_PUNJABI_SIKH_TERRAIN_BROAD_001 | EVD_JRN_R06_B01_CLT_PUNJABI_SIKH_TERRAIN_SPECIFIC_001
CLT_PUREPECHA,BRD_HUMAN_PUREPECHA_PUREPECHA,EXACT_CULTURE,EVD_JRN_R22_B01_CLT_PUREPECHA_PERSONALITY_ID_001 | EVD_JRN_R22_B01_CLT_PUREPECHA_TERRAIN_BROAD_001 | EVD_JRN_R22_B01_CLT_PUREPECHA_TERRAIN_SPECIFIC_001
CLT_QUECHUA_INCA_CONTINUUM,BRD_HUMAN_QUECHUA_INCA_CONTINUUM_KICHWA,EXACT_CULTURE,EVD_JRN_R23_B01_CLT_QUECHUA_INCA_CONTINUUM_PERSONALITY_ID_001 | EVD_JRN_R23_B01_CLT_QUECHUA_INCA_CONTINUUM_TERRAIN_BROAD_001 | EVD_JRN_R23_B01_CLT_QUECHUA_INCA_CONTINUUM_TERRAIN_SPECIFIC_001
CLT_QUECHUA_INCA_CONTINUUM,BRD_HUMAN_QUECHUA_INCA_CONTINUUM_QUECHUA,EXACT_CULTURE,EVD_JRN_R23_B01_CLT_QUECHUA_INCA_CONTINUUM_PERSONALITY_ID_001 | EVD_JRN_R23_B01_CLT_QUECHUA_INCA_CONTINUUM_TERRAIN_BROAD_001 | EVD_JRN_R23_B01_CLT_QUECHUA_INCA_CONTINUUM_TERRAIN_SPECIFIC_001
CLT_QUECHUA_INCA_CONTINUUM,BRD_HUMAN_QUECHUA_INCA_CONTINUUM_QUECHUA_INCA_CONTINUUM,EXACT_CULTURE,EVD_JRN_R23_B01_CLT_QUECHUA_INCA_CONTINUUM_PERSONALITY_ID_001 | EVD_JRN_R23_B01_CLT_QUECHUA_INCA_CONTINUUM_TERRAIN_BROAD_001 | EVD_JRN_R23_B01_CLT_QUECHUA_INCA_CONTINUUM_TERRAIN_SPECIFIC_001
CLT_RAJASTHANI,BRD_HUMAN_RAJASTHANI_RAJASTHANI,EXACT_CULTURE,EVD_JRN_R06_B01_CLT_RAJASTHANI_PERSONALITY_ID_001 | EVD_JRN_R06_B01_CLT_RAJASTHANI_TERRAIN_BROAD_001 | EVD_JRN_R06_B01_CLT_RAJASTHANI_TERRAIN_SPECIFIC_001
CLT_ROMANI,BRD_HUMAN_ROMANI_ROMA,EXACT_CULTURE,EVD_JRN_R21_B01_CLT_ROMANI_PERSONALITY_ID_001 | EVD_JRN_R21_B01_CLT_ROMANI_TERRAIN_BROAD_001 | EVD_JRN_R21_B01_CLT_ROMANI_TERRAIN_SPECIFIC_001
CLT_ROMANI,BRD_HUMAN_ROMANI_ROMANI,EXACT_CULTURE,EVD_JRN_R21_B01_CLT_ROMANI_PERSONALITY_ID_001 | EVD_JRN_R21_B01_CLT_ROMANI_TERRAIN_BROAD_001 | EVD_JRN_R21_B01_CLT_ROMANI_TERRAIN_SPECIFIC_001
CLT_ROMANIAN_MOLDOVAN,BRD_HUMAN_ROMANIAN_MOLDOVAN_MOLDOVAN_ROMANIAN,EXACT_CULTURE,EVD_JRN_R15_B01_CLT_ROMANIAN_MOLDOVAN_PERSONALITY_ID_001 | EVD_JRN_R15_B01_CLT_ROMANIAN_MOLDOVAN_TERRAIN_BROAD_001 | EVD_JRN_R15_B01_CLT_ROMANIAN_MOLDOVAN_TERRAIN_SPECIFIC_001
CLT_ROMANIAN_MOLDOVAN,BRD_HUMAN_ROMANIAN_MOLDOVAN_ROMANIAN,EXACT_CULTURE,EVD_JRN_R15_B01_CLT_ROMANIAN_MOLDOVAN_PERSONALITY_ID_001 | EVD_JRN_R15_B01_CLT_ROMANIAN_MOLDOVAN_TERRAIN_BROAD_001 | EVD_JRN_R15_B01_CLT_ROMANIAN_MOLDOVAN_TERRAIN_SPECIFIC_001
CLT_ROMANIAN_MOLDOVAN,BRD_HUMAN_ROMANIAN_MOLDOVAN_ROMANIAN_MOLDOVAN,EXACT_CULTURE,EVD_JRN_R15_B01_CLT_ROMANIAN_MOLDOVAN_PERSONALITY_ID_001 | EVD_JRN_R15_B01_CLT_ROMANIAN_MOLDOVAN_TERRAIN_BROAD_001 | EVD_JRN_R15_B01_CLT_ROMANIAN_MOLDOVAN_TERRAIN_SPECIFIC_001
CLT_RUSSIAN_EASTERN_EUROPEAN,BRD_HUMAN_RUSSIAN_EASTERN_EUROPEAN_ARMENIAN,EXACT_CULTURE,EVD_JRN_R15_B01_CLT_RUSSIAN_EASTERN_EUROPEAN_PERSONALITY_ID_001 | EVD_JRN_R15_B01_CLT_RUSSIAN_EASTERN_EUROPEAN_TERRAIN_BROAD_001 | EVD_JRN_R15_B01_CLT_RUSSIAN_EASTERN_EUROPEAN_TERRAIN_SPECIFIC_001
CLT_RUSSIAN_EASTERN_EUROPEAN,BRD_HUMAN_RUSSIAN_EASTERN_EUROPEAN_BARENTSBURG_RUSSIAN,EXACT_CULTURE,EVD_JRN_R15_B01_CLT_RUSSIAN_EASTERN_EUROPEAN_PERSONALITY_ID_001 | EVD_JRN_R15_B01_CLT_RUSSIAN_EASTERN_EUROPEAN_TERRAIN_BROAD_001 | EVD_JRN_R15_B01_CLT_RUSSIAN_EASTERN_EUROPEAN_TERRAIN_SPECIFIC_001
CLT_RUSSIAN_EASTERN_EUROPEAN,BRD_HUMAN_RUSSIAN_EASTERN_EUROPEAN_BELARUSIAN,EXACT_CULTURE,EVD_JRN_R15_B01_CLT_RUSSIAN_EASTERN_EUROPEAN_PERSONALITY_ID_001 | EVD_JRN_R15_B01_CLT_RUSSIAN_EASTERN_EUROPEAN_TERRAIN_BROAD_001 | EVD_JRN_R15_B01_CLT_RUSSIAN_EASTERN_EUROPEAN_TERRAIN_SPECIFIC_001
CLT_RUSSIAN_EASTERN_EUROPEAN,BRD_HUMAN_RUSSIAN_EASTERN_EUROPEAN_CZECH_MORAVIAN,EXACT_CULTURE,EVD_JRN_R15_B01_CLT_RUSSIAN_EASTERN_EUROPEAN_PERSONALITY_ID_001 | EVD_JRN_R15_B01_CLT_RUSSIAN_EASTERN_EUROPEAN_TERRAIN_BROAD_001 | EVD_JRN_R15_B01_CLT_RUSSIAN_EASTERN_EUROPEAN_TERRAIN_SPECIFIC_001
CLT_RUSSIAN_EASTERN_EUROPEAN,BRD_HUMAN_RUSSIAN_EASTERN_EUROPEAN_JAVAKHETI_ARMENIAN,EXACT_CULTURE,EVD_JRN_R15_B01_CLT_RUSSIAN_EASTERN_EUROPEAN_PERSONALITY_ID_001 | EVD_JRN_R15_B01_CLT_RUSSIAN_EASTERN_EUROPEAN_TERRAIN_BROAD_001 | EVD_JRN_R15_B01_CLT_RUSSIAN_EASTERN_EUROPEAN_TERRAIN_SPECIFIC_001
CLT_RUSSIAN_EASTERN_EUROPEAN,BRD_HUMAN_RUSSIAN_EASTERN_EUROPEAN_KASHUBIAN_SILESIAN,EXACT_CULTURE,EVD_JRN_R15_B01_CLT_RUSSIAN_EASTERN_EUROPEAN_PERSONALITY_ID_001 | EVD_JRN_R15_B01_CLT_RUSSIAN_EASTERN_EUROPEAN_TERRAIN_BROAD_001 | EVD_JRN_R15_B01_CLT_RUSSIAN_EASTERN_EUROPEAN_TERRAIN_SPECIFIC_001
CLT_RUSSIAN_EASTERN_EUROPEAN,BRD_HUMAN_RUSSIAN_EASTERN_EUROPEAN_POLISH,EXACT_CULTURE,EVD_JRN_R15_B01_CLT_RUSSIAN_EASTERN_EUROPEAN_PERSONALITY_ID_001 | EVD_JRN_R15_B01_CLT_RUSSIAN_EASTERN_EUROPEAN_TERRAIN_BROAD_001 | EVD_JRN_R15_B01_CLT_RUSSIAN_EASTERN_EUROPEAN_TERRAIN_SPECIFIC_001
CLT_RUSSIAN_EASTERN_EUROPEAN,BRD_HUMAN_RUSSIAN_EASTERN_EUROPEAN_POLISH_RUSSIAN,EXACT_CULTURE,EVD_JRN_R15_B01_CLT_RUSSIAN_EASTERN_EUROPEAN_PERSONALITY_ID_001 | EVD_JRN_R15_B01_CLT_RUSSIAN_EASTERN_EUROPEAN_TERRAIN_BROAD_001 | EVD_JRN_R15_B01_CLT_RUSSIAN_EASTERN_EUROPEAN_TERRAIN_SPECIFIC_001
CLT_RUSSIAN_EASTERN_EUROPEAN,BRD_HUMAN_RUSSIAN_EASTERN_EUROPEAN_RUSSIAN,EXACT_CULTURE,EVD_JRN_R15_B01_CLT_RUSSIAN_EASTERN_EUROPEAN_PERSONALITY_ID_001 | EVD_JRN_R15_B01_CLT_RUSSIAN_EASTERN_EUROPEAN_TERRAIN_BROAD_001 | EVD_JRN_R15_B01_CLT_RUSSIAN_EASTERN_EUROPEAN_TERRAIN_SPECIFIC_001
CLT_RUSSIAN_EASTERN_EUROPEAN,BRD_HUMAN_RUSSIAN_EASTERN_EUROPEAN_RUSSIAN_SLAVIC,EXACT_CULTURE,EVD_JRN_R15_B01_CLT_RUSSIAN_EASTERN_EUROPEAN_PERSONALITY_ID_001 | EVD_JRN_R15_B01_CLT_RUSSIAN_EASTERN_EUROPEAN_TERRAIN_BROAD_001 | EVD_JRN_R15_B01_CLT_RUSSIAN_EASTERN_EUROPEAN_TERRAIN_SPECIFIC_001
CLT_RUSSIAN_EASTERN_EUROPEAN,BRD_HUMAN_RUSSIAN_EASTERN_EUROPEAN_RUSSIAN_UKRAINIAN,EXACT_CULTURE,EVD_JRN_R15_B01_CLT_RUSSIAN_EASTERN_EUROPEAN_PERSONALITY_ID_001 | EVD_JRN_R15_B01_CLT_RUSSIAN_EASTERN_EUROPEAN_TERRAIN_BROAD_001 | EVD_JRN_R15_B01_CLT_RUSSIAN_EASTERN_EUROPEAN_TERRAIN_SPECIFIC_001
CLT_RUSSIAN_EASTERN_EUROPEAN,BRD_HUMAN_RUSSIAN_EASTERN_EUROPEAN_SILESIAN,EXACT_CULTURE,EVD_JRN_R15_B01_CLT_RUSSIAN_EASTERN_EUROPEAN_PERSONALITY_ID_001 | EVD_JRN_R15_B01_CLT_RUSSIAN_EASTERN_EUROPEAN_TERRAIN_BROAD_001 | EVD_JRN_R15_B01_CLT_RUSSIAN_EASTERN_EUROPEAN_TERRAIN_SPECIFIC_001
CLT_RUSSIAN_EASTERN_EUROPEAN,BRD_HUMAN_RUSSIAN_EASTERN_EUROPEAN_SLOVAK,EXACT_CULTURE,EVD_JRN_R15_B01_CLT_RUSSIAN_EASTERN_EUROPEAN_PERSONALITY_ID_001 | EVD_JRN_R15_B01_CLT_RUSSIAN_EASTERN_EUROPEAN_TERRAIN_BROAD_001 | EVD_JRN_R15_B01_CLT_RUSSIAN_EASTERN_EUROPEAN_TERRAIN_SPECIFIC_001
CLT_RUSSIAN_EASTERN_EUROPEAN,BRD_HUMAN_RUSSIAN_EASTERN_EUROPEAN_SORBIAN,EXACT_CULTURE,EVD_JRN_R15_B01_CLT_RUSSIAN_EASTERN_EUROPEAN_PERSONALITY_ID_001 | EVD_JRN_R15_B01_CLT_RUSSIAN_EASTERN_EUROPEAN_TERRAIN_BROAD_001 | EVD_JRN_R15_B01_CLT_RUSSIAN_EASTERN_EUROPEAN_TERRAIN_SPECIFIC_001
CLT_RUSSIAN_EASTERN_EUROPEAN,BRD_HUMAN_RUSSIAN_EASTERN_EUROPEAN_UKRAINIAN,EXACT_CULTURE,EVD_JRN_R15_B01_CLT_RUSSIAN_EASTERN_EUROPEAN_PERSONALITY_ID_001 | EVD_JRN_R15_B01_CLT_RUSSIAN_EASTERN_EUROPEAN_TERRAIN_BROAD_001 | EVD_JRN_R15_B01_CLT_RUSSIAN_EASTERN_EUROPEAN_TERRAIN_SPECIFIC_001
CLT_SAMI_ARCTIC_URALIC,BRD_HUMAN_SAMI_ARCTIC_URALIC_SAMI,EXACT_CULTURE,EVD_JRN_R09_B01_CLT_SAMI_ARCTIC_URALIC_PERSONALITY_ID_001 | EVD_JRN_R09_B01_CLT_SAMI_ARCTIC_URALIC_TERRAIN_BROAD_001 | EVD_JRN_R09_B01_CLT_SAMI_ARCTIC_URALIC_TERRAIN_SPECIFIC_001
CLT_SAMI_ARCTIC_URALIC,BRD_HUMAN_SAMI_ARCTIC_URALIC_SAMI_NENETS,EXACT_CULTURE,EVD_JRN_R09_B01_CLT_SAMI_ARCTIC_URALIC_PERSONALITY_ID_001 | EVD_JRN_R09_B01_CLT_SAMI_ARCTIC_URALIC_TERRAIN_BROAD_001 | EVD_JRN_R09_B01_CLT_SAMI_ARCTIC_URALIC_TERRAIN_SPECIFIC_001
CLT_SAN_KHOEKHOE,BRD_HUMAN_SAN_KHOEKHOE_NAMA_SAN,EXACT_CULTURE,EVD_JRN_R18_B01_CLT_SAN_KHOEKHOE_PERSONALITY_ID_001 | EVD_JRN_R18_B01_CLT_SAN_KHOEKHOE_TERRAIN_BROAD_001 | EVD_JRN_R18_B01_CLT_SAN_KHOEKHOE_TERRAIN_SPECIFIC_001
CLT_SAN_KHOEKHOE,BRD_HUMAN_SAN_KHOEKHOE_SAN,EXACT_CULTURE,EVD_JRN_R18_B01_CLT_SAN_KHOEKHOE_PERSONALITY_ID_001 | EVD_JRN_R18_B01_CLT_SAN_KHOEKHOE_TERRAIN_BROAD_001 | EVD_JRN_R18_B01_CLT_SAN_KHOEKHOE_TERRAIN_SPECIFIC_001
CLT_SAN_KHOEKHOE,BRD_HUMAN_SAN_KHOEKHOE_SAN_KHOEKHOE,EXACT_CULTURE,EVD_JRN_R18_B01_CLT_SAN_KHOEKHOE_PERSONALITY_ID_001 | EVD_JRN_R18_B01_CLT_SAN_KHOEKHOE_TERRAIN_BROAD_001 | EVD_JRN_R18_B01_CLT_SAN_KHOEKHOE_TERRAIN_SPECIFIC_001
CLT_SAN_KHOEKHOE,BRD_HUMAN_SAN_KHOEKHOE_SAN_TSHWA,EXACT_CULTURE,EVD_JRN_R18_B01_CLT_SAN_KHOEKHOE_PERSONALITY_ID_001 | EVD_JRN_R18_B01_CLT_SAN_KHOEKHOE_TERRAIN_BROAD_001 | EVD_JRN_R18_B01_CLT_SAN_KHOEKHOE_TERRAIN_SPECIFIC_001
CLT_ARABIAN_PENINSULA_ARAB,BRD_HUMAN_SAUDI,EXACT_CULTURE,EVD_JRN_R13_B01_CLT_ARABIAN_PENINSULA_ARAB_PERSONALITY_ID_001 | EVD_JRN_R13_B01_CLT_ARABIAN_PENINSULA_ARAB_TERRAIN_BROAD_001 | EVD_JRN_R13_B01_CLT_ARABIAN_PENINSULA_ARAB_TERRAIN_SPECIFIC_001
CLT_SCOTS_ULSTER_SCOTS,BRD_HUMAN_SCOTS_ULSTER_SCOTS_LOWLAND_SCOTS,EXACT_CULTURE,EVD_JRN_R03_B01_CLT_SCOTS_ULSTER_SCOTS_PERSONALITY_ID_001 | EVD_JRN_R03_B01_CLT_SCOTS_ULSTER_SCOTS_TERRAIN_BROAD_001 | EVD_JRN_R03_B01_CLT_SCOTS_ULSTER_SCOTS_TERRAIN_SPECIFIC_001
CLT_SCOTS_ULSTER_SCOTS,BRD_HUMAN_SCOTS_ULSTER_SCOTS_ULSTER_SCOTS,EXACT_CULTURE,EVD_JRN_R03_B01_CLT_SCOTS_ULSTER_SCOTS_PERSONALITY_ID_001 | EVD_JRN_R03_B01_CLT_SCOTS_ULSTER_SCOTS_TERRAIN_BROAD_001 | EVD_JRN_R03_B01_CLT_SCOTS_ULSTER_SCOTS_TERRAIN_SPECIFIC_001
CLT_SCOTS_ULSTER_SCOTS,BRD_HUMAN_SCOTTISH,EXACT_CULTURE,EVD_JRN_R03_B01_CLT_SCOTS_ULSTER_SCOTS_PERSONALITY_ID_001 | EVD_JRN_R03_B01_CLT_SCOTS_ULSTER_SCOTS_TERRAIN_BROAD_001 | EVD_JRN_R03_B01_CLT_SCOTS_ULSTER_SCOTS_TERRAIN_SPECIFIC_001
CLT_SENEGAMBIAN_FULANI_WOLOF_SERER,BRD_HUMAN_SENEGAMBIAN_FULANI_WOLOF_SERER_FULA,EXACT_CULTURE,EVD_JRN_R14_B02_CLT_SENEGAMBIAN_FULANI_WOLOF_SERER_PERSONALITY_ID_001 | EVD_JRN_R14_B02_CLT_SENEGAMBIAN_FULANI_WOLOF_SERER_TERRAIN_BROAD_001 | EVD_JRN_R14_B02_CLT_SENEGAMBIAN_FULANI_WOLOF_SERER_TERRAIN_SPECIFIC_001
CLT_SENEGAMBIAN_FULANI_WOLOF_SERER,BRD_HUMAN_SENEGAMBIAN_FULANI_WOLOF_SERER_FULANI,EXACT_CULTURE,EVD_JRN_R14_B02_CLT_SENEGAMBIAN_FULANI_WOLOF_SERER_PERSONALITY_ID_001 | EVD_JRN_R14_B02_CLT_SENEGAMBIAN_FULANI_WOLOF_SERER_TERRAIN_BROAD_001 | EVD_JRN_R14_B02_CLT_SENEGAMBIAN_FULANI_WOLOF_SERER_TERRAIN_SPECIFIC_001
CLT_SENEGAMBIAN_FULANI_WOLOF_SERER,BRD_HUMAN_SENEGAMBIAN_FULANI_WOLOF_SERER_FULANI_TOUCOULEUR,EXACT_CULTURE,EVD_JRN_R14_B02_CLT_SENEGAMBIAN_FULANI_WOLOF_SERER_PERSONALITY_ID_001 | EVD_JRN_R14_B02_CLT_SENEGAMBIAN_FULANI_WOLOF_SERER_TERRAIN_BROAD_001 | EVD_JRN_R14_B02_CLT_SENEGAMBIAN_FULANI_WOLOF_SERER_TERRAIN_SPECIFIC_001
CLT_SENEGAMBIAN_FULANI_WOLOF_SERER,BRD_HUMAN_SENEGAMBIAN_FULANI_WOLOF_SERER_MBORORO,EXACT_CULTURE,EVD_JRN_R14_B02_CLT_SENEGAMBIAN_FULANI_WOLOF_SERER_PERSONALITY_ID_001 | EVD_JRN_R14_B02_CLT_SENEGAMBIAN_FULANI_WOLOF_SERER_TERRAIN_BROAD_001 | EVD_JRN_R14_B02_CLT_SENEGAMBIAN_FULANI_WOLOF_SERER_TERRAIN_SPECIFIC_001
CLT_SENEGAMBIAN_FULANI_WOLOF_SERER,BRD_HUMAN_SENEGAMBIAN_FULANI_WOLOF_SERER_SONINKE_WOLOF,EXACT_CULTURE,EVD_JRN_R14_B02_CLT_SENEGAMBIAN_FULANI_WOLOF_SERER_PERSONALITY_ID_001 | EVD_JRN_R14_B02_CLT_SENEGAMBIAN_FULANI_WOLOF_SERER_TERRAIN_BROAD_001 | EVD_JRN_R14_B02_CLT_SENEGAMBIAN_FULANI_WOLOF_SERER_TERRAIN_SPECIFIC_001
CLT_SENEGAMBIAN_FULANI_WOLOF_SERER,BRD_HUMAN_SENEGAMBIAN_FULANI_WOLOF_SERER_WOLOF_SERER,EXACT_CULTURE,EVD_JRN_R14_B02_CLT_SENEGAMBIAN_FULANI_WOLOF_SERER_PERSONALITY_ID_001 | EVD_JRN_R14_B02_CLT_SENEGAMBIAN_FULANI_WOLOF_SERER_TERRAIN_BROAD_001 | EVD_JRN_R14_B02_CLT_SENEGAMBIAN_FULANI_WOLOF_SERER_TERRAIN_SPECIFIC_001
CLT_SHAMBHALA,BRD_HUMAN_SHAMBHALA_SHAMBHALA,EXACT_CULTURE,EVD_JRN_R21_B01_CLT_SHAMBHALA_PERSONALITY_ID_001 | EVD_JRN_R21_B01_CLT_SHAMBHALA_TERRAIN_BROAD_001 | EVD_JRN_R21_B01_CLT_SHAMBHALA_TERRAIN_SPECIFIC_001
CLT_SINHALESE,BRD_HUMAN_SINHALESE_SINHALESE,EXACT_CULTURE,EVD_JRN_R15_B01_CLT_SINHALESE_PERSONALITY_ID_001 | EVD_JRN_R15_B01_CLT_SINHALESE_TERRAIN_BROAD_001 | EVD_JRN_R15_B01_CLT_SINHALESE_TERRAIN_SPECIFIC_001
CLT_SOMALI_CUSHITIC_HORN,BRD_HUMAN_SOMALI_CUSHITIC_HORN_AFAR,EXACT_CULTURE,EVD_JRN_R14_B02_CLT_SOMALI_CUSHITIC_HORN_PERSONALITY_ID_001 | EVD_JRN_R14_B02_CLT_SOMALI_CUSHITIC_HORN_TERRAIN_BROAD_001 | EVD_JRN_R14_B02_CLT_SOMALI_CUSHITIC_HORN_TERRAIN_SPECIFIC_001
CLT_SOMALI_CUSHITIC_HORN,BRD_HUMAN_SOMALI_CUSHITIC_HORN_AFAR_SAHO,EXACT_CULTURE,EVD_JRN_R14_B02_CLT_SOMALI_CUSHITIC_HORN_PERSONALITY_ID_001 | EVD_JRN_R14_B02_CLT_SOMALI_CUSHITIC_HORN_TERRAIN_BROAD_001 | EVD_JRN_R14_B02_CLT_SOMALI_CUSHITIC_HORN_TERRAIN_SPECIFIC_001
CLT_SOMALI_CUSHITIC_HORN,BRD_HUMAN_SOMALI_CUSHITIC_HORN_BEJA,EXACT_CULTURE,EVD_JRN_R14_B02_CLT_SOMALI_CUSHITIC_HORN_PERSONALITY_ID_001 | EVD_JRN_R14_B02_CLT_SOMALI_CUSHITIC_HORN_TERRAIN_BROAD_001 | EVD_JRN_R14_B02_CLT_SOMALI_CUSHITIC_HORN_TERRAIN_SPECIFIC_001
CLT_SOMALI_CUSHITIC_HORN,BRD_HUMAN_SOMALI_CUSHITIC_HORN_OROMO,EXACT_CULTURE,EVD_JRN_R14_B02_CLT_SOMALI_CUSHITIC_HORN_PERSONALITY_ID_001 | EVD_JRN_R14_B02_CLT_SOMALI_CUSHITIC_HORN_TERRAIN_BROAD_001 | EVD_JRN_R14_B02_CLT_SOMALI_CUSHITIC_HORN_TERRAIN_SPECIFIC_001
CLT_SOMALI_CUSHITIC_HORN,BRD_HUMAN_SOMALI_CUSHITIC_HORN_SOMALI,EXACT_CULTURE,EVD_JRN_R14_B02_CLT_SOMALI_CUSHITIC_HORN_PERSONALITY_ID_001 | EVD_JRN_R14_B02_CLT_SOMALI_CUSHITIC_HORN_TERRAIN_BROAD_001 | EVD_JRN_R14_B02_CLT_SOMALI_CUSHITIC_HORN_TERRAIN_SPECIFIC_001
CLT_SOMALI_CUSHITIC_HORN,BRD_HUMAN_SOMALI_CUSHITIC_HORN_SOMALI_ISSA,EXACT_CULTURE,EVD_JRN_R14_B02_CLT_SOMALI_CUSHITIC_HORN_PERSONALITY_ID_001 | EVD_JRN_R14_B02_CLT_SOMALI_CUSHITIC_HORN_TERRAIN_BROAD_001 | EVD_JRN_R14_B02_CLT_SOMALI_CUSHITIC_HORN_TERRAIN_SPECIFIC_001
CLT_SONGHAI,BRD_HUMAN_SONGHAI_SONGHAI,EXACT_CULTURE,EVD_JRN_R14_B02_CLT_SONGHAI_PERSONALITY_ID_001 | EVD_JRN_R14_B02_CLT_SONGHAI_TERRAIN_BROAD_001 | EVD_JRN_R14_B02_CLT_SONGHAI_TERRAIN_SPECIFIC_001
CLT_SONGHAI,BRD_HUMAN_SONGHAI_SONGHAI_ZARMA,EXACT_CULTURE,EVD_JRN_R14_B02_CLT_SONGHAI_PERSONALITY_ID_001 | EVD_JRN_R14_B02_CLT_SONGHAI_TERRAIN_BROAD_001 | EVD_JRN_R14_B02_CLT_SONGHAI_TERRAIN_SPECIFIC_001
CLT_SOUTH_INDIAN_DRAVIDIAN,BRD_HUMAN_SOUTH_INDIAN_DRAVIDIAN_LANKAN_TAMIL,EXACT_CULTURE,EVD_JRN_R15_B01_CLT_SOUTH_INDIAN_DRAVIDIAN_PERSONALITY_ID_001 | EVD_JRN_R15_B01_CLT_SOUTH_INDIAN_DRAVIDIAN_TERRAIN_BROAD_001 | EVD_JRN_R15_B01_CLT_SOUTH_INDIAN_DRAVIDIAN_TERRAIN_SPECIFIC_001
CLT_SOUTH_INDIAN_DRAVIDIAN,BRD_HUMAN_SOUTH_INDIAN_DRAVIDIAN_MALAYALI,EXACT_CULTURE,EVD_JRN_R15_B01_CLT_SOUTH_INDIAN_DRAVIDIAN_PERSONALITY_ID_001 | EVD_JRN_R15_B01_CLT_SOUTH_INDIAN_DRAVIDIAN_TERRAIN_BROAD_001 | EVD_JRN_R15_B01_CLT_SOUTH_INDIAN_DRAVIDIAN_TERRAIN_SPECIFIC_001
CLT_SOUTH_INDIAN_DRAVIDIAN,BRD_HUMAN_SOUTH_INDIAN_DRAVIDIAN_MALAYALI_KERALA,EXACT_CULTURE,EVD_JRN_R15_B01_CLT_SOUTH_INDIAN_DRAVIDIAN_PERSONALITY_ID_001 | EVD_JRN_R15_B01_CLT_SOUTH_INDIAN_DRAVIDIAN_TERRAIN_BROAD_001 | EVD_JRN_R15_B01_CLT_SOUTH_INDIAN_DRAVIDIAN_TERRAIN_SPECIFIC_001
CLT_SOUTH_INDIAN_DRAVIDIAN,BRD_HUMAN_SOUTH_INDIAN_DRAVIDIAN_MALAYSIAN_TAMIL,EXACT_CULTURE,EVD_JRN_R15_B01_CLT_SOUTH_INDIAN_DRAVIDIAN_PERSONALITY_ID_001 | EVD_JRN_R15_B01_CLT_SOUTH_INDIAN_DRAVIDIAN_TERRAIN_BROAD_001 | EVD_JRN_R15_B01_CLT_SOUTH_INDIAN_DRAVIDIAN_TERRAIN_SPECIFIC_001
CLT_SOUTH_INDIAN_DRAVIDIAN,BRD_HUMAN_SOUTH_INDIAN_DRAVIDIAN_SINGAPOREAN_TAMIL,EXACT_CULTURE,EVD_JRN_R15_B01_CLT_SOUTH_INDIAN_DRAVIDIAN_PERSONALITY_ID_001 | EVD_JRN_R15_B01_CLT_SOUTH_INDIAN_DRAVIDIAN_TERRAIN_BROAD_001 | EVD_JRN_R15_B01_CLT_SOUTH_INDIAN_DRAVIDIAN_TERRAIN_SPECIFIC_001
CLT_SOUTH_INDIAN_DRAVIDIAN,BRD_HUMAN_SOUTH_INDIAN_DRAVIDIAN_SOUTH_INDIAN,EXACT_CULTURE,EVD_JRN_R15_B01_CLT_SOUTH_INDIAN_DRAVIDIAN_PERSONALITY_ID_001 | EVD_JRN_R15_B01_CLT_SOUTH_INDIAN_DRAVIDIAN_TERRAIN_BROAD_001 | EVD_JRN_R15_B01_CLT_SOUTH_INDIAN_DRAVIDIAN_TERRAIN_SPECIFIC_001
CLT_SOUTH_INDIAN_DRAVIDIAN,BRD_HUMAN_SOUTH_INDIAN_DRAVIDIAN_TAMIL,EXACT_CULTURE,EVD_JRN_R15_B01_CLT_SOUTH_INDIAN_DRAVIDIAN_PERSONALITY_ID_001 | EVD_JRN_R15_B01_CLT_SOUTH_INDIAN_DRAVIDIAN_TERRAIN_BROAD_001 | EVD_JRN_R15_B01_CLT_SOUTH_INDIAN_DRAVIDIAN_TERRAIN_SPECIFIC_001
CLT_SOUTH_INDIAN_DRAVIDIAN,BRD_HUMAN_SOUTH_INDIAN_DRAVIDIAN_TAMIL_MALBAR,EXACT_CULTURE,EVD_JRN_R15_B01_CLT_SOUTH_INDIAN_DRAVIDIAN_PERSONALITY_ID_001 | EVD_JRN_R15_B01_CLT_SOUTH_INDIAN_DRAVIDIAN_TERRAIN_BROAD_001 | EVD_JRN_R15_B01_CLT_SOUTH_INDIAN_DRAVIDIAN_TERRAIN_SPECIFIC_001
CLT_SOUTH_INDIAN_DRAVIDIAN,BRD_HUMAN_SOUTH_INDIAN_DRAVIDIAN_TELUGU_KANNADA,EXACT_CULTURE,EVD_JRN_R15_B01_CLT_SOUTH_INDIAN_DRAVIDIAN_PERSONALITY_ID_001 | EVD_JRN_R15_B01_CLT_SOUTH_INDIAN_DRAVIDIAN_TERRAIN_BROAD_001 | EVD_JRN_R15_B01_CLT_SOUTH_INDIAN_DRAVIDIAN_TERRAIN_SPECIFIC_001
CLT_SOUTH_SLAVIC,BRD_HUMAN_SOUTH_SLAVIC_BOSNIAK,EXACT_CULTURE,EVD_JRN_R15_B01_CLT_SOUTH_SLAVIC_PERSONALITY_ID_001 | EVD_JRN_R15_B01_CLT_SOUTH_SLAVIC_TERRAIN_BROAD_001 | EVD_JRN_R15_B01_CLT_SOUTH_SLAVIC_TERRAIN_SPECIFIC_001
CLT_SOUTH_SLAVIC,BRD_HUMAN_SOUTH_SLAVIC_BULGARIAN,EXACT_CULTURE,EVD_JRN_R15_B01_CLT_SOUTH_SLAVIC_PERSONALITY_ID_001 | EVD_JRN_R15_B01_CLT_SOUTH_SLAVIC_TERRAIN_BROAD_001 | EVD_JRN_R15_B01_CLT_SOUTH_SLAVIC_TERRAIN_SPECIFIC_001
CLT_SOUTH_SLAVIC,BRD_HUMAN_SOUTH_SLAVIC_BURGENLAND_CROAT,EXACT_CULTURE,EVD_JRN_R15_B01_CLT_SOUTH_SLAVIC_PERSONALITY_ID_001 | EVD_JRN_R15_B01_CLT_SOUTH_SLAVIC_TERRAIN_BROAD_001 | EVD_JRN_R15_B01_CLT_SOUTH_SLAVIC_TERRAIN_SPECIFIC_001
CLT_SOUTH_SLAVIC,BRD_HUMAN_SOUTH_SLAVIC_CARINTHIAN_SLOVENE,EXACT_CULTURE,EVD_JRN_R15_B01_CLT_SOUTH_SLAVIC_PERSONALITY_ID_001 | EVD_JRN_R15_B01_CLT_SOUTH_SLAVIC_TERRAIN_BROAD_001 | EVD_JRN_R15_B01_CLT_SOUTH_SLAVIC_TERRAIN_SPECIFIC_001
CLT_SOUTH_SLAVIC,BRD_HUMAN_SOUTH_SLAVIC_CROAT,EXACT_CULTURE,EVD_JRN_R15_B01_CLT_SOUTH_SLAVIC_PERSONALITY_ID_001 | EVD_JRN_R15_B01_CLT_SOUTH_SLAVIC_TERRAIN_BROAD_001 | EVD_JRN_R15_B01_CLT_SOUTH_SLAVIC_TERRAIN_SPECIFIC_001
CLT_SOUTH_SLAVIC,BRD_HUMAN_SOUTH_SLAVIC_CROATIAN,EXACT_CULTURE,EVD_JRN_R15_B01_CLT_SOUTH_SLAVIC_PERSONALITY_ID_001 | EVD_JRN_R15_B01_CLT_SOUTH_SLAVIC_TERRAIN_BROAD_001 | EVD_JRN_R15_B01_CLT_SOUTH_SLAVIC_TERRAIN_SPECIFIC_001
CLT_SOUTH_SLAVIC,BRD_HUMAN_SOUTH_SLAVIC_MACEDONIAN,EXACT_CULTURE,EVD_JRN_R15_B01_CLT_SOUTH_SLAVIC_PERSONALITY_ID_001 | EVD_JRN_R15_B01_CLT_SOUTH_SLAVIC_TERRAIN_BROAD_001 | EVD_JRN_R15_B01_CLT_SOUTH_SLAVIC_TERRAIN_SPECIFIC_001
CLT_SOUTH_SLAVIC,BRD_HUMAN_SOUTH_SLAVIC_MONTENEGRIN_SERB,EXACT_CULTURE,EVD_JRN_R15_B01_CLT_SOUTH_SLAVIC_PERSONALITY_ID_001 | EVD_JRN_R15_B01_CLT_SOUTH_SLAVIC_TERRAIN_BROAD_001 | EVD_JRN_R15_B01_CLT_SOUTH_SLAVIC_TERRAIN_SPECIFIC_001
CLT_SOUTH_SLAVIC,BRD_HUMAN_SOUTH_SLAVIC_SERB,EXACT_CULTURE,EVD_JRN_R15_B01_CLT_SOUTH_SLAVIC_PERSONALITY_ID_001 | EVD_JRN_R15_B01_CLT_SOUTH_SLAVIC_TERRAIN_BROAD_001 | EVD_JRN_R15_B01_CLT_SOUTH_SLAVIC_TERRAIN_SPECIFIC_001
CLT_SOUTH_SLAVIC,BRD_HUMAN_SOUTH_SLAVIC_SERBIAN,EXACT_CULTURE,EVD_JRN_R15_B01_CLT_SOUTH_SLAVIC_PERSONALITY_ID_001 | EVD_JRN_R15_B01_CLT_SOUTH_SLAVIC_TERRAIN_BROAD_001 | EVD_JRN_R15_B01_CLT_SOUTH_SLAVIC_TERRAIN_SPECIFIC_001
CLT_SOUTH_SLAVIC,BRD_HUMAN_SOUTH_SLAVIC_SLOVENE,EXACT_CULTURE,EVD_JRN_R15_B01_CLT_SOUTH_SLAVIC_PERSONALITY_ID_001 | EVD_JRN_R15_B01_CLT_SOUTH_SLAVIC_TERRAIN_BROAD_001 | EVD_JRN_R15_B01_CLT_SOUTH_SLAVIC_TERRAIN_SPECIFIC_001
CLT_SOUTHERN_AFRICAN_BANTU_NGUNI_SOTHO_TSWANA,BRD_HUMAN_SOUTHERN_AFRICAN_BANTU_NGUNI_SOTHO_TSWANA_BASOTHO,EXACT_CULTURE,EVD_JRN_R18_B01_CLT_SOUTHERN_AFRICAN_BANTU_NGUNI_SOTHO_TSWANA_PERSONALITY_ID_001 | EVD_JRN_R18_B01_CLT_SOUTHERN_AFRICAN_BANTU_NGUNI_SOTHO_TSWANA_TERRAIN_BROAD_001 | EVD_JRN_R18_B01_CLT_SOUTHERN_AFRICAN_BANTU_NGUNI_SOTHO_TSWANA_TERRAIN_SPECIFIC_001
CLT_SOUTHERN_AFRICAN_BANTU_NGUNI_SOTHO_TSWANA,BRD_HUMAN_SOUTHERN_AFRICAN_BANTU_NGUNI_SOTHO_TSWANA_HERERO,EXACT_CULTURE,EVD_JRN_R18_B01_CLT_SOUTHERN_AFRICAN_BANTU_NGUNI_SOTHO_TSWANA_PERSONALITY_ID_001 | EVD_JRN_R18_B01_CLT_SOUTHERN_AFRICAN_BANTU_NGUNI_SOTHO_TSWANA_TERRAIN_BROAD_001 | EVD_JRN_R18_B01_CLT_SOUTHERN_AFRICAN_BANTU_NGUNI_SOTHO_TSWANA_TERRAIN_SPECIFIC_001
CLT_SOUTHERN_AFRICAN_BANTU_NGUNI_SOTHO_TSWANA,BRD_HUMAN_SOUTHERN_AFRICAN_BANTU_NGUNI_SOTHO_TSWANA_NDEBELE,EXACT_CULTURE,EVD_JRN_R18_B01_CLT_SOUTHERN_AFRICAN_BANTU_NGUNI_SOTHO_TSWANA_PERSONALITY_ID_001 | EVD_JRN_R18_B01_CLT_SOUTHERN_AFRICAN_BANTU_NGUNI_SOTHO_TSWANA_TERRAIN_BROAD_001 | EVD_JRN_R18_B01_CLT_SOUTHERN_AFRICAN_BANTU_NGUNI_SOTHO_TSWANA_TERRAIN_SPECIFIC_001
CLT_SOUTHERN_AFRICAN_BANTU_NGUNI_SOTHO_TSWANA,BRD_HUMAN_SOUTHERN_AFRICAN_BANTU_NGUNI_SOTHO_TSWANA_OVAMBO,EXACT_CULTURE,EVD_JRN_R18_B01_CLT_SOUTHERN_AFRICAN_BANTU_NGUNI_SOTHO_TSWANA_PERSONALITY_ID_001 | EVD_JRN_R18_B01_CLT_SOUTHERN_AFRICAN_BANTU_NGUNI_SOTHO_TSWANA_TERRAIN_BROAD_001 | EVD_JRN_R18_B01_CLT_SOUTHERN_AFRICAN_BANTU_NGUNI_SOTHO_TSWANA_TERRAIN_SPECIFIC_001
CLT_SOUTHERN_AFRICAN_BANTU_NGUNI_SOTHO_TSWANA,BRD_HUMAN_SOUTHERN_AFRICAN_BANTU_NGUNI_SOTHO_TSWANA_SOTHO_TSWANA,EXACT_CULTURE,EVD_JRN_R18_B01_CLT_SOUTHERN_AFRICAN_BANTU_NGUNI_SOTHO_TSWANA_PERSONALITY_ID_001 | EVD_JRN_R18_B01_CLT_SOUTHERN_AFRICAN_BANTU_NGUNI_SOTHO_TSWANA_TERRAIN_BROAD_001 | EVD_JRN_R18_B01_CLT_SOUTHERN_AFRICAN_BANTU_NGUNI_SOTHO_TSWANA_TERRAIN_SPECIFIC_001
CLT_SOUTHERN_AFRICAN_BANTU_NGUNI_SOTHO_TSWANA,BRD_HUMAN_SOUTHERN_AFRICAN_BANTU_NGUNI_SOTHO_TSWANA_SWAZI,EXACT_CULTURE,EVD_JRN_R18_B01_CLT_SOUTHERN_AFRICAN_BANTU_NGUNI_SOTHO_TSWANA_PERSONALITY_ID_001 | EVD_JRN_R18_B01_CLT_SOUTHERN_AFRICAN_BANTU_NGUNI_SOTHO_TSWANA_TERRAIN_BROAD_001 | EVD_JRN_R18_B01_CLT_SOUTHERN_AFRICAN_BANTU_NGUNI_SOTHO_TSWANA_TERRAIN_SPECIFIC_001
CLT_SOUTHERN_AFRICAN_BANTU_NGUNI_SOTHO_TSWANA,BRD_HUMAN_SOUTHERN_AFRICAN_BANTU_NGUNI_SOTHO_TSWANA_TSWANA,EXACT_CULTURE,EVD_JRN_R18_B01_CLT_SOUTHERN_AFRICAN_BANTU_NGUNI_SOTHO_TSWANA_PERSONALITY_ID_001 | EVD_JRN_R18_B01_CLT_SOUTHERN_AFRICAN_BANTU_NGUNI_SOTHO_TSWANA_TERRAIN_BROAD_001 | EVD_JRN_R18_B01_CLT_SOUTHERN_AFRICAN_BANTU_NGUNI_SOTHO_TSWANA_TERRAIN_SPECIFIC_001
CLT_SOUTHERN_AFRICAN_BANTU_NGUNI_SOTHO_TSWANA,BRD_HUMAN_SOUTHERN_AFRICAN_BANTU_NGUNI_SOTHO_TSWANA_XHOSA,EXACT_CULTURE,EVD_JRN_R18_B01_CLT_SOUTHERN_AFRICAN_BANTU_NGUNI_SOTHO_TSWANA_PERSONALITY_ID_001 | EVD_JRN_R18_B01_CLT_SOUTHERN_AFRICAN_BANTU_NGUNI_SOTHO_TSWANA_TERRAIN_BROAD_001 | EVD_JRN_R18_B01_CLT_SOUTHERN_AFRICAN_BANTU_NGUNI_SOTHO_TSWANA_TERRAIN_SPECIFIC_001
CLT_SOUTHERN_AFRICAN_BANTU_NGUNI_SOTHO_TSWANA,BRD_HUMAN_SOUTHERN_AFRICAN_BANTU_NGUNI_SOTHO_TSWANA_ZULU,EXACT_CULTURE,EVD_JRN_R18_B01_CLT_SOUTHERN_AFRICAN_BANTU_NGUNI_SOTHO_TSWANA_PERSONALITY_ID_001 | EVD_JRN_R18_B01_CLT_SOUTHERN_AFRICAN_BANTU_NGUNI_SOTHO_TSWANA_TERRAIN_BROAD_001 | EVD_JRN_R18_B01_CLT_SOUTHERN_AFRICAN_BANTU_NGUNI_SOTHO_TSWANA_TERRAIN_SPECIFIC_001
CLT_SOUTHERN_HAN_CHINESE_WU_MIN_YUE_HAKKA,BRD_HUMAN_SOUTHERN_HAN_CHINESE_WU_MIN_YUE_HAKKA_CANTONESE,EXACT_CULTURE,EVD_JRN_R08_B01_CLT_SOUTHERN_HAN_CHINESE_WU_MIN_YUE_HAKKA_PERSONALITY_ID_001 | EVD_JRN_R08_B01_CLT_SOUTHERN_HAN_CHINESE_WU_MIN_YUE_HAKKA_TERRAIN_BROAD_001 | EVD_JRN_R08_B01_CLT_SOUTHERN_HAN_CHINESE_WU_MIN_YUE_HAKKA_TERRAIN_SPECIFIC_001
CLT_SOUTHERN_HAN_CHINESE_WU_MIN_YUE_HAKKA,BRD_HUMAN_SOUTHERN_HAN_CHINESE_WU_MIN_YUE_HAKKA_CHINESE,EXACT_CULTURE,EVD_JRN_R08_B01_CLT_SOUTHERN_HAN_CHINESE_WU_MIN_YUE_HAKKA_PERSONALITY_ID_001 | EVD_JRN_R08_B01_CLT_SOUTHERN_HAN_CHINESE_WU_MIN_YUE_HAKKA_TERRAIN_BROAD_001 | EVD_JRN_R08_B01_CLT_SOUTHERN_HAN_CHINESE_WU_MIN_YUE_HAKKA_TERRAIN_SPECIFIC_001
CLT_SOUTHERN_HAN_CHINESE_WU_MIN_YUE_HAKKA,BRD_HUMAN_SOUTHERN_HAN_CHINESE_WU_MIN_YUE_HAKKA_HAKKA,EXACT_CULTURE,EVD_JRN_R08_B01_CLT_SOUTHERN_HAN_CHINESE_WU_MIN_YUE_HAKKA_PERSONALITY_ID_001 | EVD_JRN_R08_B01_CLT_SOUTHERN_HAN_CHINESE_WU_MIN_YUE_HAKKA_TERRAIN_BROAD_001 | EVD_JRN_R08_B01_CLT_SOUTHERN_HAN_CHINESE_WU_MIN_YUE_HAKKA_TERRAIN_SPECIFIC_001
CLT_SOUTHERN_HAN_CHINESE_WU_MIN_YUE_HAKKA,BRD_HUMAN_SOUTHERN_HAN_CHINESE_WU_MIN_YUE_HAKKA_HOKLO_TAIWANESE,EXACT_CULTURE,EVD_JRN_R08_B01_CLT_SOUTHERN_HAN_CHINESE_WU_MIN_YUE_HAKKA_PERSONALITY_ID_001 | EVD_JRN_R08_B01_CLT_SOUTHERN_HAN_CHINESE_WU_MIN_YUE_HAKKA_TERRAIN_BROAD_001 | EVD_JRN_R08_B01_CLT_SOUTHERN_HAN_CHINESE_WU_MIN_YUE_HAKKA_TERRAIN_SPECIFIC_001
CLT_SOUTHERN_HAN_CHINESE_WU_MIN_YUE_HAKKA,BRD_HUMAN_SOUTHERN_HAN_CHINESE_WU_MIN_YUE_HAKKA_JIANGNAN_CHINESE,EXACT_CULTURE,EVD_JRN_R08_B01_CLT_SOUTHERN_HAN_CHINESE_WU_MIN_YUE_HAKKA_PERSONALITY_ID_001 | EVD_JRN_R08_B01_CLT_SOUTHERN_HAN_CHINESE_WU_MIN_YUE_HAKKA_TERRAIN_BROAD_001 | EVD_JRN_R08_B01_CLT_SOUTHERN_HAN_CHINESE_WU_MIN_YUE_HAKKA_TERRAIN_SPECIFIC_001
CLT_SOUTHERN_HAN_CHINESE_WU_MIN_YUE_HAKKA,BRD_HUMAN_SOUTHERN_HAN_CHINESE_WU_MIN_YUE_HAKKA_MACANESE_CHINESE,EXACT_CULTURE,EVD_JRN_R08_B01_CLT_SOUTHERN_HAN_CHINESE_WU_MIN_YUE_HAKKA_PERSONALITY_ID_001 | EVD_JRN_R08_B01_CLT_SOUTHERN_HAN_CHINESE_WU_MIN_YUE_HAKKA_TERRAIN_BROAD_001 | EVD_JRN_R08_B01_CLT_SOUTHERN_HAN_CHINESE_WU_MIN_YUE_HAKKA_TERRAIN_SPECIFIC_001
CLT_SOUTHERN_HAN_CHINESE_WU_MIN_YUE_HAKKA,BRD_HUMAN_SOUTHERN_HAN_CHINESE_WU_MIN_YUE_HAKKA_MAINLAND_CHINESE,EXACT_CULTURE,EVD_JRN_R08_B01_CLT_SOUTHERN_HAN_CHINESE_WU_MIN_YUE_HAKKA_PERSONALITY_ID_001 | EVD_JRN_R08_B01_CLT_SOUTHERN_HAN_CHINESE_WU_MIN_YUE_HAKKA_TERRAIN_BROAD_001 | EVD_JRN_R08_B01_CLT_SOUTHERN_HAN_CHINESE_WU_MIN_YUE_HAKKA_TERRAIN_SPECIFIC_001
CLT_SOUTHERN_HAN_CHINESE_WU_MIN_YUE_HAKKA,BRD_HUMAN_SOUTHERN_HAN_CHINESE_WU_MIN_YUE_HAKKA_MALAYSIAN_CHINESE,EXACT_CULTURE,EVD_JRN_R08_B01_CLT_SOUTHERN_HAN_CHINESE_WU_MIN_YUE_HAKKA_PERSONALITY_ID_001 | EVD_JRN_R08_B01_CLT_SOUTHERN_HAN_CHINESE_WU_MIN_YUE_HAKKA_TERRAIN_BROAD_001 | EVD_JRN_R08_B01_CLT_SOUTHERN_HAN_CHINESE_WU_MIN_YUE_HAKKA_TERRAIN_SPECIFIC_001
CLT_SOUTHERN_HAN_CHINESE_WU_MIN_YUE_HAKKA,BRD_HUMAN_SOUTHERN_HAN_CHINESE_WU_MIN_YUE_HAKKA_MIN_CHINESE,EXACT_CULTURE,EVD_JRN_R08_B01_CLT_SOUTHERN_HAN_CHINESE_WU_MIN_YUE_HAKKA_PERSONALITY_ID_001 | EVD_JRN_R08_B01_CLT_SOUTHERN_HAN_CHINESE_WU_MIN_YUE_HAKKA_TERRAIN_BROAD_001 | EVD_JRN_R08_B01_CLT_SOUTHERN_HAN_CHINESE_WU_MIN_YUE_HAKKA_TERRAIN_SPECIFIC_001
CLT_SOUTHERN_HAN_CHINESE_WU_MIN_YUE_HAKKA,BRD_HUMAN_SOUTHERN_HAN_CHINESE_WU_MIN_YUE_HAKKA_PERANAKAN,EXACT_CULTURE,EVD_JRN_R08_B01_CLT_SOUTHERN_HAN_CHINESE_WU_MIN_YUE_HAKKA_PERSONALITY_ID_001 | EVD_JRN_R08_B01_CLT_SOUTHERN_HAN_CHINESE_WU_MIN_YUE_HAKKA_TERRAIN_BROAD_001 | EVD_JRN_R08_B01_CLT_SOUTHERN_HAN_CHINESE_WU_MIN_YUE_HAKKA_TERRAIN_SPECIFIC_001
CLT_SOUTHERN_HAN_CHINESE_WU_MIN_YUE_HAKKA,BRD_HUMAN_SOUTHERN_HAN_CHINESE_WU_MIN_YUE_HAKKA_SINGAPOREAN_CHINESE,EXACT_CULTURE,EVD_JRN_R08_B01_CLT_SOUTHERN_HAN_CHINESE_WU_MIN_YUE_HAKKA_PERSONALITY_ID_001 | EVD_JRN_R08_B01_CLT_SOUTHERN_HAN_CHINESE_WU_MIN_YUE_HAKKA_TERRAIN_BROAD_001 | EVD_JRN_R08_B01_CLT_SOUTHERN_HAN_CHINESE_WU_MIN_YUE_HAKKA_TERRAIN_SPECIFIC_001
CLT_SOUTHERN_HAN_CHINESE_WU_MIN_YUE_HAKKA,BRD_HUMAN_SOUTHERN_HAN_CHINESE_WU_MIN_YUE_HAKKA_SINO_MAURITIAN,EXACT_CULTURE,EVD_JRN_R08_B01_CLT_SOUTHERN_HAN_CHINESE_WU_MIN_YUE_HAKKA_PERSONALITY_ID_001 | EVD_JRN_R08_B01_CLT_SOUTHERN_HAN_CHINESE_WU_MIN_YUE_HAKKA_TERRAIN_BROAD_001 | EVD_JRN_R08_B01_CLT_SOUTHERN_HAN_CHINESE_WU_MIN_YUE_HAKKA_TERRAIN_SPECIFIC_001
CLT_SOUTHERN_HAN_CHINESE_WU_MIN_YUE_HAKKA,BRD_HUMAN_SOUTHERN_HAN_CHINESE_WU_MIN_YUE_HAKKA_WU_CHINESE,EXACT_CULTURE,EVD_JRN_R08_B01_CLT_SOUTHERN_HAN_CHINESE_WU_MIN_YUE_HAKKA_PERSONALITY_ID_001 | EVD_JRN_R08_B01_CLT_SOUTHERN_HAN_CHINESE_WU_MIN_YUE_HAKKA_TERRAIN_BROAD_001 | EVD_JRN_R08_B01_CLT_SOUTHERN_HAN_CHINESE_WU_MIN_YUE_HAKKA_TERRAIN_SPECIFIC_001
CLT_SPANISH_CASTILIAN,BRD_HUMAN_SPANISH,EXACT_CULTURE,EVD_JRN_R11_B01_CLT_SPANISH_CASTILIAN_PERSONALITY_ID_001 | EVD_JRN_R11_B01_CLT_SPANISH_CASTILIAN_TERRAIN_BROAD_001 | EVD_JRN_R11_B01_CLT_SPANISH_CASTILIAN_TERRAIN_SPECIFIC_001
CLT_SPANISH_CASTILIAN,BRD_HUMAN_SPANISH_CASTILIAN_ANDALUSIAN,EXACT_CULTURE,EVD_JRN_R11_B01_CLT_SPANISH_CASTILIAN_PERSONALITY_ID_001 | EVD_JRN_R11_B01_CLT_SPANISH_CASTILIAN_TERRAIN_BROAD_001 | EVD_JRN_R11_B01_CLT_SPANISH_CASTILIAN_TERRAIN_SPECIFIC_001
CLT_SPANISH_CASTILIAN,BRD_HUMAN_SPANISH_CASTILIAN_CANARIAN,EXACT_CULTURE,EVD_JRN_R11_B01_CLT_SPANISH_CASTILIAN_PERSONALITY_ID_001 | EVD_JRN_R11_B01_CLT_SPANISH_CASTILIAN_TERRAIN_BROAD_001 | EVD_JRN_R11_B01_CLT_SPANISH_CASTILIAN_TERRAIN_SPECIFIC_001
CLT_SPANISH_CASTILIAN,BRD_HUMAN_SPANISH_CASTILIAN_CASTILIAN,EXACT_CULTURE,EVD_JRN_R11_B01_CLT_SPANISH_CASTILIAN_PERSONALITY_ID_001 | EVD_JRN_R11_B01_CLT_SPANISH_CASTILIAN_TERRAIN_BROAD_001 | EVD_JRN_R11_B01_CLT_SPANISH_CASTILIAN_TERRAIN_SPECIFIC_001
CLT_SPANISH_CASTILIAN,BRD_HUMAN_SPANISH_CASTILIAN_GIBRALTARIAN,EXACT_CULTURE,EVD_JRN_R11_B01_CLT_SPANISH_CASTILIAN_PERSONALITY_ID_001 | EVD_JRN_R11_B01_CLT_SPANISH_CASTILIAN_TERRAIN_BROAD_001 | EVD_JRN_R11_B01_CLT_SPANISH_CASTILIAN_TERRAIN_SPECIFIC_001
CLT_TAI_THAI_LAO_LANNA,BRD_HUMAN_TAI_THAI_LAO_LANNA_ISAN_LAO,EXACT_CULTURE,EVD_JRN_R16_B01_CLT_TAI_THAI_LAO_LANNA_PERSONALITY_ID_001 | EVD_JRN_R16_B01_CLT_TAI_THAI_LAO_LANNA_TERRAIN_BROAD_001 | EVD_JRN_R16_B01_CLT_TAI_THAI_LAO_LANNA_TERRAIN_SPECIFIC_001
CLT_TAI_THAI_LAO_LANNA,BRD_HUMAN_TAI_THAI_LAO_LANNA_LANNA,EXACT_CULTURE,EVD_JRN_R16_B01_CLT_TAI_THAI_LAO_LANNA_PERSONALITY_ID_001 | EVD_JRN_R16_B01_CLT_TAI_THAI_LAO_LANNA_TERRAIN_BROAD_001 | EVD_JRN_R16_B01_CLT_TAI_THAI_LAO_LANNA_TERRAIN_SPECIFIC_001
CLT_TAI_THAI_LAO_LANNA,BRD_HUMAN_TAI_THAI_LAO_LANNA_LAO,EXACT_CULTURE,EVD_JRN_R16_B01_CLT_TAI_THAI_LAO_LANNA_PERSONALITY_ID_001 | EVD_JRN_R16_B01_CLT_TAI_THAI_LAO_LANNA_TERRAIN_BROAD_001 | EVD_JRN_R16_B01_CLT_TAI_THAI_LAO_LANNA_TERRAIN_SPECIFIC_001
CLT_TAI_THAI_LAO_LANNA,BRD_HUMAN_TAI_THAI_LAO_LANNA_SHAN,EXACT_CULTURE,EVD_JRN_R16_B01_CLT_TAI_THAI_LAO_LANNA_PERSONALITY_ID_001 | EVD_JRN_R16_B01_CLT_TAI_THAI_LAO_LANNA_TERRAIN_BROAD_001 | EVD_JRN_R16_B01_CLT_TAI_THAI_LAO_LANNA_TERRAIN_SPECIFIC_001
CLT_TAI_THAI_LAO_LANNA,BRD_HUMAN_TAI_THAI_LAO_LANNA_TAI,EXACT_CULTURE,EVD_JRN_R16_B01_CLT_TAI_THAI_LAO_LANNA_PERSONALITY_ID_001 | EVD_JRN_R16_B01_CLT_TAI_THAI_LAO_LANNA_TERRAIN_BROAD_001 | EVD_JRN_R16_B01_CLT_TAI_THAI_LAO_LANNA_TERRAIN_SPECIFIC_001
CLT_TAI_THAI_LAO_LANNA,BRD_HUMAN_TAI_THAI_LAO_LANNA_THAI,EXACT_CULTURE,EVD_JRN_R16_B01_CLT_TAI_THAI_LAO_LANNA_PERSONALITY_ID_001 | EVD_JRN_R16_B01_CLT_TAI_THAI_LAO_LANNA_TERRAIN_BROAD_001 | EVD_JRN_R16_B01_CLT_TAI_THAI_LAO_LANNA_TERRAIN_SPECIFIC_001
CLT_TAI_THAI_LAO_LANNA,BRD_HUMAN_TAI_THAI_LAO_LANNA_ZHUANG_DAI,EXACT_CULTURE,EVD_JRN_R16_B01_CLT_TAI_THAI_LAO_LANNA_PERSONALITY_ID_001 | EVD_JRN_R16_B01_CLT_TAI_THAI_LAO_LANNA_TERRAIN_BROAD_001 | EVD_JRN_R16_B01_CLT_TAI_THAI_LAO_LANNA_TERRAIN_SPECIFIC_001
CLT_TAJIK_SOGDIAN,BRD_HUMAN_TAJIK_SOGDIAN_TAJIK,EXACT_CULTURE,EVD_JRN_R02_B02_CLT_TAJIK_SOGDIAN_PERSONALITY_ID_001 | EVD_JRN_R02_B02_CLT_TAJIK_SOGDIAN_TERRAIN_BROAD_001 | EVD_JRN_R02_B02_CLT_TAJIK_SOGDIAN_TERRAIN_SPECIFIC_001
CLT_TAJIK_SOGDIAN,BRD_HUMAN_TAJIK_SOGDIAN_TAJIK_SOGDIAN,EXACT_CULTURE,EVD_JRN_R02_B02_CLT_TAJIK_SOGDIAN_PERSONALITY_ID_001 | EVD_JRN_R02_B02_CLT_TAJIK_SOGDIAN_TERRAIN_BROAD_001 | EVD_JRN_R02_B02_CLT_TAJIK_SOGDIAN_TERRAIN_SPECIFIC_001
CLT_TIBETAN,BRD_HUMAN_TIBETAN_HIMALAYAN_TIBETAN,EXACT_CULTURE,EVD_JRN_R09_B01_CLT_TIBETAN_PERSONALITY_ID_001 | EVD_JRN_R09_B01_CLT_TIBETAN_TERRAIN_BROAD_001 | EVD_JRN_R09_B01_CLT_TIBETAN_TERRAIN_SPECIFIC_001
CLT_TIBETAN,BRD_HUMAN_TIBETAN_LADAKHI,EXACT_CULTURE,EVD_JRN_R09_B01_CLT_TIBETAN_PERSONALITY_ID_001 | EVD_JRN_R09_B01_CLT_TIBETAN_TERRAIN_BROAD_001 | EVD_JRN_R09_B01_CLT_TIBETAN_TERRAIN_SPECIFIC_001
CLT_TIBETAN,BRD_HUMAN_TIBETAN_NGALOP,EXACT_CULTURE,EVD_JRN_R09_B01_CLT_TIBETAN_PERSONALITY_ID_001 | EVD_JRN_R09_B01_CLT_TIBETAN_TERRAIN_BROAD_001 | EVD_JRN_R09_B01_CLT_TIBETAN_TERRAIN_SPECIFIC_001
CLT_TIBETAN,BRD_HUMAN_TIBETAN_TIBETAN,EXACT_CULTURE,EVD_JRN_R09_B01_CLT_TIBETAN_PERSONALITY_ID_001 | EVD_JRN_R09_B01_CLT_TIBETAN_TERRAIN_BROAD_001 | EVD_JRN_R09_B01_CLT_TIBETAN_TERRAIN_SPECIFIC_001
CLT_TLINGIT,BRD_HUMAN_TLINGIT_TLINGIT,EXACT_CULTURE,EVD_JRN_R09_B01_CLT_TLINGIT_PERSONALITY_ID_001 | EVD_JRN_R09_B01_CLT_TLINGIT_TERRAIN_BROAD_001 | EVD_JRN_R09_B01_CLT_TLINGIT_TERRAIN_SPECIFIC_001
CLT_UPLAND_FILIPINO_IFUGAO_CORDILLERAN_LUMAD,BRD_HUMAN_UPLAND_FILIPINO_IFUGAO_CORDILLERAN_LUMAD_IFUGAO,EXACT_CULTURE,EVD_JRN_R16_B01_CLT_UPLAND_FILIPINO_IFUGAO_CORDILLERAN_LUMAD_PERSONALITY_ID_001 | EVD_JRN_R16_B01_CLT_UPLAND_FILIPINO_IFUGAO_CORDILLERAN_LUMAD_TERRAIN_BROAD_001 | EVD_JRN_R16_B01_CLT_UPLAND_FILIPINO_IFUGAO_CORDILLERAN_LUMAD_TERRAIN_SPECIFIC_001
CLT_UPLAND_FILIPINO_IFUGAO_CORDILLERAN_LUMAD,BRD_HUMAN_UPLAND_FILIPINO_IFUGAO_CORDILLERAN_LUMAD_LUMAD,EXACT_CULTURE,EVD_JRN_R16_B01_CLT_UPLAND_FILIPINO_IFUGAO_CORDILLERAN_LUMAD_PERSONALITY_ID_001 | EVD_JRN_R16_B01_CLT_UPLAND_FILIPINO_IFUGAO_CORDILLERAN_LUMAD_TERRAIN_BROAD_001 | EVD_JRN_R16_B01_CLT_UPLAND_FILIPINO_IFUGAO_CORDILLERAN_LUMAD_TERRAIN_SPECIFIC_001
CLT_UPPER_GUINEA_MANDE_KRU_TEMNE,BRD_HUMAN_UPPER_GUINEA_MANDE_KRU_TEMNE_BALANTA_MANJACO,EXACT_CULTURE,EVD_JRN_R17_B01_CLT_UPPER_GUINEA_MANDE_KRU_TEMNE_PERSONALITY_ID_001 | EVD_JRN_R17_B01_CLT_UPPER_GUINEA_MANDE_KRU_TEMNE_TERRAIN_BROAD_001 | EVD_JRN_R17_B01_CLT_UPPER_GUINEA_MANDE_KRU_TEMNE_TERRAIN_SPECIFIC_001
CLT_UPPER_GUINEA_MANDE_KRU_TEMNE,BRD_HUMAN_UPPER_GUINEA_MANDE_KRU_TEMNE_BAMBARA_MANDE,EXACT_CULTURE,EVD_JRN_R17_B01_CLT_UPPER_GUINEA_MANDE_KRU_TEMNE_PERSONALITY_ID_001 | EVD_JRN_R17_B01_CLT_UPPER_GUINEA_MANDE_KRU_TEMNE_TERRAIN_BROAD_001 | EVD_JRN_R17_B01_CLT_UPPER_GUINEA_MANDE_KRU_TEMNE_TERRAIN_SPECIFIC_001
CLT_UPPER_GUINEA_MANDE_KRU_TEMNE,BRD_HUMAN_UPPER_GUINEA_MANDE_KRU_TEMNE_KRU_BETE,EXACT_CULTURE,EVD_JRN_R17_B01_CLT_UPPER_GUINEA_MANDE_KRU_TEMNE_PERSONALITY_ID_001 | EVD_JRN_R17_B01_CLT_UPPER_GUINEA_MANDE_KRU_TEMNE_TERRAIN_BROAD_001 | EVD_JRN_R17_B01_CLT_UPPER_GUINEA_MANDE_KRU_TEMNE_TERRAIN_SPECIFIC_001
CLT_UPPER_GUINEA_MANDE_KRU_TEMNE,BRD_HUMAN_UPPER_GUINEA_MANDE_KRU_TEMNE_LIBERIAN_INDIGENOUS,EXACT_CULTURE,EVD_JRN_R17_B01_CLT_UPPER_GUINEA_MANDE_KRU_TEMNE_PERSONALITY_ID_001 | EVD_JRN_R17_B01_CLT_UPPER_GUINEA_MANDE_KRU_TEMNE_TERRAIN_BROAD_001 | EVD_JRN_R17_B01_CLT_UPPER_GUINEA_MANDE_KRU_TEMNE_TERRAIN_SPECIFIC_001
CLT_UPPER_GUINEA_MANDE_KRU_TEMNE,BRD_HUMAN_UPPER_GUINEA_MANDE_KRU_TEMNE_MANDE,EXACT_CULTURE,EVD_JRN_R17_B01_CLT_UPPER_GUINEA_MANDE_KRU_TEMNE_PERSONALITY_ID_001 | EVD_JRN_R17_B01_CLT_UPPER_GUINEA_MANDE_KRU_TEMNE_TERRAIN_BROAD_001 | EVD_JRN_R17_B01_CLT_UPPER_GUINEA_MANDE_KRU_TEMNE_TERRAIN_SPECIFIC_001
CLT_UPPER_GUINEA_MANDE_KRU_TEMNE,BRD_HUMAN_UPPER_GUINEA_MANDE_KRU_TEMNE_MANDE_MALIAN,EXACT_CULTURE,EVD_JRN_R17_B01_CLT_UPPER_GUINEA_MANDE_KRU_TEMNE_PERSONALITY_ID_001 | EVD_JRN_R17_B01_CLT_UPPER_GUINEA_MANDE_KRU_TEMNE_TERRAIN_BROAD_001 | EVD_JRN_R17_B01_CLT_UPPER_GUINEA_MANDE_KRU_TEMNE_TERRAIN_SPECIFIC_001
CLT_UPPER_GUINEA_MANDE_KRU_TEMNE,BRD_HUMAN_UPPER_GUINEA_MANDE_KRU_TEMNE_MANDINKA,EXACT_CULTURE,EVD_JRN_R17_B01_CLT_UPPER_GUINEA_MANDE_KRU_TEMNE_PERSONALITY_ID_001 | EVD_JRN_R17_B01_CLT_UPPER_GUINEA_MANDE_KRU_TEMNE_TERRAIN_BROAD_001 | EVD_JRN_R17_B01_CLT_UPPER_GUINEA_MANDE_KRU_TEMNE_TERRAIN_SPECIFIC_001
CLT_UPPER_GUINEA_MANDE_KRU_TEMNE,BRD_HUMAN_UPPER_GUINEA_MANDE_KRU_TEMNE_MANDINKA_MANDE,EXACT_CULTURE,EVD_JRN_R17_B01_CLT_UPPER_GUINEA_MANDE_KRU_TEMNE_PERSONALITY_ID_001 | EVD_JRN_R17_B01_CLT_UPPER_GUINEA_MANDE_KRU_TEMNE_TERRAIN_BROAD_001 | EVD_JRN_R17_B01_CLT_UPPER_GUINEA_MANDE_KRU_TEMNE_TERRAIN_SPECIFIC_001
CLT_UPPER_GUINEA_MANDE_KRU_TEMNE,BRD_HUMAN_UPPER_GUINEA_MANDE_KRU_TEMNE_MENDE,EXACT_CULTURE,EVD_JRN_R17_B01_CLT_UPPER_GUINEA_MANDE_KRU_TEMNE_PERSONALITY_ID_001 | EVD_JRN_R17_B01_CLT_UPPER_GUINEA_MANDE_KRU_TEMNE_TERRAIN_BROAD_001 | EVD_JRN_R17_B01_CLT_UPPER_GUINEA_MANDE_KRU_TEMNE_TERRAIN_SPECIFIC_001
CLT_UPPER_GUINEA_MANDE_KRU_TEMNE,BRD_HUMAN_UPPER_GUINEA_MANDE_KRU_TEMNE_SUSU,EXACT_CULTURE,EVD_JRN_R17_B01_CLT_UPPER_GUINEA_MANDE_KRU_TEMNE_PERSONALITY_ID_001 | EVD_JRN_R17_B01_CLT_UPPER_GUINEA_MANDE_KRU_TEMNE_TERRAIN_BROAD_001 | EVD_JRN_R17_B01_CLT_UPPER_GUINEA_MANDE_KRU_TEMNE_TERRAIN_SPECIFIC_001
CLT_UPPER_GUINEA_MANDE_KRU_TEMNE,BRD_HUMAN_UPPER_GUINEA_MANDE_KRU_TEMNE_TEMNE,EXACT_CULTURE,EVD_JRN_R17_B01_CLT_UPPER_GUINEA_MANDE_KRU_TEMNE_PERSONALITY_ID_001 | EVD_JRN_R17_B01_CLT_UPPER_GUINEA_MANDE_KRU_TEMNE_TERRAIN_BROAD_001 | EVD_JRN_R17_B01_CLT_UPPER_GUINEA_MANDE_KRU_TEMNE_TERRAIN_SPECIFIC_001
CLT_UZBEK_TIMURID,BRD_HUMAN_UZBEK_TIMURID_UYGHUR,EXACT_CULTURE,EVD_JRN_R02_B02_CLT_UZBEK_TIMURID_PERSONALITY_ID_001 | EVD_JRN_R02_B02_CLT_UZBEK_TIMURID_TERRAIN_BROAD_001 | EVD_JRN_R02_B02_CLT_UZBEK_TIMURID_TERRAIN_SPECIFIC_001
CLT_UZBEK_TIMURID,BRD_HUMAN_UZBEK_TIMURID_UZBEK,EXACT_CULTURE,EVD_JRN_R02_B02_CLT_UZBEK_TIMURID_PERSONALITY_ID_001 | EVD_JRN_R02_B02_CLT_UZBEK_TIMURID_TERRAIN_BROAD_001 | EVD_JRN_R02_B02_CLT_UZBEK_TIMURID_TERRAIN_SPECIFIC_001
CLT_UZBEK_TIMURID,BRD_HUMAN_UZBEK_TIMURID_UZBEK_TIMURID,EXACT_CULTURE,EVD_JRN_R02_B02_CLT_UZBEK_TIMURID_PERSONALITY_ID_001 | EVD_JRN_R02_B02_CLT_UZBEK_TIMURID_TERRAIN_BROAD_001 | EVD_JRN_R02_B02_CLT_UZBEK_TIMURID_TERRAIN_SPECIFIC_001
CLT_VIETNAMESE,BRD_HUMAN_VIETNAMESE_VIETNAMESE,EXACT_CULTURE,EVD_JRN_R16_B01_CLT_VIETNAMESE_PERSONALITY_ID_001 | EVD_JRN_R16_B01_CLT_VIETNAMESE_TERRAIN_BROAD_001 | EVD_JRN_R16_B01_CLT_VIETNAMESE_TERRAIN_SPECIFIC_001
CLT_WELSH_BRITTONIC_CELTIC,BRD_HUMAN_WELSH_BRITTONIC_CELTIC_WELSH,EXACT_CULTURE,EVD_JRN_R03_B01_CLT_WELSH_BRITTONIC_CELTIC_PERSONALITY_ID_001 | EVD_JRN_R03_B01_CLT_WELSH_BRITTONIC_CELTIC_TERRAIN_BROAD_001 | EVD_JRN_R03_B01_CLT_WELSH_BRITTONIC_CELTIC_TERRAIN_SPECIFIC_001
CLT_YORUBA,BRD_HUMAN_YORUBA_YORUBA,EXACT_CULTURE,EVD_JRN_R17_B01_CLT_YORUBA_PERSONALITY_ID_001 | EVD_JRN_R17_B01_CLT_YORUBA_TERRAIN_BROAD_001 | EVD_JRN_R17_B01_CLT_YORUBA_TERRAIN_SPECIFIC_001
CLT_YS,BRD_HUMAN_YS_BRETON,EXACT_CULTURE,EVD_JRN_R21_B01_CLT_YS_PERSONALITY_ID_001 | EVD_JRN_R21_B01_CLT_YS_TERRAIN_BROAD_001 | EVD_JRN_R21_B01_CLT_YS_TERRAIN_SPECIFIC_001
CLT_YS,BRD_HUMAN_YS_YS,EXACT_CULTURE,EVD_JRN_R21_B01_CLT_YS_PERSONALITY_ID_001 | EVD_JRN_R21_B01_CLT_YS_TERRAIN_BROAD_001 | EVD_JRN_R21_B01_CLT_YS_TERRAIN_SPECIFIC_001
CLT_ZAMBEZI_ZIMBABWE_MOZAMBIQUE_BANTU,BRD_HUMAN_ZAMBEZI_ZIMBABWE_MOZAMBIQUE_BANTU_BEMBA,EXACT_CULTURE,EVD_JRN_R18_B01_CLT_ZAMBEZI_ZIMBABWE_MOZAMBIQUE_BANTU_PERSONALITY_ID_001 | EVD_JRN_R18_B01_CLT_ZAMBEZI_ZIMBABWE_MOZAMBIQUE_BANTU_TERRAIN_BROAD_001 | EVD_JRN_R18_B01_CLT_ZAMBEZI_ZIMBABWE_MOZAMBIQUE_BANTU_TERRAIN_SPECIFIC_001
CLT_ZAMBEZI_ZIMBABWE_MOZAMBIQUE_BANTU,BRD_HUMAN_ZAMBEZI_ZIMBABWE_MOZAMBIQUE_BANTU_CHEWA,EXACT_CULTURE,EVD_JRN_R18_B01_CLT_ZAMBEZI_ZIMBABWE_MOZAMBIQUE_BANTU_PERSONALITY_ID_001 | EVD_JRN_R18_B01_CLT_ZAMBEZI_ZIMBABWE_MOZAMBIQUE_BANTU_TERRAIN_BROAD_001 | EVD_JRN_R18_B01_CLT_ZAMBEZI_ZIMBABWE_MOZAMBIQUE_BANTU_TERRAIN_SPECIFIC_001
CLT_ZAMBEZI_ZIMBABWE_MOZAMBIQUE_BANTU,BRD_HUMAN_ZAMBEZI_ZIMBABWE_MOZAMBIQUE_BANTU_MAKHUWA,EXACT_CULTURE,EVD_JRN_R18_B01_CLT_ZAMBEZI_ZIMBABWE_MOZAMBIQUE_BANTU_PERSONALITY_ID_001 | EVD_JRN_R18_B01_CLT_ZAMBEZI_ZIMBABWE_MOZAMBIQUE_BANTU_TERRAIN_BROAD_001 | EVD_JRN_R18_B01_CLT_ZAMBEZI_ZIMBABWE_MOZAMBIQUE_BANTU_TERRAIN_SPECIFIC_001
CLT_ZAMBEZI_ZIMBABWE_MOZAMBIQUE_BANTU,BRD_HUMAN_ZAMBEZI_ZIMBABWE_MOZAMBIQUE_BANTU_SHONA,EXACT_CULTURE,EVD_JRN_R18_B01_CLT_ZAMBEZI_ZIMBABWE_MOZAMBIQUE_BANTU_PERSONALITY_ID_001 | EVD_JRN_R18_B01_CLT_ZAMBEZI_ZIMBABWE_MOZAMBIQUE_BANTU_TERRAIN_BROAD_001 | EVD_JRN_R18_B01_CLT_ZAMBEZI_ZIMBABWE_MOZAMBIQUE_BANTU_TERRAIN_SPECIFIC_001
CLT_ZAMBEZI_ZIMBABWE_MOZAMBIQUE_BANTU,BRD_HUMAN_ZAMBEZI_ZIMBABWE_MOZAMBIQUE_BANTU_SHONA_GREAT_ZIMBABWE,EXACT_CULTURE,EVD_JRN_R18_B01_CLT_ZAMBEZI_ZIMBABWE_MOZAMBIQUE_BANTU_PERSONALITY_ID_001 | EVD_JRN_R18_B01_CLT_ZAMBEZI_ZIMBABWE_MOZAMBIQUE_BANTU_TERRAIN_BROAD_001 | EVD_JRN_R18_B01_CLT_ZAMBEZI_ZIMBABWE_MOZAMBIQUE_BANTU_TERRAIN_SPECIFIC_001
CLT_ZAMBEZI_ZIMBABWE_MOZAMBIQUE_BANTU,BRD_HUMAN_ZAMBEZI_ZIMBABWE_MOZAMBIQUE_BANTU_SHONA_SENA_TSONGA,EXACT_CULTURE,EVD_JRN_R18_B01_CLT_ZAMBEZI_ZIMBABWE_MOZAMBIQUE_BANTU_PERSONALITY_ID_001 | EVD_JRN_R18_B01_CLT_ZAMBEZI_ZIMBABWE_MOZAMBIQUE_BANTU_TERRAIN_BROAD_001 | EVD_JRN_R18_B01_CLT_ZAMBEZI_ZIMBABWE_MOZAMBIQUE_BANTU_TERRAIN_SPECIFIC_001
CLT_ZAMBEZI_ZIMBABWE_MOZAMBIQUE_BANTU,BRD_HUMAN_ZAMBEZI_ZIMBABWE_MOZAMBIQUE_BANTU_TONGA_LOZI,EXACT_CULTURE,EVD_JRN_R18_B01_CLT_ZAMBEZI_ZIMBABWE_MOZAMBIQUE_BANTU_PERSONALITY_ID_001 | EVD_JRN_R18_B01_CLT_ZAMBEZI_ZIMBABWE_MOZAMBIQUE_BANTU_TERRAIN_BROAD_001 | EVD_JRN_R18_B01_CLT_ZAMBEZI_ZIMBABWE_MOZAMBIQUE_BANTU_TERRAIN_SPECIFIC_001
CLT_ZAMBEZI_ZIMBABWE_MOZAMBIQUE_BANTU,BRD_HUMAN_ZAMBEZI_ZIMBABWE_MOZAMBIQUE_BANTU_YAO,EXACT_CULTURE,EVD_JRN_R18_B01_CLT_ZAMBEZI_ZIMBABWE_MOZAMBIQUE_BANTU_PERSONALITY_ID_001 | EVD_JRN_R18_B01_CLT_ZAMBEZI_ZIMBABWE_MOZAMBIQUE_BANTU_TERRAIN_BROAD_001 | EVD_JRN_R18_B01_CLT_ZAMBEZI_ZIMBABWE_MOZAMBIQUE_BANTU_TERRAIN_SPECIFIC_001
CLT_ZAPOTEC,BRD_HUMAN_ZAPOTEC_ZAPOTEC,EXACT_CULTURE,EVD_JRN_R24_B01_CLT_ZAPOTEC_PERSONALITY_ID_001 | EVD_JRN_R24_B01_CLT_ZAPOTEC_TERRAIN_BROAD_001 | EVD_JRN_R24_B01_CLT_ZAPOTEC_TERRAIN_SPECIFIC_001
SPC_DOSIDICUS_GIGAS,BRD_HUMBOLDT_SQUID,EXACT_SPECIES,EVD_JRN_R14_B01_SPC_DOSIDICUS_GIGAS_PERSONALITY_ID_001 | EVD_JRN_R14_B01_SPC_DOSIDICUS_GIGAS_TERRAIN_BROAD_001 | EVD_JRN_R14_B01_SPC_DOSIDICUS_GIGAS_TERRAIN_SPECIFIC_001
SPC_MACROGLOSSUM_STELLATARUM,BRD_HUMMINGBIRD_HAWK_MOTH,EXACT_SPECIES,EVD_JRN_R25_B01_SPC_MACROGLOSSUM_STELLATARUM_PERSONALITY_ID_001 | EVD_JRN_R25_B01_SPC_MACROGLOSSUM_STELLATARUM_TERRAIN_BROAD_001 | EVD_JRN_R25_B01_SPC_MACROGLOSSUM_STELLATARUM_TERRAIN_SPECIFIC_001
SPC_MELANOCETUS_JOHNSONII,BRD_HUMPBACK_ANGLERFISH,EXACT_SPECIES,EVD_JRN_R14_B01_SPC_MELANOCETUS_JOHNSONII_PERSONALITY_ID_001 | EVD_JRN_R14_B01_SPC_MELANOCETUS_JOHNSONII_TERRAIN_BROAD_001 | EVD_JRN_R14_B01_SPC_MELANOCETUS_JOHNSONII_TERRAIN_SPECIFIC_001
SPC_MEGAPTERA_NOVAEANGLIAE,BRD_HUMPBACK_WHALE,EXACT_SPECIES,EVD_JRN_R01_B01_SPC_MEGAPTERA_NOVAEANGLIAE_PERSONALITY_ID_001 | EVD_JRN_R01_B01_SPC_MEGAPTERA_NOVAEANGLIAE_TERRAIN_BROAD_001 | EVD_JRN_R01_B01_SPC_MEGAPTERA_NOVAEANGLIAE_TERRAIN_SPECIFIC_001
SPC_CHEILINUS_UNDULATUS,BRD_HUMPHEAD_WRASSE,EXACT_SPECIES,EVD_JRN_R14_B01_SPC_CHEILINUS_UNDULATUS_PERSONALITY_ID_001 | EVD_JRN_R14_B01_SPC_CHEILINUS_UNDULATUS_TERRAIN_BROAD_001 | EVD_JRN_R14_B01_SPC_CHEILINUS_UNDULATUS_TERRAIN_SPECIFIC_001
SPC_ANODORHYNCHUS_HYACINTHINUS,BRD_HYACINTH_MACAW,EXACT_SPECIES,EVD_JRN_R19_B01_SPC_ANODORHYNCHUS_HYACINTHINUS_PERSONALITY_ID_001 | EVD_JRN_R19_B01_SPC_ANODORHYNCHUS_HYACINTHINUS_TERRAIN_BROAD_001 | EVD_JRN_R19_B01_SPC_ANODORHYNCHUS_HYACINTHINUS_TERRAIN_SPECIFIC_001
SPC_BLANUS_CINEREUS,BRD_IBERIAN_WORM_LIZARD,EXACT_SPECIES,EVD_JRN_R24_B01_SPC_BLANUS_CINEREUS_PERSONALITY_ID_001 | EVD_JRN_R24_B01_SPC_BLANUS_CINEREUS_TERRAIN_BROAD_001 | EVD_JRN_R24_B01_SPC_BLANUS_CINEREUS_TERRAIN_SPECIFIC_001
SPC_GENIALIS_IFRIT,BRD_IFRIT,EXACT_TRADITION,EVD_JRN_R06_B01_SPC_GENIALIS_IFRIT_PERSONALITY_ID_001 | EVD_JRN_R06_B01_SPC_GENIALIS_IFRIT_TERRAIN_BROAD_001 | EVD_JRN_R06_B01_SPC_GENIALIS_IFRIT_TERRAIN_SPECIFIC_001
SPC_VERSIPELLIS_IJIRAQ,BRD_IJIRAQ,EXACT_TRADITION,EVD_JRN_R07_B01_SPC_VERSIPELLIS_IJIRAQ_PERSONALITY_ID_001 | EVD_JRN_R07_B01_SPC_VERSIPELLIS_IJIRAQ_TERRAIN_BROAD_001 | EVD_JRN_R07_B01_SPC_VERSIPELLIS_IJIRAQ_TERRAIN_SPECIFIC_001
SPC_OCHOTONA_ILIENSIS,BRD_ILI_PIKA,EXACT_SPECIES,EVD_JRN_R20_B01_SPC_OCHOTONA_ILIENSIS_PERSONALITY_ID_001 | EVD_JRN_R20_B01_SPC_OCHOTONA_ILIENSIS_TERRAIN_BROAD_001 | EVD_JRN_R20_B01_SPC_OCHOTONA_ILIENSIS_TERRAIN_SPECIFIC_001
SPC_DAEMON_IMP,BRD_IMP,EXACT_TRADITION,EVD_JRN_R05_B01_SPC_DAEMON_IMP_PERSONALITY_ID_001 | EVD_JRN_R05_B01_SPC_DAEMON_IMP_TERRAIN_BROAD_001 | EVD_JRN_R05_B01_SPC_DAEMON_IMP_TERRAIN_SPECIFIC_001
SPC_AEPYCEROS_MELAMPUS,BRD_IMPALA,EXACT_SPECIES,EVD_JRN_R02_B01_SPC_AEPYCEROS_MELAMPUS_PERSONALITY_ID_001 | EVD_JRN_R02_B01_SPC_AEPYCEROS_MELAMPUS_TERRAIN_BROAD_001 | EVD_JRN_R02_B01_SPC_AEPYCEROS_MELAMPUS_TERRAIN_SPECIFIC_001
SPC_DAEMON_INCUBUS,BRD_INCUBUS,EXACT_TRADITION,EVD_JRN_R05_B01_SPC_DAEMON_INCUBUS_PERSONALITY_ID_001 | EVD_JRN_R05_B01_SPC_DAEMON_INCUBUS_TERRAIN_BROAD_001 | EVD_JRN_R05_B01_SPC_DAEMON_INCUBUS_TERRAIN_SPECIFIC_001
SPC_NAJA_NAJA,BRD_INDIAN_COBRA,EXACT_SPECIES,EVD_JRN_R25_B02_SPC_NAJA_NAJA_PERSONALITY_ID_001 | EVD_JRN_R25_B02_SPC_NAJA_NAJA_TERRAIN_BROAD_001 | EVD_JRN_R25_B02_SPC_NAJA_NAJA_TERRAIN_SPECIFIC_001
SPC_LISSEMYS_PUNCTATA,BRD_INDIAN_FLAPSHELL_TURTLE,EXACT_SPECIES,EVD_JRN_R04_B01_SPC_LISSEMYS_PUNCTATA_PERSONALITY_ID_001 | EVD_JRN_R04_B01_SPC_LISSEMYS_PUNCTATA_TERRAIN_BROAD_001 | EVD_JRN_R04_B01_SPC_LISSEMYS_PUNCTATA_TERRAIN_SPECIFIC_001
SPC_RATUFA_INDICA,BRD_INDIAN_GIANT_SQUIRREL,EXACT_SPECIES,EVD_JRN_R20_B01_SPC_RATUFA_INDICA_PERSONALITY_ID_001 | EVD_JRN_R20_B01_SPC_RATUFA_INDICA_TERRAIN_BROAD_001 | EVD_JRN_R20_B01_SPC_RATUFA_INDICA_TERRAIN_SPECIFIC_001
SPC_PAVO_CRISTATUS,BRD_INDIAN_PEAFOWL,EXACT_SPECIES,EVD_JRN_R17_B01_SPC_PAVO_CRISTATUS_PERSONALITY_ID_001 | EVD_JRN_R17_B01_SPC_PAVO_CRISTATUS_TERRAIN_BROAD_001 | EVD_JRN_R17_B01_SPC_PAVO_CRISTATUS_TERRAIN_SPECIFIC_001
SPC_RHINOCEROS_UNICORNIS,BRD_INDIAN_RHINOCEROS,EXACT_SPECIES,EVD_JRN_R18_B01_SPC_RHINOCEROS_UNICORNIS_PERSONALITY_ID_001 | EVD_JRN_R18_B01_SPC_RHINOCEROS_UNICORNIS_TERRAIN_BROAD_001 | EVD_JRN_R18_B01_SPC_RHINOCEROS_UNICORNIS_TERRAIN_SPECIFIC_001
SPC_MOSCHIOLA_INDICA,BRD_INDIAN_SPOTTED_CHEVROTAIN,EXACT_SPECIES,EVD_JRN_R02_B01_SPC_MOSCHIOLA_INDICA_PERSONALITY_ID_001 | EVD_JRN_R02_B01_SPC_MOSCHIOLA_INDICA_TERRAIN_BROAD_001 | EVD_JRN_R02_B01_SPC_MOSCHIOLA_INDICA_TERRAIN_SPECIFIC_001
SPC_NEOPHOCAENA_PHOCAENOIDES,BRD_INDO_PACIFIC_FINLESS_PORPOISE,EXACT_SPECIES,EVD_JRN_R01_B01_SPC_NEOPHOCAENA_PHOCAENOIDES_PERSONALITY_ID_001 | EVD_JRN_R01_B01_SPC_NEOPHOCAENA_PHOCAENOIDES_TERRAIN_BROAD_001 | EVD_JRN_R01_B01_SPC_NEOPHOCAENA_PHOCAENOIDES_TERRAIN_SPECIFIC_001
SPC_INDRI_INDRI,BRD_INDRI,EXACT_SPECIES,EVD_JRN_R15_B01_SPC_INDRI_INDRI_PERSONALITY_ID_001 | EVD_JRN_R15_B01_SPC_INDRI_INDRI_TERRAIN_BROAD_001 | EVD_JRN_R15_B01_SPC_INDRI_INDRI_TERRAIN_SPECIFIC_001
SPC_ORCAELLA_BREVIROSTRIS,BRD_IRRAWADDY_DOLPHIN,EXACT_SPECIES,EVD_JRN_R01_B01_SPC_ORCAELLA_BREVIROSTRIS_PERSONALITY_ID_001 | EVD_JRN_R01_B01_SPC_ORCAELLA_BREVIROSTRIS_TERRAIN_BROAD_001 | EVD_JRN_R01_B01_SPC_ORCAELLA_BREVIROSTRIS_TERRAIN_SPECIFIC_001
SPC_PAGOPHILA_EBURNEA,BRD_IVORY_GULL,EXACT_SPECIES,EVD_JRN_R01_B01_SPC_PAGOPHILA_EBURNEA_PERSONALITY_ID_001 | EVD_JRN_R01_B01_SPC_PAGOPHILA_EBURNEA_TERRAIN_BROAD_001 | EVD_JRN_R01_B01_SPC_PAGOPHILA_EBURNEA_TERRAIN_SPECIFIC_001
SPC_JABIRU_MYCTERIA,BRD_JABIRU,EXACT_SPECIES,EVD_JRN_R01_B01_SPC_JABIRU_MYCTERIA_PERSONALITY_ID_001 | EVD_JRN_R01_B01_SPC_JABIRU_MYCTERIA_TERRAIN_BROAD_001 | EVD_JRN_R01_B01_SPC_JABIRU_MYCTERIA_TERRAIN_SPECIFIC_001
SPC_TRIOCEROS_JACKSONII,BRD_JACKSON_S_CHAMELEON,EXACT_SPECIES,EVD_JRN_R24_B01_SPC_TRIOCEROS_JACKSONII_PERSONALITY_ID_001 | EVD_JRN_R24_B01_SPC_TRIOCEROS_JACKSONII_TERRAIN_BROAD_001 | EVD_JRN_R24_B01_SPC_TRIOCEROS_JACKSONII_TERRAIN_SPECIFIC_001
SPC_PANTHERA_ONCA,BRD_JAGUAR,EXACT_SPECIES,EVD_JRN_R02_B02_SPC_PANTHERA_ONCA_PERSONALITY_ID_001 | EVD_JRN_R02_B02_SPC_PANTHERA_ONCA_TERRAIN_BROAD_001 | EVD_JRN_R02_B02_SPC_PANTHERA_ONCA_TERRAIN_SPECIFIC_001
SPC_ANDRIAS_JAPONICUS,BRD_JAPANESE_GIANT_SALAMANDER,EXACT_SPECIES,EVD_JRN_R13_B01_SPC_ANDRIAS_JAPONICUS_PERSONALITY_ID_001 | EVD_JRN_R13_B01_SPC_ANDRIAS_JAPONICUS_TERRAIN_BROAD_001 | EVD_JRN_R13_B01_SPC_ANDRIAS_JAPONICUS_TERRAIN_SPECIFIC_001
SPC_MACACA_FUSCATA,BRD_JAPANESE_MACAQUE,EXACT_SPECIES,EVD_JRN_R15_B01_SPC_MACACA_FUSCATA_PERSONALITY_ID_001 | EVD_JRN_R15_B01_SPC_MACACA_FUSCATA_TERRAIN_BROAD_001 | EVD_JRN_R15_B01_SPC_MACACA_FUSCATA_TERRAIN_SPECIFIC_001
SPC_TAKIFUGU_RUBRIPES,BRD_JAPANESE_PUFFERFISH,EXACT_SPECIES,EVD_JRN_R14_B02_SPC_TAKIFUGU_RUBRIPES_PERSONALITY_ID_001 | EVD_JRN_R14_B02_SPC_TAKIFUGU_RUBRIPES_TERRAIN_BROAD_001 | EVD_JRN_R14_B02_SPC_TAKIFUGU_RUBRIPES_TERRAIN_SPECIFIC_001
SPC_MACROCHEIRA_KAEMPFERI,BRD_JAPANESE_SPIDER_CRAB,EXACT_SPECIES,EVD_JRN_R25_B01_SPC_MACROCHEIRA_KAEMPFERI_PERSONALITY_ID_001 | EVD_JRN_R25_B01_SPC_MACROCHEIRA_KAEMPFERI_TERRAIN_BROAD_001 | EVD_JRN_R25_B01_SPC_MACROCHEIRA_KAEMPFERI_TERRAIN_SPECIFIC_001
SPC_RHINOCEROS_SONDAICUS,BRD_JAVAN_RHINOCEROS,EXACT_SPECIES,EVD_JRN_R18_B01_SPC_RHINOCEROS_SONDAICUS_PERSONALITY_ID_001 | EVD_JRN_R18_B01_SPC_RHINOCEROS_SONDAICUS_TERRAIN_BROAD_001 | EVD_JRN_R18_B01_SPC_RHINOCEROS_SONDAICUS_TERRAIN_SPECIFIC_001
SPC_SANGUIVORUS_JIANGSHI,BRD_JIANGSHI,EXACT_TRADITION,EVD_JRN_R07_B01_SPC_SANGUIVORUS_JIANGSHI_PERSONALITY_ID_001 | EVD_JRN_R07_B01_SPC_SANGUIVORUS_JIANGSHI_TERRAIN_BROAD_001 | EVD_JRN_R07_B01_SPC_SANGUIVORUS_JIANGSHI_TERRAIN_SPECIFIC_001
SPC_PARVULUS_JOGAH,BRD_JOGAH,EXACT_TRADITION,EVD_JRN_R03_B01_SPC_PARVULUS_JOGAH_PERSONALITY_ID_001 | EVD_JRN_R03_B01_SPC_PARVULUS_JOGAH_TERRAIN_BROAD_001 | EVD_JRN_R03_B01_SPC_PARVULUS_JOGAH_TERRAIN_SPECIFIC_001
SPC_GIGAS_JOTUNN,BRD_JOTUNN,EXACT_TRADITION,EVD_JRN_R09_B01_SPC_GIGAS_JOTUNN_PERSONALITY_ID_001 | EVD_JRN_R09_B01_SPC_GIGAS_JOTUNN_TERRAIN_BROAD_001 | EVD_JRN_R09_B01_SPC_GIGAS_JOTUNN_TERRAIN_SPECIFIC_001
SPC_STRIGOPS_HABROPTILUS,BRD_KAKAPO,EXACT_SPECIES,EVD_JRN_R19_B01_SPC_STRIGOPS_HABROPTILUS_PERSONALITY_ID_001 | EVD_JRN_R19_B01_SPC_STRIGOPS_HABROPTILUS_TERRAIN_BROAD_001 | EVD_JRN_R19_B01_SPC_STRIGOPS_HABROPTILUS_TERRAIN_SPECIFIC_001
SPC_AQUASPIRITUS_KAPPA,BRD_KAPPA,EXACT_TRADITION,EVD_JRN_R04_B01_SPC_AQUASPIRITUS_KAPPA_PERSONALITY_ID_001 | EVD_JRN_R04_B01_SPC_AQUASPIRITUS_KAPPA_TERRAIN_BROAD_001 | EVD_JRN_R04_B01_SPC_AQUASPIRITUS_KAPPA_TERRAIN_SPECIFIC_001
SPC_LOCUS_KAPRE,BRD_KAPRE,EXACT_TRADITION,EVD_JRN_R12_B01_SPC_LOCUS_KAPRE_PERSONALITY_ID_001 | EVD_JRN_R12_B01_SPC_LOCUS_KAPRE_TERRAIN_BROAD_001 | EVD_JRN_R12_B01_SPC_LOCUS_KAPRE_TERRAIN_SPECIFIC_001
SPC_NESTOR_NOTABILIS,BRD_KEA,EXACT_SPECIES,EVD_JRN_R19_B01_SPC_NESTOR_NOTABILIS_PERSONALITY_ID_001 | EVD_JRN_R19_B01_SPC_NESTOR_NOTABILIS_TERRAIN_BROAD_001 | EVD_JRN_R19_B01_SPC_NESTOR_NOTABILIS_TERRAIN_SPECIFIC_001
SPC_RAMPHASTOS_SULFURATUS,BRD_KEEL_BILLED_TOUCAN,EXACT_SPECIES,EVD_JRN_R22_B01_SPC_RAMPHASTOS_SULFURATUS_PERSONALITY_ID_001 | EVD_JRN_R22_B01_SPC_RAMPHASTOS_SULFURATUS_TERRAIN_BROAD_001 | EVD_JRN_R22_B01_SPC_RAMPHASTOS_SULFURATUS_TERRAIN_SPECIFIC_001
SPC_AQUASPIRITUS_KELPIE,BRD_KELPIE,EXACT_TRADITION,EVD_JRN_R04_B01_SPC_AQUASPIRITUS_KELPIE_PERSONALITY_ID_001 | EVD_JRN_R04_B01_SPC_AQUASPIRITUS_KELPIE_TERRAIN_BROAD_001 | EVD_JRN_R04_B01_SPC_AQUASPIRITUS_KELPIE_TERRAIN_SPECIFIC_001
SPC_ORCINUS_ORCA,BRD_KILLER_WHALE,EXACT_SPECIES,EVD_JRN_R01_B01_SPC_ORCINUS_ORCA_PERSONALITY_ID_001 | EVD_JRN_R01_B01_SPC_ORCINUS_ORCA_TERRAIN_BROAD_001 | EVD_JRN_R01_B01_SPC_ORCINUS_ORCA_TERRAIN_SPECIFIC_001
SPC_PTERIDOPHORA_ALBERTI,BRD_KING_OF_SAXONY_BIRD_OF_PARADISE,EXACT_SPECIES,EVD_JRN_R08_B01_SPC_PTERIDOPHORA_ALBERTI_PERSONALITY_ID_001 | EVD_JRN_R08_B01_SPC_PTERIDOPHORA_ALBERTI_TERRAIN_BROAD_001 | EVD_JRN_R08_B01_SPC_PTERIDOPHORA_ALBERTI_TERRAIN_SPECIFIC_001
SPC_APTENODYTES_PATAGONICUS,BRD_KING_PENGUIN,EXACT_SPECIES,EVD_JRN_R01_B01_SPC_APTENODYTES_PATAGONICUS_PERSONALITY_001 | EVD_JRN_R01_B01_SPC_APTENODYTES_PATAGONICUS_TERRAIN_BROAD_001 | EVD_JRN_R01_B01_SPC_APTENODYTES_PATAGONICUS_TERRAIN_SPECIFIC_001
SPC_SARCORAMPHUS_PAPA,BRD_KING_VULTURE,EXACT_SPECIES,EVD_JRN_R18_B01_SPC_SARCORAMPHUS_PAPA_PERSONALITY_ID_001 | EVD_JRN_R18_B01_SPC_SARCORAMPHUS_PAPA_TERRAIN_BROAD_001 | EVD_JRN_R18_B01_SPC_SARCORAMPHUS_PAPA_TERRAIN_SPECIFIC_001
SPC_POTOS_FLAVUS,BRD_KINKAJOU,EXACT_SPECIES,EVD_JRN_R02_B02_SPC_POTOS_FLAVUS_PERSONALITY_ID_001 | EVD_JRN_R02_B02_SPC_POTOS_FLAVUS_TERRAIN_BROAD_001 | EVD_JRN_R02_B02_SPC_POTOS_FLAVUS_TERRAIN_SPECIFIC_001
SPC_CHIMAERA_KINNARA,BRD_KINNARA,EXACT_TRADITION,EVD_JRN_R23_B01_SPC_CHIMAERA_KINNARA_PERSONALITY_ID_001 | EVD_JRN_R23_B01_SPC_CHIMAERA_KINNARA_TERRAIN_BROAD_001 | EVD_JRN_R23_B01_SPC_CHIMAERA_KINNARA_TERRAIN_SPECIFIC_001
SPC_TRIATOMA_INFESTANS,BRD_KISSING_BUG,EXACT_SPECIES,EVD_JRN_R25_B02_SPC_TRIATOMA_INFESTANS_PERSONALITY_ID_001 | EVD_JRN_R25_B02_SPC_TRIATOMA_INFESTANS_TERRAIN_BROAD_001 | EVD_JRN_R25_B02_SPC_TRIATOMA_INFESTANS_TERRAIN_SPECIFIC_001
SPC_HELOSTOMA_TEMMINCKII,BRD_KISSING_GOURAMI,EXACT_SPECIES,EVD_JRN_R14_B01_SPC_HELOSTOMA_TEMMINCKII_PERSONALITY_ID_001 | EVD_JRN_R14_B01_SPC_HELOSTOMA_TEMMINCKII_TERRAIN_BROAD_001 | EVD_JRN_R14_B01_SPC_HELOSTOMA_TEMMINCKII_TERRAIN_SPECIFIC_001
SPC_VERSIPELLIS_KITSUNE,BRD_KITSUNE,EXACT_TRADITION,EVD_JRN_R07_B01_SPC_VERSIPELLIS_KITSUNE_PERSONALITY_ID_001 | EVD_JRN_R07_B01_SPC_VERSIPELLIS_KITSUNE_TERRAIN_BROAD_001 | EVD_JRN_R07_B01_SPC_VERSIPELLIS_KITSUNE_TERRAIN_SPECIFIC_001
SPC_ANOLIS_EQUESTRIS,BRD_KNIGHT_ANOLE,EXACT_SPECIES,EVD_JRN_R24_B01_SPC_ANOLIS_EQUESTRIS_PERSONALITY_ID_001 | EVD_JRN_R24_B01_SPC_ANOLIS_EQUESTRIS_TERRAIN_BROAD_001 | EVD_JRN_R24_B01_SPC_ANOLIS_EQUESTRIS_TERRAIN_SPECIFIC_001
SPC_PHASCOLARCTOS_CINEREUS,BRD_KOALA,EXACT_SPECIES,EVD_JRN_R22_B01_SPC_PHASCOLARCTOS_CINEREUS_PERSONALITY_ID_001 | EVD_JRN_R22_B01_SPC_PHASCOLARCTOS_CINEREUS_TERRAIN_BROAD_001 | EVD_JRN_R22_B01_SPC_PHASCOLARCTOS_CINEREUS_TERRAIN_SPECIFIC_001
SPC_PARVULUS_KOBOLD,BRD_KOBOLD,EXACT_TRADITION,EVD_JRN_R03_B01_SPC_PARVULUS_KOBOLD_PERSONALITY_ID_001 | EVD_JRN_R03_B01_SPC_PARVULUS_KOBOLD_TERRAIN_BROAD_001 | EVD_JRN_R03_B01_SPC_PARVULUS_KOBOLD_TERRAIN_SPECIFIC_001
SPC_VARANUS_KOMODOENSIS,BRD_KOMODO_DRAGON,EXACT_SPECIES,EVD_JRN_R24_B01_SPC_VARANUS_KOMODOENSIS_PERSONALITY_ID_001 | EVD_JRN_R24_B01_SPC_VARANUS_KOMODOENSIS_TERRAIN_BROAD_001 | EVD_JRN_R24_B01_SPC_VARANUS_KOMODOENSIS_TERRAIN_SPECIFIC_001
SPC_ARDEOTIS_KORI,BRD_KORI_BUSTARD,EXACT_SPECIES,EVD_JRN_R17_B01_SPC_ARDEOTIS_KORI_PERSONALITY_ID_001 | EVD_JRN_R17_B01_SPC_ARDEOTIS_KORI_TERRAIN_BROAD_001 | EVD_JRN_R17_B01_SPC_ARDEOTIS_KORI_TERRAIN_SPECIFIC_001
SPC_DASYUROIDES_BYRNEI,BRD_KOWARI,EXACT_SPECIES,EVD_JRN_R22_B01_SPC_DASYUROIDES_BYRNEI_PERSONALITY_ID_001 | EVD_JRN_R22_B01_SPC_DASYUROIDES_BYRNEI_TERRAIN_BROAD_001 | EVD_JRN_R22_B01_SPC_DASYUROIDES_BYRNEI_TERRAIN_SPECIFIC_001
SPC_GEKKO_KUHLI,BRD_KUHL_S_FLYING_GECKO,EXACT_SPECIES,EVD_JRN_R24_B01_SPC_GEKKO_KUHLI_PERSONALITY_ID_001 | EVD_JRN_R24_B01_SPC_GEKKO_KUHLI_TERRAIN_BROAD_001 | EVD_JRN_R24_B01_SPC_GEKKO_KUHLI_TERRAIN_SPECIFIC_001
SPC_VERSIPELLIS_KUMIHO,BRD_KUMIHO,EXACT_TRADITION,EVD_JRN_R07_B01_SPC_VERSIPELLIS_KUMIHO_PERSONALITY_ID_001 | EVD_JRN_R07_B01_SPC_VERSIPELLIS_KUMIHO_TERRAIN_BROAD_001 | EVD_JRN_R07_B01_SPC_VERSIPELLIS_KUMIHO_TERRAIN_SPECIFIC_001
SPC_VERSIPELLIS_KUSHTAKA,BRD_KUSHTAKA,EXACT_TRADITION,EVD_JRN_R07_B01_SPC_VERSIPELLIS_KUSHTAKA_PERSONALITY_ID_001 | EVD_JRN_R07_B01_SPC_VERSIPELLIS_KUSHTAKA_TERRAIN_BROAD_001 | EVD_JRN_R07_B01_SPC_VERSIPELLIS_KUSHTAKA_TERRAIN_SPECIFIC_001
SPC_CHIMAERA_LAMIA,BRD_LAMIA,EXACT_TRADITION,EVD_JRN_R23_B01_SPC_CHIMAERA_LAMIA_PERSONALITY_ID_001 | EVD_JRN_R23_B01_SPC_CHIMAERA_LAMIA_TERRAIN_BROAD_001 | EVD_JRN_R23_B01_SPC_CHIMAERA_LAMIA_TERRAIN_SPECIFIC_001
SPC_HYLOBATES_LAR,BRD_LAR_GIBBON,EXACT_SPECIES,EVD_JRN_R15_B01_SPC_HYLOBATES_LAR_PERSONALITY_ID_001 | EVD_JRN_R15_B01_SPC_HYLOBATES_LAR_TERRAIN_BROAD_001 | EVD_JRN_R15_B01_SPC_HYLOBATES_LAR_TERRAIN_SPECIFIC_001
SPC_PTEROPUS_VAMPYRUS,BRD_LARGE_FLYING_FOX,EXACT_SPECIES,EVD_JRN_R20_B01_SPC_PTEROPUS_VAMPYRUS_PERSONALITY_ID_001 | EVD_JRN_R20_B01_SPC_PTEROPUS_VAMPYRUS_TERRAIN_BROAD_001 | EVD_JRN_R20_B01_SPC_PTEROPUS_VAMPYRUS_TERRAIN_SPECIFIC_001
SPC_ANABLEPS_ANABLEPS,BRD_LARGESCALE_FOUR_EYES,EXACT_SPECIES,EVD_JRN_R14_B01_SPC_ANABLEPS_ANABLEPS_PERSONALITY_ID_001 | EVD_JRN_R14_B01_SPC_ANABLEPS_ANABLEPS_TERRAIN_BROAD_001 | EVD_JRN_R14_B01_SPC_ANABLEPS_ANABLEPS_TERRAIN_SPECIFIC_001
SPC_PRISTIS_PRISTIS,BRD_LARGETOOTH_SAWFISH,EXACT_SPECIES,EVD_JRN_R12_B01_SPC_PRISTIS_PRISTIS_PERSONALITY_ID_001 | EVD_JRN_R12_B01_SPC_PRISTIS_PRISTIS_TERRAIN_BROAD_001 | EVD_JRN_R12_B01_SPC_PRISTIS_PRISTIS_TERRAIN_SPECIFIC_001
SPC_HERPETOTHERES_CACHINNANS,BRD_LAUGHING_FALCON,EXACT_SPECIES,EVD_JRN_R18_B01_SPC_HERPETOTHERES_CACHINNANS_PERSONALITY_ID_001 | EVD_JRN_R18_B01_SPC_HERPETOTHERES_CACHINNANS_TERRAIN_BROAD_001 | EVD_JRN_R18_B01_SPC_HERPETOTHERES_CACHINNANS_TERRAIN_SPECIFIC_001
SPC_DACELO_NOVAEGUINEAE,BRD_LAUGHING_KOOKABURRA,EXACT_SPECIES,EVD_JRN_R22_B01_SPC_DACELO_NOVAEGUINEAE_PERSONALITY_ID_001 | EVD_JRN_R22_B01_SPC_DACELO_NOVAEGUINEAE_TERRAIN_BROAD_001 | EVD_JRN_R22_B01_SPC_DACELO_NOVAEGUINEAE_TERRAIN_SPECIFIC_001
SPC_ATTA_CEPHALOTES,BRD_LEAFCUTTER_ANT,EXACT_SPECIES,EVD_JRN_R25_B01_SPC_ATTA_CEPHALOTES_PERSONALITY_ID_001 | EVD_JRN_R25_B01_SPC_ATTA_CEPHALOTES_TERRAIN_BROAD_001 | EVD_JRN_R25_B01_SPC_ATTA_CEPHALOTES_TERRAIN_SPECIFIC_001
SPC_TAENIANOTUS_TRIACANTHUS,BRD_LEAFY_SCORPIONFISH,EXACT_SPECIES,EVD_JRN_R14_B02_SPC_TAENIANOTUS_TRIACANTHUS_PERSONALITY_ID_001 | EVD_JRN_R14_B02_SPC_TAENIANOTUS_TRIACANTHUS_TERRAIN_BROAD_001 | EVD_JRN_R14_B02_SPC_TAENIANOTUS_TRIACANTHUS_TERRAIN_SPECIFIC_001
SPC_PHYCODURUS_EQUES,BRD_LEAFY_SEADRAGON,EXACT_SPECIES,EVD_JRN_R14_B01_SPC_PHYCODURUS_EQUES_PERSONALITY_ID_001 | EVD_JRN_R14_B01_SPC_PHYCODURUS_EQUES_TERRAIN_BROAD_001 | EVD_JRN_R14_B01_SPC_PHYCODURUS_EQUES_TERRAIN_SPECIFIC_001
SPC_MUSTELA_NIVALIS,BRD_LEAST_WEASEL,EXACT_SPECIES,EVD_JRN_R02_B01_SPC_MUSTELA_NIVALIS_PERSONALITY_ID_001 | EVD_JRN_R02_B01_SPC_MUSTELA_NIVALIS_TERRAIN_BROAD_001 | EVD_JRN_R02_B01_SPC_MUSTELA_NIVALIS_TERRAIN_SPECIFIC_001
SPC_DERMOCHELYS_CORIACEA,BRD_LEATHERBACK_SEA_TURTLE,EXACT_SPECIES,EVD_JRN_R04_B01_SPC_DERMOCHELYS_CORIACEA_PERSONALITY_ID_001 | EVD_JRN_R04_B01_SPC_DERMOCHELYS_CORIACEA_TERRAIN_BROAD_001 | EVD_JRN_R04_B01_SPC_DERMOCHELYS_CORIACEA_TERRAIN_SPECIFIC_001
SPC_PANTHERA_PARDUS,BRD_LEOPARD,EXACT_SPECIES,EVD_JRN_R02_B02_SPC_PANTHERA_PARDUS_PERSONALITY_ID_001 | EVD_JRN_R02_B02_SPC_PANTHERA_PARDUS_TERRAIN_BROAD_001 | EVD_JRN_R02_B02_SPC_PANTHERA_PARDUS_TERRAIN_SPECIFIC_001
SPC_HYDRURGA_LEPTONYX,BRD_LEOPARD_SEAL,EXACT_SPECIES,EVD_JRN_R02_B01_SPC_HYDRURGA_LEPTONYX_PERSONALITY_ID_001 | EVD_JRN_R02_B01_SPC_HYDRURGA_LEPTONYX_TERRAIN_BROAD_001 | EVD_JRN_R02_B01_SPC_HYDRURGA_LEPTONYX_TERRAIN_SPECIFIC_001
SPC_LIMAX_MAXIMUS,BRD_LEOPARD_SLUG,EXACT_SPECIES,EVD_JRN_R14_B01_SPC_LIMAX_MAXIMUS_PERSONALITY_ID_001 | EVD_JRN_R14_B01_SPC_LIMAX_MAXIMUS_TERRAIN_BROAD_001 | EVD_JRN_R14_B01_SPC_LIMAX_MAXIMUS_TERRAIN_SPECIFIC_001
SPC_PARVULUS_LEPRECHAUN,BRD_LEPRECHAUN,EXACT_TRADITION,EVD_JRN_R03_B01_SPC_PARVULUS_LEPRECHAUN_PERSONALITY_ID_001 | EVD_JRN_R03_B01_SPC_PARVULUS_LEPRECHAUN_TERRAIN_BROAD_001 | EVD_JRN_R03_B01_SPC_PARVULUS_LEPRECHAUN_TERRAIN_SPECIFIC_001
SPC_LOCUS_LESHY,BRD_LESHY,EXACT_TRADITION,EVD_JRN_R12_B01_SPC_LOCUS_LESHY_PERSONALITY_ID_001 | EVD_JRN_R12_B01_SPC_LOCUS_LESHY_TERRAIN_BROAD_001 | EVD_JRN_R12_B01_SPC_LOCUS_LESHY_TERRAIN_SPECIFIC_001
SPC_SPALAX_LEUCODON,BRD_LESSER_BLIND_MOLE_RAT,EXACT_SPECIES,EVD_JRN_R20_B01_SPC_SPALAX_LEUCODON_PERSONALITY_ID_001 | EVD_JRN_R20_B01_SPC_SPALAX_LEUCODON_TERRAIN_BROAD_001 | EVD_JRN_R20_B01_SPC_SPALAX_LEUCODON_TERRAIN_SPECIFIC_001
SPC_HYDROCHOERIS_ISTHMIUS,BRD_LESSER_CAPYBARA,EXACT_SPECIES,EVD_JRN_R20_B01_SPC_HYDROCHOERIS_ISTHMIUS_PERSONALITY_ID_001 | EVD_JRN_R20_B01_SPC_HYDROCHOERIS_ISTHMIUS_TERRAIN_BROAD_001 | EVD_JRN_R20_B01_SPC_HYDROCHOERIS_ISTHMIUS_TERRAIN_SPECIFIC_001
SPC_JACULUS_JACULUS,BRD_LESSER_EGYPTIAN_JERBOA,EXACT_SPECIES,EVD_JRN_R20_B01_SPC_JACULUS_JACULUS_PERSONALITY_ID_001 | EVD_JRN_R20_B01_SPC_JACULUS_JACULUS_TERRAIN_BROAD_001 | EVD_JRN_R20_B01_SPC_JACULUS_JACULUS_TERRAIN_SPECIFIC_001
SPC_PHOENICONAIAS_MINOR,BRD_LESSER_FLAMINGO,EXACT_SPECIES,EVD_JRN_R01_B02_SPC_PHOENICONAIAS_MINOR_PERSONALITY_ID_001 | EVD_JRN_R01_B02_SPC_PHOENICONAIAS_MINOR_TERRAIN_BROAD_001 | EVD_JRN_R01_B02_SPC_PHOENICONAIAS_MINOR_TERRAIN_SPECIFIC_001
SPC_HYLOMYS_SUILLUS,BRD_LESSER_GYMNURE,EXACT_SPECIES,EVD_JRN_R23_B01_SPC_HYLOMYS_SUILLUS_PERSONALITY_ID_001 | EVD_JRN_R23_B01_SPC_HYLOMYS_SUILLUS_TERRAIN_BROAD_001 | EVD_JRN_R23_B01_SPC_HYLOMYS_SUILLUS_TERRAIN_SPECIFIC_001
SPC_ECHINOPS_TELFAIRI,BRD_LESSER_HEDGEHOG_TENREC,EXACT_SPECIES,EVD_JRN_R11_B01_SPC_ECHINOPS_TELFAIRI_PERSONALITY_ID_001 | EVD_JRN_R11_B01_SPC_ECHINOPS_TELFAIRI_TERRAIN_BROAD_001 | EVD_JRN_R11_B01_SPC_ECHINOPS_TELFAIRI_TERRAIN_SPECIFIC_001
SPC_TRAGULUS_KANCHIL,BRD_LESSER_MOUSE_DEER,EXACT_SPECIES,EVD_JRN_R02_B02_SPC_TRAGULUS_KANCHIL_PERSONALITY_ID_001 | EVD_JRN_R02_B02_SPC_TRAGULUS_KANCHIL_TERRAIN_BROAD_001 | EVD_JRN_R02_B02_SPC_TRAGULUS_KANCHIL_TERRAIN_SPECIFIC_001
SPC_RHEA_PENNATA,BRD_LESSER_RHEA,EXACT_SPECIES,EVD_JRN_R17_B01_SPC_RHEA_PENNATA_PERSONALITY_ID_001 | EVD_JRN_R17_B01_SPC_RHEA_PENNATA_TERRAIN_BROAD_001 | EVD_JRN_R17_B01_SPC_RHEA_PENNATA_TERRAIN_SPECIFIC_001
SPC_REVIVUS_LICH,BRD_LICH,EXACT_TRADITION,EVD_JRN_R05_B01_SPC_REVIVUS_LICH_PERSONALITY_ID_001 | EVD_JRN_R05_B01_SPC_REVIVUS_LICH_TERRAIN_BROAD_001 | EVD_JRN_R05_B01_SPC_REVIVUS_LICH_TERRAIN_SPECIFIC_001
SPC_CORACIAS_CAUDATUS,BRD_LILAC_BREASTED_ROLLER,EXACT_SPECIES,EVD_JRN_R22_B01_SPC_CORACIAS_CAUDATUS_PERSONALITY_ID_001 | EVD_JRN_R22_B01_SPC_CORACIAS_CAUDATUS_TERRAIN_BROAD_001 | EVD_JRN_R22_B01_SPC_CORACIAS_CAUDATUS_TERRAIN_SPECIFIC_001
SPC_HIPPOCAMPUS_ERECTUS,BRD_LINED_SEAHORSE,EXACT_SPECIES,EVD_JRN_R14_B01_SPC_HIPPOCAMPUS_ERECTUS_PERSONALITY_ID_001 | EVD_JRN_R14_B01_SPC_HIPPOCAMPUS_ERECTUS_TERRAIN_BROAD_001 | EVD_JRN_R14_B01_SPC_HIPPOCAMPUS_ERECTUS_TERRAIN_SPECIFIC_001
SPC_CHOLOEPUS_DIDACTYLUS,BRD_LINNAEUS_S_TWO_TOED_SLOTH,EXACT_SPECIES,EVD_JRN_R23_B01_SPC_CHOLOEPUS_DIDACTYLUS_PERSONALITY_ID_001 | EVD_JRN_R23_B01_SPC_CHOLOEPUS_DIDACTYLUS_TERRAIN_BROAD_001 | EVD_JRN_R23_B01_SPC_CHOLOEPUS_DIDACTYLUS_TERRAIN_SPECIFIC_001
SPC_PANTHERA_LEO,BRD_LION,EXACT_SPECIES,EVD_JRN_R02_B02_SPC_PANTHERA_LEO_PERSONALITY_ID_001 | EVD_JRN_R02_B02_SPC_PANTHERA_LEO_TERRAIN_BROAD_001 | EVD_JRN_R02_B02_SPC_PANTHERA_LEO_TERRAIN_SPECIFIC_001
SPC_TETRAX_TETRAX,BRD_LITTLE_BUSTARD,EXACT_SPECIES,EVD_JRN_R17_B01_SPC_TETRAX_TETRAX_PERSONALITY_ID_001 | EVD_JRN_R17_B01_SPC_TETRAX_TETRAX_TERRAIN_BROAD_001 | EVD_JRN_R17_B01_SPC_TETRAX_TETRAX_TERRAIN_SPECIFIC_001
SPC_APTERYX_OWENII,BRD_LITTLE_SPOTTED_KIWI,EXACT_SPECIES,EVD_JRN_R17_B01_SPC_APTERYX_OWENII_PERSONALITY_ID_001 | EVD_JRN_R17_B01_SPC_APTERYX_OWENII_TERRAIN_BROAD_001 | EVD_JRN_R17_B01_SPC_APTERYX_OWENII_TERRAIN_SPECIFIC_001
SPC_ECHENEIS_NAUCRATES,BRD_LIVE_SHARKSUCKER,EXACT_SPECIES,EVD_JRN_R14_B01_SPC_ECHENEIS_NAUCRATES_PERSONALITY_ID_001 | EVD_JRN_R14_B01_SPC_ECHENEIS_NAUCRATES_TERRAIN_BROAD_001 | EVD_JRN_R14_B01_SPC_ECHENEIS_NAUCRATES_TERRAIN_SPECIFIC_001
SPC_AUTOMATON_LORICATUM,BRD_LIVING_ARMOR,EXACT_TRADITION,EVD_JRN_R24_B01_SPC_AUTOMATON_LORICATUM_PERSONALITY_ID_001 | EVD_JRN_R24_B01_SPC_AUTOMATON_LORICATUM_TERRAIN_BROAD_001 | EVD_JRN_R24_B01_SPC_AUTOMATON_LORICATUM_TERRAIN_SPECIFIC_001
SPC_LAMA_GLAMA,BRD_LLAMA,EXACT_SPECIES,EVD_JRN_R02_B01_SPC_LAMA_GLAMA_PERSONALITY_ID_001 | EVD_JRN_R02_B01_SPC_LAMA_GLAMA_TERRAIN_BROAD_001 | EVD_JRN_R02_B01_SPC_LAMA_GLAMA_TERRAIN_SPECIFIC_001
SPC_CARETTA_CARETTA,BRD_LOGGERHEAD_SEA_TURTLE,EXACT_SPECIES,EVD_JRN_R04_B01_SPC_CARETTA_CARETTA_PERSONALITY_ID_001 | EVD_JRN_R04_B01_SPC_CARETTA_CARETTA_TERRAIN_BROAD_001 | EVD_JRN_R04_B01_SPC_CARETTA_CARETTA_TERRAIN_SPECIFIC_001
SPC_LANIUS_LUDOVICIANUS,BRD_LOGGERHEAD_SHRIKE,EXACT_SPECIES,EVD_JRN_R08_B01_SPC_LANIUS_LUDOVICIANUS_PERSONALITY_ID_001 | EVD_JRN_R08_B01_SPC_LANIUS_LUDOVICIANUS_TERRAIN_BROAD_001 | EVD_JRN_R08_B01_SPC_LANIUS_LUDOVICIANUS_TERRAIN_SPECIFIC_001
SPC_HEMIECHINUS_AURITUS,BRD_LONG_EARED_HEDGEHOG,EXACT_SPECIES,EVD_JRN_R23_B01_SPC_HEMIECHINUS_AURITUS_PERSONALITY_ID_001 | EVD_JRN_R23_B01_SPC_HEMIECHINUS_AURITUS_TERRAIN_BROAD_001 | EVD_JRN_R23_B01_SPC_HEMIECHINUS_AURITUS_TERRAIN_SPECIFIC_001
SPC_EUCHOREUTES_NASO,BRD_LONG_EARED_JERBOA,EXACT_SPECIES,EVD_JRN_R20_B01_SPC_EUCHOREUTES_NASO_PERSONALITY_ID_001 | EVD_JRN_R20_B01_SPC_EUCHOREUTES_NASO_TERRAIN_BROAD_001 | EVD_JRN_R20_B01_SPC_EUCHOREUTES_NASO_TERRAIN_SPECIFIC_001
SPC_GLOBICEPHALA_MELAS,BRD_LONG_FINNED_PILOT_WHALE,EXACT_SPECIES,EVD_JRN_R01_B01_SPC_GLOBICEPHALA_MELAS_PERSONALITY_ID_001 | EVD_JRN_R01_B01_SPC_GLOBICEPHALA_MELAS_TERRAIN_BROAD_001 | EVD_JRN_R01_B01_SPC_GLOBICEPHALA_MELAS_TERRAIN_SPECIFIC_001
SPC_DIODON_HOLOCANTHUS,BRD_LONG_SPINE_PORCUPINEFISH,EXACT_SPECIES,EVD_JRN_R14_B01_SPC_DIODON_HOLOCANTHUS_PERSONALITY_ID_001 | EVD_JRN_R14_B01_SPC_DIODON_HOLOCANTHUS_TERRAIN_BROAD_001 | EVD_JRN_R14_B01_SPC_DIODON_HOLOCANTHUS_TERRAIN_SPECIFIC_001
SPC_CHINCHILLA_LANIGERA,BRD_LONG_TAILED_CHINCHILLA,EXACT_SPECIES,EVD_JRN_R20_B01_SPC_CHINCHILLA_LANIGERA_PERSONALITY_ID_001 | EVD_JRN_R20_B01_SPC_CHINCHILLA_LANIGERA_TERRAIN_BROAD_001 | EVD_JRN_R20_B01_SPC_CHINCHILLA_LANIGERA_TERRAIN_SPECIFIC_001
SPC_MANIS_TETRADACTYLA,BRD_LONG_TAILED_PANGOLIN,EXACT_SPECIES,EVD_JRN_R23_B01_SPC_MANIS_TETRADACTYLA_PERSONALITY_ID_001 | EVD_JRN_R23_B01_SPC_MANIS_TETRADACTYLA_TERRAIN_BROAD_001 | EVD_JRN_R23_B01_SPC_MANIS_TETRADACTYLA_TERRAIN_SPECIFIC_001
SPC_LACTORIA_CORNUTA,BRD_LONGHORN_COWFISH,EXACT_SPECIES,EVD_JRN_R14_B01_SPC_LACTORIA_CORNUTA_PERSONALITY_ID_001 | EVD_JRN_R14_B01_SPC_LACTORIA_CORNUTA_TERRAIN_BROAD_001 | EVD_JRN_R14_B01_SPC_LACTORIA_CORNUTA_TERRAIN_SPECIFIC_001
SPC_HARRIOTTA_RALEIGHANA,BRD_LONGNOSE_CHIMAERA,EXACT_SPECIES,EVD_JRN_R12_B01_SPC_HARRIOTTA_RALEIGHANA_PERSONALITY_ID_001 | EVD_JRN_R12_B01_SPC_HARRIOTTA_RALEIGHANA_TERRAIN_BROAD_001 | EVD_JRN_R12_B01_SPC_HARRIOTTA_RALEIGHANA_TERRAIN_SPECIFIC_001
SPC_CUNICULUS_PACA,BRD_LOWLAND_PACA,EXACT_SPECIES,EVD_JRN_R20_B01_SPC_CUNICULUS_PACA_PERSONALITY_ID_001 | EVD_JRN_R20_B01_SPC_CUNICULUS_PACA_TERRAIN_BROAD_001 | EVD_JRN_R20_B01_SPC_CUNICULUS_PACA_TERRAIN_SPECIFIC_001
SPC_HEMICENTETES_SEMISPINOSUS,BRD_LOWLAND_STREAKED_TENREC,EXACT_SPECIES,EVD_JRN_R11_B01_SPC_HEMICENTETES_SEMISPINOSUS_PERSONALITY_ID_001 | EVD_JRN_R11_B01_SPC_HEMICENTETES_SEMISPINOSUS_TERRAIN_BROAD_001 | EVD_JRN_R11_B01_SPC_HEMICENTETES_SEMISPINOSUS_TERRAIN_SPECIFIC_001
SPC_TAPIRUS_TERRESTRIS,BRD_LOWLAND_TAPIR,EXACT_SPECIES,EVD_JRN_R18_B01_SPC_TAPIRUS_TERRESTRIS_PERSONALITY_ID_001 | EVD_JRN_R18_B01_SPC_TAPIRUS_TERRESTRIS_TERRAIN_BROAD_001 | EVD_JRN_R18_B01_SPC_TAPIRUS_TERRESTRIS_TERRAIN_SPECIFIC_001
SPC_ACTIAS_LUNA,BRD_LUNA_MOTH,EXACT_SPECIES,EVD_JRN_R25_B01_SPC_ACTIAS_LUNA_PERSONALITY_ID_001 | EVD_JRN_R25_B01_SPC_ACTIAS_LUNA_TERRAIN_BROAD_001 | EVD_JRN_R25_B01_SPC_ACTIAS_LUNA_TERRAIN_SPECIFIC_001
SPC_MACROPODUS_SPECHTI,BRD_MACROPODUS_SPECHTI_PARADISE_FISH,EXACT_SPECIES,EVD_JRN_R14_B01_SPC_MACROPODUS_SPECHTI_PERSONALITY_ID_001 | EVD_JRN_R14_B01_SPC_MACROPODUS_SPECHTI_TERRAIN_BROAD_001 | EVD_JRN_R14_B01_SPC_MACROPODUS_SPECHTI_TERRAIN_SPECIFIC_001
SPC_GROMPHADORHINA_PORTENTOSA,BRD_MADAGASCAR_HISSING_COCKROACH,EXACT_SPECIES,EVD_JRN_R25_B01_SPC_GROMPHADORHINA_PORTENTOSA_PERSONALITY_ID_001 | EVD_JRN_R25_B01_SPC_GROMPHADORHINA_PORTENTOSA_TERRAIN_BROAD_001 | EVD_JRN_R25_B01_SPC_GROMPHADORHINA_PORTENTOSA_TERRAIN_SPECIFIC_001
SPC_MICROCEBUS_BERTHAE,BRD_MADAME_BERTHE_S_MOUSE_LEMUR,EXACT_SPECIES,EVD_JRN_R15_B01_SPC_MICROCEBUS_BERTHAE_PERSONALITY_ID_001 | EVD_JRN_R15_B01_SPC_MICROCEBUS_BERTHAE_TERRAIN_BROAD_001 | EVD_JRN_R15_B01_SPC_MICROCEBUS_BERTHAE_TERRAIN_SPECIFIC_001
SPC_FREGATA_MAGNIFICENS,BRD_MAGNIFICENT_FRIGATEBIRD,EXACT_SPECIES,EVD_JRN_R01_B01_SPC_FREGATA_MAGNIFICENS_PERSONALITY_ID_001 | EVD_JRN_R01_B01_SPC_FREGATA_MAGNIFICENS_TERRAIN_BROAD_001 | EVD_JRN_R01_B01_SPC_FREGATA_MAGNIFICENS_TERRAIN_SPECIFIC_001
SPC_CORVINELLA_MELANOLEUCA,BRD_MAGPIE_SHRIKE,EXACT_SPECIES,EVD_JRN_R08_B01_SPC_CORVINELLA_MELANOLEUCA_PERSONALITY_ID_001 | EVD_JRN_R08_B01_SPC_CORVINELLA_MELANOLEUCA_TERRAIN_BROAD_001 | EVD_JRN_R08_B01_SPC_CORVINELLA_MELANOLEUCA_TERRAIN_SPECIFIC_001
SPC_PETAURUS_GRACILIS,BRD_MAHOGANY_GLIDER,EXACT_SPECIES,EVD_JRN_R22_B01_SPC_PETAURUS_GRACILIS_PERSONALITY_ID_001 | EVD_JRN_R22_B01_SPC_PETAURUS_GRACILIS_TERRAIN_BROAD_001 | EVD_JRN_R22_B01_SPC_PETAURUS_GRACILIS_TERRAIN_SPECIFIC_001
SPC_CACATUA_LEADBEATERI,BRD_MAJOR_MITCHELL_S_COCKATOO,EXACT_SPECIES,EVD_JRN_R19_B01_SPC_CACATUA_LEADBEATERI_PERSONALITY_ID_001 | EVD_JRN_R19_B01_SPC_CACATUA_LEADBEATERI_TERRAIN_BROAD_001 | EVD_JRN_R19_B01_SPC_CACATUA_LEADBEATERI_TERRAIN_SPECIFIC_001
SPC_TAPIRUS_INDICUS,BRD_MALAYAN_TAPIR,EXACT_SPECIES,EVD_JRN_R18_B01_SPC_TAPIRUS_INDICUS_PERSONALITY_ID_001 | EVD_JRN_R18_B01_SPC_TAPIRUS_INDICUS_TERRAIN_BROAD_001 | EVD_JRN_R18_B01_SPC_TAPIRUS_INDICUS_TERRAIN_SPECIFIC_001
SPC_MACROCEPHALON_MALEO,BRD_MALEO,EXACT_SPECIES,EVD_JRN_R17_B01_SPC_MACROCEPHALON_MALEO_PERSONALITY_ID_001 | EVD_JRN_R17_B01_SPC_MACROCEPHALON_MALEO_TERRAIN_BROAD_001 | EVD_JRN_R17_B01_SPC_MACROCEPHALON_MALEO_TERRAIN_SPECIFIC_001
SPC_ANAS_PLATYRHYNCHOS,BRD_MALLARD,EXACT_SPECIES,EVD_JRN_R01_B01_SPC_ANAS_PLATYRHYNCHOS_PERSONALITY_ID_001 | EVD_JRN_R01_B01_SPC_ANAS_PLATYRHYNCHOS_TERRAIN_BROAD_001 | EVD_JRN_R01_B01_SPC_ANAS_PLATYRHYNCHOS_TERRAIN_SPECIFIC_001
SPC_LEIPOA_OCELLATA,BRD_MALLEEFOWL,EXACT_SPECIES,EVD_JRN_R17_B01_SPC_LEIPOA_OCELLATA_PERSONALITY_ID_001 | EVD_JRN_R17_B01_SPC_LEIPOA_OCELLATA_TERRAIN_BROAD_001 | EVD_JRN_R17_B01_SPC_LEIPOA_OCELLATA_TERRAIN_SPECIFIC_001
SPC_AIX_GALERICULATA,BRD_MANDARIN_DUCK,EXACT_SPECIES,EVD_JRN_R01_B01_SPC_AIX_GALERICULATA_PERSONALITY_ID_001 | EVD_JRN_R01_B01_SPC_AIX_GALERICULATA_TERRAIN_BROAD_001 | EVD_JRN_R01_B01_SPC_AIX_GALERICULATA_TERRAIN_SPECIFIC_001
SPC_MANDRILLUS_SPHINX,BRD_MANDRILL,EXACT_SPECIES,EVD_JRN_R15_B01_SPC_MANDRILLUS_SPHINX_PERSONALITY_ID_001 | EVD_JRN_R15_B01_SPC_MANDRILLUS_SPHINX_TERRAIN_BROAD_001 | EVD_JRN_R15_B01_SPC_MANDRILLUS_SPHINX_TERRAIN_SPECIFIC_001
SPC_CHRYSOCYON_BRACHYURUS,BRD_MANED_WOLF,EXACT_SPECIES,EVD_JRN_R02_B01_SPC_CHRYSOCYON_BRACHYURUS_PERSONALITY_ID_001 | EVD_JRN_R02_B01_SPC_CHRYSOCYON_BRACHYURUS_TERRAIN_BROAD_001 | EVD_JRN_R02_B01_SPC_CHRYSOCYON_BRACHYURUS_TERRAIN_SPECIFIC_001
SPC_KRYPTOLEBIAS_MARMORATUS,BRD_MANGROVE_RIVULUS,EXACT_SPECIES,EVD_JRN_R14_B01_SPC_KRYPTOLEBIAS_MARMORATUS_PERSONALITY_ID_001 | EVD_JRN_R14_B01_SPC_KRYPTOLEBIAS_MARMORATUS_TERRAIN_BROAD_001 | EVD_JRN_R14_B01_SPC_KRYPTOLEBIAS_MARMORATUS_TERRAIN_SPECIFIC_001
SPC_COLOBUS_GUEREZA,BRD_MANTLED_GUEREZA,EXACT_SPECIES,EVD_JRN_R15_B01_SPC_COLOBUS_GUEREZA_PERSONALITY_ID_001 | EVD_JRN_R15_B01_SPC_COLOBUS_GUEREZA_TERRAIN_BROAD_001 | EVD_JRN_R15_B01_SPC_COLOBUS_GUEREZA_TERRAIN_SPECIFIC_001
SPC_ALOUATTA_PALLIATA,BRD_MANTLED_HOWLER_MONKEY,EXACT_SPECIES,EVD_JRN_R15_B01_SPC_ALOUATTA_PALLIATA_PERSONALITY_ID_001 | EVD_JRN_R15_B01_SPC_ALOUATTA_PALLIATA_TERRAIN_BROAD_001 | EVD_JRN_R15_B01_SPC_ALOUATTA_PALLIATA_TERRAIN_SPECIFIC_001
SPC_CHIMAERA_MAPINGUARI,BRD_MAPINGUARI,EXACT_TRADITION,EVD_JRN_R23_B01_SPC_CHIMAERA_MAPINGUARI_PERSONALITY_ID_001 | EVD_JRN_R23_B01_SPC_CHIMAERA_MAPINGUARI_TERRAIN_BROAD_001 | EVD_JRN_R23_B01_SPC_CHIMAERA_MAPINGUARI_TERRAIN_SPECIFIC_001
SPC_LEPTOPTILOS_CRUMENIFER,BRD_MARABOU_STORK,EXACT_SPECIES,EVD_JRN_R01_B01_SPC_LEPTOPTILOS_CRUMENIFER_PERSONALITY_ID_001 | EVD_JRN_R01_B01_SPC_LEPTOPTILOS_CRUMENIFER_TERRAIN_BROAD_001 | EVD_JRN_R01_B01_SPC_LEPTOPTILOS_CRUMENIFER_TERRAIN_SPECIFIC_001
SPC_AMBYSTOMA_OPACUM,BRD_MARBLED_SALAMANDER,EXACT_SPECIES,EVD_JRN_R13_B01_SPC_AMBYSTOMA_OPACUM_PERSONALITY_ID_001 | EVD_JRN_R13_B01_SPC_AMBYSTOMA_OPACUM_TERRAIN_BROAD_001 | EVD_JRN_R13_B01_SPC_AMBYSTOMA_OPACUM_TERRAIN_SPECIFIC_001
SPC_AMBLYRHYNCHUS_CRISTATUS,BRD_MARINE_IGUANA,EXACT_SPECIES,EVD_JRN_R24_B01_SPC_AMBLYRHYNCHUS_CRISTATUS_PERSONALITY_ID_001 | EVD_JRN_R24_B01_SPC_AMBLYRHYNCHUS_CRISTATUS_TERRAIN_BROAD_001 | EVD_JRN_R24_B01_SPC_AMBLYRHYNCHUS_CRISTATUS_TERRAIN_SPECIFIC_001
SPC_CAPRA_FALCONERI,BRD_MARKHOR,EXACT_SPECIES,EVD_JRN_R02_B01_SPC_CAPRA_FALCONERI_PERSONALITY_ID_001 | EVD_JRN_R02_B01_SPC_CAPRA_FALCONERI_TERRAIN_BROAD_001 | EVD_JRN_R02_B01_SPC_CAPRA_FALCONERI_TERRAIN_SPECIFIC_001
SPC_EPISYRPHUS_BALTEATUS,BRD_MARMALADE_HOVERFLY,EXACT_SPECIES,EVD_JRN_R25_B01_SPC_EPISYRPHUS_BALTEATUS_PERSONALITY_ID_001 | EVD_JRN_R25_B01_SPC_EPISYRPHUS_BALTEATUS_TERRAIN_BROAD_001 | EVD_JRN_R25_B01_SPC_EPISYRPHUS_BALTEATUS_TERRAIN_SPECIFIC_001
SPC_PREMNAS_BIACULEATUS,BRD_MAROON_CLOWNFISH,EXACT_SPECIES,EVD_JRN_R14_B01_SPC_PREMNAS_BIACULEATUS_PERSONALITY_ID_001 | EVD_JRN_R14_B01_SPC_PREMNAS_BIACULEATUS_TERRAIN_BROAD_001 | EVD_JRN_R14_B01_SPC_PREMNAS_BIACULEATUS_TERRAIN_SPECIFIC_001
SPC_GIRAFFA_TIPPELSKIRCHI,BRD_MASAI_GIRAFFE,EXACT_SPECIES,EVD_JRN_R02_B01_SPC_GIRAFFA_TIPPELSKIRCHI_PERSONALITY_ID_001 | EVD_JRN_R02_B01_SPC_GIRAFFA_TIPPELSKIRCHI_TERRAIN_BROAD_001 | EVD_JRN_R02_B01_SPC_GIRAFFA_TIPPELSKIRCHI_TERRAIN_SPECIFIC_001
SPC_CHELUS_FIMBRIATA,BRD_MATA_MATA,EXACT_SPECIES,EVD_JRN_R04_B01_SPC_CHELUS_FIMBRIATA_PERSONALITY_ID_001 | EVD_JRN_R04_B01_SPC_CHELUS_FIMBRIATA_TERRAIN_BROAD_001 | EVD_JRN_R04_B01_SPC_CHELUS_FIMBRIATA_TERRAIN_SPECIFIC_001
SPC_DENDROLAGUS_MATSCHIEI,BRD_MATSCHIE_S_TREE_KANGAROO,EXACT_SPECIES,EVD_JRN_R22_B01_SPC_DENDROLAGUS_MATSCHIEI_PERSONALITY_ID_001 | EVD_JRN_R22_B01_SPC_DENDROLAGUS_MATSCHIEI_TERRAIN_BROAD_001 | EVD_JRN_R22_B01_SPC_DENDROLAGUS_MATSCHIEI_TERRAIN_SPECIFIC_001
SPC_TETRAODON_MBU,BRD_MBU_PUFFERFISH,EXACT_SPECIES,EVD_JRN_R14_B02_SPC_TETRAODON_MBU_PERSONALITY_ID_001 | EVD_JRN_R14_B02_SPC_TETRAODON_MBU_TERRAIN_BROAD_001 | EVD_JRN_R14_B02_SPC_TETRAODON_MBU_TERRAIN_SPECIFIC_001
SPC_ZAPUS_HUDSONIUS,BRD_MEADOW_JUMPING_MOUSE,EXACT_SPECIES,EVD_JRN_R20_B01_SPC_ZAPUS_HUDSONIUS_PERSONALITY_ID_001 | EVD_JRN_R20_B01_SPC_ZAPUS_HUDSONIUS_TERRAIN_BROAD_001 | EVD_JRN_R20_B01_SPC_ZAPUS_HUDSONIUS_TERRAIN_SPECIFIC_001
SPC_ANTHUS_PRATENSIS,BRD_MEADOW_PIPIT,EXACT_SPECIES,EVD_JRN_R08_B01_SPC_ANTHUS_PRATENSIS_PERSONALITY_ID_001 | EVD_JRN_R08_B01_SPC_ANTHUS_PRATENSIS_TERRAIN_BROAD_001 | EVD_JRN_R08_B01_SPC_ANTHUS_PRATENSIS_TERRAIN_SPECIFIC_001
SPC_CTENIZA_SAUVAGESI,BRD_MEDITERRANEAN_TRAPDOOR_SPIDER,EXACT_SPECIES,EVD_JRN_R25_B01_SPC_CTENIZA_SAUVAGESI_PERSONALITY_ID_001 | EVD_JRN_R25_B01_SPC_CTENIZA_SAUVAGESI_TERRAIN_BROAD_001 | EVD_JRN_R25_B01_SPC_CTENIZA_SAUVAGESI_TERRAIN_SPECIFIC_001
SPC_SURICATA_SURICATTA,BRD_MEERKAT,EXACT_SPECIES,EVD_JRN_R02_B02_SPC_SURICATA_SURICATTA_PERSONALITY_ID_001 | EVD_JRN_R02_B02_SPC_SURICATA_SURICATTA_TERRAIN_BROAD_001 | EVD_JRN_R02_B02_SPC_SURICATA_SURICATTA_TERRAIN_SPECIFIC_001
SPC_PARVULUS_MENEHUNE,BRD_MENEHUNE,EXACT_TRADITION,EVD_JRN_R03_B01_SPC_PARVULUS_MENEHUNE_PERSONALITY_ID_001 | EVD_JRN_R03_B01_SPC_PARVULUS_MENEHUNE_TERRAIN_BROAD_001 | EVD_JRN_R03_B01_SPC_PARVULUS_MENEHUNE_TERRAIN_SPECIFIC_001
SPC_PELAGICUS_SAPIENS,BRD_MERFOLK,EXACT_TRADITION,EVD_JRN_R12_B01_SPC_PELAGICUS_SAPIENS_PERSONALITY_ID_001 | EVD_JRN_R12_B01_SPC_PELAGICUS_SAPIENS_TERRAIN_BROAD_001 | EVD_JRN_R12_B01_SPC_PELAGICUS_SAPIENS_TERRAIN_SPECIFIC_001
SPC_HELODERMA_HORRIDUM,BRD_MEXICAN_BEADED_LIZARD,EXACT_SPECIES,EVD_JRN_R24_B01_SPC_HELODERMA_HORRIDUM_PERSONALITY_ID_001 | EVD_JRN_R24_B01_SPC_HELODERMA_HORRIDUM_TERRAIN_BROAD_001 | EVD_JRN_R24_B01_SPC_HELODERMA_HORRIDUM_TERRAIN_SPECIFIC_001
SPC_MYRMECOCYSTUS_MEXICANUS,BRD_MEXICAN_HONEYPOT_ANT,EXACT_SPECIES,EVD_JRN_R25_B02_SPC_MYRMECOCYSTUS_MEXICANUS_PERSONALITY_ID_001 | EVD_JRN_R25_B02_SPC_MYRMECOCYSTUS_MEXICANUS_TERRAIN_BROAD_001 | EVD_JRN_R25_B02_SPC_MYRMECOCYSTUS_MEXICANUS_TERRAIN_SPECIFIC_001
SPC_BIPES_BIPORUS,BRD_MEXICAN_MOLE_LIZARD,EXACT_SPECIES,EVD_JRN_R24_B01_SPC_BIPES_BIPORUS_PERSONALITY_ID_001 | EVD_JRN_R24_B01_SPC_BIPES_BIPORUS_TERRAIN_BROAD_001 | EVD_JRN_R24_B01_SPC_BIPES_BIPORUS_TERRAIN_SPECIFIC_001
SPC_MEGAPODIUS_LAPEROUSE,BRD_MICRONESIAN_MEGAPODE,EXACT_SPECIES,EVD_JRN_R17_B01_SPC_MEGAPODIUS_LAPEROUSE_PERSONALITY_ID_001 | EVD_JRN_R17_B01_SPC_MEGAPODIUS_LAPEROUSE_TERRAIN_BROAD_001 | EVD_JRN_R17_B01_SPC_MEGAPODIUS_LAPEROUSE_TERRAIN_SPECIFIC_001
SPC_LOCUS_MIMISPIRIT,BRD_MIMI_SPIRIT,EXACT_TRADITION,EVD_JRN_R12_B01_SPC_LOCUS_MIMISPIRIT_PERSONALITY_ID_001 | EVD_JRN_R12_B01_SPC_LOCUS_MIMISPIRIT_TERRAIN_BROAD_001 | EVD_JRN_R12_B01_SPC_LOCUS_MIMISPIRIT_TERRAIN_SPECIFIC_001
SPC_THAUMOCTOPUS_MIMICUS,BRD_MIMIC_OCTOPUS,EXACT_SPECIES,EVD_JRN_R14_B02_SPC_THAUMOCTOPUS_MIMICUS_PERSONALITY_ID_001 | EVD_JRN_R14_B02_SPC_THAUMOCTOPUS_MIMICUS_TERRAIN_BROAD_001 | EVD_JRN_R14_B02_SPC_THAUMOCTOPUS_MIMICUS_TERRAIN_SPECIFIC_001
SPC_CHIMAERA_MINOTAUR,BRD_MINOTAUR,EXACT_TRADITION,EVD_JRN_R23_B01_SPC_CHIMAERA_MINOTAUR_PERSONALITY_ID_001 | EVD_JRN_R23_B01_SPC_CHIMAERA_MINOTAUR_TERRAIN_BROAD_001 | EVD_JRN_R23_B01_SPC_CHIMAERA_MINOTAUR_TERRAIN_SPECIFIC_001
SPC_LOCUS_MMOATIA,BRD_MMOATIA,EXACT_TRADITION,EVD_JRN_R12_B01_SPC_LOCUS_MMOATIA_PERSONALITY_ID_001 | EVD_JRN_R12_B01_SPC_LOCUS_MMOATIA_TERRAIN_BROAD_001 | EVD_JRN_R12_B01_SPC_LOCUS_MMOATIA_TERRAIN_SPECIFIC_001
SPC_DRACO_MOO,BRD_MO_O,EXACT_TRADITION,EVD_JRN_R16_B01_SPC_DRACO_MOO_PERSONALITY_ID_001 | EVD_JRN_R16_B01_SPC_DRACO_MOO_TERRAIN_BROAD_001 | EVD_JRN_R16_B01_SPC_DRACO_MOO_TERRAIN_SPECIFIC_001
SPC_DANAUS_PLEXIPPUS,BRD_MONARCH_BUTTERFLY,EXACT_SPECIES,EVD_JRN_R25_B01_SPC_DANAUS_PLEXIPPUS_PERSONALITY_ID_001 | EVD_JRN_R25_B01_SPC_DANAUS_PLEXIPPUS_TERRAIN_BROAD_001 | EVD_JRN_R25_B01_SPC_DANAUS_PLEXIPPUS_TERRAIN_SPECIFIC_001
SPC_MERIONES_UNGUICULATUS,BRD_MONGOLIAN_GERBIL,EXACT_SPECIES,EVD_JRN_R20_B01_SPC_MERIONES_UNGUICULATUS_PERSONALITY_ID_001 | EVD_JRN_R20_B01_SPC_MERIONES_UNGUICULATUS_TERRAIN_BROAD_001 | EVD_JRN_R20_B01_SPC_MERIONES_UNGUICULATUS_TERRAIN_SPECIFIC_001
SPC_CAVIA_TSCHUDII,BRD_MONTANE_GUINEA_PIG,EXACT_SPECIES,EVD_JRN_R20_B01_SPC_CAVIA_TSCHUDII_PERSONALITY_ID_001 | EVD_JRN_R20_B01_SPC_CAVIA_TSCHUDII_TERRAIN_BROAD_001 | EVD_JRN_R20_B01_SPC_CAVIA_TSCHUDII_TERRAIN_SPECIFIC_001
SPC_ECHINOSOREX_GYMNURA,BRD_MOONRAT,EXACT_SPECIES,EVD_JRN_R23_B01_SPC_ECHINOSOREX_GYMNURA_PERSONALITY_ID_001 | EVD_JRN_R23_B01_SPC_ECHINOSOREX_GYMNURA_TERRAIN_BROAD_001 | EVD_JRN_R23_B01_SPC_ECHINOSOREX_GYMNURA_TERRAIN_SPECIFIC_001
SPC_ALCES_ALCES,BRD_MOOSE,EXACT_SPECIES,EVD_JRN_R02_B01_SPC_ALCES_ALCES_PERSONALITY_ID_001 | EVD_JRN_R02_B01_SPC_ALCES_ALCES_TERRAIN_BROAD_001 | EVD_JRN_R02_B01_SPC_ALCES_ALCES_TERRAIN_SPECIFIC_001
SPC_TAPIRUS_PINCHAQUE,BRD_MOUNTAIN_TAPIR,EXACT_SPECIES,EVD_JRN_R18_B01_SPC_TAPIRUS_PINCHAQUE_PERSONALITY_ID_001 | EVD_JRN_R18_B01_SPC_TAPIRUS_PINCHAQUE_TERRAIN_BROAD_001 | EVD_JRN_R18_B01_SPC_TAPIRUS_PINCHAQUE_TERRAIN_SPECIFIC_001
SPC_ZENAIDA_MACROURA,BRD_MOURNING_DOVE,EXACT_SPECIES,EVD_JRN_R17_B01_SPC_ZENAIDA_MACROURA_PERSONALITY_ID_001 | EVD_JRN_R17_B01_SPC_ZENAIDA_MACROURA_TERRAIN_BROAD_001 | EVD_JRN_R17_B01_SPC_ZENAIDA_MACROURA_TERRAIN_SPECIFIC_001
SPC_CROCODYLUS_PALUSTRIS,BRD_MUGGER_CROCODILE,EXACT_SPECIES,EVD_JRN_R04_B01_SPC_CROCODYLUS_PALUSTRIS_PERSONALITY_ID_001 | EVD_JRN_R04_B01_SPC_CROCODYLUS_PALUSTRIS_TERRAIN_BROAD_001 | EVD_JRN_R04_B01_SPC_CROCODYLUS_PALUSTRIS_TERRAIN_SPECIFIC_001
SPC_REVIVUS_MUMMY,BRD_MUMMY,EXACT_TRADITION,EVD_JRN_R05_B01_SPC_REVIVUS_MUMMY_PERSONALITY_ID_001 | EVD_JRN_R05_B01_SPC_REVIVUS_MUMMY_TERRAIN_BROAD_001 | EVD_JRN_R05_B01_SPC_REVIVUS_MUMMY_TERRAIN_SPECIFIC_001
SPC_BIZIURA_LOBATA,BRD_MUSK_DUCK,EXACT_SPECIES,EVD_JRN_R01_B01_SPC_BIZIURA_LOBATA_PERSONALITY_001 | EVD_JRN_R01_B01_SPC_BIZIURA_LOBATA_TERRAIN_BROAD_001 | EVD_JRN_R01_B01_SPC_BIZIURA_LOBATA_TERRAIN_SPECIFIC_001
SPC_OVIBOS_MOSCHATUS,BRD_MUSKOX,EXACT_SPECIES,EVD_JRN_R02_B01_SPC_OVIBOS_MOSCHATUS_PERSONALITY_ID_001 | EVD_JRN_R02_B01_SPC_OVIBOS_MOSCHATUS_TERRAIN_BROAD_001 | EVD_JRN_R02_B01_SPC_OVIBOS_MOSCHATUS_TERRAIN_SPECIFIC_001
SPC_CYGNUS_OLOR,BRD_MUTE_SWAN,EXACT_SPECIES,EVD_JRN_R01_B01_SPC_CYGNUS_OLOR_PERSONALITY_ID_001 | EVD_JRN_R01_B01_SPC_CYGNUS_OLOR_TERRAIN_BROAD_001 | EVD_JRN_R01_B01_SPC_CYGNUS_OLOR_TERRAIN_SPECIFIC_001
SPC_MYRMECOBIUS_FASCIATUS,BRD_MYRMECOBIUS_FASCIATUS_NUMBAT,EXACT_SPECIES,EVD_JRN_R22_B01_SPC_MYRMECOBIUS_FASCIATUS_PERSONALITY_ID_001 | EVD_JRN_R22_B01_SPC_MYRMECOBIUS_FASCIATUS_TERRAIN_BROAD_001 | EVD_JRN_R22_B01_SPC_MYRMECOBIUS_FASCIATUS_TERRAIN_SPECIFIC_001
SPC_DRACO_NAGA,BRD_NAGA_NAGA,EXACT_TRADITION,EVD_JRN_R16_B01_SPC_DRACO_NAGA_PERSONALITY_ID_001 | EVD_JRN_R16_B01_SPC_DRACO_NAGA_TERRAIN_BROAD_001 | EVD_JRN_R16_B01_SPC_DRACO_NAGA_TERRAIN_SPECIFIC_001
SPC_DRACO_NAGA,BRD_NAGA_NAGINI,EXACT_TRADITION,EVD_JRN_R16_B01_SPC_DRACO_NAGA_PERSONALITY_ID_001 | EVD_JRN_R16_B01_SPC_DRACO_NAGA_TERRAIN_BROAD_001 | EVD_JRN_R16_B01_SPC_DRACO_NAGA_TERRAIN_SPECIFIC_001
SPC_AQUASPIRITUS_NAIAD,BRD_NAIAD,EXACT_TRADITION,EVD_JRN_R04_B01_SPC_AQUASPIRITUS_NAIAD_PERSONALITY_ID_001 | EVD_JRN_R04_B01_SPC_AQUASPIRITUS_NAIAD_TERRAIN_BROAD_001 | EVD_JRN_R04_B01_SPC_AQUASPIRITUS_NAIAD_TERRAIN_SPECIFIC_001
SPC_HETEROCEPHALUS_GLABER,BRD_NAKED_MOLE_RAT,EXACT_SPECIES,EVD_JRN_R20_B01_SPC_HETEROCEPHALUS_GLABER_PERSONALITY_ID_001 | EVD_JRN_R20_B01_SPC_HETEROCEPHALUS_GLABER_TERRAIN_BROAD_001 | EVD_JRN_R20_B01_SPC_HETEROCEPHALUS_GLABER_TERRAIN_SPECIFIC_001
SPC_PTEROCLES_NAMAQUA,BRD_NAMAQUA_SANDGROUSE,EXACT_SPECIES,EVD_JRN_R17_B01_SPC_PTEROCLES_NAMAQUA_PERSONALITY_ID_001 | EVD_JRN_R17_B01_SPC_PTEROCLES_NAMAQUA_TERRAIN_BROAD_001 | EVD_JRN_R17_B01_SPC_PTEROCLES_NAMAQUA_TERRAIN_SPECIFIC_001
SPC_ONYMACRIS_UNGUICULARIS,BRD_NAMIB_DESERT_DARKLING_BEETLE,EXACT_SPECIES,EVD_JRN_R25_B02_SPC_ONYMACRIS_UNGUICULARIS_PERSONALITY_ID_001 | EVD_JRN_R25_B02_SPC_ONYMACRIS_UNGUICULARIS_TERRAIN_BROAD_001 | EVD_JRN_R25_B02_SPC_ONYMACRIS_UNGUICULARIS_TERRAIN_SPECIFIC_001
SPC_MONODON_MONOCEROS,BRD_NARWHAL,EXACT_SPECIES,EVD_JRN_R01_B01_SPC_MONODON_MONOCEROS_PERSONALITY_ID_001 | EVD_JRN_R01_B01_SPC_MONODON_MONOCEROS_TERRAIN_BROAD_001 | EVD_JRN_R01_B01_SPC_MONODON_MONOCEROS_TERRAIN_SPECIFIC_001
SPC_NASUTITERMES_CORNIGER,BRD_NASUTE_TERMITE,EXACT_SPECIES,EVD_JRN_R25_B02_SPC_NASUTITERMES_CORNIGER_PERSONALITY_ID_001 | EVD_JRN_R25_B02_SPC_NASUTITERMES_CORNIGER_TERRAIN_BROAD_001 | EVD_JRN_R25_B02_SPC_NASUTITERMES_CORNIGER_TERRAIN_SPECIFIC_001
SPC_CAELESTIS_NEPHILIM,BRD_NEPHILIM,EXACT_TRADITION,EVD_JRN_R06_B01_SPC_CAELESTIS_NEPHILIM_PERSONALITY_ID_001 | EVD_JRN_R06_B01_SPC_CAELESTIS_NEPHILIM_TERRAIN_BROAD_001 | EVD_JRN_R06_B01_SPC_CAELESTIS_NEPHILIM_TERRAIN_SPECIFIC_001
SPC_PHYLIDONYRIS_NOVAEHOLLANDIAE,BRD_NEW_HOLLAND_HONEYEATER,EXACT_SPECIES,EVD_JRN_R08_B01_SPC_PHYLIDONYRIS_NOVAEHOLLANDIAE_PERSONALITY_ID_001 | EVD_JRN_R08_B01_SPC_PHYLIDONYRIS_NOVAEHOLLANDIAE_TERRAIN_BROAD_001 | EVD_JRN_R08_B01_SPC_PHYLIDONYRIS_NOVAEHOLLANDIAE_TERRAIN_SPECIFIC_001
SPC_CALOENAS_NICOBARICA,BRD_NICOBAR_PIGEON,EXACT_SPECIES,EVD_JRN_R17_B01_SPC_CALOENAS_NICOBARICA_PERSONALITY_ID_001 | EVD_JRN_R17_B01_SPC_CALOENAS_NICOBARICA_TERRAIN_BROAD_001 | EVD_JRN_R17_B01_SPC_CALOENAS_NICOBARICA_TERRAIN_SPECIFIC_001
SPC_CROCODYLUS_NILOTICUS,BRD_NILE_CROCODILE,EXACT_SPECIES,EVD_JRN_R04_B01_SPC_CROCODYLUS_NILOTICUS_PERSONALITY_ID_001 | EVD_JRN_R04_B01_SPC_CROCODYLUS_NILOTICUS_TERRAIN_BROAD_001 | EVD_JRN_R04_B01_SPC_CROCODYLUS_NILOTICUS_TERRAIN_SPECIFIC_001
SPC_VARANUS_NILOTICUS,BRD_NILE_MONITOR,EXACT_SPECIES,EVD_JRN_R24_B01_SPC_VARANUS_NILOTICUS_PERSONALITY_ID_001 | EVD_JRN_R24_B01_SPC_VARANUS_NILOTICUS_TERRAIN_BROAD_001 | EVD_JRN_R24_B01_SPC_VARANUS_NILOTICUS_TERRAIN_SPECIFIC_001
SPC_DASYPUS_NOVEMCINCTUS,BRD_NINE_BANDED_ARMADILLO,EXACT_SPECIES,EVD_JRN_R23_B01_SPC_DASYPUS_NOVEMCINCTUS_PERSONALITY_ID_001 | EVD_JRN_R23_B01_SPC_DASYPUS_NOVEMCINCTUS_TERRAIN_BROAD_001 | EVD_JRN_R23_B01_SPC_DASYPUS_NOVEMCINCTUS_TERRAIN_SPECIFIC_001
SPC_PELAGICUS_NINGYO,BRD_NINGYO,EXACT_TRADITION,EVD_JRN_R12_B01_SPC_PELAGICUS_NINGYO_PERSONALITY_ID_001 | EVD_JRN_R12_B01_SPC_PELAGICUS_NINGYO_TERRAIN_BROAD_001 | EVD_JRN_R12_B01_SPC_PELAGICUS_NINGYO_TERRAIN_SPECIFIC_001
SPC_CHIRONOMUS_PLUMOSUS,BRD_NON_BITING_MIDGE,EXACT_SPECIES,EVD_JRN_R25_B01_SPC_CHIRONOMUS_PLUMOSUS_PERSONALITY_ID_001 | EVD_JRN_R25_B01_SPC_CHIRONOMUS_PLUMOSUS_TERRAIN_BROAD_001 | EVD_JRN_R25_B01_SPC_CHIRONOMUS_PLUMOSUS_TERRAIN_SPECIFIC_001
SPC_CASTOR_CANADENSIS,BRD_NORTH_AMERICAN_BEAVER,EXACT_SPECIES,EVD_JRN_R20_B01_SPC_CASTOR_CANADENSIS_PERSONALITY_ID_001 | EVD_JRN_R20_B01_SPC_CASTOR_CANADENSIS_TERRAIN_BROAD_001 | EVD_JRN_R20_B01_SPC_CASTOR_CANADENSIS_TERRAIN_SPECIFIC_001
SPC_ERETHIZON_DORSATUM,BRD_NORTH_AMERICAN_PORCUPINE,EXACT_SPECIES,EVD_JRN_R20_B01_SPC_ERETHIZON_DORSATUM_PERSONALITY_ID_001 | EVD_JRN_R20_B01_SPC_ERETHIZON_DORSATUM_TERRAIN_BROAD_001 | EVD_JRN_R20_B01_SPC_ERETHIZON_DORSATUM_TERRAIN_SPECIFIC_001
SPC_LONTRA_CANADENSIS,BRD_NORTH_AMERICAN_RIVER_OTTER,EXACT_SPECIES,EVD_JRN_R02_B01_SPC_LONTRA_CANADENSIS_PERSONALITY_ID_001 | EVD_JRN_R02_B01_SPC_LONTRA_CANADENSIS_TERRAIN_BROAD_001 | EVD_JRN_R02_B01_SPC_LONTRA_CANADENSIS_TERRAIN_SPECIFIC_001
SPC_EUBALAENA_GLACIALIS,BRD_NORTH_ATLANTIC_RIGHT_WHALE,EXACT_SPECIES,EVD_JRN_R01_B01_SPC_EUBALAENA_GLACIALIS_PERSONALITY_ID_001 | EVD_JRN_R01_B01_SPC_EUBALAENA_GLACIALIS_TERRAIN_BROAD_001 | EVD_JRN_R01_B01_SPC_EUBALAENA_GLACIALIS_TERRAIN_SPECIFIC_001
SPC_APTERYX_MANTELLI,BRD_NORTH_ISLAND_BROWN_KIWI,EXACT_SPECIES,EVD_JRN_R17_B01_SPC_APTERYX_MANTELLI_PERSONALITY_ID_001 | EVD_JRN_R17_B01_SPC_APTERYX_MANTELLI_TERRAIN_BROAD_001 | EVD_JRN_R17_B01_SPC_APTERYX_MANTELLI_TERRAIN_SPECIFIC_001
SPC_BABYROUSA_CELEBENSIS,BRD_NORTH_SULAWESI_BABIRUSA,EXACT_SPECIES,EVD_JRN_R02_B01_SPC_BABYROUSA_CELEBENSIS_PERSONALITY_ID_001 | EVD_JRN_R02_B01_SPC_BABYROUSA_CELEBENSIS_TERRAIN_BROAD_001 | EVD_JRN_R02_B01_SPC_BABYROUSA_CELEBENSIS_TERRAIN_SPECIFIC_001
SPC_HYPEROODON_AMPULLATUS,BRD_NORTHERN_BOTTLENOSE_WHALE,EXACT_SPECIES,EVD_JRN_R01_B01_SPC_HYPEROODON_AMPULLATUS_PERSONALITY_ID_001 | EVD_JRN_R01_B01_SPC_HYPEROODON_AMPULLATUS_TERRAIN_BROAD_001 | EVD_JRN_R01_B01_SPC_HYPEROODON_AMPULLATUS_TERRAIN_SPECIFIC_001
SPC_ISOODON_MACROURUS,BRD_NORTHERN_BROWN_BANDICOOT,EXACT_SPECIES,EVD_JRN_R22_B01_SPC_ISOODON_MACROURUS_PERSONALITY_ID_001 | EVD_JRN_R22_B01_SPC_ISOODON_MACROURUS_TERRAIN_BROAD_001 | EVD_JRN_R22_B01_SPC_ISOODON_MACROURUS_TERRAIN_SPECIFIC_001
SPC_DRACAENA_GUIANENSIS,BRD_NORTHERN_CAIMAN_LIZARD,EXACT_SPECIES,EVD_JRN_R24_B01_SPC_DRACAENA_GUIANENSIS_PERSONALITY_ID_001 | EVD_JRN_R24_B01_SPC_DRACAENA_GUIANENSIS_TERRAIN_BROAD_001 | EVD_JRN_R24_B01_SPC_DRACAENA_GUIANENSIS_TERRAIN_SPECIFIC_001
SPC_MEROPS_NUBICUS,BRD_NORTHERN_CARMINE_BEE_EATER,EXACT_SPECIES,EVD_JRN_R22_B01_SPC_MEROPS_NUBICUS_PERSONALITY_ID_001 | EVD_JRN_R22_B01_SPC_MEROPS_NUBICUS_TERRAIN_BROAD_001 | EVD_JRN_R22_B01_SPC_MEROPS_NUBICUS_TERRAIN_SPECIFIC_001
SPC_CASUARIUS_UNAPPENDICULATUS,BRD_NORTHERN_CASSOWARY,EXACT_SPECIES,EVD_JRN_R17_B01_SPC_CASUARIUS_UNAPPENDICULATUS_PERSONALITY_ID_001 | EVD_JRN_R17_B01_SPC_CASUARIUS_UNAPPENDICULATUS_TERRAIN_BROAD_001 | EVD_JRN_R17_B01_SPC_CASUARIUS_UNAPPENDICULATUS_TERRAIN_SPECIFIC_001
SPC_MORUS_BASSANUS,BRD_NORTHERN_GANNET,EXACT_SPECIES,EVD_JRN_R01_B01_SPC_MORUS_BASSANUS_PERSONALITY_ID_001 | EVD_JRN_R01_B01_SPC_MORUS_BASSANUS_TERRAIN_BROAD_001 | EVD_JRN_R01_B01_SPC_MORUS_BASSANUS_TERRAIN_SPECIFIC_001
SPC_VESPA_MANDARINIA,BRD_NORTHERN_GIANT_HORNET,EXACT_SPECIES,EVD_JRN_R25_B02_SPC_VESPA_MANDARINIA_PERSONALITY_ID_001 | EVD_JRN_R25_B02_SPC_VESPA_MANDARINIA_TERRAIN_BROAD_001 | EVD_JRN_R25_B02_SPC_VESPA_MANDARINIA_TERRAIN_SPECIFIC_001
SPC_GIRAFFA_CAMELOPARDALIS,BRD_NORTHERN_GIRAFFE,EXACT_SPECIES,EVD_JRN_R02_B01_SPC_GIRAFFA_CAMELOPARDALIS_PERSONALITY_ID_001 | EVD_JRN_R02_B01_SPC_GIRAFFA_CAMELOPARDALIS_TERRAIN_BROAD_001 | EVD_JRN_R02_B01_SPC_GIRAFFA_CAMELOPARDALIS_TERRAIN_SPECIFIC_001
SPC_JACANA_SPINOSA,BRD_NORTHERN_JACANA,EXACT_SPECIES,EVD_JRN_R01_B01_SPC_JACANA_SPINOSA_PERSONALITY_ID_001 | EVD_JRN_R01_B01_SPC_JACANA_SPINOSA_TERRAIN_BROAD_001 | EVD_JRN_R01_B01_SPC_JACANA_SPINOSA_TERRAIN_SPECIFIC_001
SPC_TRINGA_VANELLUS,BRD_NORTHERN_LAPWING,EXACT_SPECIES,EVD_JRN_R01_B02_SPC_TRINGA_VANELLUS_PERSONALITY_ID_001 | EVD_JRN_R01_B02_SPC_TRINGA_VANELLUS_TERRAIN_BROAD_001 | EVD_JRN_R01_B02_SPC_TRINGA_VANELLUS_TERRAIN_SPECIFIC_001
SPC_LITHOBATES_PIPIENS,BRD_NORTHERN_LEOPARD_FROG,EXACT_SPECIES,EVD_JRN_R13_B01_SPC_LITHOBATES_PIPIENS_PERSONALITY_ID_001 | EVD_JRN_R13_B01_SPC_LITHOBATES_PIPIENS_TERRAIN_BROAD_001 | EVD_JRN_R13_B01_SPC_LITHOBATES_PIPIENS_TERRAIN_SPECIFIC_001
SPC_NOTORYCTES_CAURINUS,BRD_NORTHERN_MARSUPIAL_MOLE,EXACT_SPECIES,EVD_JRN_R22_B01_SPC_NOTORYCTES_CAURINUS_PERSONALITY_ID_001 | EVD_JRN_R22_B01_SPC_NOTORYCTES_CAURINUS_TERRAIN_BROAD_001 | EVD_JRN_R22_B01_SPC_NOTORYCTES_CAURINUS_TERRAIN_SPECIFIC_001
SPC_AEGOLIUS_ACADICUS,BRD_NORTHERN_SAW_WHET_OWL,EXACT_SPECIES,EVD_JRN_R18_B01_SPC_AEGOLIUS_ACADICUS_PERSONALITY_ID_001 | EVD_JRN_R18_B01_SPC_AEGOLIUS_ACADICUS_TERRAIN_BROAD_001 | EVD_JRN_R18_B01_SPC_AEGOLIUS_ACADICUS_TERRAIN_SPECIFIC_001
SPC_NUMIDA_MELEAGRIS,BRD_NUMIDA_MELEAGRIS_HELMETED_GUINEAFOWL,EXACT_SPECIES,EVD_JRN_R17_B01_SPC_NUMIDA_MELEAGRIS_PERSONALITY_ID_001 | EVD_JRN_R17_B01_SPC_NUMIDA_MELEAGRIS_TERRAIN_BROAD_001 | EVD_JRN_R17_B01_SPC_NUMIDA_MELEAGRIS_TERRAIN_SPECIFIC_001
SPC_FATA_NUNNEHI,BRD_NUNNEHI,EXACT_TRADITION,EVD_JRN_R03_B01_SPC_FATA_NUNNEHI_PERSONALITY_ID_001 | EVD_JRN_R03_B01_SPC_FATA_NUNNEHI_TERRAIN_BROAD_001 | EVD_JRN_R03_B01_SPC_FATA_NUNNEHI_TERRAIN_SPECIFIC_001
SPC_MOLA_MOLA,BRD_OCEAN_SUNFISH,EXACT_SPECIES,EVD_JRN_R14_B01_SPC_MOLA_MOLA_PERSONALITY_ID_001 | EVD_JRN_R14_B01_SPC_MOLA_MOLA_TERRAIN_BROAD_001 | EVD_JRN_R14_B01_SPC_MOLA_MOLA_TERRAIN_SPECIFIC_001
SPC_MOBULA_BIROSTRIS,BRD_OCEANIC_MANTA_RAY,EXACT_SPECIES,EVD_JRN_R12_B01_SPC_MOBULA_BIROSTRIS_PERSONALITY_ID_001 | EVD_JRN_R12_B01_SPC_MOBULA_BIROSTRIS_TERRAIN_BROAD_001 | EVD_JRN_R12_B01_SPC_MOBULA_BIROSTRIS_TERRAIN_SPECIFIC_001
SPC_AMPHIPRION_OCELLARIS,BRD_OCELLARIS_CLOWNFISH,EXACT_SPECIES,EVD_JRN_R14_B01_SPC_AMPHIPRION_OCELLARIS_PERSONALITY_ID_001 | EVD_JRN_R14_B01_SPC_AMPHIPRION_OCELLARIS_TERRAIN_BROAD_001 | EVD_JRN_R14_B01_SPC_AMPHIPRION_OCELLARIS_TERRAIN_SPECIFIC_001
SPC_CHIONODRACO_RASTROSPINOSUS,BRD_OCELLATED_ICEFISH,EXACT_SPECIES,EVD_JRN_R14_B01_SPC_CHIONODRACO_RASTROSPINOSUS_PERSONALITY_ID_001 | EVD_JRN_R14_B01_SPC_CHIONODRACO_RASTROSPINOSUS_TERRAIN_BROAD_001 | EVD_JRN_R14_B01_SPC_CHIONODRACO_RASTROSPINOSUS_TERRAIN_SPECIFIC_001
SPC_MELEAGRIS_OCELLATA,BRD_OCELLATED_TURKEY,EXACT_SPECIES,EVD_JRN_R17_B01_SPC_MELEAGRIS_OCELLATA_PERSONALITY_ID_001 | EVD_JRN_R17_B01_SPC_MELEAGRIS_OCELLATA_TERRAIN_BROAD_001 | EVD_JRN_R17_B01_SPC_MELEAGRIS_OCELLATA_TERRAIN_SPECIFIC_001
SPC_LEOPARDUS_PARDALIS,BRD_OCELOT,EXACT_SPECIES,EVD_JRN_R02_B01_SPC_LEOPARDUS_PARDALIS_PERSONALITY_ID_001 | EVD_JRN_R02_B01_SPC_LEOPARDUS_PARDALIS_TERRAIN_BROAD_001 | EVD_JRN_R02_B01_SPC_LEOPARDUS_PARDALIS_TERRAIN_SPECIFIC_001
SPC_OGRUS_OGRE,BRD_OGRE,EXACT_TRADITION,EVD_JRN_R19_B01_SPC_OGRUS_OGRE_PERSONALITY_ID_001 | EVD_JRN_R19_B01_SPC_OGRUS_OGRE_TERRAIN_BROAD_001 | EVD_JRN_R19_B01_SPC_OGRUS_OGRE_TERRAIN_SPECIFIC_001
SPC_OKAPIA_JOHNSTONI,BRD_OKAPI,EXACT_SPECIES,EVD_JRN_R02_B01_SPC_OKAPIA_JOHNSTONI_PERSONALITY_ID_001 | EVD_JRN_R02_B01_SPC_OKAPIA_JOHNSTONI_TERRAIN_BROAD_001 | EVD_JRN_R02_B01_SPC_OKAPIA_JOHNSTONI_TERRAIN_SPECIFIC_001
SPC_BASSARICYON_NEBLINA,BRD_OLINGUITO,EXACT_SPECIES,EVD_JRN_R02_B01_SPC_BASSARICYON_NEBLINA_PERSONALITY_ID_001 | EVD_JRN_R02_B01_SPC_BASSARICYON_NEBLINA_TERRAIN_BROAD_001 | EVD_JRN_R02_B01_SPC_BASSARICYON_NEBLINA_TERRAIN_SPECIFIC_001
SPC_LEPIDOCHELYS_OLIVACEA,BRD_OLIVE_RIDLEY_SEA_TURTLE,EXACT_SPECIES,EVD_JRN_R04_B01_SPC_LEPIDOCHELYS_OLIVACEA_PERSONALITY_ID_001 | EVD_JRN_R04_B01_SPC_LEPIDOCHELYS_OLIVACEA_TERRAIN_BROAD_001 | EVD_JRN_R04_B01_SPC_LEPIDOCHELYS_OLIVACEA_TERRAIN_SPECIFIC_001
SPC_AIPYSURUS_LAEVIS,BRD_OLIVE_SEA_SNAKE,EXACT_SPECIES,EVD_JRN_R25_B01_SPC_AIPYSURUS_LAEVIS_PERSONALITY_ID_001 | EVD_JRN_R25_B01_SPC_AIPYSURUS_LAEVIS_TERRAIN_BROAD_001 | EVD_JRN_R25_B01_SPC_AIPYSURUS_LAEVIS_TERRAIN_SPECIFIC_001
SPC_PROTEUS_ANGUINUS,BRD_OLM,EXACT_SPECIES,EVD_JRN_R13_B01_SPC_PROTEUS_ANGUINUS_PERSONALITY_ID_001 | EVD_JRN_R13_B01_SPC_PROTEUS_ANGUINUS_TERRAIN_BROAD_001 | EVD_JRN_R13_B01_SPC_PROTEUS_ANGUINUS_TERRAIN_SPECIFIC_001
SPC_OGRUS_ONI,BRD_ONI,EXACT_TRADITION,EVD_JRN_R19_B01_SPC_OGRUS_ONI_PERSONALITY_ID_001 | EVD_JRN_R19_B01_SPC_OGRUS_ONI_TERRAIN_BROAD_001 | EVD_JRN_R19_B01_SPC_OGRUS_ONI_TERRAIN_SPECIFIC_001
SPC_SPECTRUM_ONRYO,BRD_ONRYO,EXACT_TRADITION,EVD_JRN_R05_B01_SPC_SPECTRUM_ONRYO_PERSONALITY_ID_001 | EVD_JRN_R05_B01_SPC_SPECTRUM_ONRYO_TERRAIN_BROAD_001 | EVD_JRN_R05_B01_SPC_SPECTRUM_ONRYO_TERRAIN_SPECIFIC_001
SPC_OXYMONACANTHUS_LONGIROSTRIS,BRD_ORANGE_SPOTTED_FILEFISH,EXACT_SPECIES,EVD_JRN_R14_B01_SPC_OXYMONACANTHUS_LONGIROSTRIS_PERSONALITY_ID_001 | EVD_JRN_R14_B01_SPC_OXYMONACANTHUS_LONGIROSTRIS_TERRAIN_BROAD_001 | EVD_JRN_R14_B01_SPC_OXYMONACANTHUS_LONGIROSTRIS_TERRAIN_SPECIFIC_001
SPC_GOBELINUS_ORCUS,BRD_ORC,EXACT_TRADITION,EVD_JRN_R21_B01_SPC_GOBELINUS_ORCUS_PERSONALITY_ID_001 | EVD_JRN_R21_B01_SPC_GOBELINUS_ORCUS_TERRAIN_BROAD_001 | EVD_JRN_R21_B01_SPC_GOBELINUS_ORCUS_TERRAIN_SPECIFIC_001
SPC_EUGLOSSA_DILEMMA,BRD_ORCHID_BEE,EXACT_SPECIES,EVD_JRN_R25_B01_SPC_EUGLOSSA_DILEMMA_PERSONALITY_ID_001 | EVD_JRN_R25_B01_SPC_EUGLOSSA_DILEMMA_TERRAIN_BROAD_001 | EVD_JRN_R25_B01_SPC_EUGLOSSA_DILEMMA_TERRAIN_SPECIFIC_001
SPC_HYMENOPUS_CORONATUS,BRD_ORCHID_MANTIS,EXACT_SPECIES,EVD_JRN_R25_B01_SPC_HYMENOPUS_CORONATUS_PERSONALITY_ID_001 | EVD_JRN_R25_B01_SPC_HYMENOPUS_CORONATUS_TERRAIN_BROAD_001 | EVD_JRN_R25_B01_SPC_HYMENOPUS_CORONATUS_TERRAIN_SPECIFIC_001
SPC_PHYTOSPIRITUS_OREAD,BRD_OREAD,EXACT_TRADITION,EVD_JRN_R20_B02_SPC_PHYTOSPIRITUS_OREAD_PERSONALITY_ID_001 | EVD_JRN_R20_B02_SPC_PHYTOSPIRITUS_OREAD_TERRAIN_BROAD_001 | EVD_JRN_R20_B02_SPC_PHYTOSPIRITUS_OREAD_TERRAIN_SPECIFIC_001
SPC_EURYSTOMUS_ORIENTALIS,BRD_ORIENTAL_DOLLARBIRD,EXACT_SPECIES,EVD_JRN_R22_B01_SPC_EURYSTOMUS_ORIENTALIS_PERSONALITY_ID_001 | EVD_JRN_R22_B01_SPC_EURYSTOMUS_ORIENTALIS_TERRAIN_BROAD_001 | EVD_JRN_R22_B01_SPC_EURYSTOMUS_ORIENTALIS_TERRAIN_SPECIFIC_001
SPC_PANDION_HALIAETUS,BRD_OSPREY,EXACT_SPECIES,EVD_JRN_R18_B01_SPC_PANDION_HALIAETUS_PERSONALITY_ID_001 | EVD_JRN_R18_B01_SPC_PANDION_HALIAETUS_TERRAIN_BROAD_001 | EVD_JRN_R18_B01_SPC_PANDION_HALIAETUS_TERRAIN_SPECIFIC_001
SPC_ARIOLIMAX_COLUMBIANUS,BRD_PACIFIC_BANANA_SLUG,EXACT_SPECIES,EVD_JRN_R14_B01_SPC_ARIOLIMAX_COLUMBIANUS_PERSONALITY_ID_001 | EVD_JRN_R14_B01_SPC_ARIOLIMAX_COLUMBIANUS_TERRAIN_BROAD_001 | EVD_JRN_R14_B01_SPC_ARIOLIMAX_COLUMBIANUS_TERRAIN_SPECIFIC_001
SPC_DIPLOPTERA_PUNCTATA,BRD_PACIFIC_BEETLE_COCKROACH,EXACT_SPECIES,EVD_JRN_R25_B01_SPC_DIPLOPTERA_PUNCTATA_PERSONALITY_ID_001 | EVD_JRN_R25_B01_SPC_DIPLOPTERA_PUNCTATA_TERRAIN_BROAD_001 | EVD_JRN_R25_B01_SPC_DIPLOPTERA_PUNCTATA_TERRAIN_SPECIFIC_001
SPC_ZOOTERMOPSIS_ANGUSTICOLLIS,BRD_PACIFIC_DAMPWOOD_TERMITE,EXACT_SPECIES,EVD_JRN_R25_B02_SPC_ZOOTERMOPSIS_ANGUSTICOLLIS_PERSONALITY_ID_001 | EVD_JRN_R25_B02_SPC_ZOOTERMOPSIS_ANGUSTICOLLIS_TERRAIN_BROAD_001 | EVD_JRN_R25_B02_SPC_ZOOTERMOPSIS_ANGUSTICOLLIS_TERRAIN_SPECIFIC_001
SPC_ANABLEPS_DOWEI,BRD_PACIFIC_FOUR_EYED_FISH,EXACT_SPECIES,EVD_JRN_R14_B01_SPC_ANABLEPS_DOWEI_PERSONALITY_ID_001 | EVD_JRN_R14_B01_SPC_ANABLEPS_DOWEI_TERRAIN_BROAD_001 | EVD_JRN_R14_B01_SPC_ANABLEPS_DOWEI_TERRAIN_SPECIFIC_001
SPC_EPTATRETUS_STOUTII,BRD_PACIFIC_HAGFISH,EXACT_SPECIES,EVD_JRN_R12_B01_SPC_EPTATRETUS_STOUTII_PERSONALITY_ID_001 | EVD_JRN_R12_B01_SPC_EPTATRETUS_STOUTII_TERRAIN_BROAD_001 | EVD_JRN_R12_B01_SPC_EPTATRETUS_STOUTII_TERRAIN_SPECIFIC_001
SPC_ENTOSPHENUS_TRIDENTATUS,BRD_PACIFIC_LAMPREY,EXACT_SPECIES,EVD_JRN_R12_B01_SPC_ENTOSPHENUS_TRIDENTATUS_PERSONALITY_ID_001 | EVD_JRN_R12_B01_SPC_ENTOSPHENUS_TRIDENTATUS_TERRAIN_BROAD_001 | EVD_JRN_R12_B01_SPC_ENTOSPHENUS_TRIDENTATUS_TERRAIN_SPECIFIC_001
SPC_CHRYSEMYS_PICTA,BRD_PAINTED_TURTLE,EXACT_SPECIES,EVD_JRN_R04_B01_SPC_CHRYSEMYS_PICTA_PERSONALITY_ID_001 | EVD_JRN_R04_B01_SPC_CHRYSEMYS_PICTA_TERRAIN_BROAD_001 | EVD_JRN_R04_B01_SPC_CHRYSEMYS_PICTA_TERRAIN_SPECIFIC_001
SPC_FELIS_MANUL,BRD_PALLAS_S_CAT,EXACT_SPECIES,EVD_JRN_R02_B01_SPC_FELIS_MANUL_PERSONALITY_ID_001 | EVD_JRN_R02_B01_SPC_FELIS_MANUL_TERRAIN_BROAD_001 | EVD_JRN_R02_B01_SPC_FELIS_MANUL_TERRAIN_SPECIFIC_001
SPC_PROBOSCIGER_ATERRIMUS,BRD_PALM_COCKATOO,EXACT_SPECIES,EVD_JRN_R19_B01_SPC_PROBOSCIGER_ATERRIMUS_PERSONALITY_ID_001 | EVD_JRN_R19_B01_SPC_PROBOSCIGER_ATERRIMUS_TERRAIN_BROAD_001 | EVD_JRN_R19_B01_SPC_PROBOSCIGER_ATERRIMUS_TERRAIN_SPECIFIC_001
SPC_MALACOCHERSUS_TORNIERI,BRD_PANCAKE_TORTOISE,EXACT_SPECIES,EVD_JRN_R04_B01_SPC_MALACOCHERSUS_TORNIERI_PERSONALITY_ID_001 | EVD_JRN_R04_B01_SPC_MALACOCHERSUS_TORNIERI_TERRAIN_BROAD_001 | EVD_JRN_R04_B01_SPC_MALACOCHERSUS_TORNIERI_TERRAIN_SPECIFIC_001
SPC_FURCIFER_PARDALIS,BRD_PANTHER_CHAMELEON,EXACT_SPECIES,EVD_JRN_R24_B01_SPC_FURCIFER_PARDALIS_PERSONALITY_ID_001 | EVD_JRN_R24_B01_SPC_FURCIFER_PARDALIS_TERRAIN_BROAD_001 | EVD_JRN_R24_B01_SPC_FURCIFER_PARDALIS_TERRAIN_SPECIFIC_001
SPC_TANGARA_CHILENSIS,BRD_PARADISE_TANAGER,EXACT_SPECIES,EVD_JRN_R08_B01_SPC_TANGARA_CHILENSIS_PERSONALITY_ID_001 | EVD_JRN_R08_B01_SPC_TANGARA_CHILENSIS_TERRAIN_BROAD_001 | EVD_JRN_R08_B01_SPC_TANGARA_CHILENSIS_TERRAIN_SPECIFIC_001
SPC_DOLICHOTIS_PATAGONUM,BRD_PATAGONIAN_MARA,EXACT_SPECIES,EVD_JRN_R20_B01_SPC_DOLICHOTIS_PATAGONUM_PERSONALITY_ID_001 | EVD_JRN_R20_B01_SPC_DOLICHOTIS_PATAGONUM_TERRAIN_BROAD_001 | EVD_JRN_R20_B01_SPC_DOLICHOTIS_PATAGONUM_TERRAIN_SPECIFIC_001
SPC_ERYTHROCEBUS_PATAS,BRD_PATAS_MONKEY,EXACT_SPECIES,EVD_JRN_R15_B01_SPC_ERYTHROCEBUS_PATAS_PERSONALITY_ID_001 | EVD_JRN_R15_B01_SPC_ERYTHROCEBUS_PATAS_TERRAIN_BROAD_001 | EVD_JRN_R15_B01_SPC_ERYTHROCEBUS_PATAS_TERRAIN_SPECIFIC_001
SPC_FATA_PATUPAIAREHE,BRD_PATUPAIAREHE,EXACT_TRADITION,EVD_JRN_R03_B01_SPC_FATA_PATUPAIAREHE_PERSONALITY_ID_001 | EVD_JRN_R03_B01_SPC_FATA_PATUPAIAREHE_TERRAIN_BROAD_001 | EVD_JRN_R03_B01_SPC_FATA_PATUPAIAREHE_TERRAIN_SPECIFIC_001
SPC_ODONTODACTYLUS_SCYLLARUS,BRD_PEACOCK_MANTIS_SHRIMP,EXACT_SPECIES,EVD_JRN_R25_B02_SPC_ODONTODACTYLUS_SCYLLARUS_PERSONALITY_ID_001 | EVD_JRN_R25_B02_SPC_ODONTODACTYLUS_SCYLLARUS_TERRAIN_BROAD_001 | EVD_JRN_R25_B02_SPC_ODONTODACTYLUS_SCYLLARUS_TERRAIN_SPECIFIC_001
SPC_MARATUS_VOLANS,BRD_PEACOCK_SPIDER,EXACT_SPECIES,EVD_JRN_R25_B02_SPC_MARATUS_VOLANS_PERSONALITY_ID_001 | EVD_JRN_R25_B02_SPC_MARATUS_VOLANS_TERRAIN_BROAD_001 | EVD_JRN_R25_B02_SPC_MARATUS_VOLANS_TERRAIN_SPECIFIC_001
SPC_PTILOCERCUS_LOWII,BRD_PEN_TAILED_TREESHREW,EXACT_SPECIES,EVD_JRN_R23_B01_SPC_PTILOCERCUS_LOWII_PERSONALITY_ID_001 | EVD_JRN_R23_B01_SPC_PTILOCERCUS_LOWII_TERRAIN_BROAD_001 | EVD_JRN_R23_B01_SPC_PTILOCERCUS_LOWII_TERRAIN_SPECIFIC_001
SPC_FALCO_PEREGRINUS,BRD_PEREGRINE_FALCON,EXACT_SPECIES,EVD_JRN_R18_B01_SPC_FALCO_PEREGRINUS_PERSONALITY_ID_001 | EVD_JRN_R18_B01_SPC_FALCO_PEREGRINUS_TERRAIN_BROAD_001 | EVD_JRN_R18_B01_SPC_FALCO_PEREGRINUS_TERRAIN_SPECIFIC_001
SPC_VARANUS_GIGANTEUS,BRD_PERENTIE,EXACT_SPECIES,EVD_JRN_R24_B01_SPC_VARANUS_GIGANTEUS_PERSONALITY_ID_001 | EVD_JRN_R24_B01_SPC_VARANUS_GIGANTEUS_TERRAIN_BROAD_001 | EVD_JRN_R24_B01_SPC_VARANUS_GIGANTEUS_TERRAIN_SPECIFIC_001
SPC_GENIALIS_PERI,BRD_PERI,EXACT_TRADITION,EVD_JRN_R06_B01_SPC_GENIALIS_PERI_PERSONALITY_ID_001 | EVD_JRN_R06_B01_SPC_GENIALIS_PERI_TERRAIN_BROAD_001 | EVD_JRN_R06_B01_SPC_GENIALIS_PERI_TERRAIN_SPECIFIC_001
SPC_CHAOBORUS_CRYSTALLINUS,BRD_PHANTOM_MIDGE,EXACT_SPECIES,EVD_JRN_R25_B01_SPC_CHAOBORUS_CRYSTALLINUS_PERSONALITY_ID_001 | EVD_JRN_R25_B01_SPC_CHAOBORUS_CRYSTALLINUS_TERRAIN_BROAD_001 | EVD_JRN_R25_B01_SPC_CHAOBORUS_CRYSTALLINUS_TERRAIN_SPECIFIC_001
SPC_HYDROPHASIANUS_CHIRURGUS,BRD_PHEASANT_TAILED_JACANA,EXACT_SPECIES,EVD_JRN_R01_B01_SPC_HYDROPHASIANUS_CHIRURGUS_PERSONALITY_ID_001 | EVD_JRN_R01_B01_SPC_HYDROPHASIANUS_CHIRURGUS_TERRAIN_BROAD_001 | EVD_JRN_R01_B01_SPC_HYDROPHASIANUS_CHIRURGUS_TERRAIN_SPECIFIC_001
SPC_CYNOCEPHALUS_VOLANS,BRD_PHILIPPINE_COLUGO,EXACT_SPECIES,EVD_JRN_R23_B01_SPC_CYNOCEPHALUS_VOLANS_PERSONALITY_ID_001 | EVD_JRN_R23_B01_SPC_CYNOCEPHALUS_VOLANS_TERRAIN_BROAD_001 | EVD_JRN_R23_B01_SPC_CYNOCEPHALUS_VOLANS_TERRAIN_SPECIFIC_001
SPC_CARLITO_SYRICHTA,BRD_PHILIPPINE_TARSIER,EXACT_SPECIES,EVD_JRN_R15_B01_SPC_CARLITO_SYRICHTA_PERSONALITY_ID_001 | EVD_JRN_R15_B01_SPC_CARLITO_SYRICHTA_TERRAIN_BROAD_001 | EVD_JRN_R15_B01_SPC_CARLITO_SYRICHTA_TERRAIN_SPECIFIC_001
SPC_RHINECANTHUS_ACULEATUS,BRD_PICASSO_TRIGGERFISH,EXACT_SPECIES,EVD_JRN_R14_B01_SPC_RHINECANTHUS_ACULEATUS_PERSONALITY_ID_001 | EVD_JRN_R14_B01_SPC_RHINECANTHUS_ACULEATUS_TERRAIN_BROAD_001 | EVD_JRN_R14_B01_SPC_RHINECANTHUS_ACULEATUS_TERRAIN_SPECIFIC_001
SPC_PODILYMBUS_PODICEPS,BRD_PIED_BILLED_GREBE,EXACT_SPECIES,EVD_JRN_R01_B02_SPC_PODILYMBUS_PODICEPS_PERSONALITY_ID_001 | EVD_JRN_R01_B02_SPC_PODILYMBUS_PODICEPS_TERRAIN_BROAD_001 | EVD_JRN_R01_B02_SPC_PODILYMBUS_PODICEPS_TERRAIN_SPECIFIC_001
SPC_DUCULA_BICOLOR,BRD_PIED_IMPERIAL_PIGEON,EXACT_SPECIES,EVD_JRN_R17_B01_SPC_DUCULA_BICOLOR_PERSONALITY_ID_001 | EVD_JRN_R17_B01_SPC_DUCULA_BICOLOR_TERRAIN_BROAD_001 | EVD_JRN_R17_B01_SPC_DUCULA_BICOLOR_TERRAIN_SPECIFIC_001
SPC_DRYOCOPUS_PILEATUS,BRD_PILEATED_WOODPECKER,EXACT_SPECIES,EVD_JRN_R22_B01_SPC_DRYOCOPUS_PILEATUS_PERSONALITY_ID_001 | EVD_JRN_R22_B01_SPC_DRYOCOPUS_PILEATUS_TERRAIN_BROAD_001 | EVD_JRN_R22_B01_SPC_DRYOCOPUS_PILEATUS_TERRAIN_SPECIFIC_001
SPC_GLOMERIS_MARGINATA,BRD_PILL_MILLIPEDE,EXACT_SPECIES,EVD_JRN_R25_B01_SPC_GLOMERIS_MARGINATA_PERSONALITY_ID_001 | EVD_JRN_R25_B01_SPC_GLOMERIS_MARGINATA_TERRAIN_BROAD_001 | EVD_JRN_R25_B01_SPC_GLOMERIS_MARGINATA_TERRAIN_SPECIFIC_001
SPC_PTEROCLES_ALCHATA,BRD_PIN_TAILED_SANDGROUSE,EXACT_SPECIES,EVD_JRN_R17_B01_SPC_PTEROCLES_ALCHATA_PERSONALITY_ID_001 | EVD_JRN_R17_B01_SPC_PTEROCLES_ALCHATA_TERRAIN_BROAD_001 | EVD_JRN_R17_B01_SPC_PTEROCLES_ALCHATA_TERRAIN_SPECIFIC_001
SPC_MARTES_MARTES,BRD_PINE_MARTEN,EXACT_SPECIES,EVD_JRN_R02_B01_SPC_MARTES_MARTES_PERSONALITY_ID_001 | EVD_JRN_R02_B01_SPC_MARTES_MARTES_TERRAIN_BROAD_001 | EVD_JRN_R02_B01_SPC_MARTES_MARTES_TERRAIN_SPECIFIC_001
SPC_CHLAMYPHORUS_TRUNCATUS,BRD_PINK_FAIRY_ARMADILLO,EXACT_SPECIES,EVD_JRN_R23_B01_SPC_CHLAMYPHORUS_TRUNCATUS_PERSONALITY_ID_001 | EVD_JRN_R23_B01_SPC_CHLAMYPHORUS_TRUNCATUS_TERRAIN_BROAD_001 | EVD_JRN_R23_B01_SPC_CHLAMYPHORUS_TRUNCATUS_TERRAIN_SPECIFIC_001
SPC_LAGOSTOMUS_MAXIMUS,BRD_PLAINS_VISCACHA,EXACT_SPECIES,EVD_JRN_R20_B01_SPC_LAGOSTOMUS_MAXIMUS_PERSONALITY_ID_001 | EVD_JRN_R20_B01_SPC_LAGOSTOMUS_MAXIMUS_TERRAIN_BROAD_001 | EVD_JRN_R20_B01_SPC_LAGOSTOMUS_MAXIMUS_TERRAIN_SPECIFIC_001
SPC_EQUUS_QUAGGA,BRD_PLAINS_ZEBRA,EXACT_SPECIES,EVD_JRN_R18_B01_SPC_EQUUS_QUAGGA_PERSONALITY_ID_001 | EVD_JRN_R18_B01_SPC_EQUUS_QUAGGA_TERRAIN_BROAD_001 | EVD_JRN_R18_B01_SPC_EQUUS_QUAGGA_TERRAIN_SPECIFIC_001
SPC_URSUS_MARITIMUS,BRD_POLAR_BEAR,EXACT_SPECIES,EVD_JRN_R02_B02_SPC_URSUS_MARITIMUS_PERSONALITY_ID_001 | EVD_JRN_R02_B02_SPC_URSUS_MARITIMUS_TERRAIN_BROAD_001 | EVD_JRN_R02_B02_SPC_URSUS_MARITIMUS_TERRAIN_SPECIFIC_001
SPC_PELAGICUS_PONATURI,BRD_PONATURI,EXACT_TRADITION,EVD_JRN_R12_B01_SPC_PELAGICUS_PONATURI_PERSONALITY_ID_001 | EVD_JRN_R12_B01_SPC_PELAGICUS_PONATURI_TERRAIN_BROAD_001 | EVD_JRN_R12_B01_SPC_PELAGICUS_PONATURI_TERRAIN_SPECIFIC_001
SPC_PERODICTICUS_POTTO,BRD_POTTO,EXACT_SPECIES,EVD_JRN_R15_B01_SPC_PERODICTICUS_POTTO_PERSONALITY_ID_001 | EVD_JRN_R15_B01_SPC_PERODICTICUS_POTTO_TERRAIN_BROAD_001 | EVD_JRN_R15_B01_SPC_PERODICTICUS_POTTO_TERRAIN_SPECIFIC_001
SPC_GEOTRIA_AUSTRALIS,BRD_POUCHED_LAMPREY,EXACT_SPECIES,EVD_JRN_R12_B01_SPC_GEOTRIA_AUSTRALIS_PERSONALITY_ID_001 | EVD_JRN_R12_B01_SPC_GEOTRIA_AUSTRALIS_TERRAIN_BROAD_001 | EVD_JRN_R12_B01_SPC_GEOTRIA_AUSTRALIS_TERRAIN_SPECIFIC_001
SPC_CORUCIA_ZEBRATA,BRD_PREHENSILE_TAILED_SKINK,EXACT_SPECIES,EVD_JRN_R24_B01_SPC_CORUCIA_ZEBRATA_PERSONALITY_ID_001 | EVD_JRN_R24_B01_SPC_CORUCIA_ZEBRATA_TERRAIN_BROAD_001 | EVD_JRN_R24_B01_SPC_CORUCIA_ZEBRATA_TERRAIN_SPECIFIC_001
SPC_NASALIS_LARVATUS,BRD_PROBOSCIS_MONKEY,EXACT_SPECIES,EVD_JRN_R15_B01_SPC_NASALIS_LARVATUS_PERSONALITY_ID_001 | EVD_JRN_R15_B01_SPC_NASALIS_LARVATUS_TERRAIN_BROAD_001 | EVD_JRN_R15_B01_SPC_NASALIS_LARVATUS_TERRAIN_SPECIFIC_001
SPC_ANTILOCAPRA_AMERICANA,BRD_PRONGHORN,EXACT_SPECIES,EVD_JRN_R02_B01_SPC_ANTILOCAPRA_AMERICANA_PERSONALITY_ID_001 | EVD_JRN_R02_B01_SPC_ANTILOCAPRA_AMERICANA_TERRAIN_BROAD_001 | EVD_JRN_R02_B01_SPC_ANTILOCAPRA_AMERICANA_TERRAIN_SPECIFIC_001
SPC_HISTIOPHRYNE_PSYCHEDELICA,BRD_PSYCHEDELIC_FROGFISH,EXACT_SPECIES,EVD_JRN_R14_B01_SPC_HISTIOPHRYNE_PSYCHEDELICA_PERSONALITY_ID_001 | EVD_JRN_R14_B01_SPC_HISTIOPHRYNE_PSYCHEDELICA_TERRAIN_BROAD_001 | EVD_JRN_R14_B01_SPC_HISTIOPHRYNE_PSYCHEDELICA_TERRAIN_SPECIFIC_001
SPC_FATA_PUCA,BRD_PUCA,EXACT_TRADITION,EVD_JRN_R03_B01_SPC_FATA_PUCA_PERSONALITY_ID_001 | EVD_JRN_R03_B01_SPC_FATA_PUCA_TERRAIN_BROAD_001 | EVD_JRN_R03_B01_SPC_FATA_PUCA_TERRAIN_SPECIFIC_001
SPC_BITIS_ARIETANS,BRD_PUFF_ADDER,EXACT_SPECIES,EVD_JRN_R25_B01_SPC_BITIS_ARIETANS_PERSONALITY_ID_001 | EVD_JRN_R25_B01_SPC_BITIS_ARIETANS_TERRAIN_BROAD_001 | EVD_JRN_R25_B01_SPC_BITIS_ARIETANS_TERRAIN_SPECIFIC_001
SPC_PARVULUS_PUKWUDGIE,BRD_PUKWUDGIE,EXACT_TRADITION,EVD_JRN_R03_B01_SPC_PARVULUS_PUKWUDGIE_PERSONALITY_ID_001 | EVD_JRN_R03_B01_SPC_PARVULUS_PUKWUDGIE_TERRAIN_BROAD_001 | EVD_JRN_R03_B01_SPC_PARVULUS_PUKWUDGIE_TERRAIN_SPECIFIC_001
SPC_PUMA_CONCOLOR,BRD_PUMA_CONCOLOR_COUGAR,EXACT_SPECIES,EVD_JRN_R02_B02_SPC_PUMA_CONCOLOR_PERSONALITY_ID_001 | EVD_JRN_R02_B02_SPC_PUMA_CONCOLOR_TERRAIN_BROAD_001 | EVD_JRN_R02_B02_SPC_PUMA_CONCOLOR_TERRAIN_SPECIFIC_001
SPC_NASIKABATRACHUS_SAHYADRENSIS,BRD_PURPLE_FROG,EXACT_SPECIES,EVD_JRN_R13_B01_SPC_NASIKABATRACHUS_SAHYADRENSIS_PERSONALITY_ID_001 | EVD_JRN_R13_B01_SPC_NASIKABATRACHUS_SAHYADRENSIS_TERRAIN_BROAD_001 | EVD_JRN_R13_B01_SPC_NASIKABATRACHUS_SAHYADRENSIS_TERRAIN_SPECIFIC_001
SPC_PORPHYRIO_MARTINICA,BRD_PURPLE_GALLINULE,EXACT_SPECIES,EVD_JRN_R01_B02_SPC_PORPHYRIO_MARTINICA_PERSONALITY_ID_001 | EVD_JRN_R01_B02_SPC_PORPHYRIO_MARTINICA_TERRAIN_BROAD_001 | EVD_JRN_R01_B02_SPC_PORPHYRIO_MARTINICA_TERRAIN_SPECIFIC_001
SPC_PROGNE_SUBIS,BRD_PURPLE_MARTIN,EXACT_SPECIES,EVD_JRN_R08_B01_SPC_PROGNE_SUBIS_PERSONALITY_ID_001 | EVD_JRN_R08_B01_SPC_PROGNE_SUBIS_TERRAIN_BROAD_001 | EVD_JRN_R08_B01_SPC_PROGNE_SUBIS_TERRAIN_SPECIFIC_001
SPC_GONODACTYLUS_SMITHII,BRD_PURPLE_SPOTTED_MANTIS_SHRIMP,EXACT_SPECIES,EVD_JRN_R25_B01_SPC_GONODACTYLUS_SMITHII_PERSONALITY_ID_001 | EVD_JRN_R25_B01_SPC_GONODACTYLUS_SMITHII_TERRAIN_BROAD_001 | EVD_JRN_R25_B01_SPC_GONODACTYLUS_SMITHII_TERRAIN_SPECIFIC_001
SPC_HEXAPROTODON_LIBERIENSIS,BRD_PYGMY_HIPPOPOTAMUS,EXACT_SPECIES,EVD_JRN_R02_B01_SPC_HEXAPROTODON_LIBERIENSIS_PERSONALITY_ID_001 | EVD_JRN_R02_B01_SPC_HEXAPROTODON_LIBERIENSIS_TERRAIN_BROAD_001 | EVD_JRN_R02_B01_SPC_HEXAPROTODON_LIBERIENSIS_TERRAIN_SPECIFIC_001
SPC_BRACHYLAGUS_IDAHOENSIS,BRD_PYGMY_RABBIT,EXACT_SPECIES,EVD_JRN_R20_B01_SPC_BRACHYLAGUS_IDAHOENSIS_PERSONALITY_ID_001 | EVD_JRN_R20_B01_SPC_BRACHYLAGUS_IDAHOENSIS_TERRAIN_BROAD_001 | EVD_JRN_R20_B01_SPC_BRACHYLAGUS_IDAHOENSIS_TERRAIN_SPECIFIC_001
SPC_NYCTICEBUS_PYGMAEUS,BRD_PYGMY_SLOW_LORIS,EXACT_SPECIES,EVD_JRN_R15_B01_SPC_NYCTICEBUS_PYGMAEUS_PERSONALITY_ID_001 | EVD_JRN_R15_B01_SPC_NYCTICEBUS_PYGMAEUS_TERRAIN_BROAD_001 | EVD_JRN_R15_B01_SPC_NYCTICEBUS_PYGMAEUS_TERRAIN_SPECIFIC_001
SPC_BRADYPUS_PYGMAEUS,BRD_PYGMY_THREE_TOED_SLOTH,EXACT_SPECIES,EVD_JRN_R23_B01_SPC_BRADYPUS_PYGMAEUS_PERSONALITY_ID_001 | EVD_JRN_R23_B01_SPC_BRADYPUS_PYGMAEUS_TERRAIN_BROAD_001 | EVD_JRN_R23_B01_SPC_BRADYPUS_PYGMAEUS_TERRAIN_SPECIFIC_001
SPC_GALEMYS_PYRENAICUS,BRD_PYRENEAN_DESMAN,EXACT_SPECIES,EVD_JRN_R23_B01_SPC_GALEMYS_PYRENAICUS_PERSONALITY_ID_001 | EVD_JRN_R23_B01_SPC_GALEMYS_PYRENAICUS_TERRAIN_BROAD_001 | EVD_JRN_R23_B01_SPC_GALEMYS_PYRENAICUS_TERRAIN_SPECIFIC_001
SPC_SETONIX_BRACHYURUS,BRD_QUOKKA,EXACT_SPECIES,EVD_JRN_R22_B01_SPC_SETONIX_BRACHYURUS_PERSONALITY_ID_001 | EVD_JRN_R22_B01_SPC_SETONIX_BRACHYURUS_TERRAIN_BROAD_001 | EVD_JRN_R22_B01_SPC_SETONIX_BRACHYURUS_TERRAIN_SPECIFIC_001
SPC_RABIDOSA_RABIDA,BRD_RABID_WOLF_SPIDER,EXACT_SPECIES,EVD_JRN_R25_B02_SPC_RABIDOSA_RABIDA_PERSONALITY_ID_001 | EVD_JRN_R25_B02_SPC_RABIDOSA_RABIDA_TERRAIN_BROAD_001 | EVD_JRN_R25_B02_SPC_RABIDOSA_RABIDA_TERRAIN_SPECIFIC_001
SPC_NYCTEREUTES_PROCYONOIDES,BRD_RACCOON_DOG,EXACT_SPECIES,EVD_JRN_R02_B01_SPC_NYCTEREUTES_PROCYONOIDES_PERSONALITY_ID_001 | EVD_JRN_R02_B01_SPC_NYCTEREUTES_PROCYONOIDES_TERRAIN_BROAD_001 | EVD_JRN_R02_B01_SPC_NYCTEREUTES_PROCYONOIDES_TERRAIN_SPECIFIC_001
SPC_ASTROCHELYS_RADIATA,BRD_RADIATED_TORTOISE,EXACT_SPECIES,EVD_JRN_R04_B01_SPC_ASTROCHELYS_RADIATA_PERSONALITY_ID_001 | EVD_JRN_R04_B01_SPC_ASTROCHELYS_RADIATA_TERRAIN_BROAD_001 | EVD_JRN_R04_B01_SPC_ASTROCHELYS_RADIATA_TERRAIN_SPECIFIC_001
SPC_PHANAEUS_VINDEX,BRD_RAINBOW_SCARAB,EXACT_SPECIES,EVD_JRN_R25_B02_SPC_PHANAEUS_VINDEX_PERSONALITY_ID_001 | EVD_JRN_R25_B02_SPC_PHANAEUS_VINDEX_TERRAIN_BROAD_001 | EVD_JRN_R25_B02_SPC_PHANAEUS_VINDEX_TERRAIN_SPECIFIC_001
SPC_ONCORHYNCHUS_MYKISS,BRD_RAINBOW_TROUT,EXACT_SPECIES,EVD_JRN_R14_B01_SPC_ONCORHYNCHUS_MYKISS_PERSONALITY_ID_001 | EVD_JRN_R14_B01_SPC_ONCORHYNCHUS_MYKISS_TERRAIN_BROAD_001 | EVD_JRN_R14_B01_SPC_ONCORHYNCHUS_MYKISS_TERRAIN_SPECIFIC_001
SPC_DAEMON_RAKSHASA,BRD_RAKSHASA,EXACT_TRADITION,EVD_JRN_R05_B01_SPC_DAEMON_RAKSHASA_PERSONALITY_ID_001 | EVD_JRN_R05_B01_SPC_DAEMON_RAKSHASA_TERRAIN_BROAD_001 | EVD_JRN_R05_B01_SPC_DAEMON_RAKSHASA_TERRAIN_SPECIFIC_001
SPC_ALCA_TORDA,BRD_RAZORBILL,EXACT_SPECIES,EVD_JRN_R01_B01_SPC_ALCA_TORDA_PERSONALITY_001 | EVD_JRN_R01_B01_SPC_ALCA_TORDA_TERRAIN_BROAD_001 | EVD_JRN_R01_B01_SPC_ALCA_TORDA_TERRAIN_SPECIFIC_001
SPC_PYGOCENTRUS_NATTERERI,BRD_RED_BELLIED_PIRANHA,EXACT_SPECIES,EVD_JRN_R14_B01_SPC_PYGOCENTRUS_NATTERERI_PERSONALITY_ID_001 | EVD_JRN_R14_B01_SPC_PYGOCENTRUS_NATTERERI_TERRAIN_BROAD_001 | EVD_JRN_R14_B01_SPC_PYGOCENTRUS_NATTERERI_TERRAIN_SPECIFIC_001
SPC_QUELEA_QUELEA,BRD_RED_BILLED_QUELEA,EXACT_SPECIES,EVD_JRN_R08_B01_SPC_QUELEA_QUELEA_PERSONALITY_ID_001 | EVD_JRN_R08_B01_SPC_QUELEA_QUELEA_TERRAIN_BROAD_001 | EVD_JRN_R08_B01_SPC_QUELEA_QUELEA_TERRAIN_SPECIFIC_001
SPC_LOXIA_CURVIROSTRA,BRD_RED_CROSSBILL,EXACT_SPECIES,EVD_JRN_R08_B01_SPC_LOXIA_CURVIROSTRA_PERSONALITY_ID_001 | EVD_JRN_R08_B01_SPC_LOXIA_CURVIROSTRA_TERRAIN_BROAD_001 | EVD_JRN_R08_B01_SPC_LOXIA_CURVIROSTRA_TERRAIN_SPECIFIC_001
SPC_CERVUS_ELAPHUS,BRD_RED_DEER,EXACT_SPECIES,EVD_JRN_R02_B01_SPC_CERVUS_ELAPHUS_PERSONALITY_ID_001 | EVD_JRN_R02_B01_SPC_CERVUS_ELAPHUS_TERRAIN_BROAD_001 | EVD_JRN_R02_B01_SPC_CERVUS_ELAPHUS_TERRAIN_SPECIFIC_001
SPC_TRACHEMYS_SCRIPTA,BRD_RED_EARED_SLIDER,EXACT_SPECIES,EVD_JRN_R04_B01_SPC_TRACHEMYS_SCRIPTA_PERSONALITY_ID_001 | EVD_JRN_R04_B01_SPC_TRACHEMYS_SCRIPTA_TERRAIN_BROAD_001 | EVD_JRN_R04_B01_SPC_TRACHEMYS_SCRIPTA_TERRAIN_SPECIFIC_001
SPC_TRIBOLONOTUS_GRACILIS,BRD_RED_EYED_CROCODILE_SKINK,EXACT_SPECIES,EVD_JRN_R24_B01_SPC_TRIBOLONOTUS_GRACILIS_PERSONALITY_ID_001 | EVD_JRN_R24_B01_SPC_TRIBOLONOTUS_GRACILIS_TERRAIN_BROAD_001 | EVD_JRN_R24_B01_SPC_TRIBOLONOTUS_GRACILIS_TERRAIN_SPECIFIC_001
SPC_AGALYCHNIS_CALLIDRYAS,BRD_RED_EYED_TREE_FROG,EXACT_SPECIES,EVD_JRN_R13_B01_SPC_AGALYCHNIS_CALLIDRYAS_PERSONALITY_ID_001 | EVD_JRN_R13_B01_SPC_AGALYCHNIS_CALLIDRYAS_TERRAIN_BROAD_001 | EVD_JRN_R13_B01_SPC_AGALYCHNIS_CALLIDRYAS_TERRAIN_SPECIFIC_001
SPC_ATELES_PANISCUS,BRD_RED_FACED_SPIDER_MONKEY,EXACT_SPECIES,EVD_JRN_R15_B01_SPC_ATELES_PANISCUS_PERSONALITY_ID_001 | EVD_JRN_R15_B01_SPC_ATELES_PANISCUS_TERRAIN_BROAD_001 | EVD_JRN_R15_B01_SPC_ATELES_PANISCUS_TERRAIN_SPECIFIC_001
SPC_SULA_SULA,BRD_RED_FOOTED_BOOBY,EXACT_SPECIES,EVD_JRN_R01_B02_SPC_SULA_SULA_PERSONALITY_ID_001 | EVD_JRN_R01_B02_SPC_SULA_SULA_TERRAIN_BROAD_001 | EVD_JRN_R01_B02_SPC_SULA_SULA_TERRAIN_SPECIFIC_001
SPC_VULPES_VULPES,BRD_RED_FOX,EXACT_SPECIES,EVD_JRN_R02_B02_SPC_VULPES_VULPES_PERSONALITY_ID_001 | EVD_JRN_R02_B02_SPC_VULPES_VULPES_TERRAIN_BROAD_001 | EVD_JRN_R02_B02_SPC_VULPES_VULPES_TERRAIN_SPECIFIC_001
SPC_PETAURISTA_PETAURISTA,BRD_RED_GIANT_FLYING_SQUIRREL,EXACT_SPECIES,EVD_JRN_R20_B01_SPC_PETAURISTA_PETAURISTA_PERSONALITY_ID_001 | EVD_JRN_R20_B01_SPC_PETAURISTA_PETAURISTA_TERRAIN_BROAD_001 | EVD_JRN_R20_B01_SPC_PETAURISTA_PETAURISTA_TERRAIN_SPECIFIC_001
SPC_MELANERPES_ERYTHROCEPHALUS,BRD_RED_HEADED_WOODPECKER,EXACT_SPECIES,EVD_JRN_R22_B01_SPC_MELANERPES_ERYTHROCEPHALUS_PERSONALITY_ID_001 | EVD_JRN_R22_B01_SPC_MELANERPES_ERYTHROCEPHALUS_TERRAIN_BROAD_001 | EVD_JRN_R22_B01_SPC_MELANERPES_ERYTHROCEPHALUS_TERRAIN_SPECIFIC_001
SPC_GALLUS_GALLUS,BRD_RED_JUNGLEFOWL,EXACT_SPECIES,EVD_JRN_R17_B01_SPC_GALLUS_GALLUS_PERSONALITY_ID_001 | EVD_JRN_R17_B01_SPC_GALLUS_GALLUS_TERRAIN_BROAD_001 | EVD_JRN_R17_B01_SPC_GALLUS_GALLUS_TERRAIN_SPECIFIC_001
SPC_MACROPUS_RUFUS,BRD_RED_KANGAROO,EXACT_SPECIES,EVD_JRN_R22_B01_SPC_MACROPUS_RUFUS_PERSONALITY_ID_001 | EVD_JRN_R22_B01_SPC_MACROPUS_RUFUS_TERRAIN_BROAD_001 | EVD_JRN_R22_B01_SPC_MACROPUS_RUFUS_TERRAIN_SPECIFIC_001
SPC_PARALITHODES_CAMTSCHATICUS,BRD_RED_KING_CRAB,EXACT_SPECIES,EVD_JRN_R25_B02_SPC_PARALITHODES_CAMTSCHATICUS_PERSONALITY_ID_001 | EVD_JRN_R25_B02_SPC_PARALITHODES_CAMTSCHATICUS_TERRAIN_BROAD_001 | EVD_JRN_R25_B02_SPC_PARALITHODES_CAMTSCHATICUS_TERRAIN_SPECIFIC_001
SPC_MELANOPLUS_FEMURRUBRUM,BRD_RED_LEGGED_GRASSHOPPER,EXACT_SPECIES,EVD_JRN_R25_B02_SPC_MELANOPLUS_FEMURRUBRUM_PERSONALITY_ID_001 | EVD_JRN_R25_B02_SPC_MELANOPLUS_FEMURRUBRUM_TERRAIN_BROAD_001 | EVD_JRN_R25_B02_SPC_MELANOPLUS_FEMURRUBRUM_TERRAIN_SPECIFIC_001
SPC_PTEROIS_VOLITANS,BRD_RED_LIONFISH,EXACT_SPECIES,EVD_JRN_R14_B01_SPC_PTEROIS_VOLITANS_PERSONALITY_ID_001 | EVD_JRN_R14_B01_SPC_PTEROIS_VOLITANS_TERRAIN_BROAD_001 | EVD_JRN_R14_B01_SPC_PTEROIS_VOLITANS_TERRAIN_SPECIFIC_001
SPC_TANGARA_CYANOCEPHALA,BRD_RED_NECKED_TANAGER,EXACT_SPECIES,EVD_JRN_R08_B01_SPC_TANGARA_CYANOCEPHALA_PERSONALITY_ID_001 | EVD_JRN_R08_B01_SPC_TANGARA_CYANOCEPHALA_TERRAIN_BROAD_001 | EVD_JRN_R08_B01_SPC_TANGARA_CYANOCEPHALA_TERRAIN_SPECIFIC_001
SPC_AILURUS_FULGENS,BRD_RED_PANDA,EXACT_SPECIES,EVD_JRN_R02_B01_SPC_AILURUS_FULGENS_PERSONALITY_ID_001 | EVD_JRN_R02_B01_SPC_AILURUS_FULGENS_TERRAIN_BROAD_001 | EVD_JRN_R02_B01_SPC_AILURUS_FULGENS_TERRAIN_SPECIFIC_001
SPC_VARECIA_RUBRA,BRD_RED_RUFFED_LEMUR,EXACT_SPECIES,EVD_JRN_R15_B01_SPC_VARECIA_RUBRA_PERSONALITY_ID_001 | EVD_JRN_R15_B01_SPC_VARECIA_RUBRA_TERRAIN_BROAD_001 | EVD_JRN_R15_B01_SPC_VARECIA_RUBRA_TERRAIN_SPECIFIC_001
SPC_DASYPROCTA_LEPORINA,BRD_RED_RUMPED_AGOUTI,EXACT_SPECIES,EVD_JRN_R20_B01_SPC_DASYPROCTA_LEPORINA_PERSONALITY_ID_001 | EVD_JRN_R20_B01_SPC_DASYPROCTA_LEPORINA_TERRAIN_BROAD_001 | EVD_JRN_R20_B01_SPC_DASYPROCTA_LEPORINA_TERRAIN_SPECIFIC_001
SPC_PSEUDOTRITON_RUBER,BRD_RED_SALAMANDER,EXACT_SPECIES,EVD_JRN_R13_B01_SPC_PSEUDOTRITON_RUBER_PERSONALITY_ID_001 | EVD_JRN_R13_B01_SPC_PSEUDOTRITON_RUBER_TERRAIN_BROAD_001 | EVD_JRN_R13_B01_SPC_PSEUDOTRITON_RUBER_TERRAIN_SPECIFIC_001
SPC_PROCAMBARUS_CLARKII,BRD_RED_SWAMP_CRAYFISH,EXACT_SPECIES,EVD_JRN_R25_B02_SPC_PROCAMBARUS_CLARKII_PERSONALITY_ID_001 | EVD_JRN_R25_B02_SPC_PROCAMBARUS_CLARKII_TERRAIN_BROAD_001 | EVD_JRN_R25_B02_SPC_PROCAMBARUS_CLARKII_TERRAIN_SPECIFIC_001
SPC_GAVIA_STELLATA,BRD_RED_THROATED_LOON,EXACT_SPECIES,EVD_JRN_R01_B01_SPC_GAVIA_STELLATA_PERSONALITY_ID_001 | EVD_JRN_R01_B01_SPC_GAVIA_STELLATA_TERRAIN_BROAD_001 | EVD_JRN_R01_B01_SPC_GAVIA_STELLATA_TERRAIN_SPECIFIC_001
SPC_TRIBONIOPHORUS_GRAEFFEI,BRD_RED_TRIANGLE_SLUG,EXACT_SPECIES,EVD_JRN_R14_B02_SPC_TRIBONIOPHORUS_GRAEFFEI_PERSONALITY_ID_001 | EVD_JRN_R14_B02_SPC_TRIBONIOPHORUS_GRAEFFEI_TERRAIN_BROAD_001 | EVD_JRN_R14_B02_SPC_TRIBONIOPHORUS_GRAEFFEI_TERRAIN_SPECIFIC_001
SPC_FATA_REDCAP,BRD_REDCAP,EXACT_TRADITION,EVD_JRN_R03_B01_SPC_FATA_REDCAP_PERSONALITY_ID_001 | EVD_JRN_R03_B01_SPC_FATA_REDCAP_TERRAIN_BROAD_001 | EVD_JRN_R03_B01_SPC_FATA_REDCAP_TERRAIN_SPECIFIC_001
SPC_PHRACTOCEPHALUS_HEMIOLIOPTERUS,BRD_REDTAIL_CATFISH,EXACT_SPECIES,EVD_JRN_R14_B01_SPC_PHRACTOCEPHALUS_HEMIOLIOPTERUS_PERSONALITY_ID_001 | EVD_JRN_R14_B01_SPC_PHRACTOCEPHALUS_HEMIOLIOPTERUS_TERRAIN_BROAD_001 | EVD_JRN_R14_B01_SPC_PHRACTOCEPHALUS_HEMIOLIOPTERUS_TERRAIN_SPECIFIC_001
SPC_MOBULA_ALFREDI,BRD_REEF_MANTA_RAY,EXACT_SPECIES,EVD_JRN_R12_B01_SPC_MOBULA_ALFREDI_PERSONALITY_ID_001 | EVD_JRN_R12_B01_SPC_MOBULA_ALFREDI_TERRAIN_BROAD_001 | EVD_JRN_R12_B01_SPC_MOBULA_ALFREDI_TERRAIN_SPECIFIC_001
SPC_SYNANCEIA_VERRUCOSA,BRD_REEF_STONEFISH,EXACT_SPECIES,EVD_JRN_R14_B02_SPC_SYNANCEIA_VERRUCOSA_PERSONALITY_ID_001 | EVD_JRN_R14_B02_SPC_SYNANCEIA_VERRUCOSA_TERRAIN_BROAD_001 | EVD_JRN_R14_B02_SPC_SYNANCEIA_VERRUCOSA_TERRAIN_SPECIFIC_001
SPC_MUNTIACUS_REEVESI,BRD_REEVES_S_MUNTJAC,EXACT_SPECIES,EVD_JRN_R02_B01_SPC_MUNTIACUS_REEVESI_PERSONALITY_ID_001 | EVD_JRN_R02_B01_SPC_MUNTIACUS_REEVESI_TERRAIN_BROAD_001 | EVD_JRN_R02_B01_SPC_MUNTIACUS_REEVESI_TERRAIN_SPECIFIC_001
SPC_PHIDIPPUS_REGIUS,BRD_REGAL_JUMPING_SPIDER,EXACT_SPECIES,EVD_JRN_R25_B02_SPC_PHIDIPPUS_REGIUS_PERSONALITY_ID_001 | EVD_JRN_R25_B02_SPC_PHIDIPPUS_REGIUS_TERRAIN_BROAD_001 | EVD_JRN_R25_B02_SPC_PHIDIPPUS_REGIUS_TERRAIN_SPECIFIC_001
SPC_RANGIFER_TARANDUS,BRD_REINDEER,EXACT_SPECIES,EVD_JRN_R02_B02_SPC_RANGIFER_TARANDUS_PERSONALITY_ID_001 | EVD_JRN_R02_B02_SPC_RANGIFER_TARANDUS_TERRAIN_BROAD_001 | EVD_JRN_R02_B02_SPC_RANGIFER_TARANDUS_TERRAIN_SPECIFIC_001
SPC_GIRAFFA_RETICULATA,BRD_RETICULATED_GIRAFFE,EXACT_SPECIES,EVD_JRN_R02_B01_SPC_GIRAFFA_RETICULATA_PERSONALITY_ID_001 | EVD_JRN_R02_B01_SPC_GIRAFFA_RETICULATA_TERRAIN_BROAD_001 | EVD_JRN_R02_B01_SPC_GIRAFFA_RETICULATA_TERRAIN_SPECIFIC_001
SPC_HYALINOBATRACHIUM_VALERIOI,BRD_RETICULATED_GLASS_FROG,EXACT_SPECIES,EVD_JRN_R13_B01_SPC_HYALINOBATRACHIUM_VALERIOI_PERSONALITY_ID_001 | EVD_JRN_R13_B01_SPC_HYALINOBATRACHIUM_VALERIOI_TERRAIN_BROAD_001 | EVD_JRN_R13_B01_SPC_HYALINOBATRACHIUM_VALERIOI_TERRAIN_SPECIFIC_001
SPC_MALAYOPYTHON_RETICULATUS,BRD_RETICULATED_PYTHON,EXACT_SPECIES,EVD_JRN_R25_B01_SPC_MALAYOPYTHON_RETICULATUS_PERSONALITY_ID_001 | EVD_JRN_R25_B01_SPC_MALAYOPYTHON_RETICULATUS_TERRAIN_BROAD_001 | EVD_JRN_R25_B01_SPC_MALAYOPYTHON_RETICULATUS_TERRAIN_SPECIFIC_001
SPC_REVIVUS_REVENANT,BRD_REVENANT,EXACT_TRADITION,EVD_JRN_R05_B01_SPC_REVIVUS_REVENANT_PERSONALITY_ID_001 | EVD_JRN_R05_B01_SPC_REVIVUS_REVENANT_TERRAIN_BROAD_001 | EVD_JRN_R05_B01_SPC_REVIVUS_REVENANT_TERRAIN_SPECIFIC_001
SPC_CERORHINCA_MONOCERATA,BRD_RHINOCEROS_AUKLET,EXACT_SPECIES,EVD_JRN_R01_B01_SPC_CERORHINCA_MONOCERATA_PERSONALITY_ID_001 | EVD_JRN_R01_B01_SPC_CERORHINCA_MONOCERATA_TERRAIN_BROAD_001 | EVD_JRN_R01_B01_SPC_CERORHINCA_MONOCERATA_TERRAIN_SPECIFIC_001
SPC_BUCEROS_RHINOCEROS,BRD_RHINOCEROS_HORNBILL,EXACT_SPECIES,EVD_JRN_R22_B01_SPC_BUCEROS_RHINOCEROS_PERSONALITY_ID_001 | EVD_JRN_R22_B01_SPC_BUCEROS_RHINOCEROS_TERRAIN_BROAD_001 | EVD_JRN_R22_B01_SPC_BUCEROS_RHINOCEROS_TERRAIN_SPECIFIC_001
SPC_CYCLURA_CORNUTA,BRD_RHINOCEROS_IGUANA,EXACT_SPECIES,EVD_JRN_R24_B01_SPC_CYCLURA_CORNUTA_PERSONALITY_ID_001 | EVD_JRN_R24_B01_SPC_CYCLURA_CORNUTA_TERRAIN_BROAD_001 | EVD_JRN_R24_B01_SPC_CYCLURA_CORNUTA_TERRAIN_SPECIFIC_001
SPC_RHINOMURAENA_QUAESITA,BRD_RIBBON_EEL,EXACT_SPECIES,EVD_JRN_R14_B01_SPC_RHINOMURAENA_QUAESITA_PERSONALITY_ID_001 | EVD_JRN_R14_B01_SPC_RHINOMURAENA_QUAESITA_TERRAIN_BROAD_001 | EVD_JRN_R14_B01_SPC_RHINOMURAENA_QUAESITA_TERRAIN_SPECIFIC_001
SPC_LEMUR_CATTA,BRD_RING_TAILED_LEMUR,EXACT_SPECIES,EVD_JRN_R15_B01_SPC_LEMUR_CATTA_PERSONALITY_ID_001 | EVD_JRN_R15_B01_SPC_LEMUR_CATTA_TERRAIN_BROAD_001 | EVD_JRN_R15_B01_SPC_LEMUR_CATTA_TERRAIN_SPECIFIC_001
SPC_SIPHONOPS_ANNULATUS,BRD_RINGED_CAECILIAN,EXACT_SPECIES,EVD_JRN_R13_B01_SPC_SIPHONOPS_ANNULATUS_PERSONALITY_ID_001 | EVD_JRN_R13_B01_SPC_SIPHONOPS_ANNULATUS_TERRAIN_BROAD_001 | EVD_JRN_R13_B01_SPC_SIPHONOPS_ANNULATUS_TERRAIN_SPECIFIC_001
SPC_GRAMPUS_GRISEUS,BRD_RISSO_S_DOLPHIN,EXACT_SPECIES,EVD_JRN_R01_B01_SPC_GRAMPUS_GRISEUS_PERSONALITY_ID_001 | EVD_JRN_R01_B01_SPC_GRAMPUS_GRISEUS_TERRAIN_BROAD_001 | EVD_JRN_R01_B01_SPC_GRAMPUS_GRISEUS_TERRAIN_SPECIFIC_001
SPC_KERODON_RUPESTRIS,BRD_ROCK_CAVY,EXACT_SPECIES,EVD_JRN_R20_B01_SPC_KERODON_RUPESTRIS_PERSONALITY_ID_001 | EVD_JRN_R20_B01_SPC_KERODON_RUPESTRIS_TERRAIN_BROAD_001 | EVD_JRN_R20_B01_SPC_KERODON_RUPESTRIS_TERRAIN_SPECIFIC_001
SPC_PROCAVIA_CAPENSIS,BRD_ROCK_HYRAX,EXACT_SPECIES,EVD_JRN_R11_B01_SPC_PROCAVIA_CAPENSIS_PERSONALITY_ID_001 | EVD_JRN_R11_B01_SPC_PROCAVIA_CAPENSIS_TERRAIN_BROAD_001 | EVD_JRN_R11_B01_SPC_PROCAVIA_CAPENSIS_TERRAIN_SPECIFIC_001
SPC_COLUMBA_LIVIA,BRD_ROCK_PIGEON,EXACT_SPECIES,EVD_JRN_R17_B01_SPC_COLUMBA_LIVIA_PERSONALITY_ID_001 | EVD_JRN_R17_B01_SPC_COLUMBA_LIVIA_TERRAIN_BROAD_001 | EVD_JRN_R17_B01_SPC_COLUMBA_LIVIA_TERRAIN_SPECIFIC_001
SPC_HELIX_POMATIA,BRD_ROMAN_SNAIL,EXACT_SPECIES,EVD_JRN_R14_B01_SPC_HELIX_POMATIA_PERSONALITY_ID_001 | EVD_JRN_R14_B01_SPC_HELIX_POMATIA_TERRAIN_BROAD_001 | EVD_JRN_R14_B01_SPC_HELIX_POMATIA_TERRAIN_SPECIFIC_001
SPC_PLATALEA_AJAJA,BRD_ROSEATE_SPOONBILL,EXACT_SPECIES,EVD_JRN_R01_B02_SPC_PLATALEA_AJAJA_PERSONALITY_ID_001 | EVD_JRN_R01_B02_SPC_PLATALEA_AJAJA_TERRAIN_BROAD_001 | EVD_JRN_R01_B02_SPC_PLATALEA_AJAJA_TERRAIN_SPECIFIC_001
SPC_EUGLANDINA_ROSEA,BRD_ROSY_WOLF_SNAIL,EXACT_SPECIES,EVD_JRN_R14_B01_SPC_EUGLANDINA_ROSEA_PERSONALITY_ID_001 | EVD_JRN_R14_B01_SPC_EUGLANDINA_ROSEA_TERRAIN_BROAD_001 | EVD_JRN_R14_B01_SPC_EUGLANDINA_ROSEA_TERRAIN_SPECIFIC_001
SPC_ARCHILOCHUS_COLUBRIS,BRD_RUBY_THROATED_HUMMINGBIRD,EXACT_SPECIES,EVD_JRN_R22_B01_SPC_ARCHILOCHUS_COLUBRIS_PERSONALITY_ID_001 | EVD_JRN_R22_B01_SPC_ARCHILOCHUS_COLUBRIS_TERRAIN_BROAD_001 | EVD_JRN_R22_B01_SPC_ARCHILOCHUS_COLUBRIS_TERRAIN_SPECIFIC_001
SPC_AQUASPIRITUS_RUSALKA,BRD_RUSALKA,EXACT_TRADITION,EVD_JRN_R04_B01_SPC_AQUASPIRITUS_RUSALKA_PERSONALITY_ID_001 | EVD_JRN_R04_B01_SPC_AQUASPIRITUS_RUSALKA_TERRAIN_BROAD_001 | EVD_JRN_R04_B01_SPC_AQUASPIRITUS_RUSALKA_TERRAIN_SPECIFIC_001
SPC_DESMANA_MOSCHATA,BRD_RUSSIAN_DESMAN,EXACT_SPECIES,EVD_JRN_R23_B01_SPC_DESMANA_MOSCHATA_PERSONALITY_ID_001 | EVD_JRN_R23_B01_SPC_DESMANA_MOSCHATA_TERRAIN_BROAD_001 | EVD_JRN_R23_B01_SPC_DESMANA_MOSCHATA_TERRAIN_SPECIFIC_001
SPC_HIPPOTRAGUS_NIGER,BRD_SABLE_ANTELOPE,EXACT_SPECIES,EVD_JRN_R02_B01_SPC_HIPPOTRAGUS_NIGER_PERSONALITY_ID_001 | EVD_JRN_R02_B01_SPC_HIPPOTRAGUS_NIGER_TERRAIN_BROAD_001 | EVD_JRN_R02_B01_SPC_HIPPOTRAGUS_NIGER_TERRAIN_SPECIFIC_001
SPC_THRESKIORNIS_AETHIOPICUS,BRD_SACRED_IBIS,EXACT_SPECIES,EVD_JRN_R01_B02_SPC_THRESKIORNIS_AETHIOPICUS_PERSONALITY_ID_001 | EVD_JRN_R01_B02_SPC_THRESKIORNIS_AETHIOPICUS_TERRAIN_BROAD_001 | EVD_JRN_R01_B02_SPC_THRESKIORNIS_AETHIOPICUS_TERRAIN_SPECIFIC_001
SPC_SCARABAEUS_SACER,BRD_SACRED_SCARAB,EXACT_SPECIES,EVD_JRN_R25_B02_SPC_SCARABAEUS_SACER_PERSONALITY_ID_001 | EVD_JRN_R25_B02_SPC_SCARABAEUS_SACER_TERRAIN_BROAD_001 | EVD_JRN_R25_B02_SPC_SCARABAEUS_SACER_TERRAIN_SPECIFIC_001
SPC_EPHIPPIORHYNCHUS_SENEGALENSIS,BRD_SADDLE_BILLED_STORK,EXACT_SPECIES,EVD_JRN_R01_B01_SPC_EPHIPPIORHYNCHUS_SENEGALENSIS_PERSONALITY_ID_001 | EVD_JRN_R01_B01_SPC_EPHIPPIORHYNCHUS_SENEGALENSIS_TERRAIN_BROAD_001 | EVD_JRN_R01_B01_SPC_EPHIPPIORHYNCHUS_SENEGALENSIS_TERRAIN_SPECIFIC_001
SPC_SAIGA_TATARICA,BRD_SAIGA_ANTELOPE,EXACT_SPECIES,EVD_JRN_R02_B02_SPC_SAIGA_TATARICA_PERSONALITY_ID_001 | EVD_JRN_R02_B02_SPC_SAIGA_TATARICA_TERRAIN_BROAD_001 | EVD_JRN_R02_B02_SPC_SAIGA_TATARICA_TERRAIN_SPECIFIC_001
SPC_ZEBRASOMA_VELIFERUM,BRD_SAILFIN_TANG,EXACT_SPECIES,EVD_JRN_R14_B02_SPC_ZEBRASOMA_VELIFERUM_PERSONALITY_ID_001 | EVD_JRN_R14_B02_SPC_ZEBRASOMA_VELIFERUM_TERRAIN_BROAD_001 | EVD_JRN_R14_B02_SPC_ZEBRASOMA_VELIFERUM_TERRAIN_SPECIFIC_001
SPC_ELEMENTUM_SALAMANDER,BRD_SALAMANDER,EXACT_TRADITION,EVD_JRN_R09_B01_SPC_ELEMENTUM_SALAMANDER_PERSONALITY_ID_001 | EVD_JRN_R09_B01_SPC_ELEMENTUM_SALAMANDER_TERRAIN_BROAD_001 | EVD_JRN_R09_B01_SPC_ELEMENTUM_SALAMANDER_TERRAIN_SPECIFIC_001
SPC_CROCODYLUS_POROSUS,BRD_SALTWATER_CROCODILE,EXACT_SPECIES,EVD_JRN_R04_B01_SPC_CROCODYLUS_POROSUS_PERSONALITY_ID_001 | EVD_JRN_R04_B01_SPC_CROCODYLUS_POROSUS_TERRAIN_BROAD_001 | EVD_JRN_R04_B01_SPC_CROCODYLUS_POROSUS_TERRAIN_SPECIFIC_001
SPC_FELIS_MARGARITA,BRD_SAND_CAT,EXACT_SPECIES,EVD_JRN_R02_B01_SPC_FELIS_MARGARITA_PERSONALITY_ID_001 | EVD_JRN_R02_B01_SPC_FELIS_MARGARITA_TERRAIN_BROAD_001 | EVD_JRN_R02_B01_SPC_FELIS_MARGARITA_TERRAIN_SPECIFIC_001
SPC_ANTIGONE_CANADENSIS,BRD_SANDHILL_CRANE,EXACT_SPECIES,EVD_JRN_R01_B01_SPC_ANTIGONE_CANADENSIS_PERSONALITY_001 | EVD_JRN_R01_B01_SPC_ANTIGONE_CANADENSIS_TERRAIN_BROAD_001 | EVD_JRN_R01_B01_SPC_ANTIGONE_CANADENSIS_TERRAIN_SPECIFIC_001
SPC_HISTRIO_HISTRIO,BRD_SARGASSUM_FROGFISH,EXACT_SPECIES,EVD_JRN_R14_B01_SPC_HISTRIO_HISTRIO_PERSONALITY_ID_001 | EVD_JRN_R14_B01_SPC_HISTRIO_HISTRIO_TERRAIN_BROAD_001 | EVD_JRN_R14_B01_SPC_HISTRIO_HISTRIO_TERRAIN_SPECIFIC_001
SPC_ANTIGONE_ANTIGONE,BRD_SARUS_CRANE,EXACT_SPECIES,EVD_JRN_R01_B01_SPC_ANTIGONE_ANTIGONE_PERSONALITY_001 | EVD_JRN_R01_B01_SPC_ANTIGONE_ANTIGONE_TERRAIN_BROAD_001 | EVD_JRN_R01_B01_SPC_ANTIGONE_ANTIGONE_TERRAIN_SPECIFIC_001
SPC_UROPLATUS_PHANTASTICUS,BRD_SATANIC_LEAF_TAILED_GECKO,EXACT_SPECIES,EVD_JRN_R24_B01_SPC_UROPLATUS_PHANTASTICUS_PERSONALITY_ID_001 | EVD_JRN_R24_B01_SPC_UROPLATUS_PHANTASTICUS_TERRAIN_BROAD_001 | EVD_JRN_R24_B01_SPC_UROPLATUS_PHANTASTICUS_TERRAIN_SPECIFIC_001
SPC_PTILONORHYNCHUS_VIOLACEUS,BRD_SATIN_BOWERBIRD,EXACT_SPECIES,EVD_JRN_R08_B01_SPC_PTILONORHYNCHUS_VIOLACEUS_PERSONALITY_ID_001 | EVD_JRN_R08_B01_SPC_PTILONORHYNCHUS_VIOLACEUS_TERRAIN_BROAD_001 | EVD_JRN_R08_B01_SPC_PTILONORHYNCHUS_VIOLACEUS_TERRAIN_SPECIFIC_001
SPC_CHIMAERA_SATYR,BRD_SATYR,EXACT_TRADITION,EVD_JRN_R23_B01_SPC_CHIMAERA_SATYR_PERSONALITY_ID_001 | EVD_JRN_R23_B01_SPC_CHIMAERA_SATYR_TERRAIN_BROAD_001 | EVD_JRN_R23_B01_SPC_CHIMAERA_SATYR_TERRAIN_SPECIFIC_001
SPC_WYULDA_SQUAMICAUDATA,BRD_SCALY_TAILED_POSSUM,EXACT_SPECIES,EVD_JRN_R22_B01_SPC_WYULDA_SQUAMICAUDATA_PERSONALITY_ID_001 | EVD_JRN_R22_B01_SPC_WYULDA_SQUAMICAUDATA_TERRAIN_BROAD_001 | EVD_JRN_R22_B01_SPC_WYULDA_SQUAMICAUDATA_TERRAIN_SPECIFIC_001
SPC_AUTOMATON_STRAMENTARIUM,BRD_SCARECROW,EXACT_TRADITION,EVD_JRN_R24_B01_SPC_AUTOMATON_STRAMENTARIUM_PERSONALITY_ID_001 | EVD_JRN_R24_B01_SPC_AUTOMATON_STRAMENTARIUM_TERRAIN_BROAD_001 | EVD_JRN_R24_B01_SPC_AUTOMATON_STRAMENTARIUM_TERRAIN_SPECIFIC_001
SPC_CHALCOMITRA_SENEGALENSIS,BRD_SCARLET_CHESTED_SUNBIRD,EXACT_SPECIES,EVD_JRN_R08_B01_SPC_CHALCOMITRA_SENEGALENSIS_PERSONALITY_ID_001 | EVD_JRN_R08_B01_SPC_CHALCOMITRA_SENEGALENSIS_TERRAIN_BROAD_001 | EVD_JRN_R08_B01_SPC_CHALCOMITRA_SENEGALENSIS_TERRAIN_SPECIFIC_001
SPC_LYSMATA_AMBOINENSIS,BRD_SCARLET_CLEANER_SHRIMP,EXACT_SPECIES,EVD_JRN_R25_B01_SPC_LYSMATA_AMBOINENSIS_PERSONALITY_ID_001 | EVD_JRN_R25_B01_SPC_LYSMATA_AMBOINENSIS_TERRAIN_BROAD_001 | EVD_JRN_R25_B01_SPC_LYSMATA_AMBOINENSIS_TERRAIN_SPECIFIC_001
SPC_EUDOCIMUS_RUBER,BRD_SCARLET_IBIS,EXACT_SPECIES,EVD_JRN_R01_B01_SPC_EUDOCIMUS_RUBER_PERSONALITY_ID_001 | EVD_JRN_R01_B01_SPC_EUDOCIMUS_RUBER_TERRAIN_BROAD_001 | EVD_JRN_R01_B01_SPC_EUDOCIMUS_RUBER_TERRAIN_SPECIFIC_001
SPC_ARA_MACAO,BRD_SCARLET_MACAW,EXACT_SPECIES,EVD_JRN_R19_B01_SPC_ARA_MACAO_PERSONALITY_ID_001 | EVD_JRN_R19_B01_SPC_ARA_MACAO_TERRAIN_BROAD_001 | EVD_JRN_R19_B01_SPC_ARA_MACAO_TERRAIN_SPECIFIC_001
SPC_ORYX_DAMMAH,BRD_SCIMITAR_HORNED_ORYX,EXACT_SPECIES,EVD_JRN_R02_B01_SPC_ORYX_DAMMAH_PERSONALITY_ID_001 | EVD_JRN_R02_B01_SPC_ORYX_DAMMAH_TERRAIN_BROAD_001 | EVD_JRN_R02_B01_SPC_ORYX_DAMMAH_TERRAIN_SPECIFIC_001
SPC_DASYPUS_VELLEROSUS,BRD_SCREAMING_HAIRY_ARMADILLO,EXACT_SPECIES,EVD_JRN_R23_B01_SPC_DASYPUS_VELLEROSUS_PERSONALITY_ID_001 | EVD_JRN_R23_B01_SPC_DASYPUS_VELLEROSUS_TERRAIN_BROAD_001 | EVD_JRN_R23_B01_SPC_DASYPUS_VELLEROSUS_TERRAIN_SPECIFIC_001
SPC_PETROMYZON_MARINUS,BRD_SEA_LAMPREY,EXACT_SPECIES,EVD_JRN_R12_B01_SPC_PETROMYZON_MARINUS_PERSONALITY_ID_001 | EVD_JRN_R12_B01_SPC_PETROMYZON_MARINUS_TERRAIN_BROAD_001 | EVD_JRN_R12_B01_SPC_PETROMYZON_MARINUS_TERRAIN_SPECIFIC_001
SPC_ENHYDRA_LUTRIS,BRD_SEA_OTTER,EXACT_SPECIES,EVD_JRN_R02_B01_SPC_ENHYDRA_LUTRIS_PERSONALITY_ID_001 | EVD_JRN_R02_B01_SPC_ENHYDRA_LUTRIS_TERRAIN_BROAD_001 | EVD_JRN_R02_B01_SPC_ENHYDRA_LUTRIS_TERRAIN_SPECIFIC_001
SPC_SAGITTARIUS_SERPENTARIUS,BRD_SECRETARYBIRD,EXACT_SPECIES,EVD_JRN_R18_B01_SPC_SAGITTARIUS_SERPENTARIUS_PERSONALITY_ID_001 | EVD_JRN_R18_B01_SPC_SAGITTARIUS_SERPENTARIUS_TERRAIN_BROAD_001 | EVD_JRN_R18_B01_SPC_SAGITTARIUS_SERPENTARIUS_TERRAIN_SPECIFIC_001
SPC_VERSIPELLIS_SELKIE,BRD_SELKIE,EXACT_TRADITION,EVD_JRN_R07_B01_SPC_VERSIPELLIS_SELKIE_PERSONALITY_ID_001 | EVD_JRN_R07_B01_SPC_VERSIPELLIS_SELKIE_TERRAIN_BROAD_001 | EVD_JRN_R07_B01_SPC_VERSIPELLIS_SELKIE_TERRAIN_SPECIFIC_001
SPC_GALAGO_SENEGALENSIS,BRD_SENEGAL_BUSHBABY,EXACT_SPECIES,EVD_JRN_R15_B01_SPC_GALAGO_SENEGALENSIS_PERSONALITY_ID_001 | EVD_JRN_R15_B01_SPC_GALAGO_SENEGALENSIS_TERRAIN_BROAD_001 | EVD_JRN_R15_B01_SPC_GALAGO_SENEGALENSIS_TERRAIN_SPECIFIC_001
SPC_LEPTAILURUS_SERVAL,BRD_SERVAL,EXACT_SPECIES,EVD_JRN_R02_B01_SPC_LEPTAILURUS_SERVAL_PERSONALITY_ID_001 | EVD_JRN_R02_B01_SPC_LEPTAILURUS_SERVAL_TERRAIN_BROAD_001 | EVD_JRN_R02_B01_SPC_LEPTAILURUS_SERVAL_TERRAIN_SPECIFIC_001
SPC_COCCINELLA_SEPTEMPUNCTATA,BRD_SEVEN_SPOT_LADYBIRD,EXACT_SPECIES,EVD_JRN_R25_B01_SPC_COCCINELLA_SEPTEMPUNCTATA_PERSONALITY_ID_001 | EVD_JRN_R25_B01_SPC_COCCINELLA_SEPTEMPUNCTATA_TERRAIN_BROAD_001 | EVD_JRN_R25_B01_SPC_COCCINELLA_SEPTEMPUNCTATA_TERRAIN_SPECIFIC_001
SPC_MAGICICADA_SEPTENDECIM,BRD_SEVENTEEN_YEAR_PERIODICAL_CICADA,EXACT_SPECIES,EVD_JRN_R25_B01_SPC_MAGICICADA_SEPTENDECIM_PERSONALITY_ID_001 | EVD_JRN_R25_B01_SPC_MAGICICADA_SEPTENDECIM_TERRAIN_BROAD_001 | EVD_JRN_R25_B01_SPC_MAGICICADA_SEPTENDECIM_TERRAIN_SPECIFIC_001
SPC_MASTURUS_LANCEOLATUS,BRD_SHARPTAIL_MOLA,EXACT_SPECIES,EVD_JRN_R14_B01_SPC_MASTURUS_LANCEOLATUS_PERSONALITY_ID_001 | EVD_JRN_R14_B01_SPC_MASTURUS_LANCEOLATUS_TERRAIN_BROAD_001 | EVD_JRN_R14_B01_SPC_MASTURUS_LANCEOLATUS_TERRAIN_SPECIFIC_001
SPC_DESMOXYTES_PURPUROSEA,BRD_SHOCKING_PINK_DRAGON_MILLIPEDE,EXACT_SPECIES,EVD_JRN_R25_B01_SPC_DESMOXYTES_PURPUROSEA_PERSONALITY_ID_001 | EVD_JRN_R25_B01_SPC_DESMOXYTES_PURPUROSEA_TERRAIN_BROAD_001 | EVD_JRN_R25_B01_SPC_DESMOXYTES_PURPUROSEA_TERRAIN_SPECIFIC_001
SPC_BALAENICEPS_REX,BRD_SHOEBILL,EXACT_SPECIES,EVD_JRN_R01_B01_SPC_BALAENICEPS_REX_PERSONALITY_001 | EVD_JRN_R01_B01_SPC_BALAENICEPS_REX_TERRAIN_BROAD_001 | EVD_JRN_R01_B01_SPC_BALAENICEPS_REX_TERRAIN_SPECIFIC_001
SPC_DELPHINUS_DELPHIS,BRD_SHORT_BEAKED_COMMON_DOLPHIN,EXACT_SPECIES,EVD_JRN_R01_B01_SPC_DELPHINUS_DELPHIS_PERSONALITY_ID_001 | EVD_JRN_R01_B01_SPC_DELPHINUS_DELPHIS_TERRAIN_BROAD_001 | EVD_JRN_R01_B01_SPC_DELPHINUS_DELPHIS_TERRAIN_SPECIFIC_001
SPC_TACHYGLOSSUS_ACULEATUS,BRD_SHORT_BEAKED_ECHIDNA,EXACT_SPECIES,EVD_JRN_R22_B01_SPC_TACHYGLOSSUS_ACULEATUS_PERSONALITY_ID_001 | EVD_JRN_R22_B01_SPC_TACHYGLOSSUS_ACULEATUS_TERRAIN_BROAD_001 | EVD_JRN_R22_B01_SPC_TACHYGLOSSUS_ACULEATUS_TERRAIN_SPECIFIC_001
SPC_MACROSCELIDES_PROBOSCIDEUS,BRD_SHORT_EARED_ELEPHANT_SHREW,EXACT_SPECIES,EVD_JRN_R11_B01_SPC_MACROSCELIDES_PROBOSCIDEUS_PERSONALITY_ID_001 | EVD_JRN_R11_B01_SPC_MACROSCELIDES_PROBOSCIDEUS_TERRAIN_BROAD_001 | EVD_JRN_R11_B01_SPC_MACROSCELIDES_PROBOSCIDEUS_TERRAIN_SPECIFIC_001
SPC_PHOEBASTRIA_ALBATRUS,BRD_SHORT_TAILED_ALBATROSS,EXACT_SPECIES,EVD_JRN_R01_B02_SPC_PHOEBASTRIA_ALBATRUS_PERSONALITY_ID_001 | EVD_JRN_R01_B02_SPC_PHOEBASTRIA_ALBATRUS_TERRAIN_BROAD_001 | EVD_JRN_R01_B02_SPC_PHOEBASTRIA_ALBATRUS_TERRAIN_SPECIFIC_001
SPC_CHINCHILLA_CHINCHILLA,BRD_SHORT_TAILED_CHINCHILLA,EXACT_SPECIES,EVD_JRN_R20_B01_SPC_CHINCHILLA_CHINCHILLA_PERSONALITY_ID_001 | EVD_JRN_R20_B01_SPC_CHINCHILLA_CHINCHILLA_TERRAIN_BROAD_001 | EVD_JRN_R20_B01_SPC_CHINCHILLA_CHINCHILLA_TERRAIN_SPECIFIC_001
SPC_SYMPHALANGUS_SYNDACTYLUS,BRD_SIAMANG,EXACT_SPECIES,EVD_JRN_R15_B01_SPC_SYMPHALANGUS_SYNDACTYLUS_PERSONALITY_ID_001 | EVD_JRN_R15_B01_SPC_SYMPHALANGUS_SYNDACTYLUS_TERRAIN_BROAD_001 | EVD_JRN_R15_B01_SPC_SYMPHALANGUS_SYNDACTYLUS_TERRAIN_SPECIFIC_001
SPC_MOSCHUS_MOSCHIFERUS,BRD_SIBERIAN_MUSK_DEER,EXACT_SPECIES,EVD_JRN_R02_B01_SPC_MOSCHUS_MOSCHIFERUS_PERSONALITY_ID_001 | EVD_JRN_R02_B01_SPC_MOSCHUS_MOSCHIFERUS_TERRAIN_BROAD_001 | EVD_JRN_R02_B01_SPC_MOSCHUS_MOSCHIFERUS_TERRAIN_SPECIFIC_001
SPC_CYCLOPES_DIDACTYLUS,BRD_SILKY_ANTEATER,EXACT_SPECIES,EVD_JRN_R23_B01_SPC_CYCLOPES_DIDACTYLUS_PERSONALITY_ID_001 | EVD_JRN_R23_B01_SPC_CYCLOPES_DIDACTYLUS_TERRAIN_BROAD_001 | EVD_JRN_R23_B01_SPC_CYCLOPES_DIDACTYLUS_TERRAIN_SPECIFIC_001
SPC_PEROGNATHUS_FLAVUS,BRD_SILKY_POCKET_MOUSE,EXACT_SPECIES,EVD_JRN_R20_B01_SPC_PEROGNATHUS_FLAVUS_PERSONALITY_ID_001 | EVD_JRN_R20_B01_SPC_PEROGNATHUS_FLAVUS_TERRAIN_BROAD_001 | EVD_JRN_R20_B01_SPC_PEROGNATHUS_FLAVUS_TERRAIN_SPECIFIC_001
SPC_ZAGLOSSUS_ATTENBOROUGHI,BRD_SIR_DAVID_S_LONG_BEAKED_ECHIDNA,EXACT_SPECIES,EVD_JRN_R22_B01_SPC_ZAGLOSSUS_ATTENBOROUGHI_PERSONALITY_ID_001 | EVD_JRN_R22_B01_SPC_ZAGLOSSUS_ATTENBOROUGHI_TERRAIN_BROAD_001 | EVD_JRN_R22_B01_SPC_ZAGLOSSUS_ATTENBOROUGHI_TERRAIN_SPECIFIC_001
SPC_CHIMAERA_SIREN,BRD_SIREN,EXACT_TRADITION,EVD_JRN_R23_B01_SPC_CHIMAERA_SIREN_PERSONALITY_ID_001 | EVD_JRN_R23_B01_SPC_CHIMAERA_SIREN_TERRAIN_BROAD_001 | EVD_JRN_R23_B01_SPC_CHIMAERA_SIREN_TERRAIN_SPECIFIC_001
SPC_ASPIDOSCELIS_SEXLINEATUS,BRD_SIX_LINED_RACERUNNER,EXACT_SPECIES,EVD_JRN_R24_B01_SPC_ASPIDOSCELIS_SEXLINEATUS_PERSONALITY_ID_001 | EVD_JRN_R24_B01_SPC_ASPIDOSCELIS_SEXLINEATUS_TERRAIN_BROAD_001 | EVD_JRN_R24_B01_SPC_ASPIDOSCELIS_SEXLINEATUS_TERRAIN_SPECIFIC_001
SPC_PELAGICUS_SIYOKOY,BRD_SIYOKOY,EXACT_TRADITION,EVD_JRN_R12_B01_SPC_PELAGICUS_SIYOKOY_PERSONALITY_ID_001 | EVD_JRN_R12_B01_SPC_PELAGICUS_SIYOKOY_TERRAIN_BROAD_001 | EVD_JRN_R12_B01_SPC_PELAGICUS_SIYOKOY_TERRAIN_SPECIFIC_001
SPC_CADAVER_OSSEUS,BRD_SKELETON,EXACT_TRADITION,EVD_JRN_R25_B02_SPC_CADAVER_OSSEUS_PERSONALITY_ID_001 | EVD_JRN_R25_B02_SPC_CADAVER_OSSEUS_TERRAIN_BROAD_001 | EVD_JRN_R25_B02_SPC_CADAVER_OSSEUS_TERRAIN_SPECIFIC_001
SPC_MELURSUS_URSINUS,BRD_SLOTH_BEAR,EXACT_SPECIES,EVD_JRN_R02_B01_SPC_MELURSUS_URSINUS_PERSONALITY_ID_001 | EVD_JRN_R02_B01_SPC_MELURSUS_URSINUS_TERRAIN_BROAD_001 | EVD_JRN_R02_B01_SPC_MELURSUS_URSINUS_TERRAIN_SPECIFIC_001
SPC_ANGUIS_FRAGILIS,BRD_SLOW_WORM,EXACT_SPECIES,EVD_JRN_R24_B01_SPC_ANGUIS_FRAGILIS_PERSONALITY_ID_001 | EVD_JRN_R24_B01_SPC_ANGUIS_FRAGILIS_TERRAIN_BROAD_001 | EVD_JRN_R24_B01_SPC_ANGUIS_FRAGILIS_TERRAIN_SPECIFIC_001
SPC_ATRACTASPIS_MICROLEPIDOTA,BRD_SMALL_SCALED_BURROWING_ASP,EXACT_SPECIES,EVD_JRN_R25_B01_SPC_ATRACTASPIS_MICROLEPIDOTA_PERSONALITY_ID_001 | EVD_JRN_R25_B01_SPC_ATRACTASPIS_MICROLEPIDOTA_TERRAIN_BROAD_001 | EVD_JRN_R25_B01_SPC_ATRACTASPIS_MICROLEPIDOTA_TERRAIN_SPECIFIC_001
SPC_MALAPTERURUS_MICROSTOMA,BRD_SMALLMOUTH_ELECTRIC_CATFISH,EXACT_SPECIES,EVD_JRN_R14_B01_SPC_MALAPTERURUS_MICROSTOMA_PERSONALITY_ID_001 | EVD_JRN_R14_B01_SPC_MALAPTERURUS_MICROSTOMA_TERRAIN_BROAD_001 | EVD_JRN_R14_B01_SPC_MALAPTERURUS_MICROSTOMA_TERRAIN_SPECIFIC_001
SPC_UNCIA_UNCIA,BRD_SNOW_LEOPARD,EXACT_SPECIES,EVD_JRN_R02_B02_SPC_UNCIA_UNCIA_PERSONALITY_ID_001 | EVD_JRN_R02_B02_SPC_UNCIA_UNCIA_TERRAIN_BROAD_001 | EVD_JRN_R02_B02_SPC_UNCIA_UNCIA_TERRAIN_SPECIFIC_001
SPC_PAGODROMA_NIVEA,BRD_SNOW_PETREL,EXACT_SPECIES,EVD_JRN_R01_B01_SPC_PAGODROMA_NIVEA_PERSONALITY_ID_001 | EVD_JRN_R01_B01_SPC_PAGODROMA_NIVEA_TERRAIN_BROAD_001 | EVD_JRN_R01_B01_SPC_PAGODROMA_NIVEA_TERRAIN_SPECIFIC_001
SPC_LEPUS_AMERICANUS,BRD_SNOWSHOE_HARE,EXACT_SPECIES,EVD_JRN_R20_B01_SPC_LEPUS_AMERICANUS_PERSONALITY_ID_001 | EVD_JRN_R20_B01_SPC_LEPUS_AMERICANUS_TERRAIN_BROAD_001 | EVD_JRN_R20_B01_SPC_LEPUS_AMERICANUS_TERRAIN_SPECIFIC_001
SPC_BUBO_SCANDIACUS,BRD_SNOWY_OWL,EXACT_SPECIES,EVD_JRN_R18_B01_SPC_BUBO_SCANDIACUS_PERSONALITY_ID_001 | EVD_JRN_R18_B01_SPC_BUBO_SCANDIACUS_TERRAIN_BROAD_001 | EVD_JRN_R18_B01_SPC_BUBO_SCANDIACUS_TERRAIN_SPECIFIC_001
SPC_PHILETAIRUS_SOCIUS,BRD_SOCIABLE_WEAVER,EXACT_SPECIES,EVD_JRN_R08_B01_SPC_PHILETAIRUS_SOCIUS_PERSONALITY_ID_001 | EVD_JRN_R08_B01_SPC_PHILETAIRUS_SOCIUS_TERRAIN_BROAD_001 | EVD_JRN_R08_B01_SPC_PHILETAIRUS_SOCIUS_TERRAIN_SPECIFIC_001
SPC_STRUTHIO_MOLYBDOPHANES,BRD_SOMALI_OSTRICH,EXACT_SPECIES,EVD_JRN_R17_B01_SPC_STRUTHIO_MOLYBDOPHANES_PERSONALITY_ID_001 | EVD_JRN_R17_B01_SPC_STRUTHIO_MOLYBDOPHANES_TERRAIN_BROAD_001 | EVD_JRN_R17_B01_SPC_STRUTHIO_MOLYBDOPHANES_TERRAIN_SPECIFIC_001
SPC_TURDUS_PHILOMELOS,BRD_SONG_THRUSH,EXACT_SPECIES,EVD_JRN_R08_B01_SPC_TURDUS_PHILOMELOS_PERSONALITY_ID_001 | EVD_JRN_R08_B01_SPC_TURDUS_PHILOMELOS_TERRAIN_BROAD_001 | EVD_JRN_R08_B01_SPC_TURDUS_PHILOMELOS_TERRAIN_SPECIFIC_001
SPC_ARDENNA_GRISEA,BRD_SOOTY_SHEARWATER,EXACT_SPECIES,EVD_JRN_R01_B01_SPC_ARDENNA_GRISEA_PERSONALITY_001 | EVD_JRN_R01_B01_SPC_ARDENNA_GRISEA_TERRAIN_BROAD_001 | EVD_JRN_R01_B01_SPC_ARDENNA_GRISEA_TERRAIN_SPECIFIC_001
SPC_NASUA_NASUA,BRD_SOUTH_AMERICAN_COATI,EXACT_SPECIES,EVD_JRN_R02_B01_SPC_NASUA_NASUA_PERSONALITY_ID_001 | EVD_JRN_R02_B01_SPC_NASUA_NASUA_TERRAIN_BROAD_001 | EVD_JRN_R02_B01_SPC_NASUA_NASUA_TERRAIN_SPECIFIC_001
SPC_LEPIDOSIREN_PARADOXA,BRD_SOUTH_AMERICAN_LUNGFISH,EXACT_SPECIES,EVD_JRN_R14_B01_SPC_LEPIDOSIREN_PARADOXA_PERSONALITY_ID_001 | EVD_JRN_R14_B01_SPC_LEPIDOSIREN_PARADOXA_TERRAIN_BROAD_001 | EVD_JRN_R14_B01_SPC_LEPIDOSIREN_PARADOXA_TERRAIN_SPECIFIC_001
SPC_CASUARIUS_CASUARIUS,BRD_SOUTHERN_CASSOWARY,EXACT_SPECIES,EVD_JRN_R17_B01_SPC_CASUARIUS_CASUARIUS_PERSONALITY_ID_001 | EVD_JRN_R17_B01_SPC_CASUARIUS_CASUARIUS_TERRAIN_BROAD_001 | EVD_JRN_R17_B01_SPC_CASUARIUS_CASUARIUS_TERRAIN_SPECIFIC_001
SPC_CARACARA_PLANCUS,BRD_SOUTHERN_CRESTED_CARACARA,EXACT_SPECIES,EVD_JRN_R18_B01_SPC_CARACARA_PLANCUS_PERSONALITY_ID_001 | EVD_JRN_R18_B01_SPC_CARACARA_PLANCUS_TERRAIN_BROAD_001 | EVD_JRN_R18_B01_SPC_CARACARA_PLANCUS_TERRAIN_SPECIFIC_001
SPC_MIROUNGA_LEONINA,BRD_SOUTHERN_ELEPHANT_SEAL,EXACT_SPECIES,EVD_JRN_R02_B01_SPC_MIROUNGA_LEONINA_PERSONALITY_ID_001 | EVD_JRN_R02_B01_SPC_MIROUNGA_LEONINA_TERRAIN_BROAD_001 | EVD_JRN_R02_B01_SPC_MIROUNGA_LEONINA_TERRAIN_SPECIFIC_001
SPC_GLAUCOMYS_VOLANS,BRD_SOUTHERN_FLYING_SQUIRREL,EXACT_SPECIES,EVD_JRN_R20_B01_SPC_GLAUCOMYS_VOLANS_PERSONALITY_ID_001 | EVD_JRN_R20_B01_SPC_GLAUCOMYS_VOLANS_TERRAIN_BROAD_001 | EVD_JRN_R20_B01_SPC_GLAUCOMYS_VOLANS_TERRAIN_SPECIFIC_001
SPC_MACRONECTES_GIGANTEUS,BRD_SOUTHERN_GIANT_PETREL,EXACT_SPECIES,EVD_JRN_R01_B01_SPC_MACRONECTES_GIGANTEUS_PERSONALITY_ID_001 | EVD_JRN_R01_B01_SPC_MACRONECTES_GIGANTEUS_TERRAIN_BROAD_001 | EVD_JRN_R01_B01_SPC_MACRONECTES_GIGANTEUS_TERRAIN_SPECIFIC_001
SPC_GIRAFFA_GIRAFFA,BRD_SOUTHERN_GIRAFFE,EXACT_SPECIES,EVD_JRN_R02_B01_SPC_GIRAFFA_GIRAFFA_PERSONALITY_ID_001 | EVD_JRN_R02_B01_SPC_GIRAFFA_GIRAFFA_TERRAIN_BROAD_001 | EVD_JRN_R02_B01_SPC_GIRAFFA_GIRAFFA_TERRAIN_SPECIFIC_001
SPC_BUCORVUS_LEADBEATERI,BRD_SOUTHERN_GROUND_HORNBILL,EXACT_SPECIES,EVD_JRN_R22_B01_SPC_BUCORVUS_LEADBEATERI_PERSONALITY_ID_001 | EVD_JRN_R22_B01_SPC_BUCORVUS_LEADBEATERI_TERRAIN_BROAD_001 | EVD_JRN_R22_B01_SPC_BUCORVUS_LEADBEATERI_TERRAIN_SPECIFIC_001
SPC_LASIORHINUS_LATIFRONS,BRD_SOUTHERN_HAIRY_NOSED_WOMBAT,EXACT_SPECIES,EVD_JRN_R22_B01_SPC_LASIORHINUS_LATIFRONS_PERSONALITY_ID_001 | EVD_JRN_R22_B01_SPC_LASIORHINUS_LATIFRONS_TERRAIN_BROAD_001 | EVD_JRN_R22_B01_SPC_LASIORHINUS_LATIFRONS_TERRAIN_SPECIFIC_001
SPC_NOTORYCTES_TYPHLOPS,BRD_SOUTHERN_MARSUPIAL_MOLE,EXACT_SPECIES,EVD_JRN_R22_B01_SPC_NOTORYCTES_TYPHLOPS_PERSONALITY_ID_001 | EVD_JRN_R22_B01_SPC_NOTORYCTES_TYPHLOPS_TERRAIN_BROAD_001 | EVD_JRN_R22_B01_SPC_NOTORYCTES_TYPHLOPS_TERRAIN_SPECIFIC_001
SPC_CHAUNA_TORQUATA,BRD_SOUTHERN_SCREAMER,EXACT_SPECIES,EVD_JRN_R01_B01_SPC_CHAUNA_TORQUATA_PERSONALITY_ID_001 | EVD_JRN_R01_B01_SPC_CHAUNA_TORQUATA_TERRAIN_BROAD_001 | EVD_JRN_R01_B01_SPC_CHAUNA_TORQUATA_TERRAIN_SPECIFIC_001
SPC_ATRACTASPIS_BIBRONII,BRD_SOUTHERN_STILETTO_SNAKE,EXACT_SPECIES,EVD_JRN_R25_B01_SPC_ATRACTASPIS_BIBRONII_PERSONALITY_ID_001 | EVD_JRN_R25_B01_SPC_ATRACTASPIS_BIBRONII_TERRAIN_BROAD_001 | EVD_JRN_R25_B01_SPC_ATRACTASPIS_BIBRONII_TERRAIN_SPECIFIC_001
SPC_HYPANUS_AMERICANUS,BRD_SOUTHERN_STINGRAY,EXACT_SPECIES,EVD_JRN_R12_B01_SPC_HYPANUS_AMERICANUS_PERSONALITY_ID_001 | EVD_JRN_R12_B01_SPC_HYPANUS_AMERICANUS_TERRAIN_BROAD_001 | EVD_JRN_R12_B01_SPC_HYPANUS_AMERICANUS_TERRAIN_SPECIFIC_001
SPC_TAMANDUA_TETRADACTYLA,BRD_SOUTHERN_TAMANDUA,EXACT_SPECIES,EVD_JRN_R23_B01_SPC_TAMANDUA_TETRADACTYLA_PERSONALITY_ID_001 | EVD_JRN_R23_B01_SPC_TAMANDUA_TETRADACTYLA_TERRAIN_BROAD_001 | EVD_JRN_R23_B01_SPC_TAMANDUA_TETRADACTYLA_TERRAIN_SPECIFIC_001
SPC_TOLYPEUTES_MATACUS,BRD_SOUTHERN_THREE_BANDED_ARMADILLO,EXACT_SPECIES,EVD_JRN_R23_B01_SPC_TOLYPEUTES_MATACUS_PERSONALITY_ID_001 | EVD_JRN_R23_B01_SPC_TOLYPEUTES_MATACUS_TERRAIN_BROAD_001 | EVD_JRN_R23_B01_SPC_TOLYPEUTES_MATACUS_TERRAIN_SPECIFIC_001
SPC_DENDROHYRAX_ARBOREUS,BRD_SOUTHERN_TREE_HYRAX,EXACT_SPECIES,EVD_JRN_R11_B01_SPC_DENDROHYRAX_ARBOREUS_PERSONALITY_ID_001 | EVD_JRN_R11_B01_SPC_DENDROHYRAX_ARBOREUS_TERRAIN_BROAD_001 | EVD_JRN_R11_B01_SPC_DENDROHYRAX_ARBOREUS_TERRAIN_SPECIFIC_001
SPC_LAGIDIUM_VISCACIA,BRD_SOUTHERN_VISCACHA,EXACT_SPECIES,EVD_JRN_R20_B01_SPC_LAGIDIUM_VISCACIA_PERSONALITY_ID_001 | EVD_JRN_R20_B01_SPC_LAGIDIUM_VISCACIA_TERRAIN_BROAD_001 | EVD_JRN_R20_B01_SPC_LAGIDIUM_VISCACIA_TERRAIN_SPECIFIC_001
SPC_PLEURODELES_WALTL,BRD_SPANISH_RIBBED_NEWT,EXACT_SPECIES,EVD_JRN_R13_B01_SPC_PLEURODELES_WALTL_PERSONALITY_ID_001 | EVD_JRN_R13_B01_SPC_PLEURODELES_WALTL_TERRAIN_BROAD_001 | EVD_JRN_R13_B01_SPC_PLEURODELES_WALTL_TERRAIN_SPECIFIC_001
SPC_TREMARCTOS_ORNATUS,BRD_SPECTACLED_BEAR,EXACT_SPECIES,EVD_JRN_R02_B02_SPC_TREMARCTOS_ORNATUS_PERSONALITY_ID_001 | EVD_JRN_R02_B02_SPC_TREMARCTOS_ORNATUS_TERRAIN_BROAD_001 | EVD_JRN_R02_B02_SPC_TREMARCTOS_ORNATUS_TERRAIN_SPECIFIC_001
SPC_CAIMAN_CROCODILUS,BRD_SPECTACLED_CAIMAN,EXACT_SPECIES,EVD_JRN_R04_B01_SPC_CAIMAN_CROCODILUS_PERSONALITY_ID_001 | EVD_JRN_R04_B01_SPC_CAIMAN_CROCODILUS_TERRAIN_BROAD_001 | EVD_JRN_R04_B01_SPC_CAIMAN_CROCODILUS_TERRAIN_SPECIFIC_001
SPC_TARSIUS_SPECTRUM,BRD_SPECTRAL_TARSIER,EXACT_SPECIES,EVD_JRN_R15_B01_SPC_TARSIUS_SPECTRUM_PERSONALITY_ID_001 | EVD_JRN_R15_B01_SPC_TARSIUS_SPECTRUM_TERRAIN_BROAD_001 | EVD_JRN_R15_B01_SPC_TARSIUS_SPECTRUM_TERRAIN_SPECIFIC_001
SPC_PHYSETER_MACROCEPHALUS,BRD_SPERM_WHALE,EXACT_SPECIES,EVD_JRN_R01_B02_SPC_PHYSETER_MACROCEPHALUS_PERSONALITY_ID_001 | EVD_JRN_R01_B02_SPC_PHYSETER_MACROCEPHALUS_TERRAIN_BROAD_001 | EVD_JRN_R01_B02_SPC_PHYSETER_MACROCEPHALUS_TERRAIN_SPECIFIC_001
SPC_CHIMAERA_SPHINX,BRD_SPHINX,EXACT_TRADITION,EVD_JRN_R23_B01_SPC_CHIMAERA_SPHINX_PERSONALITY_ID_001 | EVD_JRN_R23_B01_SPC_CHIMAERA_SPHINX_TERRAIN_BROAD_001 | EVD_JRN_R23_B01_SPC_CHIMAERA_SPHINX_TERRAIN_SPECIFIC_001
SPC_STENELLA_LONGIROSTRIS,BRD_SPINNER_DOLPHIN,EXACT_SPECIES,EVD_JRN_R01_B02_SPC_STENELLA_LONGIROSTRIS_PERSONALITY_ID_001 | EVD_JRN_R01_B02_SPC_STENELLA_LONGIROSTRIS_TERRAIN_BROAD_001 | EVD_JRN_R01_B02_SPC_STENELLA_LONGIROSTRIS_TERRAIN_SPECIFIC_001
SPC_GASTERACANTHA_CANCRIFORMIS,BRD_SPINY_BACKED_ORB_WEAVER,EXACT_SPECIES,EVD_JRN_R25_B01_SPC_GASTERACANTHA_CANCRIFORMIS_PERSONALITY_ID_001 | EVD_JRN_R25_B01_SPC_GASTERACANTHA_CANCRIFORMIS_TERRAIN_BROAD_001 | EVD_JRN_R25_B01_SPC_GASTERACANTHA_CANCRIFORMIS_TERRAIN_SPECIFIC_001
SPC_APALONE_SPINIFERA,BRD_SPINY_SOFTSHELL_TURTLE,EXACT_SPECIES,EVD_JRN_R04_B01_SPC_APALONE_SPINIFERA_PERSONALITY_ID_001 | EVD_JRN_R04_B01_SPC_APALONE_SPINIFERA_TERRAIN_BROAD_001 | EVD_JRN_R04_B01_SPC_APALONE_SPINIFERA_TERRAIN_SPECIFIC_001
SPC_AETOBATUS_NARINARI,BRD_SPOTTED_EAGLE_RAY,EXACT_SPECIES,EVD_JRN_R12_B01_SPC_AETOBATUS_NARINARI_PERSONALITY_ID_001 | EVD_JRN_R12_B01_SPC_AETOBATUS_NARINARI_TERRAIN_BROAD_001 | EVD_JRN_R12_B01_SPC_AETOBATUS_NARINARI_TERRAIN_SPECIFIC_001
SPC_CROCUTA_CROCUTA,BRD_SPOTTED_HYENA,EXACT_SPECIES,EVD_JRN_R02_B01_SPC_CROCUTA_CROCUTA_PERSONALITY_ID_001 | EVD_JRN_R02_B01_SPC_CROCUTA_CROCUTA_TERRAIN_BROAD_001 | EVD_JRN_R02_B01_SPC_CROCUTA_CROCUTA_TERRAIN_SPECIFIC_001
SPC_HYDROLAGUS_COLLIEI,BRD_SPOTTED_RATFISH,EXACT_SPECIES,EVD_JRN_R12_B01_SPC_HYDROLAGUS_COLLIEI_PERSONALITY_ID_001 | EVD_JRN_R12_B01_SPC_HYDROLAGUS_COLLIEI_TERRAIN_BROAD_001 | EVD_JRN_R12_B01_SPC_HYDROLAGUS_COLLIEI_TERRAIN_SPECIFIC_001
SPC_DASYURUS_MACULATUS,BRD_SPOTTED_TAILED_QUOLL,EXACT_SPECIES,EVD_JRN_R22_B01_SPC_DASYURUS_MACULATUS_PERSONALITY_ID_001 | EVD_JRN_R22_B01_SPC_DASYURUS_MACULATUS_TERRAIN_BROAD_001 | EVD_JRN_R22_B01_SPC_DASYURUS_MACULATUS_TERRAIN_SPECIFIC_001
SPC_LACTOPHRYS_BICAUDALIS,BRD_SPOTTED_TRUNKFISH,EXACT_SPECIES,EVD_JRN_R14_B01_SPC_LACTOPHRYS_BICAUDALIS_PERSONALITY_ID_001 | EVD_JRN_R14_B01_SPC_LACTOPHRYS_BICAUDALIS_TERRAIN_BROAD_001 | EVD_JRN_R14_B01_SPC_LACTOPHRYS_BICAUDALIS_TERRAIN_SPECIFIC_001
SPC_PETAURUS_NORFOLCENSIS,BRD_SQUIRREL_GLIDER,EXACT_SPECIES,EVD_JRN_R22_B01_SPC_PETAURUS_NORFOLCENSIS_PERSONALITY_ID_001 | EVD_JRN_R22_B01_SPC_PETAURUS_NORFOLCENSIS_TERRAIN_BROAD_001 | EVD_JRN_R22_B01_SPC_PETAURUS_NORFOLCENSIS_TERRAIN_SPECIFIC_001
SPC_TELEOPSIS_DALMANNI,BRD_STALK_EYED_FLY,EXACT_SPECIES,EVD_JRN_R25_B02_SPC_TELEOPSIS_DALMANNI_PERSONALITY_ID_001 | EVD_JRN_R25_B02_SPC_TELEOPSIS_DALMANNI_TERRAIN_BROAD_001 | EVD_JRN_R25_B02_SPC_TELEOPSIS_DALMANNI_TERRAIN_SPECIFIC_001
SPC_CONDYLURA_CRISTATA,BRD_STAR_NOSED_MOLE,EXACT_SPECIES,EVD_JRN_R23_B01_SPC_CONDYLURA_CRISTATA_PERSONALITY_ID_001 | EVD_JRN_R23_B01_SPC_CONDYLURA_CRISTATA_TERRAIN_BROAD_001 | EVD_JRN_R23_B01_SPC_CONDYLURA_CRISTATA_TERRAIN_SPECIFIC_001
SPC_AROTHRON_STELLATUS,BRD_STARRY_PUFFER,EXACT_SPECIES,EVD_JRN_R14_B01_SPC_AROTHRON_STELLATUS_PERSONALITY_ID_001 | EVD_JRN_R14_B01_SPC_AROTHRON_STELLATUS_TERRAIN_BROAD_001 | EVD_JRN_R14_B01_SPC_AROTHRON_STELLATUS_TERRAIN_SPECIFIC_001
SPC_GIGAS_SAXATILIS,BRD_STONE_GIANT,EXACT_TRADITION,EVD_JRN_R09_B01_SPC_GIGAS_SAXATILIS_PERSONALITY_ID_001 | EVD_JRN_R09_B01_SPC_GIGAS_SAXATILIS_TERRAIN_BROAD_001 | EVD_JRN_R09_B01_SPC_GIGAS_SAXATILIS_TERRAIN_SPECIFIC_001
SPC_SPARISOMA_VIRIDE,BRD_STOPLIGHT_PARROTFISH,EXACT_SPECIES,EVD_JRN_R14_B02_SPC_SPARISOMA_VIRIDE_PERSONALITY_ID_001 | EVD_JRN_R14_B02_SPC_SPARISOMA_VIRIDE_TERRAIN_BROAD_001 | EVD_JRN_R14_B02_SPC_SPARISOMA_VIRIDE_TERRAIN_SPECIFIC_001
SPC_MESOPLODON_LAYARDII,BRD_STRAP_TOOTHED_WHALE,EXACT_SPECIES,EVD_JRN_R01_B01_SPC_MESOPLODON_LAYARDII_PERSONALITY_ID_001 | EVD_JRN_R01_B01_SPC_MESOPLODON_LAYARDII_TERRAIN_BROAD_001 | EVD_JRN_R01_B01_SPC_MESOPLODON_LAYARDII_TERRAIN_SPECIFIC_001
SPC_OOPHAGA_PUMILIO,BRD_STRAWBERRY_POISON_FROG,EXACT_SPECIES,EVD_JRN_R13_B01_SPC_OOPHAGA_PUMILIO_PERSONALITY_ID_001 | EVD_JRN_R13_B01_SPC_OOPHAGA_PUMILIO_TERRAIN_BROAD_001 | EVD_JRN_R13_B01_SPC_OOPHAGA_PUMILIO_TERRAIN_SPECIFIC_001
SPC_HYAENA_HYAENA,BRD_STRIPED_HYENA,EXACT_SPECIES,EVD_JRN_R02_B01_SPC_HYAENA_HYAENA_PERSONALITY_ID_001 | EVD_JRN_R02_B01_SPC_HYAENA_HYAENA_TERRAIN_BROAD_001 | EVD_JRN_R02_B01_SPC_HYAENA_HYAENA_TERRAIN_SPECIFIC_001
SPC_DACTYLOPSILA_TRIVIRGATA,BRD_STRIPED_POSSUM,EXACT_SPECIES,EVD_JRN_R22_B01_SPC_DACTYLOPSILA_TRIVIRGATA_PERSONALITY_ID_001 | EVD_JRN_R22_B01_SPC_DACTYLOPSILA_TRIVIRGATA_TERRAIN_BROAD_001 | EVD_JRN_R22_B01_SPC_DACTYLOPSILA_TRIVIRGATA_TERRAIN_SPECIFIC_001
SPC_MEPHITIS_MEPHITIS,BRD_STRIPED_SKUNK,EXACT_SPECIES,EVD_JRN_R02_B01_SPC_MEPHITIS_MEPHITIS_PERSONALITY_ID_001 | EVD_JRN_R02_B01_SPC_MEPHITIS_MEPHITIS_TERRAIN_BROAD_001 | EVD_JRN_R02_B01_SPC_MEPHITIS_MEPHITIS_TERRAIN_SPECIFIC_001
SPC_DAEMON_SUCCUBUS,BRD_SUCCUBUS,EXACT_TRADITION,EVD_JRN_R05_B01_SPC_DAEMON_SUCCUBUS_PERSONALITY_ID_001 | EVD_JRN_R05_B01_SPC_DAEMON_SUCCUBUS_TERRAIN_BROAD_001 | EVD_JRN_R05_B01_SPC_DAEMON_SUCCUBUS_TERRAIN_SPECIFIC_001
SPC_CACATUA_GALERITA,BRD_SULPHUR_CRESTED_COCKATOO,EXACT_SPECIES,EVD_JRN_R19_B01_SPC_CACATUA_GALERITA_PERSONALITY_ID_001 | EVD_JRN_R19_B01_SPC_CACATUA_GALERITA_TERRAIN_BROAD_001 | EVD_JRN_R19_B01_SPC_CACATUA_GALERITA_TERRAIN_SPECIFIC_001
SPC_DICERORHINUS_SUMATRENSIS,BRD_SUMATRAN_RHINOCEROS,EXACT_SPECIES,EVD_JRN_R18_B01_SPC_DICERORHINUS_SUMATRENSIS_PERSONALITY_ID_001 | EVD_JRN_R18_B01_SPC_DICERORHINUS_SUMATRENSIS_TERRAIN_BROAD_001 | EVD_JRN_R18_B01_SPC_DICERORHINUS_SUMATRENSIS_TERRAIN_SPECIFIC_001
SPC_HELARCTOS_MALAYANUS,BRD_SUN_BEAR,EXACT_SPECIES,EVD_JRN_R02_B01_SPC_HELARCTOS_MALAYANUS_PERSONALITY_ID_001 | EVD_JRN_R02_B01_SPC_HELARCTOS_MALAYANUS_TERRAIN_BROAD_001 | EVD_JRN_R02_B01_SPC_HELARCTOS_MALAYANUS_TERRAIN_SPECIFIC_001
SPC_GALEOPTERUS_VARIEGATUS,BRD_SUNDA_COLUGO,EXACT_SPECIES,EVD_JRN_R23_B01_SPC_GALEOPTERUS_VARIEGATUS_PERSONALITY_ID_001 | EVD_JRN_R23_B01_SPC_GALEOPTERUS_VARIEGATUS_TERRAIN_BROAD_001 | EVD_JRN_R23_B01_SPC_GALEOPTERUS_VARIEGATUS_TERRAIN_SPECIFIC_001
SPC_MANIS_JAVANICA,BRD_SUNDA_PANGOLIN,EXACT_SPECIES,EVD_JRN_R23_B01_SPC_MANIS_JAVANICA_PERSONALITY_ID_001 | EVD_JRN_R23_B01_SPC_MANIS_JAVANICA_TERRAIN_BROAD_001 | EVD_JRN_R23_B01_SPC_MANIS_JAVANICA_TERRAIN_SPECIFIC_001
SPC_NYCTICEBUS_COUCANG,BRD_SUNDA_SLOW_LORIS,EXACT_SPECIES,EVD_JRN_R15_B01_SPC_NYCTICEBUS_COUCANG_PERSONALITY_ID_001 | EVD_JRN_R15_B01_SPC_NYCTICEBUS_COUCANG_TERRAIN_BROAD_001 | EVD_JRN_R15_B01_SPC_NYCTICEBUS_COUCANG_TERRAIN_SPECIFIC_001
SPC_MENURA_NOVAEHOLLANDIAE,BRD_SUPERB_LYREBIRD,EXACT_SPECIES,EVD_JRN_R08_B01_SPC_MENURA_NOVAEHOLLANDIAE_PERSONALITY_ID_001 | EVD_JRN_R08_B01_SPC_MENURA_NOVAEHOLLANDIAE_TERRAIN_BROAD_001 | EVD_JRN_R08_B01_SPC_MENURA_NOVAEHOLLANDIAE_TERRAIN_SPECIFIC_001
SPC_LAMPROTORNIS_SUPERBUS,BRD_SUPERB_STARLING,EXACT_SPECIES,EVD_JRN_R08_B01_SPC_LAMPROTORNIS_SUPERBUS_PERSONALITY_ID_001 | EVD_JRN_R08_B01_SPC_LAMPROTORNIS_SUPERBUS_TERRAIN_BROAD_001 | EVD_JRN_R08_B01_SPC_LAMPROTORNIS_SUPERBUS_TERRAIN_SPECIFIC_001
SPC_WALLABIA_BICOLOR,BRD_SWAMP_WALLABY,EXACT_SPECIES,EVD_JRN_R22_B01_SPC_WALLABIA_BICOLOR_PERSONALITY_ID_001 | EVD_JRN_R22_B01_SPC_WALLABIA_BICOLOR_TERRAIN_BROAD_001 | EVD_JRN_R22_B01_SPC_WALLABIA_BICOLOR_TERRAIN_SPECIFIC_001
SPC_ENSIFERA_ENSIFERA,BRD_SWORD_BILLED_HUMMINGBIRD,EXACT_SPECIES,EVD_JRN_R22_B01_SPC_ENSIFERA_ENSIFERA_PERSONALITY_ID_001 | EVD_JRN_R22_B01_SPC_ENSIFERA_ENSIFERA_TERRAIN_BROAD_001 | EVD_JRN_R22_B01_SPC_ENSIFERA_ENSIFERA_TERRAIN_SPECIFIC_001
SPC_ELEMENTUM_SYLPH,BRD_SYLPH,EXACT_TRADITION,EVD_JRN_R09_B01_SPC_ELEMENTUM_SYLPH_PERSONALITY_ID_001 | EVD_JRN_R09_B01_SPC_ELEMENTUM_SYLPH_TERRAIN_BROAD_001 | EVD_JRN_R09_B01_SPC_ELEMENTUM_SYLPH_TERRAIN_SPECIFIC_001
SPC_TENREC_ECAUDATUS,BRD_TAILLESS_TENREC,EXACT_SPECIES,EVD_JRN_R11_B01_SPC_TENREC_ECAUDATUS_PERSONALITY_ID_001 | EVD_JRN_R11_B01_SPC_TENREC_ECAUDATUS_TERRAIN_BROAD_001 | EVD_JRN_R11_B01_SPC_TENREC_ECAUDATUS_TERRAIN_SPECIFIC_001
SPC_BUDORCAS_TAXICOLOR,BRD_TAKIN,EXACT_SPECIES,EVD_JRN_R02_B01_SPC_BUDORCAS_TAXICOLOR_PERSONALITY_ID_001 | EVD_JRN_R02_B01_SPC_BUDORCAS_TAXICOLOR_TERRAIN_BROAD_001 | EVD_JRN_R02_B01_SPC_BUDORCAS_TAXICOLOR_TERRAIN_SPECIFIC_001
SPC_VERSIPELLIS_TANUKI,BRD_TANUKI,EXACT_TRADITION,EVD_JRN_R07_B01_SPC_VERSIPELLIS_TANUKI_PERSONALITY_ID_001 | EVD_JRN_R07_B01_SPC_VERSIPELLIS_TANUKI_TERRAIN_BROAD_001 | EVD_JRN_R07_B01_SPC_VERSIPELLIS_TANUKI_TERRAIN_SPECIFIC_001
SPC_SARCOPHILUS_HARRISII,BRD_TASMANIAN_DEVIL,EXACT_SPECIES,EVD_JRN_R22_B01_SPC_SARCOPHILUS_HARRISII_PERSONALITY_ID_001 | EVD_JRN_R22_B01_SPC_SARCOPHILUS_HARRISII_TERRAIN_BROAD_001 | EVD_JRN_R22_B01_SPC_SARCOPHILUS_HARRISII_TERRAIN_SPECIFIC_001
SPC_PODARGUS_STRIGOIDES,BRD_TAWNY_FROGMOUTH,EXACT_SPECIES,EVD_JRN_R22_B01_SPC_PODARGUS_STRIGOIDES_PERSONALITY_ID_001 | EVD_JRN_R22_B01_SPC_PODARGUS_STRIGOIDES_TERRAIN_BROAD_001 | EVD_JRN_R22_B01_SPC_PODARGUS_STRIGOIDES_TERRAIN_SPECIFIC_001
SPC_CHIMAERA_TENGU,BRD_TENGU,EXACT_TRADITION,EVD_JRN_R23_B01_SPC_CHIMAERA_TENGU_PERSONALITY_ID_001 | EVD_JRN_R23_B01_SPC_CHIMAERA_TENGU_TERRAIN_BROAD_001 | EVD_JRN_R23_B01_SPC_CHIMAERA_TENGU_TERRAIN_SPECIFIC_001
SPC_TERRAPENE_CAROLINA,BRD_TERRAPENE_CAROLINA_EASTERN_BOX_TURTLE,EXACT_SPECIES,EVD_JRN_R04_B01_SPC_TERRAPENE_CAROLINA_PERSONALITY_ID_001 | EVD_JRN_R04_B01_SPC_TERRAPENE_CAROLINA_TERRAIN_BROAD_001 | EVD_JRN_R04_B01_SPC_TERRAPENE_CAROLINA_TERRAIN_SPECIFIC_001
SPC_EURYCEA_RATHBUNI,BRD_TEXAS_BLIND_SALAMANDER,EXACT_SPECIES,EVD_JRN_R13_B01_SPC_EURYCEA_RATHBUNI_PERSONALITY_ID_001 | EVD_JRN_R13_B01_SPC_EURYCEA_RATHBUNI_TERRAIN_BROAD_001 | EVD_JRN_R13_B01_SPC_EURYCEA_RATHBUNI_TERRAIN_SPECIFIC_001
SPC_SPERMOPHILUS_TRIDECEMLINEATUS,BRD_THIRTEEN_LINED_GROUND_SQUIRREL,EXACT_SPECIES,EVD_JRN_R20_B01_SPC_SPERMOPHILUS_TRIDECEMLINEATUS_PERSONALITY_ID_001 | EVD_JRN_R20_B01_SPC_SPERMOPHILUS_TRIDECEMLINEATUS_TERRAIN_BROAD_001 | EVD_JRN_R20_B01_SPC_SPERMOPHILUS_TRIDECEMLINEATUS_TERRAIN_SPECIFIC_001
SPC_UMBONIA_CRASSICORNIS,BRD_THORN_BUG,EXACT_SPECIES,EVD_JRN_R25_B02_SPC_UMBONIA_CRASSICORNIS_PERSONALITY_ID_001 | EVD_JRN_R25_B02_SPC_UMBONIA_CRASSICORNIS_TERRAIN_BROAD_001 | EVD_JRN_R25_B02_SPC_UMBONIA_CRASSICORNIS_TERRAIN_SPECIFIC_001
SPC_MOLOCH_HORRIDUS,BRD_THORNY_DEVIL,EXACT_SPECIES,EVD_JRN_R24_B01_SPC_MOLOCH_HORRIDUS_PERSONALITY_ID_001 | EVD_JRN_R24_B01_SPC_MOLOCH_HORRIDUS_TERRAIN_BROAD_001 | EVD_JRN_R24_B01_SPC_MOLOCH_HORRIDUS_TERRAIN_SPECIFIC_001
SPC_PANTHERA_TIGRIS,BRD_TIGER,EXACT_SPECIES,EVD_JRN_R02_B02_SPC_PANTHERA_TIGRIS_PERSONALITY_ID_001 | EVD_JRN_R02_B02_SPC_PANTHERA_TIGRIS_TERRAIN_BROAD_001 | EVD_JRN_R02_B02_SPC_PANTHERA_TIGRIS_TERRAIN_SPECIFIC_001
SPC_AMBLYSTOMA_TIGRINUM,BRD_TIGER_SALAMANDER,EXACT_SPECIES,EVD_JRN_R13_B01_SPC_AMBLYSTOMA_TIGRINUM_PERSONALITY_ID_001 | EVD_JRN_R13_B01_SPC_AMBLYSTOMA_TIGRINUM_TERRAIN_BROAD_001 | EVD_JRN_R13_B01_SPC_AMBLYSTOMA_TIGRINUM_TERRAIN_SPECIFIC_001
SPC_CHIMAERA_TIKBALANG,BRD_TIKBALANG,EXACT_TRADITION,EVD_JRN_R23_B01_SPC_CHIMAERA_TIKBALANG_PERSONALITY_ID_001 | EVD_JRN_R23_B01_SPC_CHIMAERA_TIKBALANG_TERRAIN_BROAD_001 | EVD_JRN_R23_B01_SPC_CHIMAERA_TIKBALANG_TERRAIN_SPECIFIC_001
SPC_TILIQUA_SCINCOIDES_SCINCOIDES,BRD_TILIQUA_SCINCOIDES_SCINCOIDES_EASTERN_BLUE_TONGUED_SKINK,EXACT_SPECIES,EVD_JRN_R24_B01_SPC_TILIQUA_SCINCOIDES_SCINCOIDES_PERSONALITY_ID_001 | EVD_JRN_R24_B01_SPC_TILIQUA_SCINCOIDES_SCINCOIDES_TERRAIN_BROAD_001 | EVD_JRN_R24_B01_SPC_TILIQUA_SCINCOIDES_SCINCOIDES_TERRAIN_SPECIFIC_001
SPC_GIGAS_TITAN,BRD_TITAN,EXACT_TRADITION,EVD_JRN_R09_B01_SPC_GIGAS_TITAN_PERSONALITY_ID_001 | EVD_JRN_R09_B01_SPC_GIGAS_TITAN_TERRAIN_BROAD_001 | EVD_JRN_R09_B01_SPC_GIGAS_TITAN_TERRAIN_SPECIFIC_001
SPC_BALISTOIDES_VIRIDESCENS,BRD_TITAN_TRIGGERFISH,EXACT_SPECIES,EVD_JRN_R14_B01_SPC_BALISTOIDES_VIRIDESCENS_PERSONALITY_ID_001 | EVD_JRN_R14_B01_SPC_BALISTOIDES_VIRIDESCENS_TERRAIN_BROAD_001 | EVD_JRN_R14_B01_SPC_BALISTOIDES_VIRIDESCENS_TERRAIN_SPECIFIC_001
SPC_RAMPHASTOS_TOCO,BRD_TOCO_TOUCAN,EXACT_SPECIES,EVD_JRN_R22_B01_SPC_RAMPHASTOS_TOCO_PERSONALITY_ID_001 | EVD_JRN_R22_B01_SPC_RAMPHASTOS_TOCO_TERRAIN_BROAD_001 | EVD_JRN_R22_B01_SPC_RAMPHASTOS_TOCO_TERRAIN_SPECIFIC_001
SPC_GEKKO_GECKO,BRD_TOKAY_GECKO,EXACT_SPECIES,EVD_JRN_R24_B01_SPC_GEKKO_GECKO_PERSONALITY_ID_001 | EVD_JRN_R24_B01_SPC_GEKKO_GECKO_TERRAIN_BROAD_001 | EVD_JRN_R24_B01_SPC_GEKKO_GECKO_TERRAIN_SPECIFIC_001
SPC_DAEMON_TOKOLOSHE,BRD_TOKOLOSHE,EXACT_TRADITION,EVD_JRN_R05_B01_SPC_DAEMON_TOKOLOSHE_PERSONALITY_ID_001 | EVD_JRN_R05_B01_SPC_DAEMON_TOKOLOSHE_TERRAIN_BROAD_001 | EVD_JRN_R05_B01_SPC_DAEMON_TOKOLOSHE_TERRAIN_SPECIFIC_001
SPC_DYSCOPHUS_ANTONGILII,BRD_TOMATO_FROG,EXACT_SPECIES,EVD_JRN_R13_B01_SPC_DYSCOPHUS_ANTONGILII_PERSONALITY_ID_001 | EVD_JRN_R13_B01_SPC_DYSCOPHUS_ANTONGILII_TERRAIN_BROAD_001 | EVD_JRN_R13_B01_SPC_DYSCOPHUS_ANTONGILII_TERRAIN_SPECIFIC_001
SPC_SEMNORNIS_RAMPHASTINUS,BRD_TOUCAN_BARBET,EXACT_SPECIES,EVD_JRN_R22_B01_SPC_SEMNORNIS_RAMPHASTINUS_PERSONALITY_ID_001 | EVD_JRN_R22_B01_SPC_SEMNORNIS_RAMPHASTINUS_TERRAIN_BROAD_001 | EVD_JRN_R22_B01_SPC_SEMNORNIS_RAMPHASTINUS_TERRAIN_SPECIFIC_001
SPC_ODONTOMACHUS_BAURI,BRD_TRAP_JAW_ANT,EXACT_SPECIES,EVD_JRN_R25_B02_SPC_ODONTOMACHUS_BAURI_PERSONALITY_ID_001 | EVD_JRN_R25_B02_SPC_ODONTOMACHUS_BAURI_TERRAIN_BROAD_001 | EVD_JRN_R25_B02_SPC_ODONTOMACHUS_BAURI_TERRAIN_SPECIFIC_001
SPC_PHYTOSPIRITUS_AMBULANS,BRD_TREANT,EXACT_TRADITION,EVD_JRN_R20_B02_SPC_PHYTOSPIRITUS_AMBULANS_PERSONALITY_ID_001 | EVD_JRN_R20_B02_SPC_PHYTOSPIRITUS_AMBULANS_TERRAIN_BROAD_001 | EVD_JRN_R20_B02_SPC_PHYTOSPIRITUS_AMBULANS_TERRAIN_SPECIFIC_001
SPC_TACHYPLEUS_TRIDENTATUS,BRD_TRI_SPINE_HORSESHOE_CRAB,EXACT_SPECIES,EVD_JRN_R25_B02_SPC_TACHYPLEUS_TRIDENTATUS_PERSONALITY_ID_001 | EVD_JRN_R25_B02_SPC_TACHYPLEUS_TRIDENTATUS_TERRAIN_BROAD_001 | EVD_JRN_R25_B02_SPC_TACHYPLEUS_TRIDENTATUS_TERRAIN_SPECIFIC_001
SPC_PELAGICUS_TRITON,BRD_TRITON,EXACT_TRADITION,EVD_JRN_R12_B01_SPC_PELAGICUS_TRITON_PERSONALITY_ID_001 | EVD_JRN_R12_B01_SPC_PELAGICUS_TRITON_TERRAIN_BROAD_001 | EVD_JRN_R12_B01_SPC_PELAGICUS_TRITON_TERRAIN_SPECIFIC_001
SPC_OGRUS_TROLL,BRD_TROLL,EXACT_TRADITION,EVD_JRN_R19_B01_SPC_OGRUS_TROLL_PERSONALITY_ID_001 | EVD_JRN_R19_B01_SPC_OGRUS_TROLL_TERRAIN_BROAD_001 | EVD_JRN_R19_B01_SPC_OGRUS_TROLL_TERRAIN_SPECIFIC_001
SPC_SPHENODON_PUNCTATUS,BRD_TUATARA,EXACT_SPECIES,EVD_JRN_R24_B01_SPC_SPHENODON_PUNCTATUS_PERSONALITY_ID_001 | EVD_JRN_R24_B01_SPC_SPHENODON_PUNCTATUS_TERRAIN_BROAD_001 | EVD_JRN_R24_B01_SPC_SPHENODON_PUNCTATUS_TERRAIN_SPECIFIC_001
SPC_PROSTHEMADERA_NOVAESEELANDIAE,BRD_TUI,EXACT_SPECIES,EVD_JRN_R08_B01_SPC_PROSTHEMADERA_NOVAESEELANDIAE_PERSONALITY_ID_001 | EVD_JRN_R08_B01_SPC_PROSTHEMADERA_NOVAESEELANDIAE_TERRAIN_BROAD_001 | EVD_JRN_R08_B01_SPC_PROSTHEMADERA_NOVAESEELANDIAE_TERRAIN_SPECIFIC_001
SPC_CATHARTES_AURA,BRD_TURKEY_VULTURE,EXACT_SPECIES,EVD_JRN_R18_B01_SPC_CATHARTES_AURA_PERSONALITY_ID_001 | EVD_JRN_R18_B01_SPC_CATHARTES_AURA_TERRAIN_BROAD_001 | EVD_JRN_R18_B01_SPC_CATHARTES_AURA_TERRAIN_SPECIFIC_001
SPC_MYOBATRACHUS_GOULDII,BRD_TURTLE_FROG,EXACT_SPECIES,EVD_JRN_R13_B01_SPC_MYOBATRACHUS_GOULDII_PERSONALITY_ID_001 | EVD_JRN_R13_B01_SPC_MYOBATRACHUS_GOULDII_TERRAIN_BROAD_001 | EVD_JRN_R13_B01_SPC_MYOBATRACHUS_GOULDII_TERRAIN_SPECIFIC_001
SPC_AMPHIUMA_MEANS,BRD_TWO_TOED_AMPHIUMA,EXACT_SPECIES,EVD_JRN_R13_B01_SPC_AMPHIUMA_MEANS_PERSONALITY_ID_001 | EVD_JRN_R13_B01_SPC_AMPHIUMA_MEANS_TERRAIN_BROAD_001 | EVD_JRN_R13_B01_SPC_AMPHIUMA_MEANS_TERRAIN_SPECIFIC_001
SPC_AQUASPIRITUS_UNDINE,BRD_UNDINE,EXACT_TRADITION,EVD_JRN_R04_B01_SPC_AQUASPIRITUS_UNDINE_PERSONALITY_ID_001 | EVD_JRN_R04_B01_SPC_AQUASPIRITUS_UNDINE_TERRAIN_BROAD_001 | EVD_JRN_R04_B01_SPC_AQUASPIRITUS_UNDINE_TERRAIN_SPECIFIC_001
SPC_CHIMAERA_UNICORN,BRD_UNICORN,EXACT_TRADITION,EVD_JRN_R23_B01_SPC_CHIMAERA_UNICORN_PERSONALITY_ID_001 | EVD_JRN_R23_B01_SPC_CHIMAERA_UNICORN_TERRAIN_BROAD_001 | EVD_JRN_R23_B01_SPC_CHIMAERA_UNICORN_TERRAIN_SPECIFIC_001
SPC_SYNODONTIS_NIGRIVENTRIS,BRD_UPSIDE_DOWN_CATFISH,EXACT_SPECIES,EVD_JRN_R14_B02_SPC_SYNODONTIS_NIGRIVENTRIS_PERSONALITY_ID_001 | EVD_JRN_R14_B02_SPC_SYNODONTIS_NIGRIVENTRIS_TERRAIN_BROAD_001 | EVD_JRN_R14_B02_SPC_SYNODONTIS_NIGRIVENTRIS_TERRAIN_SPECIFIC_001
SPC_URSUS_ARCTOS,BRD_URSUS_ARCTOS_BROWN_BEAR,EXACT_SPECIES,EVD_JRN_R02_B02_SPC_URSUS_ARCTOS_PERSONALITY_ID_001 | EVD_JRN_R02_B02_SPC_URSUS_ARCTOS_TERRAIN_BROAD_001 | EVD_JRN_R02_B02_SPC_URSUS_ARCTOS_TERRAIN_SPECIFIC_001
SPC_DIVINUS_VALKYRIE,BRD_VALKYRIE,EXACT_TRADITION,EVD_JRN_R13_B01_SPC_DIVINUS_VALKYRIE_PERSONALITY_ID_001 | EVD_JRN_R13_B01_SPC_DIVINUS_VALKYRIE_TERRAIN_BROAD_001 | EVD_JRN_R13_B01_SPC_DIVINUS_VALKYRIE_TERRAIN_SPECIFIC_001
SPC_VAMPYROTEUTHIS_INFERNALIS,BRD_VAMPIRE_SQUID,EXACT_SPECIES,EVD_JRN_R14_B02_SPC_VAMPYROTEUTHIS_INFERNALIS_PERSONALITY_ID_001 | EVD_JRN_R14_B02_SPC_VAMPYROTEUTHIS_INFERNALIS_TERRAIN_BROAD_001 | EVD_JRN_R14_B02_SPC_VAMPYROTEUTHIS_INFERNALIS_TERRAIN_SPECIFIC_001
SPC_SANGUIVORUS_NOCTURNUS,BRD_VAMPIRES_STRIGOI,EXACT_TRADITION,EVD_JRN_R07_B01_SPC_SANGUIVORUS_NOCTURNUS_PERSONALITY_ID_001 | EVD_JRN_R07_B01_SPC_SANGUIVORUS_NOCTURNUS_TERRAIN_BROAD_001 | EVD_JRN_R07_B01_SPC_SANGUIVORUS_NOCTURNUS_TERRAIN_SPECIFIC_001
SPC_SANGUIVORUS_NOCTURNUS,BRD_VAMPIRES_VAMPIRE,EXACT_TRADITION,EVD_JRN_R07_B01_SPC_SANGUIVORUS_NOCTURNUS_PERSONALITY_ID_001 | EVD_JRN_R07_B01_SPC_SANGUIVORUS_NOCTURNUS_TERRAIN_BROAD_001 | EVD_JRN_R07_B01_SPC_SANGUIVORUS_NOCTURNUS_TERRAIN_SPECIFIC_001
SPC_PHOCOENA_SINUS,BRD_VAQUITA,EXACT_SPECIES,EVD_JRN_R01_B02_SPC_PHOCOENA_SINUS_PERSONALITY_ID_001 | EVD_JRN_R01_B02_SPC_PHOCOENA_SINUS_TERRAIN_BROAD_001 | EVD_JRN_R01_B02_SPC_PHOCOENA_SINUS_TERRAIN_SPECIFIC_001
SPC_PROPITHECUS_VERREAUXI,BRD_VERREAUX_S_SIFAKA,EXACT_SPECIES,EVD_JRN_R15_B01_SPC_PROPITHECUS_VERREAUXI_PERSONALITY_ID_001 | EVD_JRN_R15_B01_SPC_PROPITHECUS_VERREAUXI_TERRAIN_BROAD_001 | EVD_JRN_R15_B01_SPC_PROPITHECUS_VERREAUXI_TERRAIN_SPECIFIC_001
SPC_GOURA_VICTORIA,BRD_VICTORIA_CROWNED_PIGEON,EXACT_SPECIES,EVD_JRN_R17_B01_SPC_GOURA_VICTORIA_PERSONALITY_ID_001 | EVD_JRN_R17_B01_SPC_GOURA_VICTORIA_TERRAIN_BROAD_001 | EVD_JRN_R17_B01_SPC_GOURA_VICTORIA_TERRAIN_SPECIFIC_001
SPC_VICUGNA_VICUGNA,BRD_VICUNA,EXACT_SPECIES,EVD_JRN_R02_B02_SPC_VICUGNA_VICUGNA_PERSONALITY_ID_001 | EVD_JRN_R02_B02_SPC_VICUGNA_VICUGNA_TERRAIN_BROAD_001 | EVD_JRN_R02_B02_SPC_VICUGNA_VICUGNA_TERRAIN_SPECIFIC_001
SPC_THELODERMA_CORTICALE,BRD_VIETNAMESE_MOSSY_FROG,EXACT_SPECIES,EVD_JRN_R13_B01_SPC_THELODERMA_CORTICALE_PERSONALITY_ID_001 | EVD_JRN_R13_B01_SPC_THELODERMA_CORTICALE_TERRAIN_BROAD_001 | EVD_JRN_R13_B01_SPC_THELODERMA_CORTICALE_TERRAIN_SPECIFIC_001
SPC_PLOCEUS_CUCULLATUS,BRD_VILLAGE_WEAVER,EXACT_SPECIES,EVD_JRN_R08_B01_SPC_PLOCEUS_CUCULLATUS_PERSONALITY_ID_001 | EVD_JRN_R08_B01_SPC_PLOCEUS_CUCULLATUS_TERRAIN_BROAD_001 | EVD_JRN_R08_B01_SPC_PLOCEUS_CUCULLATUS_TERRAIN_SPECIFIC_001
SPC_MUSOPHAGA_VIOLACEA,BRD_VIOLET_TURACO,EXACT_SPECIES,EVD_JRN_R22_B01_SPC_MUSOPHAGA_VIOLACEA_PERSONALITY_ID_001 | EVD_JRN_R22_B01_SPC_MUSOPHAGA_VIOLACEA_TERRAIN_BROAD_001 | EVD_JRN_R22_B01_SPC_MUSOPHAGA_VIOLACEA_TERRAIN_SPECIFIC_001
SPC_DIDELPHIS_VIRGINIANA,BRD_VIRGINIA_OPOSSUM,EXACT_SPECIES,EVD_JRN_R22_B01_SPC_DIDELPHIS_VIRGINIANA_PERSONALITY_ID_001 | EVD_JRN_R22_B01_SPC_DIDELPHIS_VIRGINIANA_TERRAIN_BROAD_001 | EVD_JRN_R22_B01_SPC_DIDELPHIS_VIRGINIANA_TERRAIN_SPECIFIC_001
SPC_AQUASPIRITUS_VODYANOY,BRD_VODYANOY,EXACT_TRADITION,EVD_JRN_R04_B01_SPC_AQUASPIRITUS_VODYANOY_PERSONALITY_ID_001 | EVD_JRN_R04_B01_SPC_AQUASPIRITUS_VODYANOY_TERRAIN_BROAD_001 | EVD_JRN_R04_B01_SPC_AQUASPIRITUS_VODYANOY_TERRAIN_SPECIFIC_001
SPC_ACRYLLIUM_VULTURINUM,BRD_VULTURINE_GUINEAFOWL,EXACT_SPECIES,EVD_JRN_R17_B01_SPC_ACRYLLIUM_VULTURINUM_PERSONALITY_ID_001 | EVD_JRN_R17_B01_SPC_ACRYLLIUM_VULTURINUM_TERRAIN_BROAD_001 | EVD_JRN_R17_B01_SPC_ACRYLLIUM_VULTURINUM_TERRAIN_SPECIFIC_001
SPC_CLARIAS_BATRACHUS,BRD_WALKING_CATFISH,EXACT_SPECIES,EVD_JRN_R14_B01_SPC_CLARIAS_BATRACHUS_PERSONALITY_ID_001 | EVD_JRN_R14_B01_SPC_CLARIAS_BATRACHUS_TERRAIN_BROAD_001 | EVD_JRN_R14_B01_SPC_CLARIAS_BATRACHUS_TERRAIN_SPECIFIC_001
SPC_RHACOPHORUS_NIGROPALMATUS,BRD_WALLACE_S_FLYING_FROG,EXACT_SPECIES,EVD_JRN_R13_B01_SPC_RHACOPHORUS_NIGROPALMATUS_PERSONALITY_ID_001 | EVD_JRN_R13_B01_SPC_RHACOPHORUS_NIGROPALMATUS_TERRAIN_BROAD_001 | EVD_JRN_R13_B01_SPC_RHACOPHORUS_NIGROPALMATUS_TERRAIN_SPECIFIC_001
SPC_ODOBENUS_ROSMARUS,BRD_WALRUS,EXACT_SPECIES,EVD_JRN_R02_B01_SPC_ODOBENUS_ROSMARUS_PERSONALITY_ID_001 | EVD_JRN_R02_B01_SPC_ODOBENUS_ROSMARUS_TERRAIN_BROAD_001 | EVD_JRN_R02_B01_SPC_ODOBENUS_ROSMARUS_TERRAIN_SPECIFIC_001
SPC_DIOMEDEA_EXULANS,BRD_WANDERING_ALBATROSS,EXACT_SPECIES,EVD_JRN_R01_B01_SPC_DIOMEDEA_EXULANS_PERSONALITY_ID_001 | EVD_JRN_R01_B01_SPC_DIOMEDEA_EXULANS_TERRAIN_BROAD_001 | EVD_JRN_R01_B01_SPC_DIOMEDEA_EXULANS_TERRAIN_SPECIFIC_001
SPC_HYEMOSCHUS_AQUATICUS,BRD_WATER_CHEVROTAIN,EXACT_SPECIES,EVD_JRN_R02_B01_SPC_HYEMOSCHUS_AQUATICUS_PERSONALITY_ID_001 | EVD_JRN_R02_B01_SPC_HYEMOSCHUS_AQUATICUS_TERRAIN_BROAD_001 | EVD_JRN_R02_B01_SPC_HYEMOSCHUS_AQUATICUS_TERRAIN_SPECIFIC_001
SPC_CHIRONECTES_MINIMUS,BRD_WATER_OPOSSUM,EXACT_SPECIES,EVD_JRN_R22_B01_SPC_CHIRONECTES_MINIMUS_PERSONALITY_ID_001 | EVD_JRN_R22_B01_SPC_CHIRONECTES_MINIMUS_TERRAIN_BROAD_001 | EVD_JRN_R22_B01_SPC_CHIRONECTES_MINIMUS_TERRAIN_SPECIFIC_001
SPC_RALLUS_AQUATICUS,BRD_WATER_RAIL,EXACT_SPECIES,EVD_JRN_R01_B02_SPC_RALLUS_AQUATICUS_PERSONALITY_ID_001 | EVD_JRN_R01_B02_SPC_RALLUS_AQUATICUS_TERRAIN_BROAD_001 | EVD_JRN_R01_B02_SPC_RALLUS_AQUATICUS_TERRAIN_SPECIFIC_001
SPC_NEPA_CINEREA,BRD_WATER_SCORPION,EXACT_SPECIES,EVD_JRN_R25_B02_SPC_NEPA_CINEREA_PERSONALITY_ID_001 | EVD_JRN_R25_B02_SPC_NEPA_CINEREA_TERRAIN_BROAD_001 | EVD_JRN_R25_B02_SPC_NEPA_CINEREA_TERRAIN_SPECIFIC_001
SPC_LIMNOGALE_MERGULUS,BRD_WEB_FOOTED_TENREC,EXACT_SPECIES,EVD_JRN_R11_B01_SPC_LIMNOGALE_MERGULUS_PERSONALITY_ID_001 | EVD_JRN_R11_B01_SPC_LIMNOGALE_MERGULUS_TERRAIN_BROAD_001 | EVD_JRN_R11_B01_SPC_LIMNOGALE_MERGULUS_TERRAIN_SPECIFIC_001
SPC_SILURUS_GLANIS,BRD_WELS_CATFISH,EXACT_SPECIES,EVD_JRN_R14_B02_SPC_SILURUS_GLANIS_PERSONALITY_ID_001 | EVD_JRN_R14_B02_SPC_SILURUS_GLANIS_TERRAIN_BROAD_001 | EVD_JRN_R14_B02_SPC_SILURUS_GLANIS_TERRAIN_SPECIFIC_001
SPC_VERSIPELLIS_MULTIPLEX,BRD_WEREBEINGS_WEREBEAR,EXACT_TRADITION,EVD_JRN_R07_B01_SPC_VERSIPELLIS_MULTIPLEX_PERSONALITY_ID_001 | EVD_JRN_R07_B01_SPC_VERSIPELLIS_MULTIPLEX_TERRAIN_BROAD_001 | EVD_JRN_R07_B01_SPC_VERSIPELLIS_MULTIPLEX_TERRAIN_SPECIFIC_001
SPC_VERSIPELLIS_MULTIPLEX,BRD_WEREBEINGS_WEREBOAR,EXACT_TRADITION,EVD_JRN_R07_B01_SPC_VERSIPELLIS_MULTIPLEX_PERSONALITY_ID_001 | EVD_JRN_R07_B01_SPC_VERSIPELLIS_MULTIPLEX_TERRAIN_BROAD_001 | EVD_JRN_R07_B01_SPC_VERSIPELLIS_MULTIPLEX_TERRAIN_SPECIFIC_001
SPC_VERSIPELLIS_MULTIPLEX,BRD_WEREBEINGS_WERETIGER,EXACT_TRADITION,EVD_JRN_R07_B01_SPC_VERSIPELLIS_MULTIPLEX_PERSONALITY_ID_001 | EVD_JRN_R07_B01_SPC_VERSIPELLIS_MULTIPLEX_TERRAIN_BROAD_001 | EVD_JRN_R07_B01_SPC_VERSIPELLIS_MULTIPLEX_TERRAIN_SPECIFIC_001
SPC_VERSIPELLIS_MULTIPLEX,BRD_WEREBEINGS_WEREWOLF,EXACT_TRADITION,EVD_JRN_R07_B01_SPC_VERSIPELLIS_MULTIPLEX_PERSONALITY_ID_001 | EVD_JRN_R07_B01_SPC_VERSIPELLIS_MULTIPLEX_TERRAIN_BROAD_001 | EVD_JRN_R07_B01_SPC_VERSIPELLIS_MULTIPLEX_TERRAIN_SPECIFIC_001
SPC_PROTOPTERUS_ANNECTENS,BRD_WEST_AFRICAN_LUNGFISH,EXACT_SPECIES,EVD_JRN_R14_B01_SPC_PROTOPTERUS_ANNECTENS_PERSONALITY_ID_001 | EVD_JRN_R14_B01_SPC_PROTOPTERUS_ANNECTENS_TERRAIN_BROAD_001 | EVD_JRN_R14_B01_SPC_PROTOPTERUS_ANNECTENS_TERRAIN_SPECIFIC_001
SPC_TRICHECHUS_MANATUS,BRD_WEST_INDIAN_MANATEE,EXACT_SPECIES,EVD_JRN_R11_B01_SPC_TRICHECHUS_MANATUS_PERSONALITY_ID_001 | EVD_JRN_R11_B01_SPC_TRICHECHUS_MANATUS_TERRAIN_BROAD_001 | EVD_JRN_R11_B01_SPC_TRICHECHUS_MANATUS_TERRAIN_SPECIFIC_001
SPC_CROTALUS_ATROX,BRD_WESTERN_DIAMONDBACK_RATTLESNAKE,EXACT_SPECIES,EVD_JRN_R25_B01_SPC_CROTALUS_ATROX_PERSONALITY_ID_001 | EVD_JRN_R25_B01_SPC_CROTALUS_ATROX_TERRAIN_BROAD_001 | EVD_JRN_R25_B01_SPC_CROTALUS_ATROX_TERRAIN_SPECIFIC_001
SPC_GORILLA_GORILLA,BRD_WESTERN_GORILLA,EXACT_SPECIES,EVD_JRN_R15_B01_SPC_GORILLA_GORILLA_PERSONALITY_ID_001 | EVD_JRN_R15_B01_SPC_GORILLA_GORILLA_TERRAIN_BROAD_001 | EVD_JRN_R15_B01_SPC_GORILLA_GORILLA_TERRAIN_SPECIFIC_001
SPC_APIS_MELLIFERA,BRD_WESTERN_HONEY_BEE,EXACT_SPECIES,EVD_JRN_R25_B01_SPC_APIS_MELLIFERA_PERSONALITY_ID_001 | EVD_JRN_R25_B01_SPC_APIS_MELLIFERA_TERRAIN_BROAD_001 | EVD_JRN_R25_B01_SPC_APIS_MELLIFERA_TERRAIN_SPECIFIC_001
SPC_ZAGLOSSUS_BRUIJNII,BRD_WESTERN_LONG_BEAKED_ECHIDNA,EXACT_SPECIES,EVD_JRN_R22_B01_SPC_ZAGLOSSUS_BRUIJNII_PERSONALITY_ID_001 | EVD_JRN_R22_B01_SPC_ZAGLOSSUS_BRUIJNII_TERRAIN_BROAD_001 | EVD_JRN_R22_B01_SPC_ZAGLOSSUS_BRUIJNII_TERRAIN_SPECIFIC_001
SPC_SPILOGALE_GRACILIS,BRD_WESTERN_SPOTTED_SKUNK,EXACT_SPECIES,EVD_JRN_R02_B02_SPC_SPILOGALE_GRACILIS_PERSONALITY_ID_001 | EVD_JRN_R02_B02_SPC_SPILOGALE_GRACILIS_TERRAIN_BROAD_001 | EVD_JRN_R02_B02_SPC_SPILOGALE_GRACILIS_TERRAIN_SPECIFIC_001
SPC_RHINCODON_TYPUS,BRD_WHALE_SHARK,EXACT_SPECIES,EVD_JRN_R12_B01_SPC_RHINCODON_TYPUS_PERSONALITY_ID_001 | EVD_JRN_R12_B01_SPC_RHINCODON_TYPUS_TERRAIN_BROAD_001 | EVD_JRN_R12_B01_SPC_RHINCODON_TYPUS_TERRAIN_SPECIFIC_001
SPC_ARILUS_CRISTATUS,BRD_WHEEL_BUG,EXACT_SPECIES,EVD_JRN_R25_B01_SPC_ARILUS_CRISTATUS_PERSONALITY_ID_001 | EVD_JRN_R25_B01_SPC_ARILUS_CRISTATUS_TERRAIN_BROAD_001 | EVD_JRN_R25_B01_SPC_ARILUS_CRISTATUS_TERRAIN_SPECIFIC_001
SPC_PROCNIAS_ALBUS,BRD_WHITE_BELLBIRD,EXACT_SPECIES,EVD_JRN_R08_B01_SPC_PROCNIAS_ALBUS_PERSONALITY_ID_001 | EVD_JRN_R08_B01_SPC_PROCNIAS_ALBUS_TERRAIN_BROAD_001 | EVD_JRN_R08_B01_SPC_PROCNIAS_ALBUS_TERRAIN_SPECIFIC_001
SPC_TAURACO_LEUCOTIS,BRD_WHITE_CHEEKED_TURACO,EXACT_SPECIES,EVD_JRN_R22_B01_SPC_TAURACO_LEUCOTIS_PERSONALITY_ID_001 | EVD_JRN_R22_B01_SPC_TAURACO_LEUCOTIS_TERRAIN_BROAD_001 | EVD_JRN_R22_B01_SPC_TAURACO_LEUCOTIS_TERRAIN_SPECIFIC_001
SPC_TAYASSU_PECARI,BRD_WHITE_LIPPED_PECCARY,EXACT_SPECIES,EVD_JRN_R02_B02_SPC_TAYASSU_PECARI_PERSONALITY_ID_001 | EVD_JRN_R02_B02_SPC_TAYASSU_PECARI_TERRAIN_BROAD_001 | EVD_JRN_R02_B02_SPC_TAYASSU_PECARI_TERRAIN_SPECIFIC_001
SPC_CERATOTHERIUM_SIMUM,BRD_WHITE_RHINOCEROS,EXACT_SPECIES,EVD_JRN_R18_B01_SPC_CERATOTHERIUM_SIMUM_PERSONALITY_ID_001 | EVD_JRN_R18_B01_SPC_CERATOTHERIUM_SIMUM_TERRAIN_BROAD_001 | EVD_JRN_R18_B01_SPC_CERATOTHERIUM_SIMUM_TERRAIN_SPECIFIC_001
SPC_CICONIA_CICONIA,BRD_WHITE_STORK,EXACT_SPECIES,EVD_JRN_R01_B01_SPC_CICONIA_CICONIA_PERSONALITY_ID_001 | EVD_JRN_R01_B01_SPC_CICONIA_CICONIA_TERRAIN_BROAD_001 | EVD_JRN_R01_B01_SPC_CICONIA_CICONIA_TERRAIN_SPECIFIC_001
SPC_ODOCOILEUS_VIRGINIANUS,BRD_WHITE_TAILED_DEER,EXACT_SPECIES,EVD_JRN_R02_B01_SPC_ODOCOILEUS_VIRGINIANUS_PERSONALITY_ID_001 | EVD_JRN_R02_B01_SPC_ODOCOILEUS_VIRGINIANUS_TERRAIN_BROAD_001 | EVD_JRN_R02_B01_SPC_ODOCOILEUS_VIRGINIANUS_TERRAIN_SPECIFIC_001
SPC_HIRUNDAPUS_CAUDACUTUS,BRD_WHITE_THROATED_NEEDLETAIL,EXACT_SPECIES,EVD_JRN_R22_B01_SPC_HIRUNDAPUS_CAUDACUTUS_PERSONALITY_ID_001 | EVD_JRN_R22_B01_SPC_HIRUNDAPUS_CAUDACUTUS_TERRAIN_BROAD_001 | EVD_JRN_R22_B01_SPC_HIRUNDAPUS_CAUDACUTUS_TERRAIN_SPECIFIC_001
SPC_MOTACILLA_ALBA,BRD_WHITE_WAGTAIL,EXACT_SPECIES,EVD_JRN_R08_B01_SPC_MOTACILLA_ALBA_PERSONALITY_ID_001 | EVD_JRN_R08_B01_SPC_MOTACILLA_ALBA_TERRAIN_BROAD_001 | EVD_JRN_R08_B01_SPC_MOTACILLA_ALBA_TERRAIN_SPECIFIC_001
SPC_DIAEMUS_YOUNGII,BRD_WHITE_WINGED_VAMPIRE_BAT,EXACT_SPECIES,EVD_JRN_R20_B01_SPC_DIAEMUS_YOUNGII_PERSONALITY_ID_001 | EVD_JRN_R20_B01_SPC_DIAEMUS_YOUNGII_TERRAIN_BROAD_001 | EVD_JRN_R20_B01_SPC_DIAEMUS_YOUNGII_TERRAIN_SPECIFIC_001
SPC_GRUS_AMERICANA,BRD_WHOOPING_CRANE,EXACT_SPECIES,EVD_JRN_R01_B01_SPC_GRUS_AMERICANA_PERSONALITY_ID_001 | EVD_JRN_R01_B01_SPC_GRUS_AMERICANA_TERRAIN_BROAD_001 | EVD_JRN_R01_B01_SPC_GRUS_AMERICANA_TERRAIN_SPECIFIC_001
SPC_REVIVUS_WIGHT,BRD_WIGHT,EXACT_TRADITION,EVD_JRN_R05_B01_SPC_REVIVUS_WIGHT_PERSONALITY_ID_001 | EVD_JRN_R05_B01_SPC_REVIVUS_WIGHT_TERRAIN_BROAD_001 | EVD_JRN_R05_B01_SPC_REVIVUS_WIGHT_TERRAIN_SPECIFIC_001
SPC_SUS_SCROFA,BRD_WILD_BOAR,EXACT_SPECIES,EVD_JRN_R02_B02_SPC_SUS_SCROFA_PERSONALITY_ID_001 | EVD_JRN_R02_B02_SPC_SUS_SCROFA_TERRAIN_BROAD_001 | EVD_JRN_R02_B02_SPC_SUS_SCROFA_TERRAIN_SPECIFIC_001
SPC_MELEAGRIS_GALLOPAVO,BRD_WILD_TURKEY,EXACT_SPECIES,EVD_JRN_R17_B01_SPC_MELEAGRIS_GALLOPAVO_PERSONALITY_ID_001 | EVD_JRN_R17_B01_SPC_MELEAGRIS_GALLOPAVO_TERRAIN_BROAD_001 | EVD_JRN_R17_B01_SPC_MELEAGRIS_GALLOPAVO_TERRAIN_SPECIFIC_001
SPC_SPECTRUM_IGNIVAGUM,BRD_WILL_O_THE_WISP_FOLK,EXACT_TRADITION,EVD_JRN_R05_B01_SPC_SPECTRUM_IGNIVAGUM_PERSONALITY_ID_001 | EVD_JRN_R05_B01_SPC_SPECTRUM_IGNIVAGUM_TERRAIN_BROAD_001 | EVD_JRN_R05_B01_SPC_SPECTRUM_IGNIVAGUM_TERRAIN_SPECIFIC_001
SPC_DIPHYLLODES_RESPUBLICA,BRD_WILSON_S_BIRD_OF_PARADISE,EXACT_SPECIES,EVD_JRN_R08_B01_SPC_DIPHYLLODES_RESPUBLICA_PERSONALITY_ID_001 | EVD_JRN_R08_B01_SPC_DIPHYLLODES_RESPUBLICA_TERRAIN_BROAD_001 | EVD_JRN_R08_B01_SPC_DIPHYLLODES_RESPUBLICA_TERRAIN_SPECIFIC_001
SPC_CATOPRION_MENTO,BRD_WIMPLE_PIRANHA,EXACT_SPECIES,EVD_JRN_R14_B01_SPC_CATOPRION_MENTO_PERSONALITY_ID_001 | EVD_JRN_R14_B01_SPC_CATOPRION_MENTO_TERRAIN_BROAD_001 | EVD_JRN_R14_B01_SPC_CATOPRION_MENTO_TERRAIN_SPECIFIC_001
SPC_GULO_GULO,BRD_WOLVERINE,EXACT_SPECIES,EVD_JRN_R02_B01_SPC_GULO_GULO_PERSONALITY_ID_001 | EVD_JRN_R02_B01_SPC_GULO_GULO_TERRAIN_BROAD_001 | EVD_JRN_R02_B01_SPC_GULO_GULO_TERRAIN_SPECIFIC_001
SPC_CENTURIO_SENEX,BRD_WRINKLE_FACED_BAT,EXACT_SPECIES,EVD_JRN_R20_B01_SPC_CENTURIO_SENEX_PERSONALITY_ID_001 | EVD_JRN_R20_B01_SPC_CENTURIO_SENEX_TERRAIN_BROAD_001 | EVD_JRN_R20_B01_SPC_CENTURIO_SENEX_TERRAIN_SPECIFIC_001
SPC_SANGUIVORUS_YARAMAYHAWHO,BRD_YARA_MA_YHA_WHO,EXACT_TRADITION,EVD_JRN_R07_B01_SPC_SANGUIVORUS_YARAMAYHAWHO_PERSONALITY_ID_001 | EVD_JRN_R07_B01_SPC_SANGUIVORUS_YARAMAYHAWHO_TERRAIN_BROAD_001 | EVD_JRN_R07_B01_SPC_SANGUIVORUS_YARAMAYHAWHO_TERRAIN_SPECIFIC_001
SPC_HYDROPHIS_PLATURUS,BRD_YELLOW_BELLIED_SEA_SNAKE,EXACT_SPECIES,EVD_JRN_R25_B01_SPC_HYDROPHIS_PLATURUS_PERSONALITY_ID_001 | EVD_JRN_R25_B01_SPC_HYDROPHIS_PLATURUS_TERRAIN_BROAD_001 | EVD_JRN_R25_B01_SPC_HYDROPHIS_PLATURUS_TERRAIN_SPECIFIC_001
SPC_GAVIA_ADAMSII,BRD_YELLOW_BILLED_LOON,EXACT_SPECIES,EVD_JRN_R01_B01_SPC_GAVIA_ADAMSII_PERSONALITY_ID_001 | EVD_JRN_R01_B01_SPC_GAVIA_ADAMSII_TERRAIN_BROAD_001 | EVD_JRN_R01_B01_SPC_GAVIA_ADAMSII_TERRAIN_SPECIFIC_001
SPC_OSTRACION_CUBICUS,BRD_YELLOW_BOXFISH,EXACT_SPECIES,EVD_JRN_R14_B01_SPC_OSTRACION_CUBICUS_PERSONALITY_ID_001 | EVD_JRN_R14_B01_SPC_OSTRACION_CUBICUS_TERRAIN_BROAD_001 | EVD_JRN_R14_B01_SPC_OSTRACION_CUBICUS_TERRAIN_SPECIFIC_001
SPC_AEDES_AEGYPTI,BRD_YELLOW_FEVER_MOSQUITO,EXACT_SPECIES,EVD_JRN_R25_B01_SPC_AEDES_AEGYPTI_PERSONALITY_ID_001 | EVD_JRN_R25_B01_SPC_AEDES_AEGYPTI_TERRAIN_BROAD_001 | EVD_JRN_R25_B01_SPC_AEDES_AEGYPTI_TERRAIN_SPECIFIC_001
SPC_AMAZONA_ORATRIX,BRD_YELLOW_HEADED_AMAZON,EXACT_SPECIES,EVD_JRN_R19_B01_SPC_AMAZONA_ORATRIX_PERSONALITY_ID_001 | EVD_JRN_R19_B01_SPC_AMAZONA_ORATRIX_TERRAIN_BROAD_001 | EVD_JRN_R19_B01_SPC_AMAZONA_ORATRIX_TERRAIN_SPECIFIC_001
SPC_HETEROHYRAX_BRUCEI,BRD_YELLOW_SPOTTED_ROCK_HYRAX,EXACT_SPECIES,EVD_JRN_R11_B01_SPC_HETEROHYRAX_BRUCEI_PERSONALITY_ID_001 | EVD_JRN_R11_B01_SPC_HETEROHYRAX_BRUCEI_TERRAIN_BROAD_001 | EVD_JRN_R11_B01_SPC_HETEROHYRAX_BRUCEI_TERRAIN_SPECIFIC_001
SPC_SETOPHAGA_PETECHIA,BRD_YELLOW_WARBLER,EXACT_SPECIES,EVD_JRN_R08_B01_SPC_SETOPHAGA_PETECHIA_PERSONALITY_ID_001 | EVD_JRN_R08_B01_SPC_SETOPHAGA_PETECHIA_TERRAIN_BROAD_001 | EVD_JRN_R08_B01_SPC_SETOPHAGA_PETECHIA_TERRAIN_SPECIFIC_001
SPC_SPECTRUM_YUREI,BRD_YUREI,EXACT_TRADITION,EVD_JRN_R05_B01_SPC_SPECTRUM_YUREI_PERSONALITY_ID_001 | EVD_JRN_R05_B01_SPC_SPECTRUM_YUREI_TERRAIN_BROAD_001 | EVD_JRN_R05_B01_SPC_SPECTRUM_YUREI_TERRAIN_SPECIFIC_001
SPC_LYSIOSQUILLINA_MACULATA,BRD_ZEBRA_MANTIS_SHRIMP,EXACT_SPECIES,EVD_JRN_R25_B01_SPC_LYSIOSQUILLINA_MACULATA_PERSONALITY_ID_001 | EVD_JRN_R25_B01_SPC_LYSIOSQUILLINA_MACULATA_TERRAIN_BROAD_001 | EVD_JRN_R25_B01_SPC_LYSIOSQUILLINA_MACULATA_TERRAIN_SPECIFIC_001
SPC_GYMNOMURAENA_ZEBRA,BRD_ZEBRA_MORAY,EXACT_SPECIES,EVD_JRN_R14_B01_SPC_GYMNOMURAENA_ZEBRA_PERSONALITY_ID_001 | EVD_JRN_R14_B01_SPC_GYMNOMURAENA_ZEBRA_TERRAIN_BROAD_001 | EVD_JRN_R14_B01_SPC_GYMNOMURAENA_ZEBRA_TERRAIN_SPECIFIC_001
SPC_CADAVER_AMBULANS,BRD_ZOMBIE,EXACT_TRADITION,EVD_JRN_R25_B02_SPC_CADAVER_AMBULANS_PERSONALITY_ID_001 | EVD_JRN_R25_B02_SPC_CADAVER_AMBULANS_TERRAIN_BROAD_001 | EVD_JRN_R25_B02_SPC_CADAVER_AMBULANS_TERRAIN_SPECIFIC_001
