policyRef,personalityId,family,expression,reviewed,reviewRationale,overrides
PERSONALITY_PROFILE_DIMENSIONS_V1,ACCOUNTABILITY_CURSE_EXCUSE_CONFLICT,ACCOUNTABILITY,CURSE_EXCUSE,true,"CURSE_EXCUSE was reviewed against all twelve ACCOUNTABILITY base dimensions. Its specific wording does not materially reverse a base property, so the family profile remains the most coherent game-semantic resolution.",{}
PERSONALITY_PROFILE_DIMENSIONS_V1,ACCOUNTABILITY_DENIED_HARM_WOUND,ACCOUNTABILITY,DENIED_HARM,true,DENIED_HARM was reviewed against all twelve ACCOUNTABILITY base dimensions. the expression foregrounds expected deprivation or unresolved harm. Only material differences are overridden.,"{""outlookOrientation"":{""value"":""PESSIMISTIC"",""rationale"":""DENIED_HARM differs from ACCOUNTABILITY's base because the expression foregrounds expected deprivation or unresolved harm; PESSIMISTIC makes that difference operational without changing unrelated fields.""}}"
PERSONALITY_PROFILE_DIMENSIONS_V1,ACCOUNTABILITY_ERROR_CORRECTION_EXPRESSION,ACCOUNTABILITY,ERROR_CORRECTION,true,"ERROR_CORRECTION was reviewed against all twelve ACCOUNTABILITY base dimensions. Its specific wording does not materially reverse a base property, so the family profile remains the most coherent game-semantic resolution.",{}
PERSONALITY_PROFILE_DIMENSIONS_V1,ACCOUNTABILITY_SCAPEGOAT_WOUND,ACCOUNTABILITY,SCAPEGOAT,true,"SCAPEGOAT was reviewed against all twelve ACCOUNTABILITY base dimensions. Its specific wording does not materially reverse a base property, so the family profile remains the most coherent game-semantic resolution.",{}
PERSONALITY_PROFILE_DIMENSIONS_V1,AMBIGUITY_BETWEEN_STATES_CONFLICT,AMBIGUITY,BETWEEN_STATES,true,"BETWEEN_STATES was reviewed against all twelve AMBIGUITY base dimensions. Its specific wording does not materially reverse a base property, so the family profile remains the most coherent game-semantic resolution.",{}
PERSONALITY_PROFILE_DIMENSIONS_V1,AMBIGUITY_BLESSING_CURSE_CONFLICT,AMBIGUITY,BLESSING_CURSE,true,"BLESSING_CURSE was reviewed against all twelve AMBIGUITY base dimensions. Its specific wording does not materially reverse a base property, so the family profile remains the most coherent game-semantic resolution.",{}
PERSONALITY_PROFILE_DIMENSIONS_V1,AMBIGUITY_CONTEXT_SHIFTING_SIGNAL_EXPRESSION,AMBIGUITY,CONTEXT_SHIFTING_SIGNAL,true,CONTEXT_SHIFTING_SIGNAL was reviewed against all twelve AMBIGUITY base dimensions. the expression specifically depends on conspicuous signaling. Only material differences are overridden.,{}
PERSONALITY_PROFILE_DIMENSIONS_V1,AMBIGUITY_FRAGMENTED_RECORD_WOUND,AMBIGUITY,FRAGMENTED_RECORD,true,"FRAGMENTED_RECORD was reviewed against all twelve AMBIGUITY base dimensions. Its specific wording does not materially reverse a base property, so the family profile remains the most coherent game-semantic resolution.",{}
PERSONALITY_PROFILE_DIMENSIONS_V1,AMBIGUITY_MIXED_STRATEGY_EXPRESSION,AMBIGUITY,MIXED_STRATEGY,true,"MIXED_STRATEGY was reviewed against all twelve AMBIGUITY base dimensions. Its specific wording does not materially reverse a base property, so the family profile remains the most coherent game-semantic resolution.",{}
PERSONALITY_PROFILE_DIMENSIONS_V1,AMBIGUITY_ROLE_FLUID_EXPRESSION,AMBIGUITY,ROLE_FLUID,true,"ROLE_FLUID was reviewed against all twelve AMBIGUITY base dimensions. Its specific wording does not materially reverse a base property, so the family profile remains the most coherent game-semantic resolution.",{}
PERSONALITY_PROFILE_DIMENSIONS_V1,AMBIGUITY_UNFIXED_FORM_CONFLICT,AMBIGUITY,UNFIXED_FORM,true,UNFIXED_FORM was reviewed against all twelve AMBIGUITY base dimensions. the expression materially rejects stable structure. Only material differences are overridden.,{}
PERSONALITY_PROFILE_DIMENSIONS_V1,ANGER_CONTAINED_FURY_CONFLICT,ANGER,CONTAINED_FURY,true,CONTAINED_FURY was reviewed against all twelve ANGER base dimensions. the expression foregrounds rapid hostile activation; the expression foregrounds affective containment. Only material differences are overridden.,"{""emotionalTemperature"":{""value"":""COMPOSED"",""rationale"":""CONTAINED_FURY differs from ANGER's base because the expression foregrounds affective containment; COMPOSED makes that difference operational without changing unrelated fields.""}}"
PERSONALITY_PROFILE_DIMENSIONS_V1,ANGER_PUNISHED_ANGER_WOUND,ANGER,PUNISHED_ANGER,true,PUNISHED_ANGER was reviewed against all twelve ANGER base dimensions. the expression foregrounds rapid hostile activation. Only material differences are overridden.,{}
PERSONALITY_PROFILE_DIMENSIONS_V1,ANGER_RAGE_POWERED_CONFLICT,ANGER,RAGE_POWERED,true,RAGE_POWERED was reviewed against all twelve ANGER base dimensions. the expression foregrounds rapid hostile activation. Only material differences are overridden.,{}
PERSONALITY_PROFILE_DIMENSIONS_V1,ANGER_THREAT_DISPLAY_EXPRESSION,ANGER,THREAT_DISPLAY,true,THREAT_DISPLAY was reviewed against all twelve ANGER base dimensions. the expression specifically depends on conspicuous signaling; the expression foregrounds rapid hostile activation; the expression foregrounds possibility or positive affect. Only material differences are overridden.,"{""loquacity"":{""value"":""TALKATIVE"",""rationale"":""THREAT_DISPLAY differs from ANGER's base because the expression specifically depends on conspicuous signaling; TALKATIVE makes that difference operational without changing unrelated fields.""},""outlookOrientation"":{""value"":""OPTIMISTIC"",""rationale"":""THREAT_DISPLAY differs from ANGER's base because the expression foregrounds possibility or positive affect; OPTIMISTIC makes that difference operational without changing unrelated fields.""},""emotionalTemperature"":{""value"":""JOYFUL"",""rationale"":""THREAT_DISPLAY differs from ANGER's base because the expression foregrounds possibility or positive affect; JOYFUL makes that difference operational without changing unrelated fields.""}}"
PERSONALITY_PROFILE_DIMENSIONS_V1,APPETITE_AMBUSH_FEEDING_EXPRESSION,APPETITE,AMBUSH_FEEDING,true,"AMBUSH_FEEDING was reviewed against all twelve APPETITE base dimensions. Its specific wording does not materially reverse a base property, so the family profile remains the most coherent game-semantic resolution.",{}
PERSONALITY_PROFILE_DIMENSIONS_V1,APPETITE_EXTRACTION_WOUND,APPETITE,EXTRACTION,true,EXTRACTION was reviewed against all twelve APPETITE base dimensions. the expression foregrounds expected deprivation or unresolved harm. Only material differences are overridden.,"{""outlookOrientation"":{""value"":""PESSIMISTIC"",""rationale"":""EXTRACTION differs from APPETITE's base because the expression foregrounds expected deprivation or unresolved harm; PESSIMISTIC makes that difference operational without changing unrelated fields.""}}"
PERSONALITY_PROFILE_DIMENSIONS_V1,APPETITE_FILTER_FEEDING_EXPRESSION,APPETITE,FILTER_FEEDING,true,"FILTER_FEEDING was reviewed against all twelve APPETITE base dimensions. Its specific wording does not materially reverse a base property, so the family profile remains the most coherent game-semantic resolution.",{}
PERSONALITY_PROFILE_DIMENSIONS_V1,APPETITE_FORBIDDEN_FOOD_CONFLICT,APPETITE,FORBIDDEN_FOOD,true,"FORBIDDEN_FOOD was reviewed against all twelve APPETITE base dimensions. Its specific wording does not materially reverse a base property, so the family profile remains the most coherent game-semantic resolution.",{}
PERSONALITY_PROFILE_DIMENSIONS_V1,APPETITE_GORGE_AND_FAST_EXPRESSION,APPETITE,GORGE_AND_FAST,true,"GORGE_AND_FAST was reviewed against all twelve APPETITE base dimensions. Its specific wording does not materially reverse a base property, so the family profile remains the most coherent game-semantic resolution.",{}
PERSONALITY_PROFILE_DIMENSIONS_V1,APPETITE_GRAZING_EXPRESSION,APPETITE,GRAZING,true,"GRAZING was reviewed against all twelve APPETITE base dimensions. Its specific wording does not materially reverse a base property, so the family profile remains the most coherent game-semantic resolution.",{}
PERSONALITY_PROFILE_DIMENSIONS_V1,APPETITE_HOST_DEPENDENCE_CONFLICT,APPETITE,HOST_DEPENDENCE,true,"HOST_DEPENDENCE was reviewed against all twelve APPETITE base dimensions. Its specific wording does not materially reverse a base property, so the family profile remains the most coherent game-semantic resolution.",{}
PERSONALITY_PROFILE_DIMENSIONS_V1,APPETITE_PARASITIC_EXPRESSION,APPETITE,PARASITIC,true,PARASITIC was reviewed against all twelve APPETITE base dimensions. the expression foregrounds exclusive acquisition or self-priority. Only material differences are overridden.,{}
PERSONALITY_PROFILE_DIMENSIONS_V1,APPETITE_UNENDING_HUNGER_CONFLICT,APPETITE,UNENDING_HUNGER,true,"UNENDING_HUNGER was reviewed against all twelve APPETITE base dimensions. Its specific wording does not materially reverse a base property, so the family profile remains the most coherent game-semantic resolution.",{}
PERSONALITY_PROFILE_DIMENSIONS_V1,ATTACHMENT_ANCHOR_PERSON_CONFLICT,ATTACHMENT,ANCHOR_PERSON,true,"ANCHOR_PERSON was reviewed against all twelve ATTACHMENT base dimensions. Its specific wording does not materially reverse a base property, so the family profile remains the most coherent game-semantic resolution.",{}
PERSONALITY_PROFILE_DIMENSIONS_V1,ATTACHMENT_FAMILY_SEPARATION_WOUND,ATTACHMENT,FAMILY_SEPARATION,true,"FAMILY_SEPARATION was reviewed against all twelve ATTACHMENT base dimensions. Its specific wording does not materially reverse a base property, so the family profile remains the most coherent game-semantic resolution.",{}
PERSONALITY_PROFILE_DIMENSIONS_V1,ATTACHMENT_LIFELONG_BOND_EXPRESSION,ATTACHMENT,LIFELONG_BOND,true,"LIFELONG_BOND was reviewed against all twelve ATTACHMENT base dimensions. Its specific wording does not materially reverse a base property, so the family profile remains the most coherent game-semantic resolution.",{}
PERSONALITY_PROFILE_DIMENSIONS_V1,AUTHENTICITY_ASSIMILATION_WOUND,AUTHENTICITY,ASSIMILATION,true,"ASSIMILATION was reviewed against all twelve AUTHENTICITY base dimensions. Its specific wording does not materially reverse a base property, so the family profile remains the most coherent game-semantic resolution.",{}
PERSONALITY_PROFILE_DIMENSIONS_V1,AUTHENTICITY_CONTEXTUAL_FORM_EXPRESSION,AUTHENTICITY,CONTEXTUAL_FORM,true,"CONTEXTUAL_FORM was reviewed against all twelve AUTHENTICITY base dimensions. Its specific wording does not materially reverse a base property, so the family profile remains the most coherent game-semantic resolution.",{}
PERSONALITY_PROFILE_DIMENSIONS_V1,AUTHENTICITY_INDIVIDUAL_SIGNATURE_EXPRESSION,AUTHENTICITY,INDIVIDUAL_SIGNATURE,true,"INDIVIDUAL_SIGNATURE was reviewed against all twelve AUTHENTICITY base dimensions. Its specific wording does not materially reverse a base property, so the family profile remains the most coherent game-semantic resolution.",{}
PERSONALITY_PROFILE_DIMENSIONS_V1,AUTHENTICITY_MADE_PURPOSE_CONFLICT,AUTHENTICITY,MADE_PURPOSE,true,"MADE_PURPOSE was reviewed against all twelve AUTHENTICITY base dimensions. Its specific wording does not materially reverse a base property, so the family profile remains the most coherent game-semantic resolution.",{}
PERSONALITY_PROFILE_DIMENSIONS_V1,AUTHENTICITY_MASK_FUSION_CONFLICT,AUTHENTICITY,MASK_FUSION,true,MASK_FUSION was reviewed against all twelve AUTHENTICITY base dimensions. the expression specifically suppresses or conceals signaling. Only material differences are overridden.,"{""loquacity"":{""value"":""TO_THE_POINT"",""rationale"":""MASK_FUSION differs from AUTHENTICITY's base because the expression specifically suppresses or conceals signaling; TO_THE_POINT makes that difference operational without changing unrelated fields.""}}"
PERSONALITY_PROFILE_DIMENSIONS_V1,AUTHENTICITY_PURITY_TEST_WOUND,AUTHENTICITY,PURITY_TEST,true,"PURITY_TEST was reviewed against all twelve AUTHENTICITY base dimensions. Its specific wording does not materially reverse a base property, so the family profile remains the most coherent game-semantic resolution.",{}
PERSONALITY_PROFILE_DIMENSIONS_V1,AUTHENTICITY_SHAPE_WITHOUT_SELF_CONFLICT,AUTHENTICITY,SHAPE_WITHOUT_SELF,true,"SHAPE_WITHOUT_SELF was reviewed against all twelve AUTHENTICITY base dimensions. Its specific wording does not materially reverse a base property, so the family profile remains the most coherent game-semantic resolution.",{}
PERSONALITY_PROFILE_DIMENSIONS_V1,AUTHORITY_ABUSIVE_RULE_WOUND,AUTHORITY,ABUSIVE_RULE,true,"ABUSIVE_RULE was reviewed against all twelve AUTHORITY base dimensions. Its specific wording does not materially reverse a base property, so the family profile remains the most coherent game-semantic resolution.",{}
PERSONALITY_PROFILE_DIMENSIONS_V1,AUTHORITY_ORDAINED_RANK_CONFLICT,AUTHORITY,ORDAINED_RANK,true,"ORDAINED_RANK was reviewed against all twelve AUTHORITY base dimensions. Its specific wording does not materially reverse a base property, so the family profile remains the most coherent game-semantic resolution.",{}
PERSONALITY_PROFILE_DIMENSIONS_V1,AUTHORITY_REPRODUCTIVE_LEADER_EXPRESSION,AUTHORITY,REPRODUCTIVE_LEADER,true,"REPRODUCTIVE_LEADER was reviewed against all twelve AUTHORITY base dimensions. Its specific wording does not materially reverse a base property, so the family profile remains the most coherent game-semantic resolution.",{}
PERSONALITY_PROFILE_DIMENSIONS_V1,AUTHORITY_STEWARD_OR_OWNER_CONFLICT,AUTHORITY,STEWARD_OR_OWNER,true,"STEWARD_OR_OWNER was reviewed against all twelve AUTHORITY base dimensions. Its specific wording does not materially reverse a base property, so the family profile remains the most coherent game-semantic resolution.",{}
PERSONALITY_PROFILE_DIMENSIONS_V1,AUTONOMY_DEPENDENCY_TOLERANT_EXPRESSION,AUTONOMY,DEPENDENCY_TOLERANT,true,"DEPENDENCY_TOLERANT was reviewed against all twelve AUTONOMY base dimensions. Its specific wording does not materially reverse a base property, so the family profile remains the most coherent game-semantic resolution.",{}
PERSONALITY_PROFILE_DIMENSIONS_V1,AUTONOMY_ENSLAVEMENT_WOUND,AUTONOMY,ENSLAVEMENT,true,"ENSLAVEMENT was reviewed against all twelve AUTONOMY base dimensions. Its specific wording does not materially reverse a base property, so the family profile remains the most coherent game-semantic resolution.",{}
PERSONALITY_PROFILE_DIMENSIONS_V1,AUTONOMY_FREEDOM_THROUGH_ISOLATION_CONFLICT,AUTONOMY,FREEDOM_THROUGH_ISOLATION,true,FREEDOM_THROUGH_ISOLATION was reviewed against all twelve AUTONOMY base dimensions. the expression foregrounds separation or singular agency. Only material differences are overridden.,{}
PERSONALITY_PROFILE_DIMENSIONS_V1,AUTONOMY_PAIRING_CHOICE_EXPRESSION,AUTONOMY,PAIRING_CHOICE,true,"PAIRING_CHOICE was reviewed against all twelve AUTONOMY base dimensions. Its specific wording does not materially reverse a base property, so the family profile remains the most coherent game-semantic resolution.",{}
PERSONALITY_PROFILE_DIMENSIONS_V1,AUTONOMY_PATERNAL_RULE_WOUND,AUTONOMY,PATERNAL_RULE,true,"PATERNAL_RULE was reviewed against all twelve AUTONOMY base dimensions. Its specific wording does not materially reverse a base property, so the family profile remains the most coherent game-semantic resolution.",{}
PERSONALITY_PROFILE_DIMENSIONS_V1,AUTONOMY_POSSESSION_WITHIN_CONFLICT,AUTONOMY,POSSESSION_WITHIN,true,POSSESSION_WITHIN was reviewed against all twelve AUTONOMY base dimensions. the expression foregrounds separation or singular agency. Only material differences are overridden.,{}
PERSONALITY_PROFILE_DIMENSIONS_V1,BELONGING_COLONY_EXPRESSION,BELONGING,COLONY,true,COLONY was reviewed against all twelve BELONGING base dimensions. the expression materially depends on coordinated participation. Only material differences are overridden.,{}
PERSONALITY_PROFILE_DIMENSIONS_V1,BELONGING_DISPLACEMENT_WOUND,BELONGING,DISPLACEMENT,true,"DISPLACEMENT was reviewed against all twelve BELONGING base dimensions. Its specific wording does not materially reverse a base property, so the family profile remains the most coherent game-semantic resolution.",{}
PERSONALITY_PROFILE_DIMENSIONS_V1,BELONGING_HERDING_EXPRESSION,BELONGING,HERDING,true,HERDING was reviewed against all twelve BELONGING base dimensions. the expression materially depends on coordinated participation. Only material differences are overridden.,{}
PERSONALITY_PROFILE_DIMENSIONS_V1,BELONGING_KINDLESS_CONFLICT,BELONGING,KINDLESS,true,KINDLESS was reviewed against all twelve BELONGING base dimensions. the expression foregrounds separation or singular agency. Only material differences are overridden.,"{""operatingStyle"":{""value"":""SOLO"",""rationale"":""KINDLESS differs from BELONGING's base because the expression foregrounds separation or singular agency; SOLO makes that difference operational without changing unrelated fields.""},""collaborativePosture"":{""value"":""WITHHOLDING"",""rationale"":""KINDLESS differs from BELONGING's base because the expression foregrounds separation or singular agency; WITHHOLDING makes that difference operational without changing unrelated fields.""}}"
PERSONALITY_PROFILE_DIMENSIONS_V1,BELONGING_MORTAL_LONGING_CONFLICT,BELONGING,MORTAL_LONGING,true,"MORTAL_LONGING was reviewed against all twelve BELONGING base dimensions. Its specific wording does not materially reverse a base property, so the family profile remains the most coherent game-semantic resolution.",{}
PERSONALITY_PROFILE_DIMENSIONS_V1,BELONGING_THRESHOLD_KEEPER_CONFLICT,BELONGING,THRESHOLD_KEEPER,true,"THRESHOLD_KEEPER was reviewed against all twelve BELONGING base dimensions. Its specific wording does not materially reverse a base property, so the family profile remains the most coherent game-semantic resolution.",{}
PERSONALITY_PROFILE_DIMENSIONS_V1,BELONGING_TWO_WORLD_CONFLICT,BELONGING,TWO_WORLD,true,"TWO_WORLD was reviewed against all twelve BELONGING base dimensions. Its specific wording does not materially reverse a base property, so the family profile remains the most coherent game-semantic resolution.",{}
PERSONALITY_PROFILE_DIMENSIONS_V1,BOUNDARIES_DOMAIN_BOUND_CONFLICT,BOUNDARIES,DOMAIN_BOUND,true,"DOMAIN_BOUND was reviewed against all twelve BOUNDARIES base dimensions. Its specific wording does not materially reverse a base property, so the family profile remains the most coherent game-semantic resolution.",{}
PERSONALITY_PROFILE_DIMENSIONS_V1,BOUNDARIES_LAND_BOUNDARY_WOUND,BOUNDARIES,LAND_BOUNDARY,true,"LAND_BOUNDARY was reviewed against all twelve BOUNDARIES base dimensions. Its specific wording does not materially reverse a base property, so the family profile remains the most coherent game-semantic resolution.",{}
PERSONALITY_PROFILE_DIMENSIONS_V1,BOUNDARIES_TERRITORIAL_MARKING_EXPRESSION,BOUNDARIES,TERRITORIAL_MARKING,true,"TERRITORIAL_MARKING was reviewed against all twelve BOUNDARIES base dimensions. Its specific wording does not materially reverse a base property, so the family profile remains the most coherent game-semantic resolution.",{}
PERSONALITY_PROFILE_DIMENSIONS_V1,CARE_ABANDONMENT_WOUND,CARE,ABANDONMENT,true,ABANDONMENT was reviewed against all twelve CARE base dimensions. the expression foregrounds expected deprivation or unresolved harm. Only material differences are overridden.,"{""outlookOrientation"":{""value"":""PESSIMISTIC"",""rationale"":""ABANDONMENT differs from CARE's base because the expression foregrounds expected deprivation or unresolved harm; PESSIMISTIC makes that difference operational without changing unrelated fields.""}}"
PERSONALITY_PROFILE_DIMENSIONS_V1,CARE_CARRYING_EXPRESSION,CARE,CARRYING,true,CARRYING was reviewed against all twelve CARE base dimensions. the expression foregrounds costly action for another. Only material differences are overridden.,{}
PERSONALITY_PROFILE_DIMENSIONS_V1,CARE_CREATED_SERVANT_CONFLICT,CARE,CREATED_SERVANT,true,"CREATED_SERVANT was reviewed against all twelve CARE base dimensions. Its specific wording does not materially reverse a base property, so the family profile remains the most coherent game-semantic resolution.",{}
PERSONALITY_PROFILE_DIMENSIONS_V1,CARE_PROVISIONING_EXPRESSION,CARE,PROVISIONING,true,PROVISIONING was reviewed against all twelve CARE base dimensions. the expression foregrounds costly action for another. Only material differences are overridden.,{}
PERSONALITY_PROFILE_DIMENSIONS_V1,CARE_SELECTIVE_NEGLECT_EXPRESSION,CARE,SELECTIVE_NEGLECT,true,"SELECTIVE_NEGLECT was reviewed against all twelve CARE base dimensions. Its specific wording does not materially reverse a base property, so the family profile remains the most coherent game-semantic resolution.",{}
PERSONALITY_PROFILE_DIMENSIONS_V1,CARE_UNIVERSAL_GUARDIAN_CONFLICT,CARE,UNIVERSAL_GUARDIAN,true,UNIVERSAL_GUARDIAN was reviewed against all twelve CARE base dimensions. the expression foregrounds costly action for another. Only material differences are overridden.,{}
PERSONALITY_PROFILE_DIMENSIONS_V1,CHANGE_DEVELOPMENTAL_PLASTICITY_EXPRESSION,CHANGE,DEVELOPMENTAL_PLASTICITY,true,"DEVELOPMENTAL_PLASTICITY was reviewed against all twelve CHANGE base dimensions. Its specific wording does not materially reverse a base property, so the family profile remains the most coherent game-semantic resolution.",{}
PERSONALITY_PROFILE_DIMENSIONS_V1,CHANGE_FORM_SURRENDER_CONFLICT,CHANGE,FORM_SURRENDER,true,FORM_SURRENDER was reviewed against all twelve CHANGE base dimensions. the expression materially rejects stable structure. Only material differences are overridden.,{}
PERSONALITY_PROFILE_DIMENSIONS_V1,CHANGE_MIGRATION_CHANGE_WOUND,CHANGE,MIGRATION_CHANGE,true,"MIGRATION_CHANGE was reviewed against all twelve CHANGE base dimensions. Its specific wording does not materially reverse a base property, so the family profile remains the most coherent game-semantic resolution.",{}
PERSONALITY_PROFILE_DIMENSIONS_V1,CHANGE_MOLTING_EXPRESSION,CHANGE,MOLTING,true,"MOLTING was reviewed against all twelve CHANGE base dimensions. Its specific wording does not materially reverse a base property, so the family profile remains the most coherent game-semantic resolution.",{}
PERSONALITY_PROFILE_DIMENSIONS_V1,CHANGE_WORLD_ADAPTATION_CONFLICT,CHANGE,WORLD_ADAPTATION,true,"WORLD_ADAPTATION was reviewed against all twelve CHANGE base dimensions. Its specific wording does not materially reverse a base property, so the family profile remains the most coherent game-semantic resolution.",{}
PERSONALITY_PROFILE_DIMENSIONS_V1,CLOSURE_OPEN_DOOR_CONFLICT,CLOSURE,OPEN_DOOR,true,"OPEN_DOOR was reviewed against all twelve CLOSURE base dimensions. Its specific wording does not materially reverse a base property, so the family profile remains the most coherent game-semantic resolution.",{}
PERSONALITY_PROFILE_DIMENSIONS_V1,CLOSURE_RAPID_CLASSIFICATION_EXPRESSION,CLOSURE,RAPID_CLASSIFICATION,true,RAPID_CLASSIFICATION was reviewed against all twelve CLOSURE base dimensions. the expression materially depends on stable repeated structure. Only material differences are overridden.,{}
PERSONALITY_PROFILE_DIMENSIONS_V1,CLOSURE_UNRESOLVED_DISAPPEARANCE_WOUND,CLOSURE,UNRESOLVED_DISAPPEARANCE,true,"UNRESOLVED_DISAPPEARANCE was reviewed against all twelve CLOSURE base dimensions. Its specific wording does not materially reverse a base property, so the family profile remains the most coherent game-semantic resolution.",{}
PERSONALITY_PROFILE_DIMENSIONS_V1,COLLECTIVE_MEMORY_LIVING_MEMORIAL_CONFLICT,COLLECTIVE_MEMORY,LIVING_MEMORIAL,true,"LIVING_MEMORIAL was reviewed against all twelve COLLECTIVE_MEMORY base dimensions. Its specific wording does not materially reverse a base property, so the family profile remains the most coherent game-semantic resolution.",{}
PERSONALITY_PROFILE_DIMENSIONS_V1,COLLECTIVE_MEMORY_TECHNIQUE_TRADITION,COLLECTIVE_MEMORY,TECHNIQUE_TRADITION,true,TECHNIQUE_TRADITION was reviewed against all twelve COLLECTIVE_MEMORY base dimensions. the expression materially depends on stable repeated structure. Only material differences are overridden.,{}
PERSONALITY_PROFILE_DIMENSIONS_V1,COMPASSION_INJURY_AID_EXPRESSION,COMPASSION,INJURY_AID,true,INJURY_AID was reviewed against all twelve COMPASSION base dimensions. the expression foregrounds costly action for another. Only material differences are overridden.,{}
PERSONALITY_PROFILE_DIMENSIONS_V1,COMPASSION_NECESSARY_HARM_CONFLICT,COMPASSION,NECESSARY_HARM,true,"NECESSARY_HARM was reviewed against all twelve COMPASSION base dimensions. Its specific wording does not materially reverse a base property, so the family profile remains the most coherent game-semantic resolution.",{}
PERSONALITY_PROFILE_DIMENSIONS_V1,COMPASSION_RESCUE_CONTROL_WOUND,COMPASSION,RESCUE_CONTROL,true,RESCUE_CONTROL was reviewed against all twelve COMPASSION base dimensions. the expression foregrounds costly action for another. Only material differences are overridden.,{}
PERSONALITY_PROFILE_DIMENSIONS_V1,COMPETITION_COSMIC_TOURNAMENT_CONFLICT,COMPETITION,COSMIC_TOURNAMENT,true,"COSMIC_TOURNAMENT was reviewed against all twelve COMPETITION base dimensions. Its specific wording does not materially reverse a base property, so the family profile remains the most coherent game-semantic resolution.",{}
PERSONALITY_PROFILE_DIMENSIONS_V1,COMPETITION_MANUFACTURED_RIVALRY_WOUND,COMPETITION,MANUFACTURED_RIVALRY,true,"MANUFACTURED_RIVALRY was reviewed against all twelve COMPETITION base dimensions. Its specific wording does not materially reverse a base property, so the family profile remains the most coherent game-semantic resolution.",{}
PERSONALITY_PROFILE_DIMENSIONS_V1,COMPETITION_MATE_COMPETITION,COMPETITION,MATE_COMPETITION,true,"MATE_COMPETITION was reviewed against all twelve COMPETITION base dimensions. Its specific wording does not materially reverse a base property, so the family profile remains the most coherent game-semantic resolution.",{}
PERSONALITY_PROFILE_DIMENSIONS_V1,COMPETITION_UNFAIR_GIFT_CONFLICT,COMPETITION,UNFAIR_GIFT,true,"UNFAIR_GIFT was reviewed against all twelve COMPETITION base dimensions. Its specific wording does not materially reverse a base property, so the family profile remains the most coherent game-semantic resolution.",{}
PERSONALITY_PROFILE_DIMENSIONS_V1,CONFORMITY_ASSIMILATION_WOUND,CONFORMITY,ASSIMILATION,true,"ASSIMILATION was reviewed against all twelve CONFORMITY base dimensions. Its specific wording does not materially reverse a base property, so the family profile remains the most coherent game-semantic resolution.",{}
PERSONALITY_PROFILE_DIMENSIONS_V1,CONFORMITY_EMERGENCE_SYNCHRONY_EXPRESSION,CONFORMITY,EMERGENCE_SYNCHRONY,true,"EMERGENCE_SYNCHRONY was reviewed against all twelve CONFORMITY base dimensions. Its specific wording does not materially reverse a base property, so the family profile remains the most coherent game-semantic resolution.",{}
PERSONALITY_PROFILE_DIMENSIONS_V1,CONFORMITY_MOVEMENT_SYNCHRONY_EXPRESSION,CONFORMITY,MOVEMENT_SYNCHRONY,true,"MOVEMENT_SYNCHRONY was reviewed against all twelve CONFORMITY base dimensions. Its specific wording does not materially reverse a base property, so the family profile remains the most coherent game-semantic resolution.",{}
PERSONALITY_PROFILE_DIMENSIONS_V1,CONFORMITY_OBEDIENCE_NATURE_CONFLICT,CONFORMITY,OBEDIENCE_NATURE,true,"OBEDIENCE_NATURE was reviewed against all twelve CONFORMITY base dimensions. Its specific wording does not materially reverse a base property, so the family profile remains the most coherent game-semantic resolution.",{}
PERSONALITY_PROFILE_DIMENSIONS_V1,CONTROL_ADAPTIVE_SURRENDER_EXPRESSION,CONTROL,ADAPTIVE_SURRENDER,true,"ADAPTIVE_SURRENDER was reviewed against all twelve CONTROL base dimensions. Its specific wording does not materially reverse a base property, so the family profile remains the most coherent game-semantic resolution.",{}
PERSONALITY_PROFILE_DIMENSIONS_V1,CONTROL_BINDING_RITUAL_CONFLICT,CONTROL,BINDING_RITUAL,true,BINDING_RITUAL was reviewed against all twelve CONTROL base dimensions. the expression materially depends on stable repeated structure. Only material differences are overridden.,{}
PERSONALITY_PROFILE_DIMENSIONS_V1,CONTROL_ENVIRONMENT_ENGINEERING_EXPRESSION,CONTROL,ENVIRONMENT_ENGINEERING,true,"ENVIRONMENT_ENGINEERING was reviewed against all twelve CONTROL base dimensions. Its specific wording does not materially reverse a base property, so the family profile remains the most coherent game-semantic resolution.",{}
PERSONALITY_PROFILE_DIMENSIONS_V1,CONTROL_POWERLESSNESS_WOUND,CONTROL,POWERLESSNESS,true,POWERLESSNESS was reviewed against all twelve CONTROL base dimensions. the expression foregrounds expected deprivation or unresolved harm. Only material differences are overridden.,"{""outlookOrientation"":{""value"":""PESSIMISTIC"",""rationale"":""POWERLESSNESS differs from CONTROL's base because the expression foregrounds expected deprivation or unresolved harm; PESSIMISTIC makes that difference operational without changing unrelated fields.""}}"
PERSONALITY_PROFILE_DIMENSIONS_V1,CONTROL_RESOURCE_CONTROL_EXPRESSION,CONTROL,RESOURCE_CONTROL,true,"RESOURCE_CONTROL was reviewed against all twelve CONTROL base dimensions. Its specific wording does not materially reverse a base property, so the family profile remains the most coherent game-semantic resolution.",{}
PERSONALITY_PROFILE_DIMENSIONS_V1,CONTROL_UNCONTROLLABLE_CORE_CONFLICT,CONTROL,UNCONTROLLABLE_CORE,true,UNCONTROLLABLE_CORE was reviewed against all twelve CONTROL base dimensions. the expression materially rejects stable structure. Only material differences are overridden.,"{""structureOrientation"":{""value"":""CHAOS"",""rationale"":""UNCONTROLLABLE_CORE differs from CONTROL's base because the expression materially rejects stable structure; CHAOS makes that difference operational without changing unrelated fields.""}}"
PERSONALITY_PROFILE_DIMENSIONS_V1,CONTROL_UNPREDICTABILITY_WOUND,CONTROL,UNPREDICTABILITY,true,UNPREDICTABILITY was reviewed against all twelve CONTROL base dimensions. the expression materially rejects stable structure. Only material differences are overridden.,"{""structureOrientation"":{""value"":""CHAOS"",""rationale"":""UNPREDICTABILITY differs from CONTROL's base because the expression materially rejects stable structure; CHAOS makes that difference operational without changing unrelated fields.""}}"
PERSONALITY_PROFILE_DIMENSIONS_V1,COOPERATION_CIRCLE_DEPENDENT_POWER_CONFLICT,COOPERATION,CIRCLE_DEPENDENT_POWER,true,CIRCLE_DEPENDENT_POWER was reviewed against all twelve COOPERATION base dimensions. the expression materially depends on coordinated participation. Only material differences are overridden.,{}
PERSONALITY_PROFILE_DIMENSIONS_V1,COOPERATION_COOPERATIVE_HUNTING_EXPRESSION,COOPERATION,COOPERATIVE_HUNTING,true,COOPERATIVE_HUNTING was reviewed against all twelve COOPERATION base dimensions. the expression materially depends on coordinated participation. Only material differences are overridden.,{}
PERSONALITY_PROFILE_DIMENSIONS_V1,COOPERATION_GROUP_DEFENSE_EXPRESSION,COOPERATION,GROUP_DEFENSE,true,GROUP_DEFENSE was reviewed against all twelve COOPERATION base dimensions. the expression materially depends on coordinated participation. Only material differences are overridden.,{}
PERSONALITY_PROFILE_DIMENSIONS_V1,COOPERATION_SOLIDARITY_FRACTURE_WOUND,COOPERATION,SOLIDARITY_FRACTURE,true,"SOLIDARITY_FRACTURE was reviewed against all twelve COOPERATION base dimensions. Its specific wording does not materially reverse a base property, so the family profile remains the most coherent game-semantic resolution.",{}
PERSONALITY_PROFILE_DIMENSIONS_V1,COURAGE_COURAGE_WITHOUT_CHOICE_CONFLICT,COURAGE,COURAGE_WITHOUT_CHOICE,true,COURAGE_WITHOUT_CHOICE was reviewed against all twelve COURAGE base dimensions. the expression foregrounds rapid hostile activation. Only material differences are overridden.,{}
PERSONALITY_PROFILE_DIMENSIONS_V1,COURAGE_FEIGNED_INJURY_EXPRESSION,COURAGE,FEIGNED_INJURY,true,"FEIGNED_INJURY was reviewed against all twelve COURAGE base dimensions. Its specific wording does not materially reverse a base property, so the family profile remains the most coherent game-semantic resolution.",{}
PERSONALITY_PROFILE_DIMENSIONS_V1,COURAGE_RESISTANCE_COURAGE_WOUND,COURAGE,RESISTANCE_COURAGE,true,RESISTANCE_COURAGE was reviewed against all twelve COURAGE base dimensions. the expression foregrounds rapid hostile activation. Only material differences are overridden.,{}
PERSONALITY_PROFILE_DIMENSIONS_V1,CURIOSITY_BOUNDARY_BLIND_INQUIRY_CONFLICT,CURIOSITY,BOUNDARY_BLIND_INQUIRY,true,"BOUNDARY_BLIND_INQUIRY was reviewed against all twelve CURIOSITY base dimensions. Its specific wording does not materially reverse a base property, so the family profile remains the most coherent game-semantic resolution.",{}
PERSONALITY_PROFILE_DIMENSIONS_V1,CURIOSITY_LOST_HISTORY_WOUND,CURIOSITY,LOST_HISTORY,true,"LOST_HISTORY was reviewed against all twelve CURIOSITY base dimensions. Its specific wording does not materially reverse a base property, so the family profile remains the most coherent game-semantic resolution.",{}
PERSONALITY_PROFILE_DIMENSIONS_V1,CURIOSITY_PROBLEM_SOLVING_EXPRESSION,CURIOSITY,PROBLEM_SOLVING,true,"PROBLEM_SOLVING was reviewed against all twelve CURIOSITY base dimensions. Its specific wording does not materially reverse a base property, so the family profile remains the most coherent game-semantic resolution.",{}
PERSONALITY_PROFILE_DIMENSIONS_V1,DESIRE_COMMODIFIED_DESIRE_WOUND,DESIRE,COMMODIFIED_DESIRE,true,"COMMODIFIED_DESIRE was reviewed against all twelve DESIRE base dimensions. Its specific wording does not materially reverse a base property, so the family profile remains the most coherent game-semantic resolution.",{}
PERSONALITY_PROFILE_DIMENSIONS_V1,DESIRE_COMPELLED_ATTRACTION_CONFLICT,DESIRE,COMPELLED_ATTRACTION,true,"COMPELLED_ATTRACTION was reviewed against all twelve DESIRE base dimensions. Its specific wording does not materially reverse a base property, so the family profile remains the most coherent game-semantic resolution.",{}
PERSONALITY_PROFILE_DIMENSIONS_V1,DESIRE_COURTSHIP_DISPLAY_EXPRESSION,DESIRE,COURTSHIP_DISPLAY,true,COURTSHIP_DISPLAY was reviewed against all twelve DESIRE base dimensions. the expression specifically depends on conspicuous signaling; the expression foregrounds possibility or positive affect. Only material differences are overridden.,"{""loquacity"":{""value"":""TALKATIVE"",""rationale"":""COURTSHIP_DISPLAY differs from DESIRE's base because the expression specifically depends on conspicuous signaling; TALKATIVE makes that difference operational without changing unrelated fields.""}}"
PERSONALITY_PROFILE_DIMENSIONS_V1,DESIRE_HUNGER_VERSUS_LOVE_CONFLICT,DESIRE,HUNGER_VERSUS_LOVE,true,"HUNGER_VERSUS_LOVE was reviewed against all twelve DESIRE base dimensions. Its specific wording does not materially reverse a base property, so the family profile remains the most coherent game-semantic resolution.",{}
PERSONALITY_PROFILE_DIMENSIONS_V1,DESIRE_WISH_GRANTER_CONFLICT,DESIRE,WISH_GRANTER,true,"WISH_GRANTER was reviewed against all twelve DESIRE base dimensions. Its specific wording does not materially reverse a base property, so the family profile remains the most coherent game-semantic resolution.",{}
PERSONALITY_PROFILE_DIMENSIONS_V1,DISCIPLINE_ASCETIC_POWER_CONFLICT,DISCIPLINE,ASCETIC_POWER,true,"ASCETIC_POWER was reviewed against all twelve DISCIPLINE base dimensions. Its specific wording does not materially reverse a base property, so the family profile remains the most coherent game-semantic resolution.",{}
PERSONALITY_PROFILE_DIMENSIONS_V1,DISCIPLINE_COMMANDED_DISCIPLINE_CONFLICT,DISCIPLINE,COMMANDED_DISCIPLINE,true,"COMMANDED_DISCIPLINE was reviewed against all twelve DISCIPLINE base dimensions. Its specific wording does not materially reverse a base property, so the family profile remains the most coherent game-semantic resolution.",{}
PERSONALITY_PROFILE_DIMENSIONS_V1,DISCIPLINE_FORAGING_DISCIPLINE_EXPRESSION,DISCIPLINE,FORAGING_DISCIPLINE,true,"FORAGING_DISCIPLINE was reviewed against all twelve DISCIPLINE base dimensions. Its specific wording does not materially reverse a base property, so the family profile remains the most coherent game-semantic resolution.",{}
PERSONALITY_PROFILE_DIMENSIONS_V1,DISCIPLINE_FORM_MAINTENANCE_CONFLICT,DISCIPLINE,FORM_MAINTENANCE,true,"FORM_MAINTENANCE was reviewed against all twelve DISCIPLINE base dimensions. Its specific wording does not materially reverse a base property, so the family profile remains the most coherent game-semantic resolution.",{}
PERSONALITY_PROFILE_DIMENSIONS_V1,DISCIPLINE_PUNITIVE_TRAINING_WOUND,DISCIPLINE,PUNITIVE_TRAINING,true,"PUNITIVE_TRAINING was reviewed against all twelve DISCIPLINE base dimensions. Its specific wording does not materially reverse a base property, so the family profile remains the most coherent game-semantic resolution.",{}
PERSONALITY_PROFILE_DIMENSIONS_V1,DISCIPLINE_VIGIL_WITHOUT_END_CONFLICT,DISCIPLINE,VIGIL_WITHOUT_END,true,VIGIL_WITHOUT_END was reviewed against all twelve DISCIPLINE base dimensions. the expression materially depends on stable repeated structure. Only material differences are overridden.,{}
PERSONALITY_PROFILE_DIMENSIONS_V1,DISSENT_CONTRARIAN_IDENTITY_CONFLICT,DISSENT,CONTRARIAN_IDENTITY,true,"CONTRARIAN_IDENTITY was reviewed against all twelve DISSENT base dimensions. Its specific wording does not materially reverse a base property, so the family profile remains the most coherent game-semantic resolution.",{}
PERSONALITY_PROFILE_DIMENSIONS_V1,DISSENT_HERETICAL_DIVINITY_CONFLICT,DISSENT,HERETICAL_DIVINITY,true,"HERETICAL_DIVINITY was reviewed against all twelve DISSENT base dimensions. Its specific wording does not materially reverse a base property, so the family profile remains the most coherent game-semantic resolution.",{}
PERSONALITY_PROFILE_DIMENSIONS_V1,DISSENT_MINORITY_VOICE_WOUND,DISSENT,MINORITY_VOICE,true,MINORITY_VOICE was reviewed against all twelve DISSENT base dimensions. the expression specifically depends on conspicuous signaling. Only material differences are overridden.,{}
PERSONALITY_PROFILE_DIMENSIONS_V1,DISSENT_REFUSAL_EXPRESSION,DISSENT,REFUSAL,true,"REFUSAL was reviewed against all twelve DISSENT base dimensions. Its specific wording does not materially reverse a base property, so the family profile remains the most coherent game-semantic resolution.",{}
PERSONALITY_PROFILE_DIMENSIONS_V1,DISSENT_SUPPRESSED_SPEECH_WOUND,DISSENT,SUPPRESSED_SPEECH,true,SUPPRESSED_SPEECH was reviewed against all twelve DISSENT base dimensions. the expression specifically depends on conspicuous signaling. Only material differences are overridden.,{}
PERSONALITY_PROFILE_DIMENSIONS_V1,DOMINANCE_POSTURE_DOMINANCE_EXPRESSION,DOMINANCE,POSTURE_DOMINANCE,true,"POSTURE_DOMINANCE was reviewed against all twelve DOMINANCE base dimensions. Its specific wording does not materially reverse a base property, so the family profile remains the most coherent game-semantic resolution.",{}
PERSONALITY_PROFILE_DIMENSIONS_V1,DOMINANCE_RESOURCE_MONOPOLY_EXPRESSION,DOMINANCE,RESOURCE_MONOPOLY,true,RESOURCE_MONOPOLY was reviewed against all twelve DOMINANCE base dimensions. the expression foregrounds exclusive acquisition or self-priority. Only material differences are overridden.,{}
PERSONALITY_PROFILE_DIMENSIONS_V1,DOMINANCE_RULE_OR_BE_RULED_CONFLICT,DOMINANCE,RULE_OR_BE_RULED,true,"RULE_OR_BE_RULED was reviewed against all twelve DOMINANCE base dimensions. Its specific wording does not materially reverse a base property, so the family profile remains the most coherent game-semantic resolution.",{}
PERSONALITY_PROFILE_DIMENSIONS_V1,DOUBT_MAKER_DECEPTION_CONFLICT,DOUBT,MAKER_DECEPTION,true,"MAKER_DECEPTION was reviewed against all twelve DOUBT base dimensions. Its specific wording does not materially reverse a base property, so the family profile remains the most coherent game-semantic resolution.",{}
PERSONALITY_PROFILE_DIMENSIONS_V1,DOUBT_RETESTING_EXPRESSION,DOUBT,RETESTING,true,"RETESTING was reviewed against all twelve DOUBT base dimensions. Its specific wording does not materially reverse a base property, so the family profile remains the most coherent game-semantic resolution.",{}
PERSONALITY_PROFILE_DIMENSIONS_V1,DUTY_ABANDONED_DUTY_WOUND,DUTY,ABANDONED_DUTY,true,ABANDONED_DUTY was reviewed against all twelve DUTY base dimensions. the expression foregrounds expected deprivation or unresolved harm. Only material differences are overridden.,"{""outlookOrientation"":{""value"":""PESSIMISTIC"",""rationale"":""ABANDONED_DUTY differs from DUTY's base because the expression foregrounds expected deprivation or unresolved harm; PESSIMISTIC makes that difference operational without changing unrelated fields.""}}"
PERSONALITY_PROFILE_DIMENSIONS_V1,DUTY_LAST_GUARDIAN_CONFLICT,DUTY,LAST_GUARDIAN,true,LAST_GUARDIAN was reviewed against all twelve DUTY base dimensions. the expression foregrounds costly action for another. Only material differences are overridden.,{}
PERSONALITY_PROFILE_DIMENSIONS_V1,DUTY_NEST_DUTY_EXPRESSION,DUTY,NEST_DUTY,true,"NEST_DUTY was reviewed against all twelve DUTY base dimensions. Its specific wording does not materially reverse a base property, so the family profile remains the most coherent game-semantic resolution.",{}
PERSONALITY_PROFILE_DIMENSIONS_V1,DUTY_WATCH_DUTY_EXPRESSION,DUTY,WATCH_DUTY,true,WATCH_DUTY was reviewed against all twelve DUTY base dimensions. the expression materially depends on stable repeated structure. Only material differences are overridden.,{}
PERSONALITY_PROFILE_DIMENSIONS_V1,EMBODIMENT_DISEMBODIED_LONGING_CONFLICT,EMBODIMENT,DISEMBODIED_LONGING,true,"DISEMBODIED_LONGING was reviewed against all twelve EMBODIMENT base dimensions. Its specific wording does not materially reverse a base property, so the family profile remains the most coherent game-semantic resolution.",{}
PERSONALITY_PROFILE_DIMENSIONS_V1,EMBODIMENT_DISPLACEMENT_FROM_BODY_WOUND,EMBODIMENT,DISPLACEMENT_FROM_BODY,true,"DISPLACEMENT_FROM_BODY was reviewed against all twelve EMBODIMENT base dimensions. Its specific wording does not materially reverse a base property, so the family profile remains the most coherent game-semantic resolution.",{}
PERSONALITY_PROFILE_DIMENSIONS_V1,EMBODIMENT_FUNCTIONAL_BODY_EXPRESSION,EMBODIMENT,FUNCTIONAL_BODY,true,"FUNCTIONAL_BODY was reviewed against all twelve EMBODIMENT base dimensions. Its specific wording does not materially reverse a base property, so the family profile remains the most coherent game-semantic resolution.",{}
PERSONALITY_PROFILE_DIMENSIONS_V1,EMBODIMENT_ORNAMENTAL_BODY_EXPRESSION,EMBODIMENT,ORNAMENTAL_BODY,true,"ORNAMENTAL_BODY was reviewed against all twelve EMBODIMENT base dimensions. Its specific wording does not materially reverse a base property, so the family profile remains the most coherent game-semantic resolution.",{}
PERSONALITY_PROFILE_DIMENSIONS_V1,EMBODIMENT_PRISON_BODY_CONFLICT,EMBODIMENT,PRISON_BODY,true,"PRISON_BODY was reviewed against all twelve EMBODIMENT base dimensions. Its specific wording does not materially reverse a base property, so the family profile remains the most coherent game-semantic resolution.",{}
PERSONALITY_PROFILE_DIMENSIONS_V1,EMBODIMENT_PROTECTED_BODY_EXPRESSION,EMBODIMENT,PROTECTED_BODY,true,PROTECTED_BODY was reviewed against all twelve EMBODIMENT base dimensions. the expression foregrounds costly action for another. Only material differences are overridden.,"{""motivation"":{""value"":""ALTRUISTIC"",""rationale"":""PROTECTED_BODY differs from EMBODIMENT's base because the expression foregrounds costly action for another; ALTRUISTIC makes that difference operational without changing unrelated fields.""},""collaborativePosture"":{""value"":""HELPFUL"",""rationale"":""PROTECTED_BODY differs from EMBODIMENT's base because the expression foregrounds costly action for another; HELPFUL makes that difference operational without changing unrelated fields.""}}"
PERSONALITY_PROFILE_DIMENSIONS_V1,EMBODIMENT_WEAPON_BODY_CONFLICT,EMBODIMENT,WEAPON_BODY,true,"WEAPON_BODY was reviewed against all twelve EMBODIMENT base dimensions. Its specific wording does not materially reverse a base property, so the family profile remains the most coherent game-semantic resolution.",{}
PERSONALITY_PROFILE_DIMENSIONS_V1,EMPATHY_CONSOLATION_EXPRESSION,EMPATHY,CONSOLATION,true,"CONSOLATION was reviewed against all twelve EMPATHY base dimensions. Its specific wording does not materially reverse a base property, so the family profile remains the most coherent game-semantic resolution.",{}
PERSONALITY_PROFILE_DIMENSIONS_V1,EMPATHY_DEHUMANIZATION_WOUND,EMPATHY,DEHUMANIZATION,true,"DEHUMANIZATION was reviewed against all twelve EMPATHY base dimensions. Its specific wording does not materially reverse a base property, so the family profile remains the most coherent game-semantic resolution.",{}
PERSONALITY_PROFILE_DIMENSIONS_V1,EMPATHY_DISTRESS_RESPONSE_EXPRESSION,EMPATHY,DISTRESS_RESPONSE,true,"DISTRESS_RESPONSE was reviewed against all twelve EMPATHY base dimensions. Its specific wording does not materially reverse a base property, so the family profile remains the most coherent game-semantic resolution.",{}
PERSONALITY_PROFILE_DIMENSIONS_V1,EMPATHY_PREDATOR_EMPATHY_CONFLICT,EMPATHY,PREDATOR_EMPATHY,true,"PREDATOR_EMPATHY was reviewed against all twelve EMPATHY base dimensions. Its specific wording does not materially reverse a base property, so the family profile remains the most coherent game-semantic resolution.",{}
PERSONALITY_PROFILE_DIMENSIONS_V1,ENVY_INTERNAL_COMPARISON_WOUND,ENVY,INTERNAL_COMPARISON,true,"INTERNAL_COMPARISON was reviewed against all twelve ENVY base dimensions. Its specific wording does not materially reverse a base property, so the family profile remains the most coherent game-semantic resolution.",{}
PERSONALITY_PROFILE_DIMENSIONS_V1,ENVY_OBJECT_COVETING_EXPRESSION,ENVY,OBJECT_COVETING,true,OBJECT_COVETING was reviewed against all twelve ENVY base dimensions. the expression foregrounds exclusive acquisition or self-priority. Only material differences are overridden.,{}
PERSONALITY_PROFILE_DIMENSIONS_V1,ENVY_ORDINARY_LIFE_ENVY_CONFLICT,ENVY,ORDINARY_LIFE_ENVY,true,"ORDINARY_LIFE_ENVY was reviewed against all twelve ENVY base dimensions. Its specific wording does not materially reverse a base property, so the family profile remains the most coherent game-semantic resolution.",{}
PERSONALITY_PROFILE_DIMENSIONS_V1,ENVY_VISIBLE_INEQUALITY_WOUND,ENVY,VISIBLE_INEQUALITY,true,"VISIBLE_INEQUALITY was reviewed against all twelve ENVY base dimensions. Its specific wording does not materially reverse a base property, so the family profile remains the most coherent game-semantic resolution.",{}
PERSONALITY_PROFILE_DIMENSIONS_V1,EQUANIMITY_LOW_REACTIVITY_EXPRESSION,EQUANIMITY,LOW_REACTIVITY,true,LOW_REACTIVITY was reviewed against all twelve EQUANIMITY base dimensions. the expression foregrounds affective containment. Only material differences are overridden.,{}
PERSONALITY_PROFILE_DIMENSIONS_V1,EQUANIMITY_SCRUTINIZED_COMPOSURE_WOUND,EQUANIMITY,SCRUTINIZED_COMPOSURE,true,SCRUTINIZED_COMPOSURE was reviewed against all twelve EQUANIMITY base dimensions. the expression foregrounds affective containment. Only material differences are overridden.,{}
PERSONALITY_PROFILE_DIMENSIONS_V1,EQUANIMITY_SERENITY_AS_SEAL_CONFLICT,EQUANIMITY,SERENITY_AS_SEAL,true,SERENITY_AS_SEAL was reviewed against all twelve EQUANIMITY base dimensions. the expression foregrounds affective containment. Only material differences are overridden.,{}
PERSONALITY_PROFILE_DIMENSIONS_V1,EXILE_COLONIZATION_EXPRESSION,EXILE,COLONIZATION,true,"COLONIZATION was reviewed against all twelve EXILE base dimensions. Its specific wording does not materially reverse a base property, so the family profile remains the most coherent game-semantic resolution.",{}
PERSONALITY_PROFILE_DIMENSIONS_V1,EXILE_DIASPORA_DISTANCE_WOUND,EXILE,DIASPORA_DISTANCE,true,"DIASPORA_DISTANCE was reviewed against all twelve EXILE base dimensions. Its specific wording does not materially reverse a base property, so the family profile remains the most coherent game-semantic resolution.",{}
PERSONALITY_PROFILE_DIMENSIONS_V1,EXILE_FORCED_MIGRATION_WOUND,EXILE,FORCED_MIGRATION,true,"FORCED_MIGRATION was reviewed against all twelve EXILE base dimensions. Its specific wording does not materially reverse a base property, so the family profile remains the most coherent game-semantic resolution.",{}
PERSONALITY_PROFILE_DIMENSIONS_V1,EXILE_NOMADIC_CONTINUITY_EXPRESSION,EXILE,NOMADIC_CONTINUITY,true,"NOMADIC_CONTINUITY was reviewed against all twelve EXILE base dimensions. Its specific wording does not materially reverse a base property, so the family profile remains the most coherent game-semantic resolution.",{}
PERSONALITY_PROFILE_DIMENSIONS_V1,EXILE_TWO_HOME_CONFLICT,EXILE,TWO_HOME,true,"TWO_HOME was reviewed against all twelve EXILE base dimensions. Its specific wording does not materially reverse a base property, so the family profile remains the most coherent game-semantic resolution.",{}
PERSONALITY_PROFILE_DIMENSIONS_V1,EXPOSURE_DISPLAY_EXPOSURE_EXPRESSION,EXPOSURE,DISPLAY_EXPOSURE,true,DISPLAY_EXPOSURE was reviewed against all twelve EXPOSURE base dimensions. the expression specifically depends on conspicuous signaling; the expression foregrounds possibility or positive affect. Only material differences are overridden.,"{""outlookOrientation"":{""value"":""OPTIMISTIC"",""rationale"":""DISPLAY_EXPOSURE differs from EXPOSURE's base because the expression foregrounds possibility or positive affect; OPTIMISTIC makes that difference operational without changing unrelated fields.""},""emotionalTemperature"":{""value"":""JOYFUL"",""rationale"":""DISPLAY_EXPOSURE differs from EXPOSURE's base because the expression foregrounds possibility or positive affect; JOYFUL makes that difference operational without changing unrelated fields.""}}"
PERSONALITY_PROFILE_DIMENSIONS_V1,EXPOSURE_EXPOSURE_AS_EXISTENCE_CONFLICT,EXPOSURE,EXPOSURE_AS_EXISTENCE,true,"EXPOSURE_AS_EXISTENCE was reviewed against all twelve EXPOSURE base dimensions. Its specific wording does not materially reverse a base property, so the family profile remains the most coherent game-semantic resolution.",{}
PERSONALITY_PROFILE_DIMENSIONS_V1,EXPOSURE_INVINCIBLE_WHILE_UNKNOWN_CONFLICT,EXPOSURE,INVINCIBLE_WHILE_UNKNOWN,true,INVINCIBLE_WHILE_UNKNOWN was reviewed against all twelve EXPOSURE base dimensions. the expression specifically suppresses or conceals signaling. Only material differences are overridden.,"{""loquacity"":{""value"":""TO_THE_POINT"",""rationale"":""INVINCIBLE_WHILE_UNKNOWN differs from EXPOSURE's base because the expression specifically suppresses or conceals signaling; TO_THE_POINT makes that difference operational without changing unrelated fields.""}}"
PERSONALITY_PROFILE_DIMENSIONS_V1,EXPOSURE_PRIVACY_DEPRIVATION_WOUND,EXPOSURE,PRIVACY_DEPRIVATION,true,"PRIVACY_DEPRIVATION was reviewed against all twelve EXPOSURE base dimensions. Its specific wording does not materially reverse a base property, so the family profile remains the most coherent game-semantic resolution.",{}
PERSONALITY_PROFILE_DIMENSIONS_V1,EXPOSURE_SEEN_AND_BOUND_CONFLICT,EXPOSURE,SEEN_AND_BOUND,true,"SEEN_AND_BOUND was reviewed against all twelve EXPOSURE base dimensions. Its specific wording does not materially reverse a base property, so the family profile remains the most coherent game-semantic resolution.",{}
PERSONALITY_PROFILE_DIMENSIONS_V1,EXPRESSION_CHEMICAL_EXPRESSION,EXPRESSION,CHEMICAL,true,"CHEMICAL was reviewed against all twelve EXPRESSION base dimensions. Its specific wording does not materially reverse a base property, so the family profile remains the most coherent game-semantic resolution.",{}
PERSONALITY_PROFILE_DIMENSIONS_V1,EXPRESSION_COMPELLED_PERFORMANCE_CONFLICT,EXPRESSION,COMPELLED_PERFORMANCE,true,COMPELLED_PERFORMANCE was reviewed against all twelve EXPRESSION base dimensions. the expression specifically depends on conspicuous signaling. Only material differences are overridden.,{}
PERSONALITY_PROFILE_DIMENSIONS_V1,EXPRESSION_LANGUAGE_SUPPRESSION_WOUND,EXPRESSION,LANGUAGE_SUPPRESSION,true,"LANGUAGE_SUPPRESSION was reviewed against all twelve EXPRESSION base dimensions. Its specific wording does not materially reverse a base property, so the family profile remains the most coherent game-semantic resolution.",{}
PERSONALITY_PROFILE_DIMENSIONS_V1,EXPRESSION_SILENCE_EXPRESSION,EXPRESSION,SILENCE,true,SILENCE was reviewed against all twelve EXPRESSION base dimensions. the expression specifically suppresses or conceals signaling. Only material differences are overridden.,"{""loquacity"":{""value"":""TO_THE_POINT"",""rationale"":""SILENCE differs from EXPRESSION's base because the expression specifically suppresses or conceals signaling; TO_THE_POINT makes that difference operational without changing unrelated fields.""}}"
PERSONALITY_PROFILE_DIMENSIONS_V1,EXPRESSION_TACTILE_EXPRESSION,EXPRESSION,TACTILE,true,"TACTILE was reviewed against all twelve EXPRESSION base dimensions. Its specific wording does not materially reverse a base property, so the family profile remains the most coherent game-semantic resolution.",{}
PERSONALITY_PROFILE_DIMENSIONS_V1,EXPRESSION_UNSPEAKABLE_NEED_CONFLICT,EXPRESSION,UNSPEAKABLE_NEED,true,UNSPEAKABLE_NEED was reviewed against all twelve EXPRESSION base dimensions. the expression specifically suppresses or conceals signaling. Only material differences are overridden.,"{""loquacity"":{""value"":""TO_THE_POINT"",""rationale"":""UNSPEAKABLE_NEED differs from EXPRESSION's base because the expression specifically suppresses or conceals signaling; TO_THE_POINT makes that difference operational without changing unrelated fields.""}}"
PERSONALITY_PROFILE_DIMENSIONS_V1,EXPRESSION_VISUAL_EXPRESSION,EXPRESSION,VISUAL,true,"VISUAL was reviewed against all twelve EXPRESSION base dimensions. Its specific wording does not materially reverse a base property, so the family profile remains the most coherent game-semantic resolution.",{}
PERSONALITY_PROFILE_DIMENSIONS_V1,EXPRESSION_VOCAL_EXPRESSION,EXPRESSION,VOCAL,true,VOCAL was reviewed against all twelve EXPRESSION base dimensions. the expression specifically depends on conspicuous signaling. Only material differences are overridden.,{}
PERSONALITY_PROFILE_DIMENSIONS_V1,EXPRESSION_WORLD_CHANGING_VOICE_CONFLICT,EXPRESSION,WORLD_CHANGING_VOICE,true,WORLD_CHANGING_VOICE was reviewed against all twelve EXPRESSION base dimensions. the expression specifically depends on conspicuous signaling. Only material differences are overridden.,{}
PERSONALITY_PROFILE_DIMENSIONS_V1,FAIRNESS_JUSTICE_VERSUS_LOVE_CONFLICT,FAIRNESS,JUSTICE_VERSUS_LOVE,true,"JUSTICE_VERSUS_LOVE was reviewed against all twelve FAIRNESS base dimensions. Its specific wording does not materially reverse a base property, so the family profile remains the most coherent game-semantic resolution.",{}
PERSONALITY_PROFILE_DIMENSIONS_V1,FAIRNESS_LABOR_EXTRACTION_WOUND,FAIRNESS,LABOR_EXTRACTION,true,LABOR_EXTRACTION was reviewed against all twelve FAIRNESS base dimensions. the expression foregrounds expected deprivation or unresolved harm. Only material differences are overridden.,"{""outlookOrientation"":{""value"":""PESSIMISTIC"",""rationale"":""LABOR_EXTRACTION differs from FAIRNESS's base because the expression foregrounds expected deprivation or unresolved harm; PESSIMISTIC makes that difference operational without changing unrelated fields.""}}"
PERSONALITY_PROFILE_DIMENSIONS_V1,FAIRNESS_TURN_TAKING_EXPRESSION,FAIRNESS,TURN_TAKING,true,"TURN_TAKING was reviewed against all twelve FAIRNESS base dimensions. Its specific wording does not materially reverse a base property, so the family profile remains the most coherent game-semantic resolution.",{}
PERSONALITY_PROFILE_DIMENSIONS_V1,FAIRNESS_UNEQUAL_LAW_WOUND,FAIRNESS,UNEQUAL_LAW,true,"UNEQUAL_LAW was reviewed against all twelve FAIRNESS base dimensions. Its specific wording does not materially reverse a base property, so the family profile remains the most coherent game-semantic resolution.",{}
PERSONALITY_PROFILE_DIMENSIONS_V1,FAITH_FALSE_REVELATION_CONFLICT,FAITH,FALSE_REVELATION,true,"FALSE_REVELATION was reviewed against all twelve FAITH base dimensions. Its specific wording does not materially reverse a base property, so the family profile remains the most coherent game-semantic resolution.",{}
PERSONALITY_PROFILE_DIMENSIONS_V1,FAITH_INHERITED_CUE_EXPRESSION,FAITH,INHERITED_CUE,true,"INHERITED_CUE was reviewed against all twelve FAITH base dimensions. Its specific wording does not materially reverse a base property, so the family profile remains the most coherent game-semantic resolution.",{}
PERSONALITY_PROFILE_DIMENSIONS_V1,FAITH_PERSECUTED_FAITH_WOUND,FAITH,PERSECUTED_FAITH,true,PERSECUTED_FAITH was reviewed against all twelve FAITH base dimensions. the expression foregrounds expected deprivation or unresolved harm. Only material differences are overridden.,"{""outlookOrientation"":{""value"":""PESSIMISTIC"",""rationale"":""PERSECUTED_FAITH differs from FAITH's base because the expression foregrounds expected deprivation or unresolved harm; PESSIMISTIC makes that difference operational without changing unrelated fields.""}}"
PERSONALITY_PROFILE_DIMENSIONS_V1,FAITH_SELF_AS_OBJECT_OF_FAITH_CONFLICT,FAITH,SELF_AS_OBJECT_OF_FAITH,true,SELF_AS_OBJECT_OF_FAITH was reviewed against all twelve FAITH base dimensions. the expression foregrounds exclusive acquisition or self-priority. Only material differences are overridden.,"{""motivation"":{""value"":""SELFISH"",""rationale"":""SELF_AS_OBJECT_OF_FAITH differs from FAITH's base because the expression foregrounds exclusive acquisition or self-priority; SELFISH makes that difference operational without changing unrelated fields.""},""ownershipMode"":{""value"":""SINGLE_ENTITY"",""rationale"":""SELF_AS_OBJECT_OF_FAITH differs from FAITH's base because the expression foregrounds exclusive acquisition or self-priority; SINGLE_ENTITY makes that difference operational without changing unrelated fields.""}}"
PERSONALITY_PROFILE_DIMENSIONS_V1,FEAR_CHRONIC_DANGER_WOUND,FEAR,CHRONIC_DANGER,true,CHRONIC_DANGER was reviewed against all twelve FEAR base dimensions. the expression foregrounds rapid hostile activation. Only material differences are overridden.,"{""emotionalTemperature"":{""value"":""IRRITABLE"",""rationale"":""CHRONIC_DANGER differs from FEAR's base because the expression foregrounds rapid hostile activation; IRRITABLE makes that difference operational without changing unrelated fields.""}}"
PERSONALITY_PROFILE_DIMENSIONS_V1,FEAR_DEFENSIVE_DISPLAY_EXPRESSION,FEAR,DEFENSIVE_DISPLAY,true,DEFENSIVE_DISPLAY was reviewed against all twelve FEAR base dimensions. the expression specifically depends on conspicuous signaling; the expression foregrounds possibility or positive affect. Only material differences are overridden.,"{""loquacity"":{""value"":""TALKATIVE"",""rationale"":""DEFENSIVE_DISPLAY differs from FEAR's base because the expression specifically depends on conspicuous signaling; TALKATIVE makes that difference operational without changing unrelated fields.""},""outlookOrientation"":{""value"":""OPTIMISTIC"",""rationale"":""DEFENSIVE_DISPLAY differs from FEAR's base because the expression foregrounds possibility or positive affect; OPTIMISTIC makes that difference operational without changing unrelated fields.""},""emotionalTemperature"":{""value"":""JOYFUL"",""rationale"":""DEFENSIVE_DISPLAY differs from FEAR's base because the expression foregrounds possibility or positive affect; JOYFUL makes that difference operational without changing unrelated fields.""}}"
PERSONALITY_PROFILE_DIMENSIONS_V1,FEAR_FEAR_FED_CONFLICT,FEAR,FEAR_FED,true,"FEAR_FED was reviewed against all twelve FEAR base dimensions. Its specific wording does not materially reverse a base property, so the family profile remains the most coherent game-semantic resolution.",{}
PERSONALITY_PROFILE_DIMENSIONS_V1,FEAR_INTERGENERATIONAL_WARNING_WOUND,FEAR,INTERGENERATIONAL_WARNING,true,"INTERGENERATIONAL_WARNING was reviewed against all twelve FEAR base dimensions. Its specific wording does not materially reverse a base property, so the family profile remains the most coherent game-semantic resolution.",{}
PERSONALITY_PROFILE_DIMENSIONS_V1,FEAR_STATE_TERROR_WOUND,FEAR,STATE_TERROR,true,STATE_TERROR was reviewed against all twelve FEAR base dimensions. the expression foregrounds rapid hostile activation. Only material differences are overridden.,"{""emotionalTemperature"":{""value"":""IRRITABLE"",""rationale"":""STATE_TERROR differs from FEAR's base because the expression foregrounds rapid hostile activation; IRRITABLE makes that difference operational without changing unrelated fields.""}}"
PERSONALITY_PROFILE_DIMENSIONS_V1,FEAR_TERROR_INCARNATE_CONFLICT,FEAR,TERROR_INCARNATE,true,TERROR_INCARNATE was reviewed against all twelve FEAR base dimensions. the expression foregrounds rapid hostile activation. Only material differences are overridden.,"{""emotionalTemperature"":{""value"":""IRRITABLE"",""rationale"":""TERROR_INCARNATE differs from FEAR's base because the expression foregrounds rapid hostile activation; IRRITABLE makes that difference operational without changing unrelated fields.""}}"
PERSONALITY_PROFILE_DIMENSIONS_V1,FORCE_BITE_OR_STING_EXPRESSION,FORCE,BITE_OR_STING,true,"BITE_OR_STING was reviewed against all twelve FORCE base dimensions. Its specific wording does not materially reverse a base property, so the family profile remains the most coherent game-semantic resolution.",{}
PERSONALITY_PROFILE_DIMENSIONS_V1,FORCE_CATASTROPHIC_THRESHOLD_CONFLICT,FORCE,CATASTROPHIC_THRESHOLD,true,"CATASTROPHIC_THRESHOLD was reviewed against all twelve FORCE base dimensions. Its specific wording does not materially reverse a base property, so the family profile remains the most coherent game-semantic resolution.",{}
PERSONALITY_PROFILE_DIMENSIONS_V1,FORCE_CHARGE_EXPRESSION,FORCE,CHARGE,true,"CHARGE was reviewed against all twelve FORCE base dimensions. Its specific wording does not materially reverse a base property, so the family profile remains the most coherent game-semantic resolution.",{}
PERSONALITY_PROFILE_DIMENSIONS_V1,FORCE_CONSTRICT_EXPRESSION,FORCE,CONSTRICT,true,"CONSTRICT was reviewed against all twelve FORCE base dimensions. Its specific wording does not materially reverse a base property, so the family profile remains the most coherent game-semantic resolution.",{}
PERSONALITY_PROFILE_DIMENSIONS_V1,FORCE_CONTAINED_POWER_CONFLICT,FORCE,CONTAINED_POWER,true,CONTAINED_POWER was reviewed against all twelve FORCE base dimensions. the expression foregrounds affective containment. Only material differences are overridden.,"{""emotionalTemperature"":{""value"":""COMPOSED"",""rationale"":""CONTAINED_POWER differs from FORCE's base because the expression foregrounds affective containment; COMPOSED makes that difference operational without changing unrelated fields.""}}"
PERSONALITY_PROFILE_DIMENSIONS_V1,FORCE_LIVING_WEAPON_CONFLICT,FORCE,LIVING_WEAPON,true,"LIVING_WEAPON was reviewed against all twelve FORCE base dimensions. Its specific wording does not materially reverse a base property, so the family profile remains the most coherent game-semantic resolution.",{}
PERSONALITY_PROFILE_DIMENSIONS_V1,FORCE_PROTECTIVE_BRUTALITY_CONFLICT,FORCE,PROTECTIVE_BRUTALITY,true,PROTECTIVE_BRUTALITY was reviewed against all twelve FORCE base dimensions. the expression foregrounds rapid hostile activation; the expression foregrounds costly action for another. Only material differences are overridden.,"{""motivation"":{""value"":""ALTRUISTIC"",""rationale"":""PROTECTIVE_BRUTALITY differs from FORCE's base because the expression foregrounds costly action for another; ALTRUISTIC makes that difference operational without changing unrelated fields.""},""collaborativePosture"":{""value"":""HELPFUL"",""rationale"":""PROTECTIVE_BRUTALITY differs from FORCE's base because the expression foregrounds costly action for another; HELPFUL makes that difference operational without changing unrelated fields.""}}"
PERSONALITY_PROFILE_DIMENSIONS_V1,FORCE_STATE_FORCE_WOUND,FORCE,STATE_FORCE,true,"STATE_FORCE was reviewed against all twelve FORCE base dimensions. Its specific wording does not materially reverse a base property, so the family profile remains the most coherent game-semantic resolution.",{}
PERSONALITY_PROFILE_DIMENSIONS_V1,FORCE_SWARM_EXPRESSION,FORCE,SWARM,true,"SWARM was reviewed against all twelve FORCE base dimensions. Its specific wording does not materially reverse a base property, so the family profile remains the most coherent game-semantic resolution.",{}
PERSONALITY_PROFILE_DIMENSIONS_V1,FORGIVENESS_COMMUNITY_SPLIT_WOUND,FORGIVENESS,COMMUNITY_SPLIT,true,"COMMUNITY_SPLIT was reviewed against all twelve FORGIVENESS base dimensions. Its specific wording does not materially reverse a base property, so the family profile remains the most coherent game-semantic resolution.",{}
PERSONALITY_PROFILE_DIMENSIONS_V1,FORGIVENESS_CONDITIONAL_RELEASE_CONFLICT,FORGIVENESS,CONDITIONAL_RELEASE,true,"CONDITIONAL_RELEASE was reviewed against all twelve FORGIVENESS base dimensions. Its specific wording does not materially reverse a base property, so the family profile remains the most coherent game-semantic resolution.",{}
PERSONALITY_PROFILE_DIMENSIONS_V1,FORGIVENESS_RECONCILIATION_GROOMING_EXPRESSION,FORGIVENESS,RECONCILIATION_GROOMING,true,RECONCILIATION_GROOMING was reviewed against all twelve FORGIVENESS base dimensions. the expression materially depends on coordinated participation. Only material differences are overridden.,{}
PERSONALITY_PROFILE_DIMENSIONS_V1,FORGIVENESS_UNACKNOWLEDGED_HARM_WOUND,FORGIVENESS,UNACKNOWLEDGED_HARM,true,"UNACKNOWLEDGED_HARM was reviewed against all twelve FORGIVENESS base dimensions. Its specific wording does not materially reverse a base property, so the family profile remains the most coherent game-semantic resolution.",{}
PERSONALITY_PROFILE_DIMENSIONS_V1,GRIEF_DISPLACEMENT_GRIEF_WOUND,GRIEF,DISPLACEMENT_GRIEF,true,DISPLACEMENT_GRIEF was reviewed against all twelve GRIEF base dimensions. the expression foregrounds expected deprivation or unresolved harm. Only material differences are overridden.,{}
PERSONALITY_PROFILE_DIMENSIONS_V1,GRIEF_GHOST_BOND_CONFLICT,GRIEF,GHOST_BOND,true,"GHOST_BOND was reviewed against all twelve GRIEF base dimensions. Its specific wording does not materially reverse a base property, so the family profile remains the most coherent game-semantic resolution.",{}
PERSONALITY_PROFILE_DIMENSIONS_V1,GRIEF_GUARD_REMAINS_EXPRESSION,GRIEF,GUARD_REMAINS,true,"GUARD_REMAINS was reviewed against all twelve GRIEF base dimensions. Its specific wording does not materially reverse a base property, so the family profile remains the most coherent game-semantic resolution.",{}
PERSONALITY_PROFILE_DIMENSIONS_V1,GRIEF_MASS_LOSS_WOUND,GRIEF,MASS_LOSS,true,MASS_LOSS was reviewed against all twelve GRIEF base dimensions. the expression foregrounds expected deprivation or unresolved harm. Only material differences are overridden.,{}
PERSONALITY_PROFILE_DIMENSIONS_V1,GRIEF_MEMORY_BODY_CONFLICT,GRIEF,MEMORY_BODY,true,"MEMORY_BODY was reviewed against all twelve GRIEF base dimensions. Its specific wording does not materially reverse a base property, so the family profile remains the most coherent game-semantic resolution.",{}
PERSONALITY_PROFILE_DIMENSIONS_V1,GRIEF_WORLD_MOURNER_CONFLICT,GRIEF,WORLD_MOURNER,true,"WORLD_MOURNER was reviewed against all twelve GRIEF base dimensions. Its specific wording does not materially reverse a base property, so the family profile remains the most coherent game-semantic resolution.",{}
PERSONALITY_PROFILE_DIMENSIONS_V1,HIERARCHY_CASTE_FIXATION_WOUND,HIERARCHY,CASTE_FIXATION,true,"CASTE_FIXATION was reviewed against all twelve HIERARCHY base dimensions. Its specific wording does not materially reverse a base property, so the family profile remains the most coherent game-semantic resolution.",{}
PERSONALITY_PROFILE_DIMENSIONS_V1,HIERARCHY_COSMIC_ORDER_CONFLICT,HIERARCHY,COSMIC_ORDER,true,COSMIC_ORDER was reviewed against all twelve HIERARCHY base dimensions. the expression materially depends on stable repeated structure. Only material differences are overridden.,{}
PERSONALITY_PROFILE_DIMENSIONS_V1,HIERARCHY_REPRODUCTIVE_CASTE_EXPRESSION,HIERARCHY,REPRODUCTIVE_CASTE,true,"REPRODUCTIVE_CASTE was reviewed against all twelve HIERARCHY base dimensions. Its specific wording does not materially reverse a base property, so the family profile remains the most coherent game-semantic resolution.",{}
PERSONALITY_PROFILE_DIMENSIONS_V1,HOPE_BROKEN_PROMISE_WOUND,HOPE,BROKEN_PROMISE,true,"BROKEN_PROMISE was reviewed against all twelve HOPE base dimensions. Its specific wording does not materially reverse a base property, so the family profile remains the most coherent game-semantic resolution.",{}
PERSONALITY_PROFILE_DIMENSIONS_V1,HOPE_HOPE_BEARER_CONFLICT,HOPE,HOPE_BEARER,true,HOPE_BEARER was reviewed against all twelve HOPE base dimensions. the expression foregrounds possibility or positive affect. Only material differences are overridden.,{}
PERSONALITY_PROFILE_DIMENSIONS_V1,HOPE_JUVENILE_INVESTMENT_EXPRESSION,HOPE,JUVENILE_INVESTMENT,true,JUVENILE_INVESTMENT was reviewed against all twelve HOPE base dimensions. the expression foregrounds possibility or positive affect. Only material differences are overridden.,{}
PERSONALITY_PROFILE_DIMENSIONS_V1,HOSPITALITY_CLEANING_STATION_EXPRESSION,HOSPITALITY,CLEANING_STATION,true,"CLEANING_STATION was reviewed against all twelve HOSPITALITY base dimensions. Its specific wording does not materially reverse a base property, so the family profile remains the most coherent game-semantic resolution.",{}
PERSONALITY_PROFILE_DIMENSIONS_V1,HOSPITALITY_GUEST_RIGHT_BINDING_CONFLICT,HOSPITALITY,GUEST_RIGHT_BINDING,true,"GUEST_RIGHT_BINDING was reviewed against all twelve HOSPITALITY base dimensions. Its specific wording does not materially reverse a base property, so the family profile remains the most coherent game-semantic resolution.",{}
PERSONALITY_PROFILE_DIMENSIONS_V1,HOSPITALITY_HOST_VERSUS_REALM_CONFLICT,HOSPITALITY,HOST_VERSUS_REALM,true,"HOST_VERSUS_REALM was reviewed against all twelve HOSPITALITY base dimensions. Its specific wording does not materially reverse a base property, so the family profile remains the most coherent game-semantic resolution.",{}
PERSONALITY_PROFILE_DIMENSIONS_V1,HOSPITALITY_REFUGE_WOUND,HOSPITALITY,REFUGE,true,"REFUGE was reviewed against all twelve HOSPITALITY base dimensions. Its specific wording does not materially reverse a base property, so the family profile remains the most coherent game-semantic resolution.",{}
PERSONALITY_PROFILE_DIMENSIONS_V1,IMPULSE_DANGER_CONDITIONED_IMPULSE,IMPULSE,DANGER_CONDITIONED_IMPULSE,true,DANGER_CONDITIONED_IMPULSE was reviewed against all twelve IMPULSE base dimensions. the expression foregrounds rapid hostile activation; the expression materially rejects stable structure. Only material differences are overridden.,{}
PERSONALITY_PROFILE_DIMENSIONS_V1,IMPULSE_EMOTION_MANIFEST_CONFLICT,IMPULSE,EMOTION_MANIFEST,true,"EMOTION_MANIFEST was reviewed against all twelve IMPULSE base dimensions. Its specific wording does not materially reverse a base property, so the family profile remains the most coherent game-semantic resolution.",{}
PERSONALITY_PROFILE_DIMENSIONS_V1,IMPULSE_FIRST_THOUGHT_MAGIC_CONFLICT,IMPULSE,FIRST_THOUGHT_MAGIC,true,"FIRST_THOUGHT_MAGIC was reviewed against all twelve IMPULSE base dimensions. Its specific wording does not materially reverse a base property, so the family profile remains the most coherent game-semantic resolution.",{}
PERSONALITY_PROFILE_DIMENSIONS_V1,IMPULSE_STRIKE_FIRST_EXPRESSION,IMPULSE,STRIKE_FIRST,true,STRIKE_FIRST was reviewed against all twelve IMPULSE base dimensions. the expression foregrounds rapid hostile activation. Only material differences are overridden.,{}
PERSONALITY_PROFILE_DIMENSIONS_V1,INDIVIDUALITY_HOST_IDENTITY_CONFLICT,INDIVIDUALITY,HOST_IDENTITY,true,"HOST_IDENTITY was reviewed against all twelve INDIVIDUALITY base dimensions. Its specific wording does not materially reverse a base property, so the family profile remains the most coherent game-semantic resolution.",{}
PERSONALITY_PROFILE_DIMENSIONS_V1,INDIVIDUALITY_STEREOTYPE_WOUND,INDIVIDUALITY,STEREOTYPE,true,"STEREOTYPE was reviewed against all twelve INDIVIDUALITY base dimensions. Its specific wording does not materially reverse a base property, so the family profile remains the most coherent game-semantic resolution.",{}
PERSONALITY_PROFILE_DIMENSIONS_V1,INDIVIDUALITY_UNIQUE_MARKING_EXPRESSION,INDIVIDUALITY,UNIQUE_MARKING,true,UNIQUE_MARKING was reviewed against all twelve INDIVIDUALITY base dimensions. the expression foregrounds separation or singular agency. Only material differences are overridden.,{}
PERSONALITY_PROFILE_DIMENSIONS_V1,INDIVIDUALITY_UNIQUE_MONSTER_CONFLICT,INDIVIDUALITY,UNIQUE_MONSTER,true,UNIQUE_MONSTER was reviewed against all twelve INDIVIDUALITY base dimensions. the expression foregrounds separation or singular agency. Only material differences are overridden.,{}
PERSONALITY_PROFILE_DIMENSIONS_V1,INTIMACY_ARMOR_REMOVAL_CONFLICT,INTIMACY,ARMOR_REMOVAL,true,"ARMOR_REMOVAL was reviewed against all twelve INTIMACY base dimensions. Its specific wording does not materially reverse a base property, so the family profile remains the most coherent game-semantic resolution.",{}
PERSONALITY_PROFILE_DIMENSIONS_V1,INTIMACY_EMOTIONAL_DEPRIVATION_WOUND,INTIMACY,EMOTIONAL_DEPRIVATION,true,"EMOTIONAL_DEPRIVATION was reviewed against all twelve INTIMACY base dimensions. Its specific wording does not materially reverse a base property, so the family profile remains the most coherent game-semantic resolution.",{}
PERSONALITY_PROFILE_DIMENSIONS_V1,INTIMACY_GROOMING_INTIMACY_EXPRESSION,INTIMACY,GROOMING_INTIMACY,true,GROOMING_INTIMACY was reviewed against all twelve INTIMACY base dimensions. the expression materially depends on coordinated participation. Only material differences are overridden.,{}
PERSONALITY_PROFILE_DIMENSIONS_V1,LAND_DOMAIN_BOUND_CONFLICT,LAND,DOMAIN_BOUND,true,"DOMAIN_BOUND was reviewed against all twelve LAND base dimensions. Its specific wording does not materially reverse a base property, so the family profile remains the most coherent game-semantic resolution.",{}
PERSONALITY_PROFILE_DIMENSIONS_V1,LAND_LAND_AS_BODY_CONFLICT,LAND,LAND_AS_BODY,true,"LAND_AS_BODY was reviewed against all twelve LAND base dimensions. Its specific wording does not materially reverse a base property, so the family profile remains the most coherent game-semantic resolution.",{}
PERSONALITY_PROFILE_DIMENSIONS_V1,LAND_NESTING_SITE_DEPENDENCE,LAND,NESTING_SITE_DEPENDENCE,true,"NESTING_SITE_DEPENDENCE was reviewed against all twelve LAND base dimensions. Its specific wording does not materially reverse a base property, so the family profile remains the most coherent game-semantic resolution.",{}
PERSONALITY_PROFILE_DIMENSIONS_V1,LAND_REMOVAL_WOUND,LAND,REMOVAL,true,"REMOVAL was reviewed against all twelve LAND base dimensions. Its specific wording does not materially reverse a base property, so the family profile remains the most coherent game-semantic resolution.",{}
PERSONALITY_PROFILE_DIMENSIONS_V1,LAND_ROOTEDNESS_VERSUS_FREEDOM_CONFLICT,LAND,ROOTEDNESS_VERSUS_FREEDOM,true,"ROOTEDNESS_VERSUS_FREEDOM was reviewed against all twelve LAND base dimensions. Its specific wording does not materially reverse a base property, so the family profile remains the most coherent game-semantic resolution.",{}
PERSONALITY_PROFILE_DIMENSIONS_V1,LAND_SPAWNING_SITE_DEPENDENCE,LAND,SPAWNING_SITE_DEPENDENCE,true,"SPAWNING_SITE_DEPENDENCE was reviewed against all twelve LAND base dimensions. Its specific wording does not materially reverse a base property, so the family profile remains the most coherent game-semantic resolution.",{}
PERSONALITY_PROFILE_DIMENSIONS_V1,LEGITIMACY_CHALLENGE_LEGITIMACY_EXPRESSION,LEGITIMACY,CHALLENGE_LEGITIMACY,true,"CHALLENGE_LEGITIMACY was reviewed against all twelve LEGITIMACY base dimensions. Its specific wording does not materially reverse a base property, so the family profile remains the most coherent game-semantic resolution.",{}
PERSONALITY_PROFILE_DIMENSIONS_V1,LEGITIMACY_CONQUEST_LEGITIMACY_WOUND,LEGITIMACY,CONQUEST_LEGITIMACY,true,"CONQUEST_LEGITIMACY was reviewed against all twelve LEGITIMACY base dimensions. Its specific wording does not materially reverse a base property, so the family profile remains the most coherent game-semantic resolution.",{}
PERSONALITY_PROFILE_DIMENSIONS_V1,LEGITIMACY_DIVINE_MANDATE_CONFLICT,LEGITIMACY,DIVINE_MANDATE,true,"DIVINE_MANDATE was reviewed against all twelve LEGITIMACY base dimensions. Its specific wording does not materially reverse a base property, so the family profile remains the most coherent game-semantic resolution.",{}
PERSONALITY_PROFILE_DIMENSIONS_V1,LOYALTY_DEAD_MASTER_CONFLICT,LOYALTY,DEAD_MASTER,true,"DEAD_MASTER was reviewed against all twelve LOYALTY base dimensions. Its specific wording does not materially reverse a base property, so the family profile remains the most coherent game-semantic resolution.",{}
PERSONALITY_PROFILE_DIMENSIONS_V1,LOYALTY_FACTIONALIZATION_WOUND,LOYALTY,FACTIONALIZATION,true,"FACTIONALIZATION was reviewed against all twelve LOYALTY base dimensions. Its specific wording does not materially reverse a base property, so the family profile remains the most coherent game-semantic resolution.",{}
PERSONALITY_PROFILE_DIMENSIONS_V1,LOYALTY_GROUP_ALLEGIANCE_EXPRESSION,LOYALTY,GROUP_ALLEGIANCE,true,GROUP_ALLEGIANCE was reviewed against all twelve LOYALTY base dimensions. the expression materially depends on coordinated participation. Only material differences are overridden.,{}
PERSONALITY_PROFILE_DIMENSIONS_V1,MEANING_CREATED_PURPOSE_VERSUS_MEANING_CONFLICT,MEANING,CREATED_PURPOSE_VERSUS_MEANING,true,"CREATED_PURPOSE_VERSUS_MEANING was reviewed against all twelve MEANING base dimensions. Its specific wording does not materially reverse a base property, so the family profile remains the most coherent game-semantic resolution.",{}
PERSONALITY_PROFILE_DIMENSIONS_V1,MEANING_ERASED_WORLDVIEW_WOUND,MEANING,ERASED_WORLDVIEW,true,"ERASED_WORLDVIEW was reviewed against all twelve MEANING base dimensions. Its specific wording does not materially reverse a base property, so the family profile remains the most coherent game-semantic resolution.",{}
PERSONALITY_PROFILE_DIMENSIONS_V1,MEANING_RITUAL_ACTION_EXPRESSION,MEANING,RITUAL_ACTION,true,RITUAL_ACTION was reviewed against all twelve MEANING base dimensions. the expression materially depends on stable repeated structure. Only material differences are overridden.,{}
PERSONALITY_PROFILE_DIMENSIONS_V1,MEMORY_CACHE_MEMORY_EXPRESSION,MEMORY,CACHE_MEMORY,true,"CACHE_MEMORY was reviewed against all twelve MEMORY base dimensions. Its specific wording does not materially reverse a base property, so the family profile remains the most coherent game-semantic resolution.",{}
PERSONALITY_PROFILE_DIMENSIONS_V1,MEMORY_HAUNTED_MEMORY_CONFLICT,MEMORY,HAUNTED_MEMORY,true,"HAUNTED_MEMORY was reviewed against all twelve MEMORY base dimensions. Its specific wording does not materially reverse a base property, so the family profile remains the most coherent game-semantic resolution.",{}
PERSONALITY_PROFILE_DIMENSIONS_V1,MEMORY_RITUAL_RETURN_EXPRESSION,MEMORY,RITUAL_RETURN,true,RITUAL_RETURN was reviewed against all twelve MEMORY base dimensions. the expression materially depends on stable repeated structure. Only material differences are overridden.,{}
PERSONALITY_PROFILE_DIMENSIONS_V1,MEMORY_SELECTIVE_MEMORY_WOUND,MEMORY,SELECTIVE_MEMORY,true,"SELECTIVE_MEMORY was reviewed against all twelve MEMORY base dimensions. Its specific wording does not materially reverse a base property, so the family profile remains the most coherent game-semantic resolution.",{}
PERSONALITY_PROFILE_DIMENSIONS_V1,MEMORY_SURVIVOR_MEMORY_WOUND,MEMORY,SURVIVOR_MEMORY,true,"SURVIVOR_MEMORY was reviewed against all twelve MEMORY base dimensions. Its specific wording does not materially reverse a base property, so the family profile remains the most coherent game-semantic resolution.",{}
PERSONALITY_PROFILE_DIMENSIONS_V1,MERCY_IMPUNITY_THROUGH_MERCY_WOUND,MERCY,IMPUNITY_THROUGH_MERCY,true,"IMPUNITY_THROUGH_MERCY was reviewed against all twelve MERCY base dimensions. Its specific wording does not materially reverse a base property, so the family profile remains the most coherent game-semantic resolution.",{}
PERSONALITY_PROFILE_DIMENSIONS_V1,MERCY_JUDGE_WHO_CANNOT_FORGIVE_CONFLICT,MERCY,JUDGE_WHO_CANNOT_FORGIVE,true,"JUDGE_WHO_CANNOT_FORGIVE was reviewed against all twelve MERCY base dimensions. Its specific wording does not materially reverse a base property, so the family profile remains the most coherent game-semantic resolution.",{}
PERSONALITY_PROFILE_DIMENSIONS_V1,MERCY_MERCY_DENIAL_WOUND,MERCY,MERCY_DENIAL,true,"MERCY_DENIAL was reviewed against all twelve MERCY base dimensions. Its specific wording does not materially reverse a base property, so the family profile remains the most coherent game-semantic resolution.",{}
PERSONALITY_PROFILE_DIMENSIONS_V1,MERCY_SUBMISSION_RESPONSE_EXPRESSION,MERCY,SUBMISSION_RESPONSE,true,"SUBMISSION_RESPONSE was reviewed against all twelve MERCY base dimensions. Its specific wording does not materially reverse a base property, so the family profile remains the most coherent game-semantic resolution.",{}
PERSONALITY_PROFILE_DIMENSIONS_V1,MORTALITY_BRIEF_LIFE_EXPRESSION,MORTALITY,BRIEF_LIFE,true,"BRIEF_LIFE was reviewed against all twelve MORTALITY base dimensions. Its specific wording does not materially reverse a base property, so the family profile remains the most coherent game-semantic resolution.",{}
PERSONALITY_PROFILE_DIMENSIONS_V1,MORTALITY_IMMORTALITY_FATIGUE_CONFLICT,MORTALITY,IMMORTALITY_FATIGUE,true,"IMMORTALITY_FATIGUE was reviewed against all twelve MORTALITY base dimensions. Its specific wording does not materially reverse a base property, so the family profile remains the most coherent game-semantic resolution.",{}
PERSONALITY_PROFILE_DIMENSIONS_V1,MORTALITY_LONG_LIFE_EXPRESSION,MORTALITY,LONG_LIFE,true,"LONG_LIFE was reviewed against all twelve MORTALITY base dimensions. Its specific wording does not materially reverse a base property, so the family profile remains the most coherent game-semantic resolution.",{}
PERSONALITY_PROFILE_DIMENSIONS_V1,MORTALITY_MASS_DEATH_WOUND,MORTALITY,MASS_DEATH,true,MASS_DEATH was reviewed against all twelve MORTALITY base dimensions. the expression foregrounds expected deprivation or unresolved harm. Only material differences are overridden.,{}
PERSONALITY_PROFILE_DIMENSIONS_V1,MORTALITY_MORTALITY_THEFT_CONFLICT,MORTALITY,MORTALITY_THEFT,true,"MORTALITY_THEFT was reviewed against all twelve MORTALITY base dimensions. Its specific wording does not materially reverse a base property, so the family profile remains the most coherent game-semantic resolution.",{}
PERSONALITY_PROFILE_DIMENSIONS_V1,MORTALITY_SEMELPAROUS_EXPRESSION,MORTALITY,SEMELPAROUS,true,"SEMELPAROUS was reviewed against all twelve MORTALITY base dimensions. Its specific wording does not materially reverse a base property, so the family profile remains the most coherent game-semantic resolution.",{}
PERSONALITY_PROFILE_DIMENSIONS_V1,MORTALITY_UNDEAD_CONTINUATION_CONFLICT,MORTALITY,UNDEAD_CONTINUATION,true,"UNDEAD_CONTINUATION was reviewed against all twelve MORTALITY base dimensions. Its specific wording does not materially reverse a base property, so the family profile remains the most coherent game-semantic resolution.",{}
PERSONALITY_PROFILE_DIMENSIONS_V1,MORTALITY_UNEQUAL_EXPOSURE_WOUND,MORTALITY,UNEQUAL_EXPOSURE,true,"UNEQUAL_EXPOSURE was reviewed against all twelve MORTALITY base dimensions. Its specific wording does not materially reverse a base property, so the family profile remains the most coherent game-semantic resolution.",{}
PERSONALITY_PROFILE_DIMENSIONS_V1,NOVELTY_CREATION_ADDICTION_CONFLICT,NOVELTY,CREATION_ADDICTION,true,"CREATION_ADDICTION was reviewed against all twelve NOVELTY base dimensions. Its specific wording does not materially reverse a base property, so the family profile remains the most coherent game-semantic resolution.",{}
PERSONALITY_PROFILE_DIMENSIONS_V1,NOVELTY_ENDLESS_REINVENTION_CONFLICT,NOVELTY,ENDLESS_REINVENTION,true,"ENDLESS_REINVENTION was reviewed against all twelve NOVELTY base dimensions. Its specific wording does not materially reverse a base property, so the family profile remains the most coherent game-semantic resolution.",{}
PERSONALITY_PROFILE_DIMENSIONS_V1,NOVELTY_MIGRATION_OPPORTUNITY_WOUND,NOVELTY,MIGRATION_OPPORTUNITY,true,"MIGRATION_OPPORTUNITY was reviewed against all twelve NOVELTY base dimensions. Its specific wording does not materially reverse a base property, so the family profile remains the most coherent game-semantic resolution.",{}
PERSONALITY_PROFILE_DIMENSIONS_V1,NOVELTY_OBJECT_PLAY_EXPRESSION,NOVELTY,OBJECT_PLAY,true,OBJECT_PLAY was reviewed against all twelve NOVELTY base dimensions. the expression foregrounds possibility or positive affect. Only material differences are overridden.,{}
PERSONALITY_PROFILE_DIMENSIONS_V1,NOVELTY_STRATEGY_SWITCH_EXPRESSION,NOVELTY,STRATEGY_SWITCH,true,"STRATEGY_SWITCH was reviewed against all twelve NOVELTY base dimensions. Its specific wording does not materially reverse a base property, so the family profile remains the most coherent game-semantic resolution.",{}
PERSONALITY_PROFILE_DIMENSIONS_V1,PATIENCE_AMBUSH_PATIENCE_EXPRESSION,PATIENCE,AMBUSH_PATIENCE,true,AMBUSH_PATIENCE was reviewed against all twelve PATIENCE base dimensions. the expression foregrounds affective containment. Only material differences are overridden.,{}
PERSONALITY_PROFILE_DIMENSIONS_V1,PATIENCE_STALKING_PATIENCE_EXPRESSION,PATIENCE,STALKING_PATIENCE,true,STALKING_PATIENCE was reviewed against all twelve PATIENCE base dimensions. the expression foregrounds affective containment. Only material differences are overridden.,{}
PERSONALITY_PROFILE_DIMENSIONS_V1,PATIENCE_STONE_OR_SEED_CONFLICT,PATIENCE,STONE_OR_SEED,true,"STONE_OR_SEED was reviewed against all twelve PATIENCE base dimensions. Its specific wording does not materially reverse a base property, so the family profile remains the most coherent game-semantic resolution.",{}
PERSONALITY_PROFILE_DIMENSIONS_V1,PATIENCE_WAITING_FOR_RETURN_WOUND,PATIENCE,WAITING_FOR_RETURN,true,"WAITING_FOR_RETURN was reviewed against all twelve PATIENCE base dimensions. Its specific wording does not materially reverse a base property, so the family profile remains the most coherent game-semantic resolution.",{}
PERSONALITY_PROFILE_DIMENSIONS_V1,PERFECTION_ERROR_CORRECTION_EXPRESSION,PERFECTION,ERROR_CORRECTION,true,"ERROR_CORRECTION was reviewed against all twelve PERFECTION base dimensions. Its specific wording does not materially reverse a base property, so the family profile remains the most coherent game-semantic resolution.",{}
PERSONALITY_PROFILE_DIMENSIONS_V1,PERFECTION_EXEMPLARY_MINORITY_WOUND,PERFECTION,EXEMPLARY_MINORITY,true,"EXEMPLARY_MINORITY was reviewed against all twelve PERFECTION base dimensions. Its specific wording does not materially reverse a base property, so the family profile remains the most coherent game-semantic resolution.",{}
PERSONALITY_PROFILE_DIMENSIONS_V1,PERFECTION_IDEAL_FORM_CONFLICT,PERFECTION,IDEAL_FORM,true,"IDEAL_FORM was reviewed against all twelve PERFECTION base dimensions. Its specific wording does not materially reverse a base property, so the family profile remains the most coherent game-semantic resolution.",{}
PERSONALITY_PROFILE_DIMENSIONS_V1,PERFECTION_PERFECT_OBEDIENCE_CONFLICT,PERFECTION,PERFECT_OBEDIENCE,true,"PERFECT_OBEDIENCE was reviewed against all twelve PERFECTION base dimensions. Its specific wording does not materially reverse a base property, so the family profile remains the most coherent game-semantic resolution.",{}
PERSONALITY_PROFILE_DIMENSIONS_V1,PERFECTION_SYMMETRY_PREFERENCE_EXPRESSION,PERFECTION,SYMMETRY_PREFERENCE,true,"SYMMETRY_PREFERENCE was reviewed against all twelve PERFECTION base dimensions. Its specific wording does not materially reverse a base property, so the family profile remains the most coherent game-semantic resolution.",{}
PERSONALITY_PROFILE_DIMENSIONS_V1,PERSEVERANCE_DROUGHT_OR_COLD_ENDURANCE_EXPRESSION,PERSEVERANCE,DROUGHT_OR_COLD_ENDURANCE,true,"DROUGHT_OR_COLD_ENDURANCE was reviewed against all twelve PERSEVERANCE base dimensions. Its specific wording does not materially reverse a base property, so the family profile remains the most coherent game-semantic resolution.",{}
PERSONALITY_PROFILE_DIMENSIONS_V1,PERSEVERANCE_LABOR_EXPLOITATION_WOUND,PERSEVERANCE,LABOR_EXPLOITATION,true,"LABOR_EXPLOITATION was reviewed against all twelve PERSEVERANCE base dimensions. Its specific wording does not materially reverse a base property, so the family profile remains the most coherent game-semantic resolution.",{}
PERSONALITY_PROFILE_DIMENSIONS_V1,PERSEVERANCE_METHOD_SWITCHING_EXPRESSION,PERSEVERANCE,METHOD_SWITCHING,true,"METHOD_SWITCHING was reviewed against all twelve PERSEVERANCE base dimensions. Its specific wording does not materially reverse a base property, so the family profile remains the most coherent game-semantic resolution.",{}
PERSONALITY_PROFILE_DIMENSIONS_V1,PERSEVERANCE_PERSISTENT_PURSUIT_EXPRESSION,PERSEVERANCE,PERSISTENT_PURSUIT,true,"PERSISTENT_PURSUIT was reviewed against all twelve PERSEVERANCE base dimensions. Its specific wording does not materially reverse a base property, so the family profile remains the most coherent game-semantic resolution.",{}
PERSONALITY_PROFILE_DIMENSIONS_V1,PERSEVERANCE_SUFFERING_AS_PROOF_CONFLICT,PERSEVERANCE,SUFFERING_AS_PROOF,true,"SUFFERING_AS_PROOF was reviewed against all twelve PERSEVERANCE base dimensions. Its specific wording does not materially reverse a base property, so the family profile remains the most coherent game-semantic resolution.",{}
PERSONALITY_PROFILE_DIMENSIONS_V1,PERSEVERANCE_SURVIVAL_PERSISTENCE_WOUND,PERSEVERANCE,SURVIVAL_PERSISTENCE,true,"SURVIVAL_PERSISTENCE was reviewed against all twelve PERSEVERANCE base dimensions. Its specific wording does not materially reverse a base property, so the family profile remains the most coherent game-semantic resolution.",{}
PERSONALITY_PROFILE_DIMENSIONS_V1,PERSPECTIVE_GOD_S_EYE_CONFLICT,PERSPECTIVE,GOD_S_EYE,true,"GOD_S_EYE was reviewed against all twelve PERSPECTIVE base dimensions. Its specific wording does not materially reverse a base property, so the family profile remains the most coherent game-semantic resolution.",{}
PERSONALITY_PROFILE_DIMENSIONS_V1,PERSPECTIVE_PERSISTENT_MISREADING_WOUND,PERSPECTIVE,PERSISTENT_MISREADING,true,"PERSISTENT_MISREADING was reviewed against all twelve PERSPECTIVE base dimensions. Its specific wording does not materially reverse a base property, so the family profile remains the most coherent game-semantic resolution.",{}
PERSONALITY_PROFILE_DIMENSIONS_V1,PERSPECTIVE_VISUAL_VANTAGE_EXPRESSION,PERSPECTIVE,VISUAL_VANTAGE,true,"VISUAL_VANTAGE was reviewed against all twelve PERSPECTIVE base dimensions. Its specific wording does not materially reverse a base property, so the family profile remains the most coherent game-semantic resolution.",{}
PERSONALITY_PROFILE_DIMENSIONS_V1,PLEASURE_BASKING_EXPRESSION,PLEASURE,BASKING,true,"BASKING was reviewed against all twelve PLEASURE base dimensions. Its specific wording does not materially reverse a base property, so the family profile remains the most coherent game-semantic resolution.",{}
PERSONALITY_PROFILE_DIMENSIONS_V1,PLEASURE_EXPLORATION_PLEASURE_EXPRESSION,PLEASURE,EXPLORATION_PLEASURE,true,EXPLORATION_PLEASURE was reviewed against all twelve PLEASURE base dimensions. the expression foregrounds possibility or positive affect. Only material differences are overridden.,{}
PERSONALITY_PROFILE_DIMENSIONS_V1,PLEASURE_JOY_BRINGER_CONFLICT,PLEASURE,JOY_BRINGER,true,JOY_BRINGER was reviewed against all twelve PLEASURE base dimensions. the expression foregrounds possibility or positive affect. Only material differences are overridden.,{}
PERSONALITY_PROFILE_DIMENSIONS_V1,PLEASURE_PLAY_EXPRESSION,PLEASURE,PLAY,true,PLAY was reviewed against all twelve PLEASURE base dimensions. the expression foregrounds possibility or positive affect. Only material differences are overridden.,{}
PERSONALITY_PROFILE_DIMENSIONS_V1,PLEASURE_PLEASURE_TABOO_CONFLICT,PLEASURE,PLEASURE_TABOO,true,PLEASURE_TABOO was reviewed against all twelve PLEASURE base dimensions. the expression foregrounds possibility or positive affect. Only material differences are overridden.,{}
PERSONALITY_PROFILE_DIMENSIONS_V1,POSSESSION_CACHE_GUARDING_EXPRESSION,POSSESSION,CACHE_GUARDING,true,"CACHE_GUARDING was reviewed against all twelve POSSESSION base dimensions. Its specific wording does not materially reverse a base property, so the family profile remains the most coherent game-semantic resolution.",{}
PERSONALITY_PROFILE_DIMENSIONS_V1,POSSESSION_CULTURAL_PROPERTY_WOUND,POSSESSION,CULTURAL_PROPERTY,true,"CULTURAL_PROPERTY was reviewed against all twelve POSSESSION base dimensions. Its specific wording does not materially reverse a base property, so the family profile remains the most coherent game-semantic resolution.",{}
PERSONALITY_PROFILE_DIMENSIONS_V1,POSSESSION_GUARDIAN_VERSUS_OWNER_CONFLICT,POSSESSION,GUARDIAN_VERSUS_OWNER,true,GUARDIAN_VERSUS_OWNER was reviewed against all twelve POSSESSION base dimensions. the expression foregrounds costly action for another. Only material differences are overridden.,"{""motivation"":{""value"":""ALTRUISTIC"",""rationale"":""GUARDIAN_VERSUS_OWNER differs from POSSESSION's base because the expression foregrounds costly action for another; ALTRUISTIC makes that difference operational without changing unrelated fields.""},""collaborativePosture"":{""value"":""HELPFUL"",""rationale"":""GUARDIAN_VERSUS_OWNER differs from POSSESSION's base because the expression foregrounds costly action for another; HELPFUL makes that difference operational without changing unrelated fields.""}}"
PERSONALITY_PROFILE_DIMENSIONS_V1,POSSESSION_HOARD_MASTER_CONFLICT,POSSESSION,HOARD_MASTER,true,HOARD_MASTER was reviewed against all twelve POSSESSION base dimensions. the expression foregrounds exclusive acquisition or self-priority. Only material differences are overridden.,{}
PERSONALITY_PROFILE_DIMENSIONS_V1,POSSESSION_NEST_DECORATION_EXPRESSION,POSSESSION,NEST_DECORATION,true,"NEST_DECORATION was reviewed against all twelve POSSESSION base dimensions. Its specific wording does not materially reverse a base property, so the family profile remains the most coherent game-semantic resolution.",{}
PERSONALITY_PROFILE_DIMENSIONS_V1,POWER_CAPTURED_RESOURCE_WOUND,POWER,CAPTURED_RESOURCE,true,"CAPTURED_RESOURCE was reviewed against all twelve POWER base dimensions. Its specific wording does not materially reverse a base property, so the family profile remains the most coherent game-semantic resolution.",{}
PERSONALITY_PROFILE_DIMENSIONS_V1,POWER_COLONIAL_POWER_WOUND,POWER,COLONIAL_POWER,true,"COLONIAL_POWER was reviewed against all twelve POWER base dimensions. Its specific wording does not materially reverse a base property, so the family profile remains the most coherent game-semantic resolution.",{}
PERSONALITY_PROFILE_DIMENSIONS_V1,POWER_PHYSICAL_POWER_EXPRESSION,POWER,PHYSICAL_POWER,true,"PHYSICAL_POWER was reviewed against all twelve POWER base dimensions. Its specific wording does not materially reverse a base property, so the family profile remains the most coherent game-semantic resolution.",{}
PERSONALITY_PROFILE_DIMENSIONS_V1,POWER_REPRODUCTIVE_POWER_EXPRESSION,POWER,REPRODUCTIVE_POWER,true,"REPRODUCTIVE_POWER was reviewed against all twelve POWER base dimensions. Its specific wording does not materially reverse a base property, so the family profile remains the most coherent game-semantic resolution.",{}
PERSONALITY_PROFILE_DIMENSIONS_V1,POWER_SINGLE_WEAKNESS_CONFLICT,POWER,SINGLE_WEAKNESS,true,"SINGLE_WEAKNESS was reviewed against all twelve POWER base dimensions. Its specific wording does not materially reverse a base property, so the family profile remains the most coherent game-semantic resolution.",{}
PERSONALITY_PROFILE_DIMENSIONS_V1,PROTECTION_GUARDIAN_CURSE_CONFLICT,PROTECTION,GUARDIAN_CURSE,true,GUARDIAN_CURSE was reviewed against all twelve PROTECTION base dimensions. the expression foregrounds costly action for another. Only material differences are overridden.,{}
PERSONALITY_PROFILE_DIMENSIONS_V1,PROTECTION_PROTECTOR_AS_PERPETRATOR_WOUND,PROTECTION,PROTECTOR_AS_PERPETRATOR,true,PROTECTOR_AS_PERPETRATOR was reviewed against all twelve PROTECTION base dimensions. the expression foregrounds costly action for another. Only material differences are overridden.,{}
PERSONALITY_PROFILE_DIMENSIONS_V1,PROTECTION_THREAT_CREATION_CONFLICT,PROTECTION,THREAT_CREATION,true,THREAT_CREATION was reviewed against all twelve PROTECTION base dimensions. the expression foregrounds rapid hostile activation. Only material differences are overridden.,{}
PERSONALITY_PROFILE_DIMENSIONS_V1,PROTECTION_WORLD_SHIELD_CONFLICT,PROTECTION,WORLD_SHIELD,true,WORLD_SHIELD was reviewed against all twelve PROTECTION base dimensions. the expression foregrounds costly action for another. Only material differences are overridden.,{}
PERSONALITY_PROFILE_DIMENSIONS_V1,PROTECTION_YOUNG_SHIELDING_EXPRESSION,PROTECTION,YOUNG_SHIELDING,true,YOUNG_SHIELDING was reviewed against all twelve PROTECTION base dimensions. the expression foregrounds costly action for another. Only material differences are overridden.,{}
PERSONALITY_PROFILE_DIMENSIONS_V1,PURPOSE_DISPOSSESSION_PURPOSE_WOUND,PURPOSE,DISPOSSESSION_PURPOSE,true,"DISPOSSESSION_PURPOSE was reviewed against all twelve PURPOSE base dimensions. Its specific wording does not materially reverse a base property, so the family profile remains the most coherent game-semantic resolution.",{}
PERSONALITY_PROFILE_DIMENSIONS_V1,PURPOSE_MIGRATION_PURPOSE_EXPRESSION,PURPOSE,MIGRATION_PURPOSE,true,"MIGRATION_PURPOSE was reviewed against all twelve PURPOSE base dimensions. Its specific wording does not materially reverse a base property, so the family profile remains the most coherent game-semantic resolution.",{}
PERSONALITY_PROFILE_DIMENSIONS_V1,PURPOSE_SUCCESS_DISSOLUTION_CONFLICT,PURPOSE,SUCCESS_DISSOLUTION,true,"SUCCESS_DISSOLUTION was reviewed against all twelve PURPOSE base dimensions. Its specific wording does not materially reverse a base property, so the family profile remains the most coherent game-semantic resolution.",{}
PERSONALITY_PROFILE_DIMENSIONS_V1,REACTANCE_HANDLING_REACTANCE_EXPRESSION,REACTANCE,HANDLING_REACTANCE,true,"HANDLING_REACTANCE was reviewed against all twelve REACTANCE base dimensions. Its specific wording does not materially reverse a base property, so the family profile remains the most coherent game-semantic resolution.",{}
PERSONALITY_PROFILE_DIMENSIONS_V1,REACTANCE_OCCUPATION_REACTANCE_WOUND,REACTANCE,OCCUPATION_REACTANCE,true,"OCCUPATION_REACTANCE was reviewed against all twelve REACTANCE base dimensions. Its specific wording does not materially reverse a base property, so the family profile remains the most coherent game-semantic resolution.",{}
PERSONALITY_PROFILE_DIMENSIONS_V1,REACTANCE_REVERSE_COMPULSION_CONFLICT,REACTANCE,REVERSE_COMPULSION,true,"REVERSE_COMPULSION was reviewed against all twelve REACTANCE base dimensions. Its specific wording does not materially reverse a base property, so the family profile remains the most coherent game-semantic resolution.",{}
PERSONALITY_PROFILE_DIMENSIONS_V1,RECIPROCITY_CLEANING_MUTUALISM_EXPRESSION,RECIPROCITY,CLEANING_MUTUALISM,true,"CLEANING_MUTUALISM was reviewed against all twelve RECIPROCITY base dimensions. Its specific wording does not materially reverse a base property, so the family profile remains the most coherent game-semantic resolution.",{}
PERSONALITY_PROFILE_DIMENSIONS_V1,RECIPROCITY_EXTRACTIVE_EXCHANGE_WOUND,RECIPROCITY,EXTRACTIVE_EXCHANGE,true,EXTRACTIVE_EXCHANGE was reviewed against all twelve RECIPROCITY base dimensions. the expression foregrounds exclusive acquisition or self-priority. Only material differences are overridden.,"{""motivation"":{""value"":""SELFISH"",""rationale"":""EXTRACTIVE_EXCHANGE differs from RECIPROCITY's base because the expression foregrounds exclusive acquisition or self-priority; SELFISH makes that difference operational without changing unrelated fields.""},""ownershipMode"":{""value"":""SINGLE_ENTITY"",""rationale"":""EXTRACTIVE_EXCHANGE differs from RECIPROCITY's base because the expression foregrounds exclusive acquisition or self-priority; SINGLE_ENTITY makes that difference operational without changing unrelated fields.""}}"
PERSONALITY_PROFILE_DIMENSIONS_V1,RECIPROCITY_FOOD_SHARING_EXPRESSION,RECIPROCITY,FOOD_SHARING,true,FOOD_SHARING was reviewed against all twelve RECIPROCITY base dimensions. the expression materially depends on coordinated participation. Only material differences are overridden.,{}
PERSONALITY_PROFILE_DIMENSIONS_V1,RECIPROCITY_GENEROSITY_WITHOUT_RECEIVING_CONFLICT,RECIPROCITY,GENEROSITY_WITHOUT_RECEIVING,true,"GENEROSITY_WITHOUT_RECEIVING was reviewed against all twelve RECIPROCITY base dimensions. Its specific wording does not materially reverse a base property, so the family profile remains the most coherent game-semantic resolution.",{}
PERSONALITY_PROFILE_DIMENSIONS_V1,RECIPROCITY_GIFT_AS_BINDING_CONFLICT,RECIPROCITY,GIFT_AS_BINDING,true,"GIFT_AS_BINDING was reviewed against all twelve RECIPROCITY base dimensions. Its specific wording does not materially reverse a base property, so the family profile remains the most coherent game-semantic resolution.",{}
PERSONALITY_PROFILE_DIMENSIONS_V1,RECOGNITION_COURTSHIP_DISPLAY_EXPRESSION,RECOGNITION,COURTSHIP_DISPLAY,true,COURTSHIP_DISPLAY was reviewed against all twelve RECOGNITION base dimensions. the expression specifically depends on conspicuous signaling; the expression foregrounds possibility or positive affect. Only material differences are overridden.,"{""outlookOrientation"":{""value"":""OPTIMISTIC"",""rationale"":""COURTSHIP_DISPLAY differs from RECOGNITION's base because the expression foregrounds possibility or positive affect; OPTIMISTIC makes that difference operational without changing unrelated fields.""}}"
PERSONALITY_PROFILE_DIMENSIONS_V1,RECOGNITION_CREDIT_THEFT_WOUND,RECOGNITION,CREDIT_THEFT,true,"CREDIT_THEFT was reviewed against all twelve RECOGNITION base dimensions. Its specific wording does not materially reverse a base property, so the family profile remains the most coherent game-semantic resolution.",{}
PERSONALITY_PROFILE_DIMENSIONS_V1,RECOGNITION_MISRECOGNIZED_MONSTER_CONFLICT,RECOGNITION,MISRECOGNIZED_MONSTER,true,"MISRECOGNIZED_MONSTER was reviewed against all twelve RECOGNITION base dimensions. Its specific wording does not materially reverse a base property, so the family profile remains the most coherent game-semantic resolution.",{}
PERSONALITY_PROFILE_DIMENSIONS_V1,REPAIR_DESTROYED_INFRASTRUCTURE_WOUND,REPAIR,DESTROYED_INFRASTRUCTURE,true,"DESTROYED_INFRASTRUCTURE was reviewed against all twelve REPAIR base dimensions. Its specific wording does not materially reverse a base property, so the family profile remains the most coherent game-semantic resolution.",{}
PERSONALITY_PROFILE_DIMENSIONS_V1,REPAIR_STRUCTURE_REPAIR_EXPRESSION,REPAIR,STRUCTURE_REPAIR,true,"STRUCTURE_REPAIR was reviewed against all twelve REPAIR base dimensions. Its specific wording does not materially reverse a base property, so the family profile remains the most coherent game-semantic resolution.",{}
PERSONALITY_PROFILE_DIMENSIONS_V1,REPAIR_UNREPAIRABLE_ORIGIN_CONFLICT,REPAIR,UNREPAIRABLE_ORIGIN,true,"UNREPAIRABLE_ORIGIN was reviewed against all twelve REPAIR base dimensions. Its specific wording does not materially reverse a base property, so the family profile remains the most coherent game-semantic resolution.",{}
PERSONALITY_PROFILE_DIMENSIONS_V1,REPUTATION_INHERITED_LEGEND_CONFLICT,REPUTATION,INHERITED_LEGEND,true,"INHERITED_LEGEND was reviewed against all twelve REPUTATION base dimensions. Its specific wording does not materially reverse a base property, so the family profile remains the most coherent game-semantic resolution.",{}
PERSONALITY_PROFILE_DIMENSIONS_V1,REPUTATION_THREAT_MEMORY_EXPRESSION,REPUTATION,THREAT_MEMORY,true,THREAT_MEMORY was reviewed against all twelve REPUTATION base dimensions. the expression foregrounds rapid hostile activation. Only material differences are overridden.,"{""emotionalTemperature"":{""value"":""IRRITABLE"",""rationale"":""THREAT_MEMORY differs from REPUTATION's base because the expression foregrounds rapid hostile activation; IRRITABLE makes that difference operational without changing unrelated fields.""}}"
PERSONALITY_PROFILE_DIMENSIONS_V1,RESTRAINT_ATTACK_INHIBITION_EXPRESSION,RESTRAINT,ATTACK_INHIBITION,true,"ATTACK_INHIBITION was reviewed against all twelve RESTRAINT base dimensions. Its specific wording does not materially reverse a base property, so the family profile remains the most coherent game-semantic resolution.",{}
PERSONALITY_PROFILE_DIMENSIONS_V1,RESTRAINT_CATASTROPHE_CONTAINED_CONFLICT,RESTRAINT,CATASTROPHE_CONTAINED,true,CATASTROPHE_CONTAINED was reviewed against all twelve RESTRAINT base dimensions. the expression foregrounds affective containment. Only material differences are overridden.,{}
PERSONALITY_PROFILE_DIMENSIONS_V1,RESTRAINT_PUNISHED_EXPRESSION_WOUND,RESTRAINT,PUNISHED_EXPRESSION,true,"PUNISHED_EXPRESSION was reviewed against all twelve RESTRAINT base dimensions. Its specific wording does not materially reverse a base property, so the family profile remains the most coherent game-semantic resolution.",{}
PERSONALITY_PROFILE_DIMENSIONS_V1,RESTRAINT_SCARCITY_RESTRAINT_WOUND,RESTRAINT,SCARCITY_RESTRAINT,true,SCARCITY_RESTRAINT was reviewed against all twelve RESTRAINT base dimensions. the expression foregrounds affective containment; the expression foregrounds expected deprivation or unresolved harm. Only material differences are overridden.,"{""outlookOrientation"":{""value"":""PESSIMISTIC"",""rationale"":""SCARCITY_RESTRAINT differs from RESTRAINT's base because the expression foregrounds expected deprivation or unresolved harm; PESSIMISTIC makes that difference operational without changing unrelated fields.""}}"
PERSONALITY_PROFILE_DIMENSIONS_V1,RISK_LEAP_OR_DIVE_EXPRESSION,RISK,LEAP_OR_DIVE,true,"LEAP_OR_DIVE was reviewed against all twelve RISK base dimensions. Its specific wording does not materially reverse a base property, so the family profile remains the most coherent game-semantic resolution.",{}
PERSONALITY_PROFILE_DIMENSIONS_V1,RISK_OPEN_FORAGING_EXPRESSION,RISK,OPEN_FORAGING,true,"OPEN_FORAGING was reviewed against all twelve RISK base dimensions. Its specific wording does not materially reverse a base property, so the family profile remains the most coherent game-semantic resolution.",{}
PERSONALITY_PROFILE_DIMENSIONS_V1,RISK_PRECARITY_WOUND,RISK,PRECARITY,true,"PRECARITY was reviewed against all twelve RISK base dimensions. Its specific wording does not materially reverse a base property, so the family profile remains the most coherent game-semantic resolution.",{}
PERSONALITY_PROFILE_DIMENSIONS_V1,RISK_PROPHECY_CALCULATION_CONFLICT,RISK,PROPHECY_CALCULATION,true,"PROPHECY_CALCULATION was reviewed against all twelve RISK base dimensions. Its specific wording does not materially reverse a base property, so the family profile remains the most coherent game-semantic resolution.",{}
PERSONALITY_PROFILE_DIMENSIONS_V1,RISK_SOCIAL_RISK_SHARING_EXPRESSION,RISK,SOCIAL_RISK_SHARING,true,"SOCIAL_RISK_SHARING was reviewed against all twelve RISK base dimensions. Its specific wording does not materially reverse a base property, so the family profile remains the most coherent game-semantic resolution.",{}
PERSONALITY_PROFILE_DIMENSIONS_V1,RISK_UNEQUAL_RISK_WOUND,RISK,UNEQUAL_RISK,true,"UNEQUAL_RISK was reviewed against all twelve RISK base dimensions. Its specific wording does not materially reverse a base property, so the family profile remains the most coherent game-semantic resolution.",{}
PERSONALITY_PROFILE_DIMENSIONS_V1,SCARCITY_CACHE_EXPRESSION,SCARCITY,CACHE,true,"CACHE was reviewed against all twelve SCARCITY base dimensions. Its specific wording does not materially reverse a base property, so the family profile remains the most coherent game-semantic resolution.",{}
PERSONALITY_PROFILE_DIMENSIONS_V1,SCARCITY_LAND_LOSS_SCARCITY,SCARCITY,LAND_LOSS_SCARCITY,true,LAND_LOSS_SCARCITY was reviewed against all twelve SCARCITY base dimensions. the expression foregrounds expected deprivation or unresolved harm. Only material differences are overridden.,{}
PERSONALITY_PROFILE_DIMENSIONS_V1,SCARCITY_LAST_RESOURCE_CONFLICT,SCARCITY,LAST_RESOURCE,true,"LAST_RESOURCE was reviewed against all twelve SCARCITY base dimensions. Its specific wording does not materially reverse a base property, so the family profile remains the most coherent game-semantic resolution.",{}
PERSONALITY_PROFILE_DIMENSIONS_V1,SCARCITY_MEMORY_OF_LACK_CONFLICT,SCARCITY,MEMORY_OF_LACK,true,"MEMORY_OF_LACK was reviewed against all twelve SCARCITY base dimensions. Its specific wording does not materially reverse a base property, so the family profile remains the most coherent game-semantic resolution.",{}
PERSONALITY_PROFILE_DIMENSIONS_V1,SCARCITY_METABOLIC_SLOWING_EXPRESSION,SCARCITY,METABOLIC_SLOWING,true,"METABOLIC_SLOWING was reviewed against all twelve SCARCITY base dimensions. Its specific wording does not materially reverse a base property, so the family profile remains the most coherent game-semantic resolution.",{}
PERSONALITY_PROFILE_DIMENSIONS_V1,SECRECY_MASK_WITHIN_MASK_CONFLICT,SECRECY,MASK_WITHIN_MASK,true,MASK_WITHIN_MASK was reviewed against all twelve SECRECY base dimensions. the expression specifically suppresses or conceals signaling; the expression foregrounds separation or singular agency. Only material differences are overridden.,{}
PERSONALITY_PROFILE_DIMENSIONS_V1,SECRECY_PERSECUTION_SECRECY_WOUND,SECRECY,PERSECUTION_SECRECY,true,PERSECUTION_SECRECY was reviewed against all twelve SECRECY base dimensions. the expression foregrounds expected deprivation or unresolved harm. Only material differences are overridden.,"{""outlookOrientation"":{""value"":""PESSIMISTIC"",""rationale"":""PERSECUTION_SECRECY differs from SECRECY's base because the expression foregrounds expected deprivation or unresolved harm; PESSIMISTIC makes that difference operational without changing unrelated fields.""}}"
PERSONALITY_PROFILE_DIMENSIONS_V1,SECRECY_ROUTE_SECRECY_EXPRESSION,SECRECY,ROUTE_SECRECY,true,"ROUTE_SECRECY was reviewed against all twelve SECRECY base dimensions. Its specific wording does not materially reverse a base property, so the family profile remains the most coherent game-semantic resolution.",{}
PERSONALITY_PROFILE_DIMENSIONS_V1,SECRECY_SECRET_INSTITUTION_WOUND,SECRECY,SECRET_INSTITUTION,true,SECRET_INSTITUTION was reviewed against all twelve SECRECY base dimensions. the expression specifically suppresses or conceals signaling. Only material differences are overridden.,{}
PERSONALITY_PROFILE_DIMENSIONS_V1,SELF_KNOWLEDGE_EXTERNALLY_DEFINED_WOUND,SELF_KNOWLEDGE,EXTERNALLY_DEFINED,true,"EXTERNALLY_DEFINED was reviewed against all twelve SELF_KNOWLEDGE base dimensions. Its specific wording does not materially reverse a base property, so the family profile remains the most coherent game-semantic resolution.",{}
PERSONALITY_PROFILE_DIMENSIONS_V1,SELF_KNOWLEDGE_GASLIGHTING_WOUND,SELF_KNOWLEDGE,GASLIGHTING,true,"GASLIGHTING was reviewed against all twelve SELF_KNOWLEDGE base dimensions. Its specific wording does not materially reverse a base property, so the family profile remains the most coherent game-semantic resolution.",{}
PERSONALITY_PROFILE_DIMENSIONS_V1,SELF_KNOWLEDGE_MIRROR_RECOGNITION_EXPRESSION,SELF_KNOWLEDGE,MIRROR_RECOGNITION,true,"MIRROR_RECOGNITION was reviewed against all twelve SELF_KNOWLEDGE base dimensions. Its specific wording does not materially reverse a base property, so the family profile remains the most coherent game-semantic resolution.",{}
PERSONALITY_PROFILE_DIMENSIONS_V1,SELF_KNOWLEDGE_SPLIT_SOUL_CONFLICT,SELF_KNOWLEDGE,SPLIT_SOUL,true,"SPLIT_SOUL was reviewed against all twelve SELF_KNOWLEDGE base dimensions. Its specific wording does not materially reverse a base property, so the family profile remains the most coherent game-semantic resolution.",{}
PERSONALITY_PROFILE_DIMENSIONS_V1,SELF_KNOWLEDGE_STATE_AWARENESS_EXPRESSION,SELF_KNOWLEDGE,STATE_AWARENESS,true,"STATE_AWARENESS was reviewed against all twelve SELF_KNOWLEDGE base dimensions. Its specific wording does not materially reverse a base property, so the family profile remains the most coherent game-semantic resolution.",{}
PERSONALITY_PROFILE_DIMENSIONS_V1,SELF_REGARD_FLAW_REVELATION_CONFLICT,SELF_REGARD,FLAW_REVELATION,true,"FLAW_REVELATION was reviewed against all twelve SELF_REGARD base dimensions. Its specific wording does not materially reverse a base property, so the family profile remains the most coherent game-semantic resolution.",{}
PERSONALITY_PROFILE_DIMENSIONS_V1,SELF_REGARD_INVULNERABILITY_DISPLAY_EXPRESSION,SELF_REGARD,INVULNERABILITY_DISPLAY,true,INVULNERABILITY_DISPLAY was reviewed against all twelve SELF_REGARD base dimensions. the expression specifically depends on conspicuous signaling; the expression foregrounds possibility or positive affect. Only material differences are overridden.,"{""outlookOrientation"":{""value"":""OPTIMISTIC"",""rationale"":""INVULNERABILITY_DISPLAY differs from SELF_REGARD's base because the expression foregrounds possibility or positive affect; OPTIMISTIC makes that difference operational without changing unrelated fields.""}}"
PERSONALITY_PROFILE_DIMENSIONS_V1,SELF_REGARD_OVERCOMPENSATION_WOUND,SELF_REGARD,OVERCOMPENSATION,true,"OVERCOMPENSATION was reviewed against all twelve SELF_REGARD base dimensions. Its specific wording does not materially reverse a base property, so the family profile remains the most coherent game-semantic resolution.",{}
PERSONALITY_PROFILE_DIMENSIONS_V1,SELF_REGARD_RANK_DISPLAY_EXPRESSION,SELF_REGARD,RANK_DISPLAY,true,RANK_DISPLAY was reviewed against all twelve SELF_REGARD base dimensions. the expression specifically depends on conspicuous signaling; the expression foregrounds possibility or positive affect. Only material differences are overridden.,"{""outlookOrientation"":{""value"":""OPTIMISTIC"",""rationale"":""RANK_DISPLAY differs from SELF_REGARD's base because the expression foregrounds possibility or positive affect; OPTIMISTIC makes that difference operational without changing unrelated fields.""}}"
PERSONALITY_PROFILE_DIMENSIONS_V1,SELF_REGARD_SHAME_BOUND_FORM_CONFLICT,SELF_REGARD,SHAME_BOUND_FORM,true,"SHAME_BOUND_FORM was reviewed against all twelve SELF_REGARD base dimensions. Its specific wording does not materially reverse a base property, so the family profile remains the most coherent game-semantic resolution.",{}
PERSONALITY_PROFILE_DIMENSIONS_V1,SELF_REGARD_UNADVERTISED_ASSURANCE_EXPRESSION,SELF_REGARD,UNADVERTISED_ASSURANCE,true,"UNADVERTISED_ASSURANCE was reviewed against all twelve SELF_REGARD base dimensions. Its specific wording does not materially reverse a base property, so the family profile remains the most coherent game-semantic resolution.",{}
PERSONALITY_PROFILE_DIMENSIONS_V1,STATUS_CASTE_HUMILIATION_WOUND,STATUS,CASTE_HUMILIATION,true,"CASTE_HUMILIATION was reviewed against all twelve STATUS base dimensions. Its specific wording does not materially reverse a base property, so the family profile remains the most coherent game-semantic resolution.",{}
PERSONALITY_PROFILE_DIMENSIONS_V1,STATUS_FALLEN_DIVINITY_CONFLICT,STATUS,FALLEN_DIVINITY,true,"FALLEN_DIVINITY was reviewed against all twelve STATUS base dimensions. Its specific wording does not materially reverse a base property, so the family profile remains the most coherent game-semantic resolution.",{}
PERSONALITY_PROFILE_DIMENSIONS_V1,STATUS_ORNAMENT_RANK_EXPRESSION,STATUS,ORNAMENT_RANK,true,"ORNAMENT_RANK was reviewed against all twelve STATUS base dimensions. Its specific wording does not materially reverse a base property, so the family profile remains the most coherent game-semantic resolution.",{}
PERSONALITY_PROFILE_DIMENSIONS_V1,STATUS_RACIALIZED_RANK_WOUND,STATUS,RACIALIZED_RANK,true,"RACIALIZED_RANK was reviewed against all twelve STATUS base dimensions. Its specific wording does not materially reverse a base property, so the family profile remains the most coherent game-semantic resolution.",{}
PERSONALITY_PROFILE_DIMENSIONS_V1,STATUS_VICTORY_RANK_EXPRESSION,STATUS,VICTORY_RANK,true,"VICTORY_RANK was reviewed against all twelve STATUS base dimensions. Its specific wording does not materially reverse a base property, so the family profile remains the most coherent game-semantic resolution.",{}
PERSONALITY_PROFILE_DIMENSIONS_V1,STEWARDSHIP_EXTRACTION_WOUND,STEWARDSHIP,EXTRACTION,true,EXTRACTION was reviewed against all twelve STEWARDSHIP base dimensions. the expression foregrounds expected deprivation or unresolved harm. Only material differences are overridden.,"{""outlookOrientation"":{""value"":""PESSIMISTIC"",""rationale"":""EXTRACTION differs from STEWARDSHIP's base because the expression foregrounds expected deprivation or unresolved harm; PESSIMISTIC makes that difference operational without changing unrelated fields.""}}"
PERSONALITY_PROFILE_DIMENSIONS_V1,STEWARDSHIP_FUTURE_SIGHT_CONFLICT,STEWARDSHIP,FUTURE_SIGHT,true,"FUTURE_SIGHT was reviewed against all twelve STEWARDSHIP base dimensions. Its specific wording does not materially reverse a base property, so the family profile remains the most coherent game-semantic resolution.",{}
PERSONALITY_PROFILE_DIMENSIONS_V1,STEWARDSHIP_GUARDIAN_OWNER_CONFLICT,STEWARDSHIP,GUARDIAN_OWNER,true,GUARDIAN_OWNER was reviewed against all twelve STEWARDSHIP base dimensions. the expression foregrounds costly action for another. Only material differences are overridden.,{}
PERSONALITY_PROFILE_DIMENSIONS_V1,STEWARDSHIP_HABITAT_ENGINEERING_EXPRESSION,STEWARDSHIP,HABITAT_ENGINEERING,true,"HABITAT_ENGINEERING was reviewed against all twelve STEWARDSHIP base dimensions. Its specific wording does not materially reverse a base property, so the family profile remains the most coherent game-semantic resolution.",{}
PERSONALITY_PROFILE_DIMENSIONS_V1,STEWARDSHIP_LIVING_SYSTEM_CONFLICT,STEWARDSHIP,LIVING_SYSTEM,true,"LIVING_SYSTEM was reviewed against all twelve STEWARDSHIP base dimensions. Its specific wording does not materially reverse a base property, so the family profile remains the most coherent game-semantic resolution.",{}
PERSONALITY_PROFILE_DIMENSIONS_V1,STEWARDSHIP_REALM_KEEPER_CONFLICT,STEWARDSHIP,REALM_KEEPER,true,"REALM_KEEPER was reviewed against all twelve STEWARDSHIP base dimensions. Its specific wording does not materially reverse a base property, so the family profile remains the most coherent game-semantic resolution.",{}
PERSONALITY_PROFILE_DIMENSIONS_V1,STEWARDSHIP_SEED_DISPERSAL_EXPRESSION,STEWARDSHIP,SEED_DISPERSAL,true,"SEED_DISPERSAL was reviewed against all twelve STEWARDSHIP base dimensions. Its specific wording does not materially reverse a base property, so the family profile remains the most coherent game-semantic resolution.",{}
PERSONALITY_PROFILE_DIMENSIONS_V1,STEWARDSHIP_WASTE_RECYCLING_EXPRESSION,STEWARDSHIP,WASTE_RECYCLING,true,"WASTE_RECYCLING was reviewed against all twelve STEWARDSHIP base dimensions. Its specific wording does not materially reverse a base property, so the family profile remains the most coherent game-semantic resolution.",{}
PERSONALITY_PROFILE_DIMENSIONS_V1,TRADITION_APPROPRIATION_WOUND,TRADITION,APPROPRIATION,true,"APPROPRIATION was reviewed against all twelve TRADITION base dimensions. Its specific wording does not materially reverse a base property, so the family profile remains the most coherent game-semantic resolution.",{}
PERSONALITY_PROFILE_DIMENSIONS_V1,TRADITION_FORAGING_TRADITION_EXPRESSION,TRADITION,FORAGING_TRADITION,true,FORAGING_TRADITION was reviewed against all twelve TRADITION base dimensions. the expression materially depends on stable repeated structure. Only material differences are overridden.,{}
PERSONALITY_PROFILE_DIMENSIONS_V1,TRADITION_FOUNDER_SHADOW_CONFLICT,TRADITION,FOUNDER_SHADOW,true,"FOUNDER_SHADOW was reviewed against all twelve TRADITION base dimensions. Its specific wording does not materially reverse a base property, so the family profile remains the most coherent game-semantic resolution.",{}
PERSONALITY_PROFILE_DIMENSIONS_V1,TRUST_ALARM_RELIABILITY_EXPRESSION,TRUST,ALARM_RELIABILITY,true,"ALARM_RELIABILITY was reviewed against all twelve TRUST base dimensions. Its specific wording does not materially reverse a base property, so the family profile remains the most coherent game-semantic resolution.",{}
PERSONALITY_PROFILE_DIMENSIONS_V1,TRUST_COMPULSION_DOUBT_CONFLICT,TRUST,COMPULSION_DOUBT,true,"COMPULSION_DOUBT was reviewed against all twelve TRUST base dimensions. Its specific wording does not materially reverse a base property, so the family profile remains the most coherent game-semantic resolution.",{}
PERSONALITY_PROFILE_DIMENSIONS_V1,TRUST_FRAUD_AND_EXTRACTION_WOUND,TRUST,FRAUD_AND_EXTRACTION,true,FRAUD_AND_EXTRACTION was reviewed against all twelve TRUST base dimensions. the expression foregrounds expected deprivation or unresolved harm. Only material differences are overridden.,"{""outlookOrientation"":{""value"":""PESSIMISTIC"",""rationale"":""FRAUD_AND_EXTRACTION differs from TRUST's base because the expression foregrounds expected deprivation or unresolved harm; PESSIMISTIC makes that difference operational without changing unrelated fields.""}}"
PERSONALITY_PROFILE_DIMENSIONS_V1,TRUST_TRUST_BY_PROXIMITY_EXPRESSION,TRUST,TRUST_BY_PROXIMITY,true,"TRUST_BY_PROXIMITY was reviewed against all twelve TRUST base dimensions. Its specific wording does not materially reverse a base property, so the family profile remains the most coherent game-semantic resolution.",{}
PERSONALITY_PROFILE_DIMENSIONS_V1,TRUTH_CAMOUFLAGE_EXPRESSION,TRUTH,CAMOUFLAGE,true,CAMOUFLAGE was reviewed against all twelve TRUTH base dimensions. the expression specifically suppresses or conceals signaling. Only material differences are overridden.,"{""loquacity"":{""value"":""TO_THE_POINT"",""rationale"":""CAMOUFLAGE differs from TRUTH's base because the expression specifically suppresses or conceals signaling; TO_THE_POINT makes that difference operational without changing unrelated fields.""}}"
PERSONALITY_PROFILE_DIMENSIONS_V1,TRUTH_GLAMOUR_DEPENDENCE_CONFLICT,TRUTH,GLAMOUR_DEPENDENCE,true,"GLAMOUR_DEPENDENCE was reviewed against all twelve TRUTH base dimensions. Its specific wording does not materially reverse a base property, so the family profile remains the most coherent game-semantic resolution.",{}
PERSONALITY_PROFILE_DIMENSIONS_V1,TRUTH_HONEST_SIGNAL_EXPRESSION,TRUTH,HONEST_SIGNAL,true,HONEST_SIGNAL was reviewed against all twelve TRUTH base dimensions. the expression specifically depends on conspicuous signaling. Only material differences are overridden.,{}
PERSONALITY_PROFILE_DIMENSIONS_V1,TRUTH_LIVING_LIE_CONFLICT,TRUTH,LIVING_LIE,true,"LIVING_LIE was reviewed against all twelve TRUTH base dimensions. Its specific wording does not materially reverse a base property, so the family profile remains the most coherent game-semantic resolution.",{}
PERSONALITY_PROFILE_DIMENSIONS_V1,TRUTH_MIMICRY_EXPRESSION,TRUTH,MIMICRY,true,"MIMICRY was reviewed against all twelve TRUTH base dimensions. Its specific wording does not materially reverse a base property, so the family profile remains the most coherent game-semantic resolution.",{}
PERSONALITY_PROFILE_DIMENSIONS_V1,TRUTH_OFFICIAL_DENIAL_WOUND,TRUTH,OFFICIAL_DENIAL,true,"OFFICIAL_DENIAL was reviewed against all twelve TRUTH base dimensions. Its specific wording does not materially reverse a base property, so the family profile remains the most coherent game-semantic resolution.",{}
PERSONALITY_PROFILE_DIMENSIONS_V1,TRUTH_PROPAGANDA_WOUND,TRUTH,PROPAGANDA,true,"PROPAGANDA was reviewed against all twelve TRUTH base dimensions. Its specific wording does not materially reverse a base property, so the family profile remains the most coherent game-semantic resolution.",{}
PERSONALITY_PROFILE_DIMENSIONS_V1,VENGEANCE_BLOOD_FEUD_WOUND,VENGEANCE,BLOOD_FEUD,true,"BLOOD_FEUD was reviewed against all twelve VENGEANCE base dimensions. Its specific wording does not materially reverse a base property, so the family profile remains the most coherent game-semantic resolution.",{}
PERSONALITY_PROFILE_DIMENSIONS_V1,VENGEANCE_DELAYED_RETALIATION_EXPRESSION,VENGEANCE,DELAYED_RETALIATION,true,"DELAYED_RETALIATION was reviewed against all twelve VENGEANCE base dimensions. Its specific wording does not materially reverse a base property, so the family profile remains the most coherent game-semantic resolution.",{}
PERSONALITY_PROFILE_DIMENSIONS_V1,VENGEANCE_MEMORY_PERFECT_CONFLICT,VENGEANCE,MEMORY_PERFECT,true,"MEMORY_PERFECT was reviewed against all twelve VENGEANCE base dimensions. Its specific wording does not materially reverse a base property, so the family profile remains the most coherent game-semantic resolution.",{}
PERSONALITY_PROFILE_DIMENSIONS_V1,VENGEANCE_WRONG_TARGET_CONFLICT,VENGEANCE,WRONG_TARGET,true,"WRONG_TARGET was reviewed against all twelve VENGEANCE base dimensions. Its specific wording does not materially reverse a base property, so the family profile remains the most coherent game-semantic resolution.",{}
