policyRef,family,meaning,motivation,operatingStyle,structureOrientation,administrationMode,ownershipMode,allocationMode,legitimacyBasis,authoritySource,loquacity,emotionalTemperature,outlookOrientation,collaborativePosture,fieldRationales,duplicateProfileJustification
PERSONALITY_PROFILE_DIMENSIONS_V1,ACCOUNTABILITY,answer for consequences and repair errors,ALTRUISTIC,TEAMWORK,ORDERED,CENTRALIZED,COMMON_USE,PLANNED,CHARTERED,APPOINTMENT,LIGHT_BANTER,COMPOSED,NEUTRAL,HELPFUL,"{""motivation"":""ACCOUNTABILITY is designed to answer for consequences and repair errors; ALTRUISTIC centers others' welfare. RECIPROCAL (mutual return) and SELFISH (the actor's own gain) are less appropriate to that game-semantic emphasis."",""operatingStyle"":""ACCOUNTABILITY is designed to answer for consequences and repair errors; TEAMWORK centers coordinated action. SITUATIONAL (context-sensitive grouping) and SOLO (independent action) are less appropriate to that game-semantic emphasis."",""structureOrientation"":""ACCOUNTABILITY is designed to answer for consequences and repair errors; ORDERED centers stable rules. NEUTRAL (flexible structure) and CHAOS (disruption and flux) are less appropriate to that game-semantic emphasis."",""administrationMode"":""ACCOUNTABILITY is designed to answer for consequences and repair errors; CENTRALIZED centers one coordinating center. DISTRIBUTED (shared local coordination) and DELEGATED (discrete entrusted agents) are less appropriate to that game-semantic emphasis."",""ownershipMode"":""ACCOUNTABILITY is designed to answer for consequences and repair errors; COMMON_USE centers open collective access. SINGLE_ENTITY (exclusive control) and SHARED_TITLE (bounded joint claims) are less appropriate to that game-semantic emphasis."",""allocationMode"":""ACCOUNTABILITY is designed to answer for consequences and repair errors; PLANNED centers deliberate assignment. CUSTOMARY (established practice) and MARKET (competitive exchange) are less appropriate to that game-semantic emphasis."",""legitimacyBasis"":""ACCOUNTABILITY is designed to answer for consequences and repair errors; CHARTERED centers explicit agreed rules. ANCESTRAL (inherited continuity) and MARTIAL (demonstrated force) are less appropriate to that game-semantic emphasis."",""authoritySource"":""ACCOUNTABILITY is designed to answer for consequences and repair errors; APPOINTMENT centers entrusted office. ELECTION (peer selection) and DIVINE_MANDATE (sacred sanction) are less appropriate to that game-semantic emphasis."",""loquacity"":""ACCOUNTABILITY is designed to answer for consequences and repair errors; LIGHT_BANTER centers selective social exchange. TALKATIVE (abundant signaling) and TO_THE_POINT (minimal instrumental signaling) are less appropriate to that game-semantic emphasis."",""emotionalTemperature"":""ACCOUNTABILITY is designed to answer for consequences and repair errors; COMPOSED centers contained affect. JOYFUL (open positive affect) and IRRITABLE (ready negative activation) are less appropriate to that game-semantic emphasis."",""outlookOrientation"":""ACCOUNTABILITY is designed to answer for consequences and repair errors; NEUTRAL centers contingent expectations. OPTIMISTIC (expected improvement) and PESSIMISTIC (expected loss or failure) are less appropriate to that game-semantic emphasis."",""collaborativePosture"":""ACCOUNTABILITY is designed to answer for consequences and repair errors; HELPFUL centers active contribution. WITHHOLDING (guarded non-contribution) and JUST_ENOUGH (minimum sufficient contribution) are less appropriate to that game-semantic emphasis.""}","ACCOUNTABILITY shares this controlled-value shape with ACCOUNTABILITY, DUTY, TRADITION because the twelve simulator dimensions are coarse, while its distinct authored meaning remains answer for consequences and repair errors. This is reviewed semantic convergence, not copied identity."
PERSONALITY_PROFILE_DIMENSIONS_V1,AMBIGUITY,remain effective while meanings and roles stay unfixed,RECIPROCAL,SITUATIONAL,CHAOS,DISTRIBUTED,SHARED_TITLE,CUSTOMARY,ANCESTRAL,ELECTION,TALKATIVE,JOYFUL,OPTIMISTIC,JUST_ENOUGH,"{""motivation"":""AMBIGUITY is designed to remain effective while meanings and roles stay unfixed; RECIPROCAL centers mutual return. ALTRUISTIC (others' welfare) and SELFISH (the actor's own gain) are less appropriate to that game-semantic emphasis."",""operatingStyle"":""AMBIGUITY is designed to remain effective while meanings and roles stay unfixed; SITUATIONAL centers context-sensitive grouping. TEAMWORK (coordinated action) and SOLO (independent action) are less appropriate to that game-semantic emphasis."",""structureOrientation"":""AMBIGUITY is designed to remain effective while meanings and roles stay unfixed; CHAOS centers disruption and flux. ORDERED (stable rules) and NEUTRAL (flexible structure) are less appropriate to that game-semantic emphasis."",""administrationMode"":""AMBIGUITY is designed to remain effective while meanings and roles stay unfixed; DISTRIBUTED centers shared local coordination. CENTRALIZED (one coordinating center) and DELEGATED (discrete entrusted agents) are less appropriate to that game-semantic emphasis."",""ownershipMode"":""AMBIGUITY is designed to remain effective while meanings and roles stay unfixed; SHARED_TITLE centers bounded joint claims. SINGLE_ENTITY (exclusive control) and COMMON_USE (open collective access) are less appropriate to that game-semantic emphasis."",""allocationMode"":""AMBIGUITY is designed to remain effective while meanings and roles stay unfixed; CUSTOMARY centers established practice. PLANNED (deliberate assignment) and MARKET (competitive exchange) are less appropriate to that game-semantic emphasis."",""legitimacyBasis"":""AMBIGUITY is designed to remain effective while meanings and roles stay unfixed; ANCESTRAL centers inherited continuity. CHARTERED (explicit agreed rules) and MARTIAL (demonstrated force) are less appropriate to that game-semantic emphasis."",""authoritySource"":""AMBIGUITY is designed to remain effective while meanings and roles stay unfixed; ELECTION centers peer selection. APPOINTMENT (entrusted office) and DIVINE_MANDATE (sacred sanction) are less appropriate to that game-semantic emphasis."",""loquacity"":""AMBIGUITY is designed to remain effective while meanings and roles stay unfixed; TALKATIVE centers abundant signaling. LIGHT_BANTER (selective social exchange) and TO_THE_POINT (minimal instrumental signaling) are less appropriate to that game-semantic emphasis."",""emotionalTemperature"":""AMBIGUITY is designed to remain effective while meanings and roles stay unfixed; JOYFUL centers open positive affect. COMPOSED (contained affect) and IRRITABLE (ready negative activation) are less appropriate to that game-semantic emphasis."",""outlookOrientation"":""AMBIGUITY is designed to remain effective while meanings and roles stay unfixed; OPTIMISTIC centers expected improvement. NEUTRAL (contingent expectations) and PESSIMISTIC (expected loss or failure) are less appropriate to that game-semantic emphasis."",""collaborativePosture"":""AMBIGUITY is designed to remain effective while meanings and roles stay unfixed; JUST_ENOUGH centers minimum sufficient contribution. HELPFUL (active contribution) and WITHHOLDING (guarded non-contribution) are less appropriate to that game-semantic emphasis.""}","AMBIGUITY shares this controlled-value shape with AMBIGUITY, CHANGE because the twelve simulator dimensions are coarse, while its distinct authored meaning remains remain effective while meanings and roles stay unfixed. This is reviewed semantic convergence, not copied identity."
PERSONALITY_PROFILE_DIMENSIONS_V1,ANGER,convert perceived injury into forceful response,SELFISH,SOLO,CHAOS,DISTRIBUTED,SHARED_TITLE,CUSTOMARY,MARTIAL,ELECTION,TO_THE_POINT,IRRITABLE,PESSIMISTIC,JUST_ENOUGH,"{""motivation"":""ANGER is designed to convert perceived injury into forceful response; SELFISH centers the actor's own gain. ALTRUISTIC (others' welfare) and RECIPROCAL (mutual return) are less appropriate to that game-semantic emphasis."",""operatingStyle"":""ANGER is designed to convert perceived injury into forceful response; SOLO centers independent action. TEAMWORK (coordinated action) and SITUATIONAL (context-sensitive grouping) are less appropriate to that game-semantic emphasis."",""structureOrientation"":""ANGER is designed to convert perceived injury into forceful response; CHAOS centers disruption and flux. ORDERED (stable rules) and NEUTRAL (flexible structure) are less appropriate to that game-semantic emphasis."",""administrationMode"":""ANGER is designed to convert perceived injury into forceful response; DISTRIBUTED centers shared local coordination. CENTRALIZED (one coordinating center) and DELEGATED (discrete entrusted agents) are less appropriate to that game-semantic emphasis."",""ownershipMode"":""ANGER is designed to convert perceived injury into forceful response; SHARED_TITLE centers bounded joint claims. SINGLE_ENTITY (exclusive control) and COMMON_USE (open collective access) are less appropriate to that game-semantic emphasis."",""allocationMode"":""ANGER is designed to convert perceived injury into forceful response; CUSTOMARY centers established practice. PLANNED (deliberate assignment) and MARKET (competitive exchange) are less appropriate to that game-semantic emphasis."",""legitimacyBasis"":""ANGER is designed to convert perceived injury into forceful response; MARTIAL centers demonstrated force. CHARTERED (explicit agreed rules) and ANCESTRAL (inherited continuity) are less appropriate to that game-semantic emphasis."",""authoritySource"":""ANGER is designed to convert perceived injury into forceful response; ELECTION centers peer selection. APPOINTMENT (entrusted office) and DIVINE_MANDATE (sacred sanction) are less appropriate to that game-semantic emphasis."",""loquacity"":""ANGER is designed to convert perceived injury into forceful response; TO_THE_POINT centers minimal instrumental signaling. TALKATIVE (abundant signaling) and LIGHT_BANTER (selective social exchange) are less appropriate to that game-semantic emphasis."",""emotionalTemperature"":""ANGER is designed to convert perceived injury into forceful response; IRRITABLE centers ready negative activation. COMPOSED (contained affect) and JOYFUL (open positive affect) are less appropriate to that game-semantic emphasis."",""outlookOrientation"":""ANGER is designed to convert perceived injury into forceful response; PESSIMISTIC centers expected loss or failure. OPTIMISTIC (expected improvement) and NEUTRAL (contingent expectations) are less appropriate to that game-semantic emphasis."",""collaborativePosture"":""ANGER is designed to convert perceived injury into forceful response; JUST_ENOUGH centers minimum sufficient contribution. HELPFUL (active contribution) and WITHHOLDING (guarded non-contribution) are less appropriate to that game-semantic emphasis.""}",
PERSONALITY_PROFILE_DIMENSIONS_V1,APPETITE,prioritize acquisition and immediate material need,SELFISH,SOLO,NEUTRAL,DELEGATED,SINGLE_ENTITY,MARKET,ANCESTRAL,ELECTION,LIGHT_BANTER,JOYFUL,NEUTRAL,WITHHOLDING,"{""motivation"":""APPETITE is designed to prioritize acquisition and immediate material need; SELFISH centers the actor's own gain. ALTRUISTIC (others' welfare) and RECIPROCAL (mutual return) are less appropriate to that game-semantic emphasis."",""operatingStyle"":""APPETITE is designed to prioritize acquisition and immediate material need; SOLO centers independent action. TEAMWORK (coordinated action) and SITUATIONAL (context-sensitive grouping) are less appropriate to that game-semantic emphasis."",""structureOrientation"":""APPETITE is designed to prioritize acquisition and immediate material need; NEUTRAL centers flexible structure. ORDERED (stable rules) and CHAOS (disruption and flux) are less appropriate to that game-semantic emphasis."",""administrationMode"":""APPETITE is designed to prioritize acquisition and immediate material need; DELEGATED centers discrete entrusted agents. CENTRALIZED (one coordinating center) and DISTRIBUTED (shared local coordination) are less appropriate to that game-semantic emphasis."",""ownershipMode"":""APPETITE is designed to prioritize acquisition and immediate material need; SINGLE_ENTITY centers exclusive control. SHARED_TITLE (bounded joint claims) and COMMON_USE (open collective access) are less appropriate to that game-semantic emphasis."",""allocationMode"":""APPETITE is designed to prioritize acquisition and immediate material need; MARKET centers competitive exchange. PLANNED (deliberate assignment) and CUSTOMARY (established practice) are less appropriate to that game-semantic emphasis."",""legitimacyBasis"":""APPETITE is designed to prioritize acquisition and immediate material need; ANCESTRAL centers inherited continuity. CHARTERED (explicit agreed rules) and MARTIAL (demonstrated force) are less appropriate to that game-semantic emphasis."",""authoritySource"":""APPETITE is designed to prioritize acquisition and immediate material need; ELECTION centers peer selection. APPOINTMENT (entrusted office) and DIVINE_MANDATE (sacred sanction) are less appropriate to that game-semantic emphasis."",""loquacity"":""APPETITE is designed to prioritize acquisition and immediate material need; LIGHT_BANTER centers selective social exchange. TALKATIVE (abundant signaling) and TO_THE_POINT (minimal instrumental signaling) are less appropriate to that game-semantic emphasis."",""emotionalTemperature"":""APPETITE is designed to prioritize acquisition and immediate material need; JOYFUL centers open positive affect. COMPOSED (contained affect) and IRRITABLE (ready negative activation) are less appropriate to that game-semantic emphasis."",""outlookOrientation"":""APPETITE is designed to prioritize acquisition and immediate material need; NEUTRAL centers contingent expectations. OPTIMISTIC (expected improvement) and PESSIMISTIC (expected loss or failure) are less appropriate to that game-semantic emphasis."",""collaborativePosture"":""APPETITE is designed to prioritize acquisition and immediate material need; WITHHOLDING centers guarded non-contribution. HELPFUL (active contribution) and JUST_ENOUGH (minimum sufficient contribution) are less appropriate to that game-semantic emphasis.""}",
PERSONALITY_PROFILE_DIMENSIONS_V1,ATTACHMENT,protect durable bonds and chosen anchors,ALTRUISTIC,TEAMWORK,NEUTRAL,DISTRIBUTED,COMMON_USE,PLANNED,ANCESTRAL,APPOINTMENT,TALKATIVE,JOYFUL,OPTIMISTIC,HELPFUL,"{""motivation"":""ATTACHMENT is designed to protect durable bonds and chosen anchors; ALTRUISTIC centers others' welfare. RECIPROCAL (mutual return) and SELFISH (the actor's own gain) are less appropriate to that game-semantic emphasis."",""operatingStyle"":""ATTACHMENT is designed to protect durable bonds and chosen anchors; TEAMWORK centers coordinated action. SITUATIONAL (context-sensitive grouping) and SOLO (independent action) are less appropriate to that game-semantic emphasis."",""structureOrientation"":""ATTACHMENT is designed to protect durable bonds and chosen anchors; NEUTRAL centers flexible structure. ORDERED (stable rules) and CHAOS (disruption and flux) are less appropriate to that game-semantic emphasis."",""administrationMode"":""ATTACHMENT is designed to protect durable bonds and chosen anchors; DISTRIBUTED centers shared local coordination. CENTRALIZED (one coordinating center) and DELEGATED (discrete entrusted agents) are less appropriate to that game-semantic emphasis."",""ownershipMode"":""ATTACHMENT is designed to protect durable bonds and chosen anchors; COMMON_USE centers open collective access. SINGLE_ENTITY (exclusive control) and SHARED_TITLE (bounded joint claims) are less appropriate to that game-semantic emphasis."",""allocationMode"":""ATTACHMENT is designed to protect durable bonds and chosen anchors; PLANNED centers deliberate assignment. CUSTOMARY (established practice) and MARKET (competitive exchange) are less appropriate to that game-semantic emphasis."",""legitimacyBasis"":""ATTACHMENT is designed to protect durable bonds and chosen anchors; ANCESTRAL centers inherited continuity. CHARTERED (explicit agreed rules) and MARTIAL (demonstrated force) are less appropriate to that game-semantic emphasis."",""authoritySource"":""ATTACHMENT is designed to protect durable bonds and chosen anchors; APPOINTMENT centers entrusted office. ELECTION (peer selection) and DIVINE_MANDATE (sacred sanction) are less appropriate to that game-semantic emphasis."",""loquacity"":""ATTACHMENT is designed to protect durable bonds and chosen anchors; TALKATIVE centers abundant signaling. LIGHT_BANTER (selective social exchange) and TO_THE_POINT (minimal instrumental signaling) are less appropriate to that game-semantic emphasis."",""emotionalTemperature"":""ATTACHMENT is designed to protect durable bonds and chosen anchors; JOYFUL centers open positive affect. COMPOSED (contained affect) and IRRITABLE (ready negative activation) are less appropriate to that game-semantic emphasis."",""outlookOrientation"":""ATTACHMENT is designed to protect durable bonds and chosen anchors; OPTIMISTIC centers expected improvement. NEUTRAL (contingent expectations) and PESSIMISTIC (expected loss or failure) are less appropriate to that game-semantic emphasis."",""collaborativePosture"":""ATTACHMENT is designed to protect durable bonds and chosen anchors; HELPFUL centers active contribution. WITHHOLDING (guarded non-contribution) and JUST_ENOUGH (minimum sufficient contribution) are less appropriate to that game-semantic emphasis.""}","ATTACHMENT shares this controlled-value shape with ATTACHMENT, EMPATHY because the twelve simulator dimensions are coarse, while its distinct authored meaning remains protect durable bonds and chosen anchors. This is reviewed semantic convergence, not copied identity."
PERSONALITY_PROFILE_DIMENSIONS_V1,AUTHENTICITY,preserve a coherent self despite imposed roles,SELFISH,SOLO,CHAOS,DISTRIBUTED,SINGLE_ENTITY,MARKET,ANCESTRAL,ELECTION,TALKATIVE,JOYFUL,NEUTRAL,WITHHOLDING,"{""motivation"":""AUTHENTICITY is designed to preserve a coherent self despite imposed roles; SELFISH centers the actor's own gain. ALTRUISTIC (others' welfare) and RECIPROCAL (mutual return) are less appropriate to that game-semantic emphasis."",""operatingStyle"":""AUTHENTICITY is designed to preserve a coherent self despite imposed roles; SOLO centers independent action. TEAMWORK (coordinated action) and SITUATIONAL (context-sensitive grouping) are less appropriate to that game-semantic emphasis."",""structureOrientation"":""AUTHENTICITY is designed to preserve a coherent self despite imposed roles; CHAOS centers disruption and flux. ORDERED (stable rules) and NEUTRAL (flexible structure) are less appropriate to that game-semantic emphasis."",""administrationMode"":""AUTHENTICITY is designed to preserve a coherent self despite imposed roles; DISTRIBUTED centers shared local coordination. CENTRALIZED (one coordinating center) and DELEGATED (discrete entrusted agents) are less appropriate to that game-semantic emphasis."",""ownershipMode"":""AUTHENTICITY is designed to preserve a coherent self despite imposed roles; SINGLE_ENTITY centers exclusive control. SHARED_TITLE (bounded joint claims) and COMMON_USE (open collective access) are less appropriate to that game-semantic emphasis."",""allocationMode"":""AUTHENTICITY is designed to preserve a coherent self despite imposed roles; MARKET centers competitive exchange. PLANNED (deliberate assignment) and CUSTOMARY (established practice) are less appropriate to that game-semantic emphasis."",""legitimacyBasis"":""AUTHENTICITY is designed to preserve a coherent self despite imposed roles; ANCESTRAL centers inherited continuity. CHARTERED (explicit agreed rules) and MARTIAL (demonstrated force) are less appropriate to that game-semantic emphasis."",""authoritySource"":""AUTHENTICITY is designed to preserve a coherent self despite imposed roles; ELECTION centers peer selection. APPOINTMENT (entrusted office) and DIVINE_MANDATE (sacred sanction) are less appropriate to that game-semantic emphasis."",""loquacity"":""AUTHENTICITY is designed to preserve a coherent self despite imposed roles; TALKATIVE centers abundant signaling. LIGHT_BANTER (selective social exchange) and TO_THE_POINT (minimal instrumental signaling) are less appropriate to that game-semantic emphasis."",""emotionalTemperature"":""AUTHENTICITY is designed to preserve a coherent self despite imposed roles; JOYFUL centers open positive affect. COMPOSED (contained affect) and IRRITABLE (ready negative activation) are less appropriate to that game-semantic emphasis."",""outlookOrientation"":""AUTHENTICITY is designed to preserve a coherent self despite imposed roles; NEUTRAL centers contingent expectations. OPTIMISTIC (expected improvement) and PESSIMISTIC (expected loss or failure) are less appropriate to that game-semantic emphasis."",""collaborativePosture"":""AUTHENTICITY is designed to preserve a coherent self despite imposed roles; WITHHOLDING centers guarded non-contribution. HELPFUL (active contribution) and JUST_ENOUGH (minimum sufficient contribution) are less appropriate to that game-semantic emphasis.""}","AUTHENTICITY shares this controlled-value shape with AUTHENTICITY, DISSENT, INDIVIDUALITY because the twelve simulator dimensions are coarse, while its distinct authored meaning remains preserve a coherent self despite imposed roles. This is reviewed semantic convergence, not copied identity."
PERSONALITY_PROFILE_DIMENSIONS_V1,AUTHORITY,"make command, rank, and responsibility legible",SELFISH,SOLO,ORDERED,CENTRALIZED,SINGLE_ENTITY,PLANNED,CHARTERED,APPOINTMENT,LIGHT_BANTER,COMPOSED,NEUTRAL,WITHHOLDING,"{""motivation"":""AUTHORITY is designed to make command, rank, and responsibility legible; SELFISH centers the actor's own gain. ALTRUISTIC (others' welfare) and RECIPROCAL (mutual return) are less appropriate to that game-semantic emphasis."",""operatingStyle"":""AUTHORITY is designed to make command, rank, and responsibility legible; SOLO centers independent action. TEAMWORK (coordinated action) and SITUATIONAL (context-sensitive grouping) are less appropriate to that game-semantic emphasis."",""structureOrientation"":""AUTHORITY is designed to make command, rank, and responsibility legible; ORDERED centers stable rules. NEUTRAL (flexible structure) and CHAOS (disruption and flux) are less appropriate to that game-semantic emphasis."",""administrationMode"":""AUTHORITY is designed to make command, rank, and responsibility legible; CENTRALIZED centers one coordinating center. DISTRIBUTED (shared local coordination) and DELEGATED (discrete entrusted agents) are less appropriate to that game-semantic emphasis."",""ownershipMode"":""AUTHORITY is designed to make command, rank, and responsibility legible; SINGLE_ENTITY centers exclusive control. SHARED_TITLE (bounded joint claims) and COMMON_USE (open collective access) are less appropriate to that game-semantic emphasis."",""allocationMode"":""AUTHORITY is designed to make command, rank, and responsibility legible; PLANNED centers deliberate assignment. CUSTOMARY (established practice) and MARKET (competitive exchange) are less appropriate to that game-semantic emphasis."",""legitimacyBasis"":""AUTHORITY is designed to make command, rank, and responsibility legible; CHARTERED centers explicit agreed rules. ANCESTRAL (inherited continuity) and MARTIAL (demonstrated force) are less appropriate to that game-semantic emphasis."",""authoritySource"":""AUTHORITY is designed to make command, rank, and responsibility legible; APPOINTMENT centers entrusted office. ELECTION (peer selection) and DIVINE_MANDATE (sacred sanction) are less appropriate to that game-semantic emphasis."",""loquacity"":""AUTHORITY is designed to make command, rank, and responsibility legible; LIGHT_BANTER centers selective social exchange. TALKATIVE (abundant signaling) and TO_THE_POINT (minimal instrumental signaling) are less appropriate to that game-semantic emphasis."",""emotionalTemperature"":""AUTHORITY is designed to make command, rank, and responsibility legible; COMPOSED centers contained affect. JOYFUL (open positive affect) and IRRITABLE (ready negative activation) are less appropriate to that game-semantic emphasis."",""outlookOrientation"":""AUTHORITY is designed to make command, rank, and responsibility legible; NEUTRAL centers contingent expectations. OPTIMISTIC (expected improvement) and PESSIMISTIC (expected loss or failure) are less appropriate to that game-semantic emphasis."",""collaborativePosture"":""AUTHORITY is designed to make command, rank, and responsibility legible; WITHHOLDING centers guarded non-contribution. HELPFUL (active contribution) and JUST_ENOUGH (minimum sufficient contribution) are less appropriate to that game-semantic emphasis.""}",
PERSONALITY_PROFILE_DIMENSIONS_V1,AUTONOMY,retain agency and freedom of action,SELFISH,SOLO,CHAOS,DISTRIBUTED,SINGLE_ENTITY,MARKET,ANCESTRAL,ELECTION,LIGHT_BANTER,JOYFUL,NEUTRAL,WITHHOLDING,"{""motivation"":""AUTONOMY is designed to retain agency and freedom of action; SELFISH centers the actor's own gain. ALTRUISTIC (others' welfare) and RECIPROCAL (mutual return) are less appropriate to that game-semantic emphasis."",""operatingStyle"":""AUTONOMY is designed to retain agency and freedom of action; SOLO centers independent action. TEAMWORK (coordinated action) and SITUATIONAL (context-sensitive grouping) are less appropriate to that game-semantic emphasis."",""structureOrientation"":""AUTONOMY is designed to retain agency and freedom of action; CHAOS centers disruption and flux. ORDERED (stable rules) and NEUTRAL (flexible structure) are less appropriate to that game-semantic emphasis."",""administrationMode"":""AUTONOMY is designed to retain agency and freedom of action; DISTRIBUTED centers shared local coordination. CENTRALIZED (one coordinating center) and DELEGATED (discrete entrusted agents) are less appropriate to that game-semantic emphasis."",""ownershipMode"":""AUTONOMY is designed to retain agency and freedom of action; SINGLE_ENTITY centers exclusive control. SHARED_TITLE (bounded joint claims) and COMMON_USE (open collective access) are less appropriate to that game-semantic emphasis."",""allocationMode"":""AUTONOMY is designed to retain agency and freedom of action; MARKET centers competitive exchange. PLANNED (deliberate assignment) and CUSTOMARY (established practice) are less appropriate to that game-semantic emphasis."",""legitimacyBasis"":""AUTONOMY is designed to retain agency and freedom of action; ANCESTRAL centers inherited continuity. CHARTERED (explicit agreed rules) and MARTIAL (demonstrated force) are less appropriate to that game-semantic emphasis."",""authoritySource"":""AUTONOMY is designed to retain agency and freedom of action; ELECTION centers peer selection. APPOINTMENT (entrusted office) and DIVINE_MANDATE (sacred sanction) are less appropriate to that game-semantic emphasis."",""loquacity"":""AUTONOMY is designed to retain agency and freedom of action; LIGHT_BANTER centers selective social exchange. TALKATIVE (abundant signaling) and TO_THE_POINT (minimal instrumental signaling) are less appropriate to that game-semantic emphasis."",""emotionalTemperature"":""AUTONOMY is designed to retain agency and freedom of action; JOYFUL centers open positive affect. COMPOSED (contained affect) and IRRITABLE (ready negative activation) are less appropriate to that game-semantic emphasis."",""outlookOrientation"":""AUTONOMY is designed to retain agency and freedom of action; NEUTRAL centers contingent expectations. OPTIMISTIC (expected improvement) and PESSIMISTIC (expected loss or failure) are less appropriate to that game-semantic emphasis."",""collaborativePosture"":""AUTONOMY is designed to retain agency and freedom of action; WITHHOLDING centers guarded non-contribution. HELPFUL (active contribution) and JUST_ENOUGH (minimum sufficient contribution) are less appropriate to that game-semantic emphasis.""}",
PERSONALITY_PROFILE_DIMENSIONS_V1,BELONGING,secure membership and a recognized place,ALTRUISTIC,TEAMWORK,NEUTRAL,DISTRIBUTED,COMMON_USE,CUSTOMARY,ANCESTRAL,ELECTION,TALKATIVE,JOYFUL,NEUTRAL,HELPFUL,"{""motivation"":""BELONGING is designed to secure membership and a recognized place; ALTRUISTIC centers others' welfare. RECIPROCAL (mutual return) and SELFISH (the actor's own gain) are less appropriate to that game-semantic emphasis."",""operatingStyle"":""BELONGING is designed to secure membership and a recognized place; TEAMWORK centers coordinated action. SITUATIONAL (context-sensitive grouping) and SOLO (independent action) are less appropriate to that game-semantic emphasis."",""structureOrientation"":""BELONGING is designed to secure membership and a recognized place; NEUTRAL centers flexible structure. ORDERED (stable rules) and CHAOS (disruption and flux) are less appropriate to that game-semantic emphasis."",""administrationMode"":""BELONGING is designed to secure membership and a recognized place; DISTRIBUTED centers shared local coordination. CENTRALIZED (one coordinating center) and DELEGATED (discrete entrusted agents) are less appropriate to that game-semantic emphasis."",""ownershipMode"":""BELONGING is designed to secure membership and a recognized place; COMMON_USE centers open collective access. SINGLE_ENTITY (exclusive control) and SHARED_TITLE (bounded joint claims) are less appropriate to that game-semantic emphasis."",""allocationMode"":""BELONGING is designed to secure membership and a recognized place; CUSTOMARY centers established practice. PLANNED (deliberate assignment) and MARKET (competitive exchange) are less appropriate to that game-semantic emphasis."",""legitimacyBasis"":""BELONGING is designed to secure membership and a recognized place; ANCESTRAL centers inherited continuity. CHARTERED (explicit agreed rules) and MARTIAL (demonstrated force) are less appropriate to that game-semantic emphasis."",""authoritySource"":""BELONGING is designed to secure membership and a recognized place; ELECTION centers peer selection. APPOINTMENT (entrusted office) and DIVINE_MANDATE (sacred sanction) are less appropriate to that game-semantic emphasis."",""loquacity"":""BELONGING is designed to secure membership and a recognized place; TALKATIVE centers abundant signaling. LIGHT_BANTER (selective social exchange) and TO_THE_POINT (minimal instrumental signaling) are less appropriate to that game-semantic emphasis."",""emotionalTemperature"":""BELONGING is designed to secure membership and a recognized place; JOYFUL centers open positive affect. COMPOSED (contained affect) and IRRITABLE (ready negative activation) are less appropriate to that game-semantic emphasis."",""outlookOrientation"":""BELONGING is designed to secure membership and a recognized place; NEUTRAL centers contingent expectations. OPTIMISTIC (expected improvement) and PESSIMISTIC (expected loss or failure) are less appropriate to that game-semantic emphasis."",""collaborativePosture"":""BELONGING is designed to secure membership and a recognized place; HELPFUL centers active contribution. WITHHOLDING (guarded non-contribution) and JUST_ENOUGH (minimum sufficient contribution) are less appropriate to that game-semantic emphasis.""}",
PERSONALITY_PROFILE_DIMENSIONS_V1,BOUNDARIES,"define and defend limits between self, group, and place",SELFISH,SOLO,ORDERED,CENTRALIZED,SINGLE_ENTITY,PLANNED,CHARTERED,APPOINTMENT,TO_THE_POINT,COMPOSED,NEUTRAL,WITHHOLDING,"{""motivation"":""BOUNDARIES is designed to define and defend limits between self, group, and place; SELFISH centers the actor's own gain. ALTRUISTIC (others' welfare) and RECIPROCAL (mutual return) are less appropriate to that game-semantic emphasis."",""operatingStyle"":""BOUNDARIES is designed to define and defend limits between self, group, and place; SOLO centers independent action. TEAMWORK (coordinated action) and SITUATIONAL (context-sensitive grouping) are less appropriate to that game-semantic emphasis."",""structureOrientation"":""BOUNDARIES is designed to define and defend limits between self, group, and place; ORDERED centers stable rules. NEUTRAL (flexible structure) and CHAOS (disruption and flux) are less appropriate to that game-semantic emphasis."",""administrationMode"":""BOUNDARIES is designed to define and defend limits between self, group, and place; CENTRALIZED centers one coordinating center. DISTRIBUTED (shared local coordination) and DELEGATED (discrete entrusted agents) are less appropriate to that game-semantic emphasis."",""ownershipMode"":""BOUNDARIES is designed to define and defend limits between self, group, and place; SINGLE_ENTITY centers exclusive control. SHARED_TITLE (bounded joint claims) and COMMON_USE (open collective access) are less appropriate to that game-semantic emphasis."",""allocationMode"":""BOUNDARIES is designed to define and defend limits between self, group, and place; PLANNED centers deliberate assignment. CUSTOMARY (established practice) and MARKET (competitive exchange) are less appropriate to that game-semantic emphasis."",""legitimacyBasis"":""BOUNDARIES is designed to define and defend limits between self, group, and place; CHARTERED centers explicit agreed rules. ANCESTRAL (inherited continuity) and MARTIAL (demonstrated force) are less appropriate to that game-semantic emphasis."",""authoritySource"":""BOUNDARIES is designed to define and defend limits between self, group, and place; APPOINTMENT centers entrusted office. ELECTION (peer selection) and DIVINE_MANDATE (sacred sanction) are less appropriate to that game-semantic emphasis."",""loquacity"":""BOUNDARIES is designed to define and defend limits between self, group, and place; TO_THE_POINT centers minimal instrumental signaling. TALKATIVE (abundant signaling) and LIGHT_BANTER (selective social exchange) are less appropriate to that game-semantic emphasis."",""emotionalTemperature"":""BOUNDARIES is designed to define and defend limits between self, group, and place; COMPOSED centers contained affect. JOYFUL (open positive affect) and IRRITABLE (ready negative activation) are less appropriate to that game-semantic emphasis."",""outlookOrientation"":""BOUNDARIES is designed to define and defend limits between self, group, and place; NEUTRAL centers contingent expectations. OPTIMISTIC (expected improvement) and PESSIMISTIC (expected loss or failure) are less appropriate to that game-semantic emphasis."",""collaborativePosture"":""BOUNDARIES is designed to define and defend limits between self, group, and place; WITHHOLDING centers guarded non-contribution. HELPFUL (active contribution) and JUST_ENOUGH (minimum sufficient contribution) are less appropriate to that game-semantic emphasis.""}",
PERSONALITY_PROFILE_DIMENSIONS_V1,CARE,sustain vulnerable others through deliberate support,ALTRUISTIC,TEAMWORK,ORDERED,DISTRIBUTED,COMMON_USE,PLANNED,CHARTERED,APPOINTMENT,LIGHT_BANTER,JOYFUL,OPTIMISTIC,HELPFUL,"{""motivation"":""CARE is designed to sustain vulnerable others through deliberate support; ALTRUISTIC centers others' welfare. RECIPROCAL (mutual return) and SELFISH (the actor's own gain) are less appropriate to that game-semantic emphasis."",""operatingStyle"":""CARE is designed to sustain vulnerable others through deliberate support; TEAMWORK centers coordinated action. SITUATIONAL (context-sensitive grouping) and SOLO (independent action) are less appropriate to that game-semantic emphasis."",""structureOrientation"":""CARE is designed to sustain vulnerable others through deliberate support; ORDERED centers stable rules. NEUTRAL (flexible structure) and CHAOS (disruption and flux) are less appropriate to that game-semantic emphasis."",""administrationMode"":""CARE is designed to sustain vulnerable others through deliberate support; DISTRIBUTED centers shared local coordination. CENTRALIZED (one coordinating center) and DELEGATED (discrete entrusted agents) are less appropriate to that game-semantic emphasis."",""ownershipMode"":""CARE is designed to sustain vulnerable others through deliberate support; COMMON_USE centers open collective access. SINGLE_ENTITY (exclusive control) and SHARED_TITLE (bounded joint claims) are less appropriate to that game-semantic emphasis."",""allocationMode"":""CARE is designed to sustain vulnerable others through deliberate support; PLANNED centers deliberate assignment. CUSTOMARY (established practice) and MARKET (competitive exchange) are less appropriate to that game-semantic emphasis."",""legitimacyBasis"":""CARE is designed to sustain vulnerable others through deliberate support; CHARTERED centers explicit agreed rules. ANCESTRAL (inherited continuity) and MARTIAL (demonstrated force) are less appropriate to that game-semantic emphasis."",""authoritySource"":""CARE is designed to sustain vulnerable others through deliberate support; APPOINTMENT centers entrusted office. ELECTION (peer selection) and DIVINE_MANDATE (sacred sanction) are less appropriate to that game-semantic emphasis."",""loquacity"":""CARE is designed to sustain vulnerable others through deliberate support; LIGHT_BANTER centers selective social exchange. TALKATIVE (abundant signaling) and TO_THE_POINT (minimal instrumental signaling) are less appropriate to that game-semantic emphasis."",""emotionalTemperature"":""CARE is designed to sustain vulnerable others through deliberate support; JOYFUL centers open positive affect. COMPOSED (contained affect) and IRRITABLE (ready negative activation) are less appropriate to that game-semantic emphasis."",""outlookOrientation"":""CARE is designed to sustain vulnerable others through deliberate support; OPTIMISTIC centers expected improvement. NEUTRAL (contingent expectations) and PESSIMISTIC (expected loss or failure) are less appropriate to that game-semantic emphasis."",""collaborativePosture"":""CARE is designed to sustain vulnerable others through deliberate support; HELPFUL centers active contribution. WITHHOLDING (guarded non-contribution) and JUST_ENOUGH (minimum sufficient contribution) are less appropriate to that game-semantic emphasis.""}",
PERSONALITY_PROFILE_DIMENSIONS_V1,CHANGE,adapt identity and method to altered conditions,RECIPROCAL,SITUATIONAL,CHAOS,DISTRIBUTED,SHARED_TITLE,CUSTOMARY,ANCESTRAL,ELECTION,TALKATIVE,JOYFUL,OPTIMISTIC,JUST_ENOUGH,"{""motivation"":""CHANGE is designed to adapt identity and method to altered conditions; RECIPROCAL centers mutual return. ALTRUISTIC (others' welfare) and SELFISH (the actor's own gain) are less appropriate to that game-semantic emphasis."",""operatingStyle"":""CHANGE is designed to adapt identity and method to altered conditions; SITUATIONAL centers context-sensitive grouping. TEAMWORK (coordinated action) and SOLO (independent action) are less appropriate to that game-semantic emphasis."",""structureOrientation"":""CHANGE is designed to adapt identity and method to altered conditions; CHAOS centers disruption and flux. ORDERED (stable rules) and NEUTRAL (flexible structure) are less appropriate to that game-semantic emphasis."",""administrationMode"":""CHANGE is designed to adapt identity and method to altered conditions; DISTRIBUTED centers shared local coordination. CENTRALIZED (one coordinating center) and DELEGATED (discrete entrusted agents) are less appropriate to that game-semantic emphasis."",""ownershipMode"":""CHANGE is designed to adapt identity and method to altered conditions; SHARED_TITLE centers bounded joint claims. SINGLE_ENTITY (exclusive control) and COMMON_USE (open collective access) are less appropriate to that game-semantic emphasis."",""allocationMode"":""CHANGE is designed to adapt identity and method to altered conditions; CUSTOMARY centers established practice. PLANNED (deliberate assignment) and MARKET (competitive exchange) are less appropriate to that game-semantic emphasis."",""legitimacyBasis"":""CHANGE is designed to adapt identity and method to altered conditions; ANCESTRAL centers inherited continuity. CHARTERED (explicit agreed rules) and MARTIAL (demonstrated force) are less appropriate to that game-semantic emphasis."",""authoritySource"":""CHANGE is designed to adapt identity and method to altered conditions; ELECTION centers peer selection. APPOINTMENT (entrusted office) and DIVINE_MANDATE (sacred sanction) are less appropriate to that game-semantic emphasis."",""loquacity"":""CHANGE is designed to adapt identity and method to altered conditions; TALKATIVE centers abundant signaling. LIGHT_BANTER (selective social exchange) and TO_THE_POINT (minimal instrumental signaling) are less appropriate to that game-semantic emphasis."",""emotionalTemperature"":""CHANGE is designed to adapt identity and method to altered conditions; JOYFUL centers open positive affect. COMPOSED (contained affect) and IRRITABLE (ready negative activation) are less appropriate to that game-semantic emphasis."",""outlookOrientation"":""CHANGE is designed to adapt identity and method to altered conditions; OPTIMISTIC centers expected improvement. NEUTRAL (contingent expectations) and PESSIMISTIC (expected loss or failure) are less appropriate to that game-semantic emphasis."",""collaborativePosture"":""CHANGE is designed to adapt identity and method to altered conditions; JUST_ENOUGH centers minimum sufficient contribution. HELPFUL (active contribution) and WITHHOLDING (guarded non-contribution) are less appropriate to that game-semantic emphasis.""}","CHANGE shares this controlled-value shape with AMBIGUITY, CHANGE because the twelve simulator dimensions are coarse, while its distinct authored meaning remains adapt identity and method to altered conditions. This is reviewed semantic convergence, not copied identity."
PERSONALITY_PROFILE_DIMENSIONS_V1,CLOSURE,settle uncertainty and complete open obligations,RECIPROCAL,SITUATIONAL,ORDERED,CENTRALIZED,SHARED_TITLE,PLANNED,CHARTERED,APPOINTMENT,TO_THE_POINT,COMPOSED,NEUTRAL,JUST_ENOUGH,"{""motivation"":""CLOSURE is designed to settle uncertainty and complete open obligations; RECIPROCAL centers mutual return. ALTRUISTIC (others' welfare) and SELFISH (the actor's own gain) are less appropriate to that game-semantic emphasis."",""operatingStyle"":""CLOSURE is designed to settle uncertainty and complete open obligations; SITUATIONAL centers context-sensitive grouping. TEAMWORK (coordinated action) and SOLO (independent action) are less appropriate to that game-semantic emphasis."",""structureOrientation"":""CLOSURE is designed to settle uncertainty and complete open obligations; ORDERED centers stable rules. NEUTRAL (flexible structure) and CHAOS (disruption and flux) are less appropriate to that game-semantic emphasis."",""administrationMode"":""CLOSURE is designed to settle uncertainty and complete open obligations; CENTRALIZED centers one coordinating center. DISTRIBUTED (shared local coordination) and DELEGATED (discrete entrusted agents) are less appropriate to that game-semantic emphasis."",""ownershipMode"":""CLOSURE is designed to settle uncertainty and complete open obligations; SHARED_TITLE centers bounded joint claims. SINGLE_ENTITY (exclusive control) and COMMON_USE (open collective access) are less appropriate to that game-semantic emphasis."",""allocationMode"":""CLOSURE is designed to settle uncertainty and complete open obligations; PLANNED centers deliberate assignment. CUSTOMARY (established practice) and MARKET (competitive exchange) are less appropriate to that game-semantic emphasis."",""legitimacyBasis"":""CLOSURE is designed to settle uncertainty and complete open obligations; CHARTERED centers explicit agreed rules. ANCESTRAL (inherited continuity) and MARTIAL (demonstrated force) are less appropriate to that game-semantic emphasis."",""authoritySource"":""CLOSURE is designed to settle uncertainty and complete open obligations; APPOINTMENT centers entrusted office. ELECTION (peer selection) and DIVINE_MANDATE (sacred sanction) are less appropriate to that game-semantic emphasis."",""loquacity"":""CLOSURE is designed to settle uncertainty and complete open obligations; TO_THE_POINT centers minimal instrumental signaling. TALKATIVE (abundant signaling) and LIGHT_BANTER (selective social exchange) are less appropriate to that game-semantic emphasis."",""emotionalTemperature"":""CLOSURE is designed to settle uncertainty and complete open obligations; COMPOSED centers contained affect. JOYFUL (open positive affect) and IRRITABLE (ready negative activation) are less appropriate to that game-semantic emphasis."",""outlookOrientation"":""CLOSURE is designed to settle uncertainty and complete open obligations; NEUTRAL centers contingent expectations. OPTIMISTIC (expected improvement) and PESSIMISTIC (expected loss or failure) are less appropriate to that game-semantic emphasis."",""collaborativePosture"":""CLOSURE is designed to settle uncertainty and complete open obligations; JUST_ENOUGH centers minimum sufficient contribution. HELPFUL (active contribution) and WITHHOLDING (guarded non-contribution) are less appropriate to that game-semantic emphasis.""}","CLOSURE shares this controlled-value shape with CLOSURE, DISCIPLINE, RESTRAINT because the twelve simulator dimensions are coarse, while its distinct authored meaning remains settle uncertainty and complete open obligations. This is reviewed semantic convergence, not copied identity."
PERSONALITY_PROFILE_DIMENSIONS_V1,COLLECTIVE_MEMORY,maintain shared continuity through remembered practice,ALTRUISTIC,TEAMWORK,ORDERED,DISTRIBUTED,COMMON_USE,CUSTOMARY,ANCESTRAL,ELECTION,LIGHT_BANTER,JOYFUL,NEUTRAL,HELPFUL,"{""motivation"":""COLLECTIVE_MEMORY is designed to maintain shared continuity through remembered practice; ALTRUISTIC centers others' welfare. RECIPROCAL (mutual return) and SELFISH (the actor's own gain) are less appropriate to that game-semantic emphasis."",""operatingStyle"":""COLLECTIVE_MEMORY is designed to maintain shared continuity through remembered practice; TEAMWORK centers coordinated action. SITUATIONAL (context-sensitive grouping) and SOLO (independent action) are less appropriate to that game-semantic emphasis."",""structureOrientation"":""COLLECTIVE_MEMORY is designed to maintain shared continuity through remembered practice; ORDERED centers stable rules. NEUTRAL (flexible structure) and CHAOS (disruption and flux) are less appropriate to that game-semantic emphasis."",""administrationMode"":""COLLECTIVE_MEMORY is designed to maintain shared continuity through remembered practice; DISTRIBUTED centers shared local coordination. CENTRALIZED (one coordinating center) and DELEGATED (discrete entrusted agents) are less appropriate to that game-semantic emphasis."",""ownershipMode"":""COLLECTIVE_MEMORY is designed to maintain shared continuity through remembered practice; COMMON_USE centers open collective access. SINGLE_ENTITY (exclusive control) and SHARED_TITLE (bounded joint claims) are less appropriate to that game-semantic emphasis."",""allocationMode"":""COLLECTIVE_MEMORY is designed to maintain shared continuity through remembered practice; CUSTOMARY centers established practice. PLANNED (deliberate assignment) and MARKET (competitive exchange) are less appropriate to that game-semantic emphasis."",""legitimacyBasis"":""COLLECTIVE_MEMORY is designed to maintain shared continuity through remembered practice; ANCESTRAL centers inherited continuity. CHARTERED (explicit agreed rules) and MARTIAL (demonstrated force) are less appropriate to that game-semantic emphasis."",""authoritySource"":""COLLECTIVE_MEMORY is designed to maintain shared continuity through remembered practice; ELECTION centers peer selection. APPOINTMENT (entrusted office) and DIVINE_MANDATE (sacred sanction) are less appropriate to that game-semantic emphasis."",""loquacity"":""COLLECTIVE_MEMORY is designed to maintain shared continuity through remembered practice; LIGHT_BANTER centers selective social exchange. TALKATIVE (abundant signaling) and TO_THE_POINT (minimal instrumental signaling) are less appropriate to that game-semantic emphasis."",""emotionalTemperature"":""COLLECTIVE_MEMORY is designed to maintain shared continuity through remembered practice; JOYFUL centers open positive affect. COMPOSED (contained affect) and IRRITABLE (ready negative activation) are less appropriate to that game-semantic emphasis."",""outlookOrientation"":""COLLECTIVE_MEMORY is designed to maintain shared continuity through remembered practice; NEUTRAL centers contingent expectations. OPTIMISTIC (expected improvement) and PESSIMISTIC (expected loss or failure) are less appropriate to that game-semantic emphasis."",""collaborativePosture"":""COLLECTIVE_MEMORY is designed to maintain shared continuity through remembered practice; HELPFUL centers active contribution. WITHHOLDING (guarded non-contribution) and JUST_ENOUGH (minimum sufficient contribution) are less appropriate to that game-semantic emphasis.""}",
PERSONALITY_PROFILE_DIMENSIONS_V1,COMPASSION,reduce suffering even when aid carries cost,ALTRUISTIC,TEAMWORK,NEUTRAL,DISTRIBUTED,COMMON_USE,PLANNED,ANCESTRAL,APPOINTMENT,LIGHT_BANTER,JOYFUL,OPTIMISTIC,HELPFUL,"{""motivation"":""COMPASSION is designed to reduce suffering even when aid carries cost; ALTRUISTIC centers others' welfare. RECIPROCAL (mutual return) and SELFISH (the actor's own gain) are less appropriate to that game-semantic emphasis."",""operatingStyle"":""COMPASSION is designed to reduce suffering even when aid carries cost; TEAMWORK centers coordinated action. SITUATIONAL (context-sensitive grouping) and SOLO (independent action) are less appropriate to that game-semantic emphasis."",""structureOrientation"":""COMPASSION is designed to reduce suffering even when aid carries cost; NEUTRAL centers flexible structure. ORDERED (stable rules) and CHAOS (disruption and flux) are less appropriate to that game-semantic emphasis."",""administrationMode"":""COMPASSION is designed to reduce suffering even when aid carries cost; DISTRIBUTED centers shared local coordination. CENTRALIZED (one coordinating center) and DELEGATED (discrete entrusted agents) are less appropriate to that game-semantic emphasis."",""ownershipMode"":""COMPASSION is designed to reduce suffering even when aid carries cost; COMMON_USE centers open collective access. SINGLE_ENTITY (exclusive control) and SHARED_TITLE (bounded joint claims) are less appropriate to that game-semantic emphasis."",""allocationMode"":""COMPASSION is designed to reduce suffering even when aid carries cost; PLANNED centers deliberate assignment. CUSTOMARY (established practice) and MARKET (competitive exchange) are less appropriate to that game-semantic emphasis."",""legitimacyBasis"":""COMPASSION is designed to reduce suffering even when aid carries cost; ANCESTRAL centers inherited continuity. CHARTERED (explicit agreed rules) and MARTIAL (demonstrated force) are less appropriate to that game-semantic emphasis."",""authoritySource"":""COMPASSION is designed to reduce suffering even when aid carries cost; APPOINTMENT centers entrusted office. ELECTION (peer selection) and DIVINE_MANDATE (sacred sanction) are less appropriate to that game-semantic emphasis."",""loquacity"":""COMPASSION is designed to reduce suffering even when aid carries cost; LIGHT_BANTER centers selective social exchange. TALKATIVE (abundant signaling) and TO_THE_POINT (minimal instrumental signaling) are less appropriate to that game-semantic emphasis."",""emotionalTemperature"":""COMPASSION is designed to reduce suffering even when aid carries cost; JOYFUL centers open positive affect. COMPOSED (contained affect) and IRRITABLE (ready negative activation) are less appropriate to that game-semantic emphasis."",""outlookOrientation"":""COMPASSION is designed to reduce suffering even when aid carries cost; OPTIMISTIC centers expected improvement. NEUTRAL (contingent expectations) and PESSIMISTIC (expected loss or failure) are less appropriate to that game-semantic emphasis."",""collaborativePosture"":""COMPASSION is designed to reduce suffering even when aid carries cost; HELPFUL centers active contribution. WITHHOLDING (guarded non-contribution) and JUST_ENOUGH (minimum sufficient contribution) are less appropriate to that game-semantic emphasis.""}",
PERSONALITY_PROFILE_DIMENSIONS_V1,COMPETITION,test worth through rivalry and scarce rewards,SELFISH,SOLO,NEUTRAL,DELEGATED,SINGLE_ENTITY,MARKET,MARTIAL,DIVINE_MANDATE,LIGHT_BANTER,JOYFUL,NEUTRAL,WITHHOLDING,"{""motivation"":""COMPETITION is designed to test worth through rivalry and scarce rewards; SELFISH centers the actor's own gain. ALTRUISTIC (others' welfare) and RECIPROCAL (mutual return) are less appropriate to that game-semantic emphasis."",""operatingStyle"":""COMPETITION is designed to test worth through rivalry and scarce rewards; SOLO centers independent action. TEAMWORK (coordinated action) and SITUATIONAL (context-sensitive grouping) are less appropriate to that game-semantic emphasis."",""structureOrientation"":""COMPETITION is designed to test worth through rivalry and scarce rewards; NEUTRAL centers flexible structure. ORDERED (stable rules) and CHAOS (disruption and flux) are less appropriate to that game-semantic emphasis."",""administrationMode"":""COMPETITION is designed to test worth through rivalry and scarce rewards; DELEGATED centers discrete entrusted agents. CENTRALIZED (one coordinating center) and DISTRIBUTED (shared local coordination) are less appropriate to that game-semantic emphasis."",""ownershipMode"":""COMPETITION is designed to test worth through rivalry and scarce rewards; SINGLE_ENTITY centers exclusive control. SHARED_TITLE (bounded joint claims) and COMMON_USE (open collective access) are less appropriate to that game-semantic emphasis."",""allocationMode"":""COMPETITION is designed to test worth through rivalry and scarce rewards; MARKET centers competitive exchange. PLANNED (deliberate assignment) and CUSTOMARY (established practice) are less appropriate to that game-semantic emphasis."",""legitimacyBasis"":""COMPETITION is designed to test worth through rivalry and scarce rewards; MARTIAL centers demonstrated force. CHARTERED (explicit agreed rules) and ANCESTRAL (inherited continuity) are less appropriate to that game-semantic emphasis."",""authoritySource"":""COMPETITION is designed to test worth through rivalry and scarce rewards; DIVINE_MANDATE centers sacred sanction. APPOINTMENT (entrusted office) and ELECTION (peer selection) are less appropriate to that game-semantic emphasis."",""loquacity"":""COMPETITION is designed to test worth through rivalry and scarce rewards; LIGHT_BANTER centers selective social exchange. TALKATIVE (abundant signaling) and TO_THE_POINT (minimal instrumental signaling) are less appropriate to that game-semantic emphasis."",""emotionalTemperature"":""COMPETITION is designed to test worth through rivalry and scarce rewards; JOYFUL centers open positive affect. COMPOSED (contained affect) and IRRITABLE (ready negative activation) are less appropriate to that game-semantic emphasis."",""outlookOrientation"":""COMPETITION is designed to test worth through rivalry and scarce rewards; NEUTRAL centers contingent expectations. OPTIMISTIC (expected improvement) and PESSIMISTIC (expected loss or failure) are less appropriate to that game-semantic emphasis."",""collaborativePosture"":""COMPETITION is designed to test worth through rivalry and scarce rewards; WITHHOLDING centers guarded non-contribution. HELPFUL (active contribution) and JUST_ENOUGH (minimum sufficient contribution) are less appropriate to that game-semantic emphasis.""}",
PERSONALITY_PROFILE_DIMENSIONS_V1,CONFORMITY,coordinate through shared norms and synchronized conduct,RECIPROCAL,TEAMWORK,ORDERED,CENTRALIZED,COMMON_USE,PLANNED,CHARTERED,APPOINTMENT,LIGHT_BANTER,COMPOSED,NEUTRAL,HELPFUL,"{""motivation"":""CONFORMITY is designed to coordinate through shared norms and synchronized conduct; RECIPROCAL centers mutual return. ALTRUISTIC (others' welfare) and SELFISH (the actor's own gain) are less appropriate to that game-semantic emphasis."",""operatingStyle"":""CONFORMITY is designed to coordinate through shared norms and synchronized conduct; TEAMWORK centers coordinated action. SITUATIONAL (context-sensitive grouping) and SOLO (independent action) are less appropriate to that game-semantic emphasis."",""structureOrientation"":""CONFORMITY is designed to coordinate through shared norms and synchronized conduct; ORDERED centers stable rules. NEUTRAL (flexible structure) and CHAOS (disruption and flux) are less appropriate to that game-semantic emphasis."",""administrationMode"":""CONFORMITY is designed to coordinate through shared norms and synchronized conduct; CENTRALIZED centers one coordinating center. DISTRIBUTED (shared local coordination) and DELEGATED (discrete entrusted agents) are less appropriate to that game-semantic emphasis."",""ownershipMode"":""CONFORMITY is designed to coordinate through shared norms and synchronized conduct; COMMON_USE centers open collective access. SINGLE_ENTITY (exclusive control) and SHARED_TITLE (bounded joint claims) are less appropriate to that game-semantic emphasis."",""allocationMode"":""CONFORMITY is designed to coordinate through shared norms and synchronized conduct; PLANNED centers deliberate assignment. CUSTOMARY (established practice) and MARKET (competitive exchange) are less appropriate to that game-semantic emphasis."",""legitimacyBasis"":""CONFORMITY is designed to coordinate through shared norms and synchronized conduct; CHARTERED centers explicit agreed rules. ANCESTRAL (inherited continuity) and MARTIAL (demonstrated force) are less appropriate to that game-semantic emphasis."",""authoritySource"":""CONFORMITY is designed to coordinate through shared norms and synchronized conduct; APPOINTMENT centers entrusted office. ELECTION (peer selection) and DIVINE_MANDATE (sacred sanction) are less appropriate to that game-semantic emphasis."",""loquacity"":""CONFORMITY is designed to coordinate through shared norms and synchronized conduct; LIGHT_BANTER centers selective social exchange. TALKATIVE (abundant signaling) and TO_THE_POINT (minimal instrumental signaling) are less appropriate to that game-semantic emphasis."",""emotionalTemperature"":""CONFORMITY is designed to coordinate through shared norms and synchronized conduct; COMPOSED centers contained affect. JOYFUL (open positive affect) and IRRITABLE (ready negative activation) are less appropriate to that game-semantic emphasis."",""outlookOrientation"":""CONFORMITY is designed to coordinate through shared norms and synchronized conduct; NEUTRAL centers contingent expectations. OPTIMISTIC (expected improvement) and PESSIMISTIC (expected loss or failure) are less appropriate to that game-semantic emphasis."",""collaborativePosture"":""CONFORMITY is designed to coordinate through shared norms and synchronized conduct; HELPFUL centers active contribution. WITHHOLDING (guarded non-contribution) and JUST_ENOUGH (minimum sufficient contribution) are less appropriate to that game-semantic emphasis.""}",
PERSONALITY_PROFILE_DIMENSIONS_V1,CONTROL,shape conditions so outcomes remain governable,RECIPROCAL,SITUATIONAL,ORDERED,CENTRALIZED,SINGLE_ENTITY,PLANNED,CHARTERED,APPOINTMENT,LIGHT_BANTER,COMPOSED,NEUTRAL,JUST_ENOUGH,"{""motivation"":""CONTROL is designed to shape conditions so outcomes remain governable; RECIPROCAL centers mutual return. ALTRUISTIC (others' welfare) and SELFISH (the actor's own gain) are less appropriate to that game-semantic emphasis."",""operatingStyle"":""CONTROL is designed to shape conditions so outcomes remain governable; SITUATIONAL centers context-sensitive grouping. TEAMWORK (coordinated action) and SOLO (independent action) are less appropriate to that game-semantic emphasis."",""structureOrientation"":""CONTROL is designed to shape conditions so outcomes remain governable; ORDERED centers stable rules. NEUTRAL (flexible structure) and CHAOS (disruption and flux) are less appropriate to that game-semantic emphasis."",""administrationMode"":""CONTROL is designed to shape conditions so outcomes remain governable; CENTRALIZED centers one coordinating center. DISTRIBUTED (shared local coordination) and DELEGATED (discrete entrusted agents) are less appropriate to that game-semantic emphasis."",""ownershipMode"":""CONTROL is designed to shape conditions so outcomes remain governable; SINGLE_ENTITY centers exclusive control. SHARED_TITLE (bounded joint claims) and COMMON_USE (open collective access) are less appropriate to that game-semantic emphasis."",""allocationMode"":""CONTROL is designed to shape conditions so outcomes remain governable; PLANNED centers deliberate assignment. CUSTOMARY (established practice) and MARKET (competitive exchange) are less appropriate to that game-semantic emphasis."",""legitimacyBasis"":""CONTROL is designed to shape conditions so outcomes remain governable; CHARTERED centers explicit agreed rules. ANCESTRAL (inherited continuity) and MARTIAL (demonstrated force) are less appropriate to that game-semantic emphasis."",""authoritySource"":""CONTROL is designed to shape conditions so outcomes remain governable; APPOINTMENT centers entrusted office. ELECTION (peer selection) and DIVINE_MANDATE (sacred sanction) are less appropriate to that game-semantic emphasis."",""loquacity"":""CONTROL is designed to shape conditions so outcomes remain governable; LIGHT_BANTER centers selective social exchange. TALKATIVE (abundant signaling) and TO_THE_POINT (minimal instrumental signaling) are less appropriate to that game-semantic emphasis."",""emotionalTemperature"":""CONTROL is designed to shape conditions so outcomes remain governable; COMPOSED centers contained affect. JOYFUL (open positive affect) and IRRITABLE (ready negative activation) are less appropriate to that game-semantic emphasis."",""outlookOrientation"":""CONTROL is designed to shape conditions so outcomes remain governable; NEUTRAL centers contingent expectations. OPTIMISTIC (expected improvement) and PESSIMISTIC (expected loss or failure) are less appropriate to that game-semantic emphasis."",""collaborativePosture"":""CONTROL is designed to shape conditions so outcomes remain governable; JUST_ENOUGH centers minimum sufficient contribution. HELPFUL (active contribution) and WITHHOLDING (guarded non-contribution) are less appropriate to that game-semantic emphasis.""}","CONTROL shares this controlled-value shape with CONTROL, PERFECTION because the twelve simulator dimensions are coarse, while its distinct authored meaning remains shape conditions so outcomes remain governable. This is reviewed semantic convergence, not copied identity."
PERSONALITY_PROFILE_DIMENSIONS_V1,COOPERATION,combine distinct efforts toward mutual success,ALTRUISTIC,TEAMWORK,NEUTRAL,DISTRIBUTED,COMMON_USE,CUSTOMARY,ANCESTRAL,ELECTION,LIGHT_BANTER,JOYFUL,NEUTRAL,HELPFUL,"{""motivation"":""COOPERATION is designed to combine distinct efforts toward mutual success; ALTRUISTIC centers others' welfare. RECIPROCAL (mutual return) and SELFISH (the actor's own gain) are less appropriate to that game-semantic emphasis."",""operatingStyle"":""COOPERATION is designed to combine distinct efforts toward mutual success; TEAMWORK centers coordinated action. SITUATIONAL (context-sensitive grouping) and SOLO (independent action) are less appropriate to that game-semantic emphasis."",""structureOrientation"":""COOPERATION is designed to combine distinct efforts toward mutual success; NEUTRAL centers flexible structure. ORDERED (stable rules) and CHAOS (disruption and flux) are less appropriate to that game-semantic emphasis."",""administrationMode"":""COOPERATION is designed to combine distinct efforts toward mutual success; DISTRIBUTED centers shared local coordination. CENTRALIZED (one coordinating center) and DELEGATED (discrete entrusted agents) are less appropriate to that game-semantic emphasis."",""ownershipMode"":""COOPERATION is designed to combine distinct efforts toward mutual success; COMMON_USE centers open collective access. SINGLE_ENTITY (exclusive control) and SHARED_TITLE (bounded joint claims) are less appropriate to that game-semantic emphasis."",""allocationMode"":""COOPERATION is designed to combine distinct efforts toward mutual success; CUSTOMARY centers established practice. PLANNED (deliberate assignment) and MARKET (competitive exchange) are less appropriate to that game-semantic emphasis."",""legitimacyBasis"":""COOPERATION is designed to combine distinct efforts toward mutual success; ANCESTRAL centers inherited continuity. CHARTERED (explicit agreed rules) and MARTIAL (demonstrated force) are less appropriate to that game-semantic emphasis."",""authoritySource"":""COOPERATION is designed to combine distinct efforts toward mutual success; ELECTION centers peer selection. APPOINTMENT (entrusted office) and DIVINE_MANDATE (sacred sanction) are less appropriate to that game-semantic emphasis."",""loquacity"":""COOPERATION is designed to combine distinct efforts toward mutual success; LIGHT_BANTER centers selective social exchange. TALKATIVE (abundant signaling) and TO_THE_POINT (minimal instrumental signaling) are less appropriate to that game-semantic emphasis."",""emotionalTemperature"":""COOPERATION is designed to combine distinct efforts toward mutual success; JOYFUL centers open positive affect. COMPOSED (contained affect) and IRRITABLE (ready negative activation) are less appropriate to that game-semantic emphasis."",""outlookOrientation"":""COOPERATION is designed to combine distinct efforts toward mutual success; NEUTRAL centers contingent expectations. OPTIMISTIC (expected improvement) and PESSIMISTIC (expected loss or failure) are less appropriate to that game-semantic emphasis."",""collaborativePosture"":""COOPERATION is designed to combine distinct efforts toward mutual success; HELPFUL centers active contribution. WITHHOLDING (guarded non-contribution) and JUST_ENOUGH (minimum sufficient contribution) are less appropriate to that game-semantic emphasis.""}",
PERSONALITY_PROFILE_DIMENSIONS_V1,COURAGE,act through danger for a valued purpose,ALTRUISTIC,SITUATIONAL,ORDERED,DELEGATED,SHARED_TITLE,PLANNED,CHARTERED,APPOINTMENT,TO_THE_POINT,IRRITABLE,OPTIMISTIC,JUST_ENOUGH,"{""motivation"":""COURAGE is designed to act through danger for a valued purpose; ALTRUISTIC centers others' welfare. RECIPROCAL (mutual return) and SELFISH (the actor's own gain) are less appropriate to that game-semantic emphasis."",""operatingStyle"":""COURAGE is designed to act through danger for a valued purpose; SITUATIONAL centers context-sensitive grouping. TEAMWORK (coordinated action) and SOLO (independent action) are less appropriate to that game-semantic emphasis."",""structureOrientation"":""COURAGE is designed to act through danger for a valued purpose; ORDERED centers stable rules. NEUTRAL (flexible structure) and CHAOS (disruption and flux) are less appropriate to that game-semantic emphasis."",""administrationMode"":""COURAGE is designed to act through danger for a valued purpose; DELEGATED centers discrete entrusted agents. CENTRALIZED (one coordinating center) and DISTRIBUTED (shared local coordination) are less appropriate to that game-semantic emphasis."",""ownershipMode"":""COURAGE is designed to act through danger for a valued purpose; SHARED_TITLE centers bounded joint claims. SINGLE_ENTITY (exclusive control) and COMMON_USE (open collective access) are less appropriate to that game-semantic emphasis."",""allocationMode"":""COURAGE is designed to act through danger for a valued purpose; PLANNED centers deliberate assignment. CUSTOMARY (established practice) and MARKET (competitive exchange) are less appropriate to that game-semantic emphasis."",""legitimacyBasis"":""COURAGE is designed to act through danger for a valued purpose; CHARTERED centers explicit agreed rules. ANCESTRAL (inherited continuity) and MARTIAL (demonstrated force) are less appropriate to that game-semantic emphasis."",""authoritySource"":""COURAGE is designed to act through danger for a valued purpose; APPOINTMENT centers entrusted office. ELECTION (peer selection) and DIVINE_MANDATE (sacred sanction) are less appropriate to that game-semantic emphasis."",""loquacity"":""COURAGE is designed to act through danger for a valued purpose; TO_THE_POINT centers minimal instrumental signaling. TALKATIVE (abundant signaling) and LIGHT_BANTER (selective social exchange) are less appropriate to that game-semantic emphasis."",""emotionalTemperature"":""COURAGE is designed to act through danger for a valued purpose; IRRITABLE centers ready negative activation. COMPOSED (contained affect) and JOYFUL (open positive affect) are less appropriate to that game-semantic emphasis."",""outlookOrientation"":""COURAGE is designed to act through danger for a valued purpose; OPTIMISTIC centers expected improvement. NEUTRAL (contingent expectations) and PESSIMISTIC (expected loss or failure) are less appropriate to that game-semantic emphasis."",""collaborativePosture"":""COURAGE is designed to act through danger for a valued purpose; JUST_ENOUGH centers minimum sufficient contribution. HELPFUL (active contribution) and WITHHOLDING (guarded non-contribution) are less appropriate to that game-semantic emphasis.""}",
PERSONALITY_PROFILE_DIMENSIONS_V1,CURIOSITY,seek unfamiliar knowledge and test possibilities,RECIPROCAL,SITUATIONAL,CHAOS,DELEGATED,SHARED_TITLE,CUSTOMARY,ANCESTRAL,ELECTION,TALKATIVE,JOYFUL,OPTIMISTIC,JUST_ENOUGH,"{""motivation"":""CURIOSITY is designed to seek unfamiliar knowledge and test possibilities; RECIPROCAL centers mutual return. ALTRUISTIC (others' welfare) and SELFISH (the actor's own gain) are less appropriate to that game-semantic emphasis."",""operatingStyle"":""CURIOSITY is designed to seek unfamiliar knowledge and test possibilities; SITUATIONAL centers context-sensitive grouping. TEAMWORK (coordinated action) and SOLO (independent action) are less appropriate to that game-semantic emphasis."",""structureOrientation"":""CURIOSITY is designed to seek unfamiliar knowledge and test possibilities; CHAOS centers disruption and flux. ORDERED (stable rules) and NEUTRAL (flexible structure) are less appropriate to that game-semantic emphasis."",""administrationMode"":""CURIOSITY is designed to seek unfamiliar knowledge and test possibilities; DELEGATED centers discrete entrusted agents. CENTRALIZED (one coordinating center) and DISTRIBUTED (shared local coordination) are less appropriate to that game-semantic emphasis."",""ownershipMode"":""CURIOSITY is designed to seek unfamiliar knowledge and test possibilities; SHARED_TITLE centers bounded joint claims. SINGLE_ENTITY (exclusive control) and COMMON_USE (open collective access) are less appropriate to that game-semantic emphasis."",""allocationMode"":""CURIOSITY is designed to seek unfamiliar knowledge and test possibilities; CUSTOMARY centers established practice. PLANNED (deliberate assignment) and MARKET (competitive exchange) are less appropriate to that game-semantic emphasis."",""legitimacyBasis"":""CURIOSITY is designed to seek unfamiliar knowledge and test possibilities; ANCESTRAL centers inherited continuity. CHARTERED (explicit agreed rules) and MARTIAL (demonstrated force) are less appropriate to that game-semantic emphasis."",""authoritySource"":""CURIOSITY is designed to seek unfamiliar knowledge and test possibilities; ELECTION centers peer selection. APPOINTMENT (entrusted office) and DIVINE_MANDATE (sacred sanction) are less appropriate to that game-semantic emphasis."",""loquacity"":""CURIOSITY is designed to seek unfamiliar knowledge and test possibilities; TALKATIVE centers abundant signaling. LIGHT_BANTER (selective social exchange) and TO_THE_POINT (minimal instrumental signaling) are less appropriate to that game-semantic emphasis."",""emotionalTemperature"":""CURIOSITY is designed to seek unfamiliar knowledge and test possibilities; JOYFUL centers open positive affect. COMPOSED (contained affect) and IRRITABLE (ready negative activation) are less appropriate to that game-semantic emphasis."",""outlookOrientation"":""CURIOSITY is designed to seek unfamiliar knowledge and test possibilities; OPTIMISTIC centers expected improvement. NEUTRAL (contingent expectations) and PESSIMISTIC (expected loss or failure) are less appropriate to that game-semantic emphasis."",""collaborativePosture"":""CURIOSITY is designed to seek unfamiliar knowledge and test possibilities; JUST_ENOUGH centers minimum sufficient contribution. HELPFUL (active contribution) and WITHHOLDING (guarded non-contribution) are less appropriate to that game-semantic emphasis.""}",
PERSONALITY_PROFILE_DIMENSIONS_V1,DESIRE,"pursue a compelling object, bond, or imagined outcome",SELFISH,SOLO,NEUTRAL,DELEGATED,SINGLE_ENTITY,MARKET,ANCESTRAL,ELECTION,LIGHT_BANTER,JOYFUL,OPTIMISTIC,WITHHOLDING,"{""motivation"":""DESIRE is designed to pursue a compelling object, bond, or imagined outcome; SELFISH centers the actor's own gain. ALTRUISTIC (others' welfare) and RECIPROCAL (mutual return) are less appropriate to that game-semantic emphasis."",""operatingStyle"":""DESIRE is designed to pursue a compelling object, bond, or imagined outcome; SOLO centers independent action. TEAMWORK (coordinated action) and SITUATIONAL (context-sensitive grouping) are less appropriate to that game-semantic emphasis."",""structureOrientation"":""DESIRE is designed to pursue a compelling object, bond, or imagined outcome; NEUTRAL centers flexible structure. ORDERED (stable rules) and CHAOS (disruption and flux) are less appropriate to that game-semantic emphasis."",""administrationMode"":""DESIRE is designed to pursue a compelling object, bond, or imagined outcome; DELEGATED centers discrete entrusted agents. CENTRALIZED (one coordinating center) and DISTRIBUTED (shared local coordination) are less appropriate to that game-semantic emphasis."",""ownershipMode"":""DESIRE is designed to pursue a compelling object, bond, or imagined outcome; SINGLE_ENTITY centers exclusive control. SHARED_TITLE (bounded joint claims) and COMMON_USE (open collective access) are less appropriate to that game-semantic emphasis."",""allocationMode"":""DESIRE is designed to pursue a compelling object, bond, or imagined outcome; MARKET centers competitive exchange. PLANNED (deliberate assignment) and CUSTOMARY (established practice) are less appropriate to that game-semantic emphasis."",""legitimacyBasis"":""DESIRE is designed to pursue a compelling object, bond, or imagined outcome; ANCESTRAL centers inherited continuity. CHARTERED (explicit agreed rules) and MARTIAL (demonstrated force) are less appropriate to that game-semantic emphasis."",""authoritySource"":""DESIRE is designed to pursue a compelling object, bond, or imagined outcome; ELECTION centers peer selection. APPOINTMENT (entrusted office) and DIVINE_MANDATE (sacred sanction) are less appropriate to that game-semantic emphasis."",""loquacity"":""DESIRE is designed to pursue a compelling object, bond, or imagined outcome; LIGHT_BANTER centers selective social exchange. TALKATIVE (abundant signaling) and TO_THE_POINT (minimal instrumental signaling) are less appropriate to that game-semantic emphasis."",""emotionalTemperature"":""DESIRE is designed to pursue a compelling object, bond, or imagined outcome; JOYFUL centers open positive affect. COMPOSED (contained affect) and IRRITABLE (ready negative activation) are less appropriate to that game-semantic emphasis."",""outlookOrientation"":""DESIRE is designed to pursue a compelling object, bond, or imagined outcome; OPTIMISTIC centers expected improvement. NEUTRAL (contingent expectations) and PESSIMISTIC (expected loss or failure) are less appropriate to that game-semantic emphasis."",""collaborativePosture"":""DESIRE is designed to pursue a compelling object, bond, or imagined outcome; WITHHOLDING centers guarded non-contribution. HELPFUL (active contribution) and JUST_ENOUGH (minimum sufficient contribution) are less appropriate to that game-semantic emphasis.""}",
PERSONALITY_PROFILE_DIMENSIONS_V1,DISCIPLINE,sustain chosen practice against distraction,RECIPROCAL,SITUATIONAL,ORDERED,CENTRALIZED,SHARED_TITLE,PLANNED,CHARTERED,APPOINTMENT,TO_THE_POINT,COMPOSED,NEUTRAL,JUST_ENOUGH,"{""motivation"":""DISCIPLINE is designed to sustain chosen practice against distraction; RECIPROCAL centers mutual return. ALTRUISTIC (others' welfare) and SELFISH (the actor's own gain) are less appropriate to that game-semantic emphasis."",""operatingStyle"":""DISCIPLINE is designed to sustain chosen practice against distraction; SITUATIONAL centers context-sensitive grouping. TEAMWORK (coordinated action) and SOLO (independent action) are less appropriate to that game-semantic emphasis."",""structureOrientation"":""DISCIPLINE is designed to sustain chosen practice against distraction; ORDERED centers stable rules. NEUTRAL (flexible structure) and CHAOS (disruption and flux) are less appropriate to that game-semantic emphasis."",""administrationMode"":""DISCIPLINE is designed to sustain chosen practice against distraction; CENTRALIZED centers one coordinating center. DISTRIBUTED (shared local coordination) and DELEGATED (discrete entrusted agents) are less appropriate to that game-semantic emphasis."",""ownershipMode"":""DISCIPLINE is designed to sustain chosen practice against distraction; SHARED_TITLE centers bounded joint claims. SINGLE_ENTITY (exclusive control) and COMMON_USE (open collective access) are less appropriate to that game-semantic emphasis."",""allocationMode"":""DISCIPLINE is designed to sustain chosen practice against distraction; PLANNED centers deliberate assignment. CUSTOMARY (established practice) and MARKET (competitive exchange) are less appropriate to that game-semantic emphasis."",""legitimacyBasis"":""DISCIPLINE is designed to sustain chosen practice against distraction; CHARTERED centers explicit agreed rules. ANCESTRAL (inherited continuity) and MARTIAL (demonstrated force) are less appropriate to that game-semantic emphasis."",""authoritySource"":""DISCIPLINE is designed to sustain chosen practice against distraction; APPOINTMENT centers entrusted office. ELECTION (peer selection) and DIVINE_MANDATE (sacred sanction) are less appropriate to that game-semantic emphasis."",""loquacity"":""DISCIPLINE is designed to sustain chosen practice against distraction; TO_THE_POINT centers minimal instrumental signaling. TALKATIVE (abundant signaling) and LIGHT_BANTER (selective social exchange) are less appropriate to that game-semantic emphasis."",""emotionalTemperature"":""DISCIPLINE is designed to sustain chosen practice against distraction; COMPOSED centers contained affect. JOYFUL (open positive affect) and IRRITABLE (ready negative activation) are less appropriate to that game-semantic emphasis."",""outlookOrientation"":""DISCIPLINE is designed to sustain chosen practice against distraction; NEUTRAL centers contingent expectations. OPTIMISTIC (expected improvement) and PESSIMISTIC (expected loss or failure) are less appropriate to that game-semantic emphasis."",""collaborativePosture"":""DISCIPLINE is designed to sustain chosen practice against distraction; JUST_ENOUGH centers minimum sufficient contribution. HELPFUL (active contribution) and WITHHOLDING (guarded non-contribution) are less appropriate to that game-semantic emphasis.""}","DISCIPLINE shares this controlled-value shape with CLOSURE, DISCIPLINE, RESTRAINT because the twelve simulator dimensions are coarse, while its distinct authored meaning remains sustain chosen practice against distraction. This is reviewed semantic convergence, not copied identity."
PERSONALITY_PROFILE_DIMENSIONS_V1,DISSENT,contest imposed consensus and preserve minority judgment,SELFISH,SOLO,CHAOS,DISTRIBUTED,SINGLE_ENTITY,MARKET,ANCESTRAL,ELECTION,TALKATIVE,JOYFUL,NEUTRAL,WITHHOLDING,"{""motivation"":""DISSENT is designed to contest imposed consensus and preserve minority judgment; SELFISH centers the actor's own gain. ALTRUISTIC (others' welfare) and RECIPROCAL (mutual return) are less appropriate to that game-semantic emphasis."",""operatingStyle"":""DISSENT is designed to contest imposed consensus and preserve minority judgment; SOLO centers independent action. TEAMWORK (coordinated action) and SITUATIONAL (context-sensitive grouping) are less appropriate to that game-semantic emphasis."",""structureOrientation"":""DISSENT is designed to contest imposed consensus and preserve minority judgment; CHAOS centers disruption and flux. ORDERED (stable rules) and NEUTRAL (flexible structure) are less appropriate to that game-semantic emphasis."",""administrationMode"":""DISSENT is designed to contest imposed consensus and preserve minority judgment; DISTRIBUTED centers shared local coordination. CENTRALIZED (one coordinating center) and DELEGATED (discrete entrusted agents) are less appropriate to that game-semantic emphasis."",""ownershipMode"":""DISSENT is designed to contest imposed consensus and preserve minority judgment; SINGLE_ENTITY centers exclusive control. SHARED_TITLE (bounded joint claims) and COMMON_USE (open collective access) are less appropriate to that game-semantic emphasis."",""allocationMode"":""DISSENT is designed to contest imposed consensus and preserve minority judgment; MARKET centers competitive exchange. PLANNED (deliberate assignment) and CUSTOMARY (established practice) are less appropriate to that game-semantic emphasis."",""legitimacyBasis"":""DISSENT is designed to contest imposed consensus and preserve minority judgment; ANCESTRAL centers inherited continuity. CHARTERED (explicit agreed rules) and MARTIAL (demonstrated force) are less appropriate to that game-semantic emphasis."",""authoritySource"":""DISSENT is designed to contest imposed consensus and preserve minority judgment; ELECTION centers peer selection. APPOINTMENT (entrusted office) and DIVINE_MANDATE (sacred sanction) are less appropriate to that game-semantic emphasis."",""loquacity"":""DISSENT is designed to contest imposed consensus and preserve minority judgment; TALKATIVE centers abundant signaling. LIGHT_BANTER (selective social exchange) and TO_THE_POINT (minimal instrumental signaling) are less appropriate to that game-semantic emphasis."",""emotionalTemperature"":""DISSENT is designed to contest imposed consensus and preserve minority judgment; JOYFUL centers open positive affect. COMPOSED (contained affect) and IRRITABLE (ready negative activation) are less appropriate to that game-semantic emphasis."",""outlookOrientation"":""DISSENT is designed to contest imposed consensus and preserve minority judgment; NEUTRAL centers contingent expectations. OPTIMISTIC (expected improvement) and PESSIMISTIC (expected loss or failure) are less appropriate to that game-semantic emphasis."",""collaborativePosture"":""DISSENT is designed to contest imposed consensus and preserve minority judgment; WITHHOLDING centers guarded non-contribution. HELPFUL (active contribution) and JUST_ENOUGH (minimum sufficient contribution) are less appropriate to that game-semantic emphasis.""}","DISSENT shares this controlled-value shape with AUTHENTICITY, DISSENT, INDIVIDUALITY because the twelve simulator dimensions are coarse, while its distinct authored meaning remains contest imposed consensus and preserve minority judgment. This is reviewed semantic convergence, not copied identity."
PERSONALITY_PROFILE_DIMENSIONS_V1,DOMINANCE,"establish priority through rank, pressure, and control",SELFISH,SOLO,ORDERED,CENTRALIZED,SINGLE_ENTITY,MARKET,MARTIAL,DIVINE_MANDATE,LIGHT_BANTER,JOYFUL,NEUTRAL,WITHHOLDING,"{""motivation"":""DOMINANCE is designed to establish priority through rank, pressure, and control; SELFISH centers the actor's own gain. ALTRUISTIC (others' welfare) and RECIPROCAL (mutual return) are less appropriate to that game-semantic emphasis."",""operatingStyle"":""DOMINANCE is designed to establish priority through rank, pressure, and control; SOLO centers independent action. TEAMWORK (coordinated action) and SITUATIONAL (context-sensitive grouping) are less appropriate to that game-semantic emphasis."",""structureOrientation"":""DOMINANCE is designed to establish priority through rank, pressure, and control; ORDERED centers stable rules. NEUTRAL (flexible structure) and CHAOS (disruption and flux) are less appropriate to that game-semantic emphasis."",""administrationMode"":""DOMINANCE is designed to establish priority through rank, pressure, and control; CENTRALIZED centers one coordinating center. DISTRIBUTED (shared local coordination) and DELEGATED (discrete entrusted agents) are less appropriate to that game-semantic emphasis."",""ownershipMode"":""DOMINANCE is designed to establish priority through rank, pressure, and control; SINGLE_ENTITY centers exclusive control. SHARED_TITLE (bounded joint claims) and COMMON_USE (open collective access) are less appropriate to that game-semantic emphasis."",""allocationMode"":""DOMINANCE is designed to establish priority through rank, pressure, and control; MARKET centers competitive exchange. PLANNED (deliberate assignment) and CUSTOMARY (established practice) are less appropriate to that game-semantic emphasis."",""legitimacyBasis"":""DOMINANCE is designed to establish priority through rank, pressure, and control; MARTIAL centers demonstrated force. CHARTERED (explicit agreed rules) and ANCESTRAL (inherited continuity) are less appropriate to that game-semantic emphasis."",""authoritySource"":""DOMINANCE is designed to establish priority through rank, pressure, and control; DIVINE_MANDATE centers sacred sanction. APPOINTMENT (entrusted office) and ELECTION (peer selection) are less appropriate to that game-semantic emphasis."",""loquacity"":""DOMINANCE is designed to establish priority through rank, pressure, and control; LIGHT_BANTER centers selective social exchange. TALKATIVE (abundant signaling) and TO_THE_POINT (minimal instrumental signaling) are less appropriate to that game-semantic emphasis."",""emotionalTemperature"":""DOMINANCE is designed to establish priority through rank, pressure, and control; JOYFUL centers open positive affect. COMPOSED (contained affect) and IRRITABLE (ready negative activation) are less appropriate to that game-semantic emphasis."",""outlookOrientation"":""DOMINANCE is designed to establish priority through rank, pressure, and control; NEUTRAL centers contingent expectations. OPTIMISTIC (expected improvement) and PESSIMISTIC (expected loss or failure) are less appropriate to that game-semantic emphasis."",""collaborativePosture"":""DOMINANCE is designed to establish priority through rank, pressure, and control; WITHHOLDING centers guarded non-contribution. HELPFUL (active contribution) and JUST_ENOUGH (minimum sufficient contribution) are less appropriate to that game-semantic emphasis.""}",
PERSONALITY_PROFILE_DIMENSIONS_V1,DOUBT,withhold certainty until claims survive retesting,RECIPROCAL,SITUATIONAL,NEUTRAL,DISTRIBUTED,SHARED_TITLE,CUSTOMARY,ANCESTRAL,ELECTION,TALKATIVE,COMPOSED,OPTIMISTIC,JUST_ENOUGH,"{""motivation"":""DOUBT is designed to withhold certainty until claims survive retesting; RECIPROCAL centers mutual return. ALTRUISTIC (others' welfare) and SELFISH (the actor's own gain) are less appropriate to that game-semantic emphasis."",""operatingStyle"":""DOUBT is designed to withhold certainty until claims survive retesting; SITUATIONAL centers context-sensitive grouping. TEAMWORK (coordinated action) and SOLO (independent action) are less appropriate to that game-semantic emphasis."",""structureOrientation"":""DOUBT is designed to withhold certainty until claims survive retesting; NEUTRAL centers flexible structure. ORDERED (stable rules) and CHAOS (disruption and flux) are less appropriate to that game-semantic emphasis."",""administrationMode"":""DOUBT is designed to withhold certainty until claims survive retesting; DISTRIBUTED centers shared local coordination. CENTRALIZED (one coordinating center) and DELEGATED (discrete entrusted agents) are less appropriate to that game-semantic emphasis."",""ownershipMode"":""DOUBT is designed to withhold certainty until claims survive retesting; SHARED_TITLE centers bounded joint claims. SINGLE_ENTITY (exclusive control) and COMMON_USE (open collective access) are less appropriate to that game-semantic emphasis."",""allocationMode"":""DOUBT is designed to withhold certainty until claims survive retesting; CUSTOMARY centers established practice. PLANNED (deliberate assignment) and MARKET (competitive exchange) are less appropriate to that game-semantic emphasis."",""legitimacyBasis"":""DOUBT is designed to withhold certainty until claims survive retesting; ANCESTRAL centers inherited continuity. CHARTERED (explicit agreed rules) and MARTIAL (demonstrated force) are less appropriate to that game-semantic emphasis."",""authoritySource"":""DOUBT is designed to withhold certainty until claims survive retesting; ELECTION centers peer selection. APPOINTMENT (entrusted office) and DIVINE_MANDATE (sacred sanction) are less appropriate to that game-semantic emphasis."",""loquacity"":""DOUBT is designed to withhold certainty until claims survive retesting; TALKATIVE centers abundant signaling. LIGHT_BANTER (selective social exchange) and TO_THE_POINT (minimal instrumental signaling) are less appropriate to that game-semantic emphasis."",""emotionalTemperature"":""DOUBT is designed to withhold certainty until claims survive retesting; COMPOSED centers contained affect. JOYFUL (open positive affect) and IRRITABLE (ready negative activation) are less appropriate to that game-semantic emphasis."",""outlookOrientation"":""DOUBT is designed to withhold certainty until claims survive retesting; OPTIMISTIC centers expected improvement. NEUTRAL (contingent expectations) and PESSIMISTIC (expected loss or failure) are less appropriate to that game-semantic emphasis."",""collaborativePosture"":""DOUBT is designed to withhold certainty until claims survive retesting; JUST_ENOUGH centers minimum sufficient contribution. HELPFUL (active contribution) and WITHHOLDING (guarded non-contribution) are less appropriate to that game-semantic emphasis.""}","DOUBT shares this controlled-value shape with DOUBT, PERSPECTIVE because the twelve simulator dimensions are coarse, while its distinct authored meaning remains withhold certainty until claims survive retesting. This is reviewed semantic convergence, not copied identity."
PERSONALITY_PROFILE_DIMENSIONS_V1,DUTY,fulfill assigned obligations despite personal cost,ALTRUISTIC,TEAMWORK,ORDERED,CENTRALIZED,COMMON_USE,PLANNED,CHARTERED,APPOINTMENT,LIGHT_BANTER,COMPOSED,NEUTRAL,HELPFUL,"{""motivation"":""DUTY is designed to fulfill assigned obligations despite personal cost; ALTRUISTIC centers others' welfare. RECIPROCAL (mutual return) and SELFISH (the actor's own gain) are less appropriate to that game-semantic emphasis."",""operatingStyle"":""DUTY is designed to fulfill assigned obligations despite personal cost; TEAMWORK centers coordinated action. SITUATIONAL (context-sensitive grouping) and SOLO (independent action) are less appropriate to that game-semantic emphasis."",""structureOrientation"":""DUTY is designed to fulfill assigned obligations despite personal cost; ORDERED centers stable rules. NEUTRAL (flexible structure) and CHAOS (disruption and flux) are less appropriate to that game-semantic emphasis."",""administrationMode"":""DUTY is designed to fulfill assigned obligations despite personal cost; CENTRALIZED centers one coordinating center. DISTRIBUTED (shared local coordination) and DELEGATED (discrete entrusted agents) are less appropriate to that game-semantic emphasis."",""ownershipMode"":""DUTY is designed to fulfill assigned obligations despite personal cost; COMMON_USE centers open collective access. SINGLE_ENTITY (exclusive control) and SHARED_TITLE (bounded joint claims) are less appropriate to that game-semantic emphasis."",""allocationMode"":""DUTY is designed to fulfill assigned obligations despite personal cost; PLANNED centers deliberate assignment. CUSTOMARY (established practice) and MARKET (competitive exchange) are less appropriate to that game-semantic emphasis."",""legitimacyBasis"":""DUTY is designed to fulfill assigned obligations despite personal cost; CHARTERED centers explicit agreed rules. ANCESTRAL (inherited continuity) and MARTIAL (demonstrated force) are less appropriate to that game-semantic emphasis."",""authoritySource"":""DUTY is designed to fulfill assigned obligations despite personal cost; APPOINTMENT centers entrusted office. ELECTION (peer selection) and DIVINE_MANDATE (sacred sanction) are less appropriate to that game-semantic emphasis."",""loquacity"":""DUTY is designed to fulfill assigned obligations despite personal cost; LIGHT_BANTER centers selective social exchange. TALKATIVE (abundant signaling) and TO_THE_POINT (minimal instrumental signaling) are less appropriate to that game-semantic emphasis."",""emotionalTemperature"":""DUTY is designed to fulfill assigned obligations despite personal cost; COMPOSED centers contained affect. JOYFUL (open positive affect) and IRRITABLE (ready negative activation) are less appropriate to that game-semantic emphasis."",""outlookOrientation"":""DUTY is designed to fulfill assigned obligations despite personal cost; NEUTRAL centers contingent expectations. OPTIMISTIC (expected improvement) and PESSIMISTIC (expected loss or failure) are less appropriate to that game-semantic emphasis."",""collaborativePosture"":""DUTY is designed to fulfill assigned obligations despite personal cost; HELPFUL centers active contribution. WITHHOLDING (guarded non-contribution) and JUST_ENOUGH (minimum sufficient contribution) are less appropriate to that game-semantic emphasis.""}","DUTY shares this controlled-value shape with ACCOUNTABILITY, DUTY, TRADITION because the twelve simulator dimensions are coarse, while its distinct authored meaning remains fulfill assigned obligations despite personal cost. This is reviewed semantic convergence, not copied identity."
PERSONALITY_PROFILE_DIMENSIONS_V1,EMBODIMENT,treat bodily form as the medium of agency,SELFISH,SOLO,NEUTRAL,DISTRIBUTED,SINGLE_ENTITY,MARKET,ANCESTRAL,ELECTION,TALKATIVE,JOYFUL,NEUTRAL,WITHHOLDING,"{""motivation"":""EMBODIMENT is designed to treat bodily form as the medium of agency; SELFISH centers the actor's own gain. ALTRUISTIC (others' welfare) and RECIPROCAL (mutual return) are less appropriate to that game-semantic emphasis."",""operatingStyle"":""EMBODIMENT is designed to treat bodily form as the medium of agency; SOLO centers independent action. TEAMWORK (coordinated action) and SITUATIONAL (context-sensitive grouping) are less appropriate to that game-semantic emphasis."",""structureOrientation"":""EMBODIMENT is designed to treat bodily form as the medium of agency; NEUTRAL centers flexible structure. ORDERED (stable rules) and CHAOS (disruption and flux) are less appropriate to that game-semantic emphasis."",""administrationMode"":""EMBODIMENT is designed to treat bodily form as the medium of agency; DISTRIBUTED centers shared local coordination. CENTRALIZED (one coordinating center) and DELEGATED (discrete entrusted agents) are less appropriate to that game-semantic emphasis."",""ownershipMode"":""EMBODIMENT is designed to treat bodily form as the medium of agency; SINGLE_ENTITY centers exclusive control. SHARED_TITLE (bounded joint claims) and COMMON_USE (open collective access) are less appropriate to that game-semantic emphasis."",""allocationMode"":""EMBODIMENT is designed to treat bodily form as the medium of agency; MARKET centers competitive exchange. PLANNED (deliberate assignment) and CUSTOMARY (established practice) are less appropriate to that game-semantic emphasis."",""legitimacyBasis"":""EMBODIMENT is designed to treat bodily form as the medium of agency; ANCESTRAL centers inherited continuity. CHARTERED (explicit agreed rules) and MARTIAL (demonstrated force) are less appropriate to that game-semantic emphasis."",""authoritySource"":""EMBODIMENT is designed to treat bodily form as the medium of agency; ELECTION centers peer selection. APPOINTMENT (entrusted office) and DIVINE_MANDATE (sacred sanction) are less appropriate to that game-semantic emphasis."",""loquacity"":""EMBODIMENT is designed to treat bodily form as the medium of agency; TALKATIVE centers abundant signaling. LIGHT_BANTER (selective social exchange) and TO_THE_POINT (minimal instrumental signaling) are less appropriate to that game-semantic emphasis."",""emotionalTemperature"":""EMBODIMENT is designed to treat bodily form as the medium of agency; JOYFUL centers open positive affect. COMPOSED (contained affect) and IRRITABLE (ready negative activation) are less appropriate to that game-semantic emphasis."",""outlookOrientation"":""EMBODIMENT is designed to treat bodily form as the medium of agency; NEUTRAL centers contingent expectations. OPTIMISTIC (expected improvement) and PESSIMISTIC (expected loss or failure) are less appropriate to that game-semantic emphasis."",""collaborativePosture"":""EMBODIMENT is designed to treat bodily form as the medium of agency; WITHHOLDING centers guarded non-contribution. HELPFUL (active contribution) and JUST_ENOUGH (minimum sufficient contribution) are less appropriate to that game-semantic emphasis.""}",
PERSONALITY_PROFILE_DIMENSIONS_V1,EMPATHY,respond to another's felt state as meaningful,ALTRUISTIC,TEAMWORK,NEUTRAL,DISTRIBUTED,COMMON_USE,PLANNED,ANCESTRAL,APPOINTMENT,TALKATIVE,JOYFUL,OPTIMISTIC,HELPFUL,"{""motivation"":""EMPATHY is designed to respond to another's felt state as meaningful; ALTRUISTIC centers others' welfare. RECIPROCAL (mutual return) and SELFISH (the actor's own gain) are less appropriate to that game-semantic emphasis."",""operatingStyle"":""EMPATHY is designed to respond to another's felt state as meaningful; TEAMWORK centers coordinated action. SITUATIONAL (context-sensitive grouping) and SOLO (independent action) are less appropriate to that game-semantic emphasis."",""structureOrientation"":""EMPATHY is designed to respond to another's felt state as meaningful; NEUTRAL centers flexible structure. ORDERED (stable rules) and CHAOS (disruption and flux) are less appropriate to that game-semantic emphasis."",""administrationMode"":""EMPATHY is designed to respond to another's felt state as meaningful; DISTRIBUTED centers shared local coordination. CENTRALIZED (one coordinating center) and DELEGATED (discrete entrusted agents) are less appropriate to that game-semantic emphasis."",""ownershipMode"":""EMPATHY is designed to respond to another's felt state as meaningful; COMMON_USE centers open collective access. SINGLE_ENTITY (exclusive control) and SHARED_TITLE (bounded joint claims) are less appropriate to that game-semantic emphasis."",""allocationMode"":""EMPATHY is designed to respond to another's felt state as meaningful; PLANNED centers deliberate assignment. CUSTOMARY (established practice) and MARKET (competitive exchange) are less appropriate to that game-semantic emphasis."",""legitimacyBasis"":""EMPATHY is designed to respond to another's felt state as meaningful; ANCESTRAL centers inherited continuity. CHARTERED (explicit agreed rules) and MARTIAL (demonstrated force) are less appropriate to that game-semantic emphasis."",""authoritySource"":""EMPATHY is designed to respond to another's felt state as meaningful; APPOINTMENT centers entrusted office. ELECTION (peer selection) and DIVINE_MANDATE (sacred sanction) are less appropriate to that game-semantic emphasis."",""loquacity"":""EMPATHY is designed to respond to another's felt state as meaningful; TALKATIVE centers abundant signaling. LIGHT_BANTER (selective social exchange) and TO_THE_POINT (minimal instrumental signaling) are less appropriate to that game-semantic emphasis."",""emotionalTemperature"":""EMPATHY is designed to respond to another's felt state as meaningful; JOYFUL centers open positive affect. COMPOSED (contained affect) and IRRITABLE (ready negative activation) are less appropriate to that game-semantic emphasis."",""outlookOrientation"":""EMPATHY is designed to respond to another's felt state as meaningful; OPTIMISTIC centers expected improvement. NEUTRAL (contingent expectations) and PESSIMISTIC (expected loss or failure) are less appropriate to that game-semantic emphasis."",""collaborativePosture"":""EMPATHY is designed to respond to another's felt state as meaningful; HELPFUL centers active contribution. WITHHOLDING (guarded non-contribution) and JUST_ENOUGH (minimum sufficient contribution) are less appropriate to that game-semantic emphasis.""}","EMPATHY shares this controlled-value shape with ATTACHMENT, EMPATHY because the twelve simulator dimensions are coarse, while its distinct authored meaning remains respond to another's felt state as meaningful. This is reviewed semantic convergence, not copied identity."
PERSONALITY_PROFILE_DIMENSIONS_V1,ENVY,measure deprivation against visible advantage,SELFISH,SOLO,CHAOS,DELEGATED,SINGLE_ENTITY,MARKET,MARTIAL,ELECTION,LIGHT_BANTER,IRRITABLE,PESSIMISTIC,JUST_ENOUGH,"{""motivation"":""ENVY is designed to measure deprivation against visible advantage; SELFISH centers the actor's own gain. ALTRUISTIC (others' welfare) and RECIPROCAL (mutual return) are less appropriate to that game-semantic emphasis."",""operatingStyle"":""ENVY is designed to measure deprivation against visible advantage; SOLO centers independent action. TEAMWORK (coordinated action) and SITUATIONAL (context-sensitive grouping) are less appropriate to that game-semantic emphasis."",""structureOrientation"":""ENVY is designed to measure deprivation against visible advantage; CHAOS centers disruption and flux. ORDERED (stable rules) and NEUTRAL (flexible structure) are less appropriate to that game-semantic emphasis."",""administrationMode"":""ENVY is designed to measure deprivation against visible advantage; DELEGATED centers discrete entrusted agents. CENTRALIZED (one coordinating center) and DISTRIBUTED (shared local coordination) are less appropriate to that game-semantic emphasis."",""ownershipMode"":""ENVY is designed to measure deprivation against visible advantage; SINGLE_ENTITY centers exclusive control. SHARED_TITLE (bounded joint claims) and COMMON_USE (open collective access) are less appropriate to that game-semantic emphasis."",""allocationMode"":""ENVY is designed to measure deprivation against visible advantage; MARKET centers competitive exchange. PLANNED (deliberate assignment) and CUSTOMARY (established practice) are less appropriate to that game-semantic emphasis."",""legitimacyBasis"":""ENVY is designed to measure deprivation against visible advantage; MARTIAL centers demonstrated force. CHARTERED (explicit agreed rules) and ANCESTRAL (inherited continuity) are less appropriate to that game-semantic emphasis."",""authoritySource"":""ENVY is designed to measure deprivation against visible advantage; ELECTION centers peer selection. APPOINTMENT (entrusted office) and DIVINE_MANDATE (sacred sanction) are less appropriate to that game-semantic emphasis."",""loquacity"":""ENVY is designed to measure deprivation against visible advantage; LIGHT_BANTER centers selective social exchange. TALKATIVE (abundant signaling) and TO_THE_POINT (minimal instrumental signaling) are less appropriate to that game-semantic emphasis."",""emotionalTemperature"":""ENVY is designed to measure deprivation against visible advantage; IRRITABLE centers ready negative activation. COMPOSED (contained affect) and JOYFUL (open positive affect) are less appropriate to that game-semantic emphasis."",""outlookOrientation"":""ENVY is designed to measure deprivation against visible advantage; PESSIMISTIC centers expected loss or failure. OPTIMISTIC (expected improvement) and NEUTRAL (contingent expectations) are less appropriate to that game-semantic emphasis."",""collaborativePosture"":""ENVY is designed to measure deprivation against visible advantage; JUST_ENOUGH centers minimum sufficient contribution. HELPFUL (active contribution) and WITHHOLDING (guarded non-contribution) are less appropriate to that game-semantic emphasis.""}","ENVY shares this controlled-value shape with ENVY, IMPULSE because the twelve simulator dimensions are coarse, while its distinct authored meaning remains measure deprivation against visible advantage. This is reviewed semantic convergence, not copied identity."
PERSONALITY_PROFILE_DIMENSIONS_V1,EQUANIMITY,hold steady judgment under emotional pressure,RECIPROCAL,SITUATIONAL,ORDERED,DELEGATED,SHARED_TITLE,CUSTOMARY,CHARTERED,ELECTION,TO_THE_POINT,COMPOSED,NEUTRAL,JUST_ENOUGH,"{""motivation"":""EQUANIMITY is designed to hold steady judgment under emotional pressure; RECIPROCAL centers mutual return. ALTRUISTIC (others' welfare) and SELFISH (the actor's own gain) are less appropriate to that game-semantic emphasis."",""operatingStyle"":""EQUANIMITY is designed to hold steady judgment under emotional pressure; SITUATIONAL centers context-sensitive grouping. TEAMWORK (coordinated action) and SOLO (independent action) are less appropriate to that game-semantic emphasis."",""structureOrientation"":""EQUANIMITY is designed to hold steady judgment under emotional pressure; ORDERED centers stable rules. NEUTRAL (flexible structure) and CHAOS (disruption and flux) are less appropriate to that game-semantic emphasis."",""administrationMode"":""EQUANIMITY is designed to hold steady judgment under emotional pressure; DELEGATED centers discrete entrusted agents. CENTRALIZED (one coordinating center) and DISTRIBUTED (shared local coordination) are less appropriate to that game-semantic emphasis."",""ownershipMode"":""EQUANIMITY is designed to hold steady judgment under emotional pressure; SHARED_TITLE centers bounded joint claims. SINGLE_ENTITY (exclusive control) and COMMON_USE (open collective access) are less appropriate to that game-semantic emphasis."",""allocationMode"":""EQUANIMITY is designed to hold steady judgment under emotional pressure; CUSTOMARY centers established practice. PLANNED (deliberate assignment) and MARKET (competitive exchange) are less appropriate to that game-semantic emphasis."",""legitimacyBasis"":""EQUANIMITY is designed to hold steady judgment under emotional pressure; CHARTERED centers explicit agreed rules. ANCESTRAL (inherited continuity) and MARTIAL (demonstrated force) are less appropriate to that game-semantic emphasis."",""authoritySource"":""EQUANIMITY is designed to hold steady judgment under emotional pressure; ELECTION centers peer selection. APPOINTMENT (entrusted office) and DIVINE_MANDATE (sacred sanction) are less appropriate to that game-semantic emphasis."",""loquacity"":""EQUANIMITY is designed to hold steady judgment under emotional pressure; TO_THE_POINT centers minimal instrumental signaling. TALKATIVE (abundant signaling) and LIGHT_BANTER (selective social exchange) are less appropriate to that game-semantic emphasis."",""emotionalTemperature"":""EQUANIMITY is designed to hold steady judgment under emotional pressure; COMPOSED centers contained affect. JOYFUL (open positive affect) and IRRITABLE (ready negative activation) are less appropriate to that game-semantic emphasis."",""outlookOrientation"":""EQUANIMITY is designed to hold steady judgment under emotional pressure; NEUTRAL centers contingent expectations. OPTIMISTIC (expected improvement) and PESSIMISTIC (expected loss or failure) are less appropriate to that game-semantic emphasis."",""collaborativePosture"":""EQUANIMITY is designed to hold steady judgment under emotional pressure; JUST_ENOUGH centers minimum sufficient contribution. HELPFUL (active contribution) and WITHHOLDING (guarded non-contribution) are less appropriate to that game-semantic emphasis.""}","EQUANIMITY shares this controlled-value shape with EQUANIMITY, PATIENCE because the twelve simulator dimensions are coarse, while its distinct authored meaning remains hold steady judgment under emotional pressure. This is reviewed semantic convergence, not copied identity."
PERSONALITY_PROFILE_DIMENSIONS_V1,EXILE,preserve continuity while displaced from a home,RECIPROCAL,SITUATIONAL,ORDERED,DISTRIBUTED,SHARED_TITLE,CUSTOMARY,ANCESTRAL,ELECTION,LIGHT_BANTER,JOYFUL,PESSIMISTIC,JUST_ENOUGH,"{""motivation"":""EXILE is designed to preserve continuity while displaced from a home; RECIPROCAL centers mutual return. ALTRUISTIC (others' welfare) and SELFISH (the actor's own gain) are less appropriate to that game-semantic emphasis."",""operatingStyle"":""EXILE is designed to preserve continuity while displaced from a home; SITUATIONAL centers context-sensitive grouping. TEAMWORK (coordinated action) and SOLO (independent action) are less appropriate to that game-semantic emphasis."",""structureOrientation"":""EXILE is designed to preserve continuity while displaced from a home; ORDERED centers stable rules. NEUTRAL (flexible structure) and CHAOS (disruption and flux) are less appropriate to that game-semantic emphasis."",""administrationMode"":""EXILE is designed to preserve continuity while displaced from a home; DISTRIBUTED centers shared local coordination. CENTRALIZED (one coordinating center) and DELEGATED (discrete entrusted agents) are less appropriate to that game-semantic emphasis."",""ownershipMode"":""EXILE is designed to preserve continuity while displaced from a home; SHARED_TITLE centers bounded joint claims. SINGLE_ENTITY (exclusive control) and COMMON_USE (open collective access) are less appropriate to that game-semantic emphasis."",""allocationMode"":""EXILE is designed to preserve continuity while displaced from a home; CUSTOMARY centers established practice. PLANNED (deliberate assignment) and MARKET (competitive exchange) are less appropriate to that game-semantic emphasis."",""legitimacyBasis"":""EXILE is designed to preserve continuity while displaced from a home; ANCESTRAL centers inherited continuity. CHARTERED (explicit agreed rules) and MARTIAL (demonstrated force) are less appropriate to that game-semantic emphasis."",""authoritySource"":""EXILE is designed to preserve continuity while displaced from a home; ELECTION centers peer selection. APPOINTMENT (entrusted office) and DIVINE_MANDATE (sacred sanction) are less appropriate to that game-semantic emphasis."",""loquacity"":""EXILE is designed to preserve continuity while displaced from a home; LIGHT_BANTER centers selective social exchange. TALKATIVE (abundant signaling) and TO_THE_POINT (minimal instrumental signaling) are less appropriate to that game-semantic emphasis."",""emotionalTemperature"":""EXILE is designed to preserve continuity while displaced from a home; JOYFUL centers open positive affect. COMPOSED (contained affect) and IRRITABLE (ready negative activation) are less appropriate to that game-semantic emphasis."",""outlookOrientation"":""EXILE is designed to preserve continuity while displaced from a home; PESSIMISTIC centers expected loss or failure. OPTIMISTIC (expected improvement) and NEUTRAL (contingent expectations) are less appropriate to that game-semantic emphasis."",""collaborativePosture"":""EXILE is designed to preserve continuity while displaced from a home; JUST_ENOUGH centers minimum sufficient contribution. HELPFUL (active contribution) and WITHHOLDING (guarded non-contribution) are less appropriate to that game-semantic emphasis.""}",
PERSONALITY_PROFILE_DIMENSIONS_V1,EXPOSURE,negotiate the power and danger of being seen,SELFISH,SOLO,NEUTRAL,DELEGATED,SINGLE_ENTITY,MARKET,ANCESTRAL,ELECTION,TALKATIVE,IRRITABLE,PESSIMISTIC,WITHHOLDING,"{""motivation"":""EXPOSURE is designed to negotiate the power and danger of being seen; SELFISH centers the actor's own gain. ALTRUISTIC (others' welfare) and RECIPROCAL (mutual return) are less appropriate to that game-semantic emphasis."",""operatingStyle"":""EXPOSURE is designed to negotiate the power and danger of being seen; SOLO centers independent action. TEAMWORK (coordinated action) and SITUATIONAL (context-sensitive grouping) are less appropriate to that game-semantic emphasis."",""structureOrientation"":""EXPOSURE is designed to negotiate the power and danger of being seen; NEUTRAL centers flexible structure. ORDERED (stable rules) and CHAOS (disruption and flux) are less appropriate to that game-semantic emphasis."",""administrationMode"":""EXPOSURE is designed to negotiate the power and danger of being seen; DELEGATED centers discrete entrusted agents. CENTRALIZED (one coordinating center) and DISTRIBUTED (shared local coordination) are less appropriate to that game-semantic emphasis."",""ownershipMode"":""EXPOSURE is designed to negotiate the power and danger of being seen; SINGLE_ENTITY centers exclusive control. SHARED_TITLE (bounded joint claims) and COMMON_USE (open collective access) are less appropriate to that game-semantic emphasis."",""allocationMode"":""EXPOSURE is designed to negotiate the power and danger of being seen; MARKET centers competitive exchange. PLANNED (deliberate assignment) and CUSTOMARY (established practice) are less appropriate to that game-semantic emphasis."",""legitimacyBasis"":""EXPOSURE is designed to negotiate the power and danger of being seen; ANCESTRAL centers inherited continuity. CHARTERED (explicit agreed rules) and MARTIAL (demonstrated force) are less appropriate to that game-semantic emphasis."",""authoritySource"":""EXPOSURE is designed to negotiate the power and danger of being seen; ELECTION centers peer selection. APPOINTMENT (entrusted office) and DIVINE_MANDATE (sacred sanction) are less appropriate to that game-semantic emphasis."",""loquacity"":""EXPOSURE is designed to negotiate the power and danger of being seen; TALKATIVE centers abundant signaling. LIGHT_BANTER (selective social exchange) and TO_THE_POINT (minimal instrumental signaling) are less appropriate to that game-semantic emphasis."",""emotionalTemperature"":""EXPOSURE is designed to negotiate the power and danger of being seen; IRRITABLE centers ready negative activation. COMPOSED (contained affect) and JOYFUL (open positive affect) are less appropriate to that game-semantic emphasis."",""outlookOrientation"":""EXPOSURE is designed to negotiate the power and danger of being seen; PESSIMISTIC centers expected loss or failure. OPTIMISTIC (expected improvement) and NEUTRAL (contingent expectations) are less appropriate to that game-semantic emphasis."",""collaborativePosture"":""EXPOSURE is designed to negotiate the power and danger of being seen; WITHHOLDING centers guarded non-contribution. HELPFUL (active contribution) and JUST_ENOUGH (minimum sufficient contribution) are less appropriate to that game-semantic emphasis.""}",
PERSONALITY_PROFILE_DIMENSIONS_V1,EXPRESSION,make inner state legible through chosen signals,SELFISH,TEAMWORK,NEUTRAL,DELEGATED,SINGLE_ENTITY,MARKET,ANCESTRAL,ELECTION,TALKATIVE,JOYFUL,NEUTRAL,WITHHOLDING,"{""motivation"":""EXPRESSION is designed to make inner state legible through chosen signals; SELFISH centers the actor's own gain. ALTRUISTIC (others' welfare) and RECIPROCAL (mutual return) are less appropriate to that game-semantic emphasis."",""operatingStyle"":""EXPRESSION is designed to make inner state legible through chosen signals; TEAMWORK centers coordinated action. SITUATIONAL (context-sensitive grouping) and SOLO (independent action) are less appropriate to that game-semantic emphasis."",""structureOrientation"":""EXPRESSION is designed to make inner state legible through chosen signals; NEUTRAL centers flexible structure. ORDERED (stable rules) and CHAOS (disruption and flux) are less appropriate to that game-semantic emphasis."",""administrationMode"":""EXPRESSION is designed to make inner state legible through chosen signals; DELEGATED centers discrete entrusted agents. CENTRALIZED (one coordinating center) and DISTRIBUTED (shared local coordination) are less appropriate to that game-semantic emphasis."",""ownershipMode"":""EXPRESSION is designed to make inner state legible through chosen signals; SINGLE_ENTITY centers exclusive control. SHARED_TITLE (bounded joint claims) and COMMON_USE (open collective access) are less appropriate to that game-semantic emphasis."",""allocationMode"":""EXPRESSION is designed to make inner state legible through chosen signals; MARKET centers competitive exchange. PLANNED (deliberate assignment) and CUSTOMARY (established practice) are less appropriate to that game-semantic emphasis."",""legitimacyBasis"":""EXPRESSION is designed to make inner state legible through chosen signals; ANCESTRAL centers inherited continuity. CHARTERED (explicit agreed rules) and MARTIAL (demonstrated force) are less appropriate to that game-semantic emphasis."",""authoritySource"":""EXPRESSION is designed to make inner state legible through chosen signals; ELECTION centers peer selection. APPOINTMENT (entrusted office) and DIVINE_MANDATE (sacred sanction) are less appropriate to that game-semantic emphasis."",""loquacity"":""EXPRESSION is designed to make inner state legible through chosen signals; TALKATIVE centers abundant signaling. LIGHT_BANTER (selective social exchange) and TO_THE_POINT (minimal instrumental signaling) are less appropriate to that game-semantic emphasis."",""emotionalTemperature"":""EXPRESSION is designed to make inner state legible through chosen signals; JOYFUL centers open positive affect. COMPOSED (contained affect) and IRRITABLE (ready negative activation) are less appropriate to that game-semantic emphasis."",""outlookOrientation"":""EXPRESSION is designed to make inner state legible through chosen signals; NEUTRAL centers contingent expectations. OPTIMISTIC (expected improvement) and PESSIMISTIC (expected loss or failure) are less appropriate to that game-semantic emphasis."",""collaborativePosture"":""EXPRESSION is designed to make inner state legible through chosen signals; WITHHOLDING centers guarded non-contribution. HELPFUL (active contribution) and JUST_ENOUGH (minimum sufficient contribution) are less appropriate to that game-semantic emphasis.""}",
PERSONALITY_PROFILE_DIMENSIONS_V1,FAIRNESS,balance claims through consistent reciprocal rules,RECIPROCAL,SITUATIONAL,ORDERED,CENTRALIZED,SHARED_TITLE,PLANNED,CHARTERED,APPOINTMENT,LIGHT_BANTER,COMPOSED,NEUTRAL,HELPFUL,"{""motivation"":""FAIRNESS is designed to balance claims through consistent reciprocal rules; RECIPROCAL centers mutual return. ALTRUISTIC (others' welfare) and SELFISH (the actor's own gain) are less appropriate to that game-semantic emphasis."",""operatingStyle"":""FAIRNESS is designed to balance claims through consistent reciprocal rules; SITUATIONAL centers context-sensitive grouping. TEAMWORK (coordinated action) and SOLO (independent action) are less appropriate to that game-semantic emphasis."",""structureOrientation"":""FAIRNESS is designed to balance claims through consistent reciprocal rules; ORDERED centers stable rules. NEUTRAL (flexible structure) and CHAOS (disruption and flux) are less appropriate to that game-semantic emphasis."",""administrationMode"":""FAIRNESS is designed to balance claims through consistent reciprocal rules; CENTRALIZED centers one coordinating center. DISTRIBUTED (shared local coordination) and DELEGATED (discrete entrusted agents) are less appropriate to that game-semantic emphasis."",""ownershipMode"":""FAIRNESS is designed to balance claims through consistent reciprocal rules; SHARED_TITLE centers bounded joint claims. SINGLE_ENTITY (exclusive control) and COMMON_USE (open collective access) are less appropriate to that game-semantic emphasis."",""allocationMode"":""FAIRNESS is designed to balance claims through consistent reciprocal rules; PLANNED centers deliberate assignment. CUSTOMARY (established practice) and MARKET (competitive exchange) are less appropriate to that game-semantic emphasis."",""legitimacyBasis"":""FAIRNESS is designed to balance claims through consistent reciprocal rules; CHARTERED centers explicit agreed rules. ANCESTRAL (inherited continuity) and MARTIAL (demonstrated force) are less appropriate to that game-semantic emphasis."",""authoritySource"":""FAIRNESS is designed to balance claims through consistent reciprocal rules; APPOINTMENT centers entrusted office. ELECTION (peer selection) and DIVINE_MANDATE (sacred sanction) are less appropriate to that game-semantic emphasis."",""loquacity"":""FAIRNESS is designed to balance claims through consistent reciprocal rules; LIGHT_BANTER centers selective social exchange. TALKATIVE (abundant signaling) and TO_THE_POINT (minimal instrumental signaling) are less appropriate to that game-semantic emphasis."",""emotionalTemperature"":""FAIRNESS is designed to balance claims through consistent reciprocal rules; COMPOSED centers contained affect. JOYFUL (open positive affect) and IRRITABLE (ready negative activation) are less appropriate to that game-semantic emphasis."",""outlookOrientation"":""FAIRNESS is designed to balance claims through consistent reciprocal rules; NEUTRAL centers contingent expectations. OPTIMISTIC (expected improvement) and PESSIMISTIC (expected loss or failure) are less appropriate to that game-semantic emphasis."",""collaborativePosture"":""FAIRNESS is designed to balance claims through consistent reciprocal rules; HELPFUL centers active contribution. WITHHOLDING (guarded non-contribution) and JUST_ENOUGH (minimum sufficient contribution) are less appropriate to that game-semantic emphasis.""}",
PERSONALITY_PROFILE_DIMENSIONS_V1,FAITH,act from sacred conviction beyond direct proof,RECIPROCAL,SITUATIONAL,ORDERED,DELEGATED,SHARED_TITLE,CUSTOMARY,ANCESTRAL,DIVINE_MANDATE,LIGHT_BANTER,JOYFUL,NEUTRAL,JUST_ENOUGH,"{""motivation"":""FAITH is designed to act from sacred conviction beyond direct proof; RECIPROCAL centers mutual return. ALTRUISTIC (others' welfare) and SELFISH (the actor's own gain) are less appropriate to that game-semantic emphasis."",""operatingStyle"":""FAITH is designed to act from sacred conviction beyond direct proof; SITUATIONAL centers context-sensitive grouping. TEAMWORK (coordinated action) and SOLO (independent action) are less appropriate to that game-semantic emphasis."",""structureOrientation"":""FAITH is designed to act from sacred conviction beyond direct proof; ORDERED centers stable rules. NEUTRAL (flexible structure) and CHAOS (disruption and flux) are less appropriate to that game-semantic emphasis."",""administrationMode"":""FAITH is designed to act from sacred conviction beyond direct proof; DELEGATED centers discrete entrusted agents. CENTRALIZED (one coordinating center) and DISTRIBUTED (shared local coordination) are less appropriate to that game-semantic emphasis."",""ownershipMode"":""FAITH is designed to act from sacred conviction beyond direct proof; SHARED_TITLE centers bounded joint claims. SINGLE_ENTITY (exclusive control) and COMMON_USE (open collective access) are less appropriate to that game-semantic emphasis."",""allocationMode"":""FAITH is designed to act from sacred conviction beyond direct proof; CUSTOMARY centers established practice. PLANNED (deliberate assignment) and MARKET (competitive exchange) are less appropriate to that game-semantic emphasis."",""legitimacyBasis"":""FAITH is designed to act from sacred conviction beyond direct proof; ANCESTRAL centers inherited continuity. CHARTERED (explicit agreed rules) and MARTIAL (demonstrated force) are less appropriate to that game-semantic emphasis."",""authoritySource"":""FAITH is designed to act from sacred conviction beyond direct proof; DIVINE_MANDATE centers sacred sanction. APPOINTMENT (entrusted office) and ELECTION (peer selection) are less appropriate to that game-semantic emphasis."",""loquacity"":""FAITH is designed to act from sacred conviction beyond direct proof; LIGHT_BANTER centers selective social exchange. TALKATIVE (abundant signaling) and TO_THE_POINT (minimal instrumental signaling) are less appropriate to that game-semantic emphasis."",""emotionalTemperature"":""FAITH is designed to act from sacred conviction beyond direct proof; JOYFUL centers open positive affect. COMPOSED (contained affect) and IRRITABLE (ready negative activation) are less appropriate to that game-semantic emphasis."",""outlookOrientation"":""FAITH is designed to act from sacred conviction beyond direct proof; NEUTRAL centers contingent expectations. OPTIMISTIC (expected improvement) and PESSIMISTIC (expected loss or failure) are less appropriate to that game-semantic emphasis."",""collaborativePosture"":""FAITH is designed to act from sacred conviction beyond direct proof; JUST_ENOUGH centers minimum sufficient contribution. HELPFUL (active contribution) and WITHHOLDING (guarded non-contribution) are less appropriate to that game-semantic emphasis.""}",
PERSONALITY_PROFILE_DIMENSIONS_V1,FEAR,avoid or prepare for anticipated harm,RECIPROCAL,SITUATIONAL,NEUTRAL,DELEGATED,SHARED_TITLE,CUSTOMARY,ANCESTRAL,ELECTION,TO_THE_POINT,COMPOSED,PESSIMISTIC,JUST_ENOUGH,"{""motivation"":""FEAR is designed to avoid or prepare for anticipated harm; RECIPROCAL centers mutual return. ALTRUISTIC (others' welfare) and SELFISH (the actor's own gain) are less appropriate to that game-semantic emphasis."",""operatingStyle"":""FEAR is designed to avoid or prepare for anticipated harm; SITUATIONAL centers context-sensitive grouping. TEAMWORK (coordinated action) and SOLO (independent action) are less appropriate to that game-semantic emphasis."",""structureOrientation"":""FEAR is designed to avoid or prepare for anticipated harm; NEUTRAL centers flexible structure. ORDERED (stable rules) and CHAOS (disruption and flux) are less appropriate to that game-semantic emphasis."",""administrationMode"":""FEAR is designed to avoid or prepare for anticipated harm; DELEGATED centers discrete entrusted agents. CENTRALIZED (one coordinating center) and DISTRIBUTED (shared local coordination) are less appropriate to that game-semantic emphasis."",""ownershipMode"":""FEAR is designed to avoid or prepare for anticipated harm; SHARED_TITLE centers bounded joint claims. SINGLE_ENTITY (exclusive control) and COMMON_USE (open collective access) are less appropriate to that game-semantic emphasis."",""allocationMode"":""FEAR is designed to avoid or prepare for anticipated harm; CUSTOMARY centers established practice. PLANNED (deliberate assignment) and MARKET (competitive exchange) are less appropriate to that game-semantic emphasis."",""legitimacyBasis"":""FEAR is designed to avoid or prepare for anticipated harm; ANCESTRAL centers inherited continuity. CHARTERED (explicit agreed rules) and MARTIAL (demonstrated force) are less appropriate to that game-semantic emphasis."",""authoritySource"":""FEAR is designed to avoid or prepare for anticipated harm; ELECTION centers peer selection. APPOINTMENT (entrusted office) and DIVINE_MANDATE (sacred sanction) are less appropriate to that game-semantic emphasis."",""loquacity"":""FEAR is designed to avoid or prepare for anticipated harm; TO_THE_POINT centers minimal instrumental signaling. TALKATIVE (abundant signaling) and LIGHT_BANTER (selective social exchange) are less appropriate to that game-semantic emphasis."",""emotionalTemperature"":""FEAR is designed to avoid or prepare for anticipated harm; COMPOSED centers contained affect. JOYFUL (open positive affect) and IRRITABLE (ready negative activation) are less appropriate to that game-semantic emphasis."",""outlookOrientation"":""FEAR is designed to avoid or prepare for anticipated harm; PESSIMISTIC centers expected loss or failure. OPTIMISTIC (expected improvement) and NEUTRAL (contingent expectations) are less appropriate to that game-semantic emphasis."",""collaborativePosture"":""FEAR is designed to avoid or prepare for anticipated harm; JUST_ENOUGH centers minimum sufficient contribution. HELPFUL (active contribution) and WITHHOLDING (guarded non-contribution) are less appropriate to that game-semantic emphasis.""}",
PERSONALITY_PROFILE_DIMENSIONS_V1,FORCE,resolve resistance through concentrated physical power,SELFISH,SOLO,CHAOS,DELEGATED,SINGLE_ENTITY,CUSTOMARY,MARTIAL,DIVINE_MANDATE,TO_THE_POINT,IRRITABLE,PESSIMISTIC,WITHHOLDING,"{""motivation"":""FORCE is designed to resolve resistance through concentrated physical power; SELFISH centers the actor's own gain. ALTRUISTIC (others' welfare) and RECIPROCAL (mutual return) are less appropriate to that game-semantic emphasis."",""operatingStyle"":""FORCE is designed to resolve resistance through concentrated physical power; SOLO centers independent action. TEAMWORK (coordinated action) and SITUATIONAL (context-sensitive grouping) are less appropriate to that game-semantic emphasis."",""structureOrientation"":""FORCE is designed to resolve resistance through concentrated physical power; CHAOS centers disruption and flux. ORDERED (stable rules) and NEUTRAL (flexible structure) are less appropriate to that game-semantic emphasis."",""administrationMode"":""FORCE is designed to resolve resistance through concentrated physical power; DELEGATED centers discrete entrusted agents. CENTRALIZED (one coordinating center) and DISTRIBUTED (shared local coordination) are less appropriate to that game-semantic emphasis."",""ownershipMode"":""FORCE is designed to resolve resistance through concentrated physical power; SINGLE_ENTITY centers exclusive control. SHARED_TITLE (bounded joint claims) and COMMON_USE (open collective access) are less appropriate to that game-semantic emphasis."",""allocationMode"":""FORCE is designed to resolve resistance through concentrated physical power; CUSTOMARY centers established practice. PLANNED (deliberate assignment) and MARKET (competitive exchange) are less appropriate to that game-semantic emphasis."",""legitimacyBasis"":""FORCE is designed to resolve resistance through concentrated physical power; MARTIAL centers demonstrated force. CHARTERED (explicit agreed rules) and ANCESTRAL (inherited continuity) are less appropriate to that game-semantic emphasis."",""authoritySource"":""FORCE is designed to resolve resistance through concentrated physical power; DIVINE_MANDATE centers sacred sanction. APPOINTMENT (entrusted office) and ELECTION (peer selection) are less appropriate to that game-semantic emphasis."",""loquacity"":""FORCE is designed to resolve resistance through concentrated physical power; TO_THE_POINT centers minimal instrumental signaling. TALKATIVE (abundant signaling) and LIGHT_BANTER (selective social exchange) are less appropriate to that game-semantic emphasis."",""emotionalTemperature"":""FORCE is designed to resolve resistance through concentrated physical power; IRRITABLE centers ready negative activation. COMPOSED (contained affect) and JOYFUL (open positive affect) are less appropriate to that game-semantic emphasis."",""outlookOrientation"":""FORCE is designed to resolve resistance through concentrated physical power; PESSIMISTIC centers expected loss or failure. OPTIMISTIC (expected improvement) and NEUTRAL (contingent expectations) are less appropriate to that game-semantic emphasis."",""collaborativePosture"":""FORCE is designed to resolve resistance through concentrated physical power; WITHHOLDING centers guarded non-contribution. HELPFUL (active contribution) and JUST_ENOUGH (minimum sufficient contribution) are less appropriate to that game-semantic emphasis.""}",
PERSONALITY_PROFILE_DIMENSIONS_V1,FORGIVENESS,release retaliation while retaining moral memory,ALTRUISTIC,TEAMWORK,NEUTRAL,DELEGATED,COMMON_USE,PLANNED,ANCESTRAL,APPOINTMENT,TO_THE_POINT,COMPOSED,OPTIMISTIC,HELPFUL,"{""motivation"":""FORGIVENESS is designed to release retaliation while retaining moral memory; ALTRUISTIC centers others' welfare. RECIPROCAL (mutual return) and SELFISH (the actor's own gain) are less appropriate to that game-semantic emphasis."",""operatingStyle"":""FORGIVENESS is designed to release retaliation while retaining moral memory; TEAMWORK centers coordinated action. SITUATIONAL (context-sensitive grouping) and SOLO (independent action) are less appropriate to that game-semantic emphasis."",""structureOrientation"":""FORGIVENESS is designed to release retaliation while retaining moral memory; NEUTRAL centers flexible structure. ORDERED (stable rules) and CHAOS (disruption and flux) are less appropriate to that game-semantic emphasis."",""administrationMode"":""FORGIVENESS is designed to release retaliation while retaining moral memory; DELEGATED centers discrete entrusted agents. CENTRALIZED (one coordinating center) and DISTRIBUTED (shared local coordination) are less appropriate to that game-semantic emphasis."",""ownershipMode"":""FORGIVENESS is designed to release retaliation while retaining moral memory; COMMON_USE centers open collective access. SINGLE_ENTITY (exclusive control) and SHARED_TITLE (bounded joint claims) are less appropriate to that game-semantic emphasis."",""allocationMode"":""FORGIVENESS is designed to release retaliation while retaining moral memory; PLANNED centers deliberate assignment. CUSTOMARY (established practice) and MARKET (competitive exchange) are less appropriate to that game-semantic emphasis."",""legitimacyBasis"":""FORGIVENESS is designed to release retaliation while retaining moral memory; ANCESTRAL centers inherited continuity. CHARTERED (explicit agreed rules) and MARTIAL (demonstrated force) are less appropriate to that game-semantic emphasis."",""authoritySource"":""FORGIVENESS is designed to release retaliation while retaining moral memory; APPOINTMENT centers entrusted office. ELECTION (peer selection) and DIVINE_MANDATE (sacred sanction) are less appropriate to that game-semantic emphasis."",""loquacity"":""FORGIVENESS is designed to release retaliation while retaining moral memory; TO_THE_POINT centers minimal instrumental signaling. TALKATIVE (abundant signaling) and LIGHT_BANTER (selective social exchange) are less appropriate to that game-semantic emphasis."",""emotionalTemperature"":""FORGIVENESS is designed to release retaliation while retaining moral memory; COMPOSED centers contained affect. JOYFUL (open positive affect) and IRRITABLE (ready negative activation) are less appropriate to that game-semantic emphasis."",""outlookOrientation"":""FORGIVENESS is designed to release retaliation while retaining moral memory; OPTIMISTIC centers expected improvement. NEUTRAL (contingent expectations) and PESSIMISTIC (expected loss or failure) are less appropriate to that game-semantic emphasis."",""collaborativePosture"":""FORGIVENESS is designed to release retaliation while retaining moral memory; HELPFUL centers active contribution. WITHHOLDING (guarded non-contribution) and JUST_ENOUGH (minimum sufficient contribution) are less appropriate to that game-semantic emphasis.""}",
PERSONALITY_PROFILE_DIMENSIONS_V1,GRIEF,carry loss while rebuilding meaning and connection,ALTRUISTIC,TEAMWORK,ORDERED,DISTRIBUTED,COMMON_USE,CUSTOMARY,ANCESTRAL,ELECTION,LIGHT_BANTER,JOYFUL,PESSIMISTIC,HELPFUL,"{""motivation"":""GRIEF is designed to carry loss while rebuilding meaning and connection; ALTRUISTIC centers others' welfare. RECIPROCAL (mutual return) and SELFISH (the actor's own gain) are less appropriate to that game-semantic emphasis."",""operatingStyle"":""GRIEF is designed to carry loss while rebuilding meaning and connection; TEAMWORK centers coordinated action. SITUATIONAL (context-sensitive grouping) and SOLO (independent action) are less appropriate to that game-semantic emphasis."",""structureOrientation"":""GRIEF is designed to carry loss while rebuilding meaning and connection; ORDERED centers stable rules. NEUTRAL (flexible structure) and CHAOS (disruption and flux) are less appropriate to that game-semantic emphasis."",""administrationMode"":""GRIEF is designed to carry loss while rebuilding meaning and connection; DISTRIBUTED centers shared local coordination. CENTRALIZED (one coordinating center) and DELEGATED (discrete entrusted agents) are less appropriate to that game-semantic emphasis."",""ownershipMode"":""GRIEF is designed to carry loss while rebuilding meaning and connection; COMMON_USE centers open collective access. SINGLE_ENTITY (exclusive control) and SHARED_TITLE (bounded joint claims) are less appropriate to that game-semantic emphasis."",""allocationMode"":""GRIEF is designed to carry loss while rebuilding meaning and connection; CUSTOMARY centers established practice. PLANNED (deliberate assignment) and MARKET (competitive exchange) are less appropriate to that game-semantic emphasis."",""legitimacyBasis"":""GRIEF is designed to carry loss while rebuilding meaning and connection; ANCESTRAL centers inherited continuity. CHARTERED (explicit agreed rules) and MARTIAL (demonstrated force) are less appropriate to that game-semantic emphasis."",""authoritySource"":""GRIEF is designed to carry loss while rebuilding meaning and connection; ELECTION centers peer selection. APPOINTMENT (entrusted office) and DIVINE_MANDATE (sacred sanction) are less appropriate to that game-semantic emphasis."",""loquacity"":""GRIEF is designed to carry loss while rebuilding meaning and connection; LIGHT_BANTER centers selective social exchange. TALKATIVE (abundant signaling) and TO_THE_POINT (minimal instrumental signaling) are less appropriate to that game-semantic emphasis."",""emotionalTemperature"":""GRIEF is designed to carry loss while rebuilding meaning and connection; JOYFUL centers open positive affect. COMPOSED (contained affect) and IRRITABLE (ready negative activation) are less appropriate to that game-semantic emphasis."",""outlookOrientation"":""GRIEF is designed to carry loss while rebuilding meaning and connection; PESSIMISTIC centers expected loss or failure. OPTIMISTIC (expected improvement) and NEUTRAL (contingent expectations) are less appropriate to that game-semantic emphasis."",""collaborativePosture"":""GRIEF is designed to carry loss while rebuilding meaning and connection; HELPFUL centers active contribution. WITHHOLDING (guarded non-contribution) and JUST_ENOUGH (minimum sufficient contribution) are less appropriate to that game-semantic emphasis.""}",
PERSONALITY_PROFILE_DIMENSIONS_V1,HIERARCHY,organize roles through stable unequal rank,RECIPROCAL,SITUATIONAL,ORDERED,CENTRALIZED,SHARED_TITLE,PLANNED,CHARTERED,APPOINTMENT,LIGHT_BANTER,COMPOSED,NEUTRAL,JUST_ENOUGH,"{""motivation"":""HIERARCHY is designed to organize roles through stable unequal rank; RECIPROCAL centers mutual return. ALTRUISTIC (others' welfare) and SELFISH (the actor's own gain) are less appropriate to that game-semantic emphasis."",""operatingStyle"":""HIERARCHY is designed to organize roles through stable unequal rank; SITUATIONAL centers context-sensitive grouping. TEAMWORK (coordinated action) and SOLO (independent action) are less appropriate to that game-semantic emphasis."",""structureOrientation"":""HIERARCHY is designed to organize roles through stable unequal rank; ORDERED centers stable rules. NEUTRAL (flexible structure) and CHAOS (disruption and flux) are less appropriate to that game-semantic emphasis."",""administrationMode"":""HIERARCHY is designed to organize roles through stable unequal rank; CENTRALIZED centers one coordinating center. DISTRIBUTED (shared local coordination) and DELEGATED (discrete entrusted agents) are less appropriate to that game-semantic emphasis."",""ownershipMode"":""HIERARCHY is designed to organize roles through stable unequal rank; SHARED_TITLE centers bounded joint claims. SINGLE_ENTITY (exclusive control) and COMMON_USE (open collective access) are less appropriate to that game-semantic emphasis."",""allocationMode"":""HIERARCHY is designed to organize roles through stable unequal rank; PLANNED centers deliberate assignment. CUSTOMARY (established practice) and MARKET (competitive exchange) are less appropriate to that game-semantic emphasis."",""legitimacyBasis"":""HIERARCHY is designed to organize roles through stable unequal rank; CHARTERED centers explicit agreed rules. ANCESTRAL (inherited continuity) and MARTIAL (demonstrated force) are less appropriate to that game-semantic emphasis."",""authoritySource"":""HIERARCHY is designed to organize roles through stable unequal rank; APPOINTMENT centers entrusted office. ELECTION (peer selection) and DIVINE_MANDATE (sacred sanction) are less appropriate to that game-semantic emphasis."",""loquacity"":""HIERARCHY is designed to organize roles through stable unequal rank; LIGHT_BANTER centers selective social exchange. TALKATIVE (abundant signaling) and TO_THE_POINT (minimal instrumental signaling) are less appropriate to that game-semantic emphasis."",""emotionalTemperature"":""HIERARCHY is designed to organize roles through stable unequal rank; COMPOSED centers contained affect. JOYFUL (open positive affect) and IRRITABLE (ready negative activation) are less appropriate to that game-semantic emphasis."",""outlookOrientation"":""HIERARCHY is designed to organize roles through stable unequal rank; NEUTRAL centers contingent expectations. OPTIMISTIC (expected improvement) and PESSIMISTIC (expected loss or failure) are less appropriate to that game-semantic emphasis."",""collaborativePosture"":""HIERARCHY is designed to organize roles through stable unequal rank; JUST_ENOUGH centers minimum sufficient contribution. HELPFUL (active contribution) and WITHHOLDING (guarded non-contribution) are less appropriate to that game-semantic emphasis.""}","HIERARCHY shares this controlled-value shape with HIERARCHY, LEGITIMACY because the twelve simulator dimensions are coarse, while its distinct authored meaning remains organize roles through stable unequal rank. This is reviewed semantic convergence, not copied identity."
PERSONALITY_PROFILE_DIMENSIONS_V1,HOPE,invest in a better outcome not yet secured,ALTRUISTIC,TEAMWORK,CHAOS,DELEGATED,COMMON_USE,PLANNED,ANCESTRAL,APPOINTMENT,LIGHT_BANTER,JOYFUL,OPTIMISTIC,HELPFUL,"{""motivation"":""HOPE is designed to invest in a better outcome not yet secured; ALTRUISTIC centers others' welfare. RECIPROCAL (mutual return) and SELFISH (the actor's own gain) are less appropriate to that game-semantic emphasis."",""operatingStyle"":""HOPE is designed to invest in a better outcome not yet secured; TEAMWORK centers coordinated action. SITUATIONAL (context-sensitive grouping) and SOLO (independent action) are less appropriate to that game-semantic emphasis."",""structureOrientation"":""HOPE is designed to invest in a better outcome not yet secured; CHAOS centers disruption and flux. ORDERED (stable rules) and NEUTRAL (flexible structure) are less appropriate to that game-semantic emphasis."",""administrationMode"":""HOPE is designed to invest in a better outcome not yet secured; DELEGATED centers discrete entrusted agents. CENTRALIZED (one coordinating center) and DISTRIBUTED (shared local coordination) are less appropriate to that game-semantic emphasis."",""ownershipMode"":""HOPE is designed to invest in a better outcome not yet secured; COMMON_USE centers open collective access. SINGLE_ENTITY (exclusive control) and SHARED_TITLE (bounded joint claims) are less appropriate to that game-semantic emphasis."",""allocationMode"":""HOPE is designed to invest in a better outcome not yet secured; PLANNED centers deliberate assignment. CUSTOMARY (established practice) and MARKET (competitive exchange) are less appropriate to that game-semantic emphasis."",""legitimacyBasis"":""HOPE is designed to invest in a better outcome not yet secured; ANCESTRAL centers inherited continuity. CHARTERED (explicit agreed rules) and MARTIAL (demonstrated force) are less appropriate to that game-semantic emphasis."",""authoritySource"":""HOPE is designed to invest in a better outcome not yet secured; APPOINTMENT centers entrusted office. ELECTION (peer selection) and DIVINE_MANDATE (sacred sanction) are less appropriate to that game-semantic emphasis."",""loquacity"":""HOPE is designed to invest in a better outcome not yet secured; LIGHT_BANTER centers selective social exchange. TALKATIVE (abundant signaling) and TO_THE_POINT (minimal instrumental signaling) are less appropriate to that game-semantic emphasis."",""emotionalTemperature"":""HOPE is designed to invest in a better outcome not yet secured; JOYFUL centers open positive affect. COMPOSED (contained affect) and IRRITABLE (ready negative activation) are less appropriate to that game-semantic emphasis."",""outlookOrientation"":""HOPE is designed to invest in a better outcome not yet secured; OPTIMISTIC centers expected improvement. NEUTRAL (contingent expectations) and PESSIMISTIC (expected loss or failure) are less appropriate to that game-semantic emphasis."",""collaborativePosture"":""HOPE is designed to invest in a better outcome not yet secured; HELPFUL centers active contribution. WITHHOLDING (guarded non-contribution) and JUST_ENOUGH (minimum sufficient contribution) are less appropriate to that game-semantic emphasis.""}",
PERSONALITY_PROFILE_DIMENSIONS_V1,HOSPITALITY,extend bounded protection and provision to guests,ALTRUISTIC,TEAMWORK,ORDERED,DELEGATED,COMMON_USE,PLANNED,ANCESTRAL,APPOINTMENT,LIGHT_BANTER,JOYFUL,OPTIMISTIC,HELPFUL,"{""motivation"":""HOSPITALITY is designed to extend bounded protection and provision to guests; ALTRUISTIC centers others' welfare. RECIPROCAL (mutual return) and SELFISH (the actor's own gain) are less appropriate to that game-semantic emphasis."",""operatingStyle"":""HOSPITALITY is designed to extend bounded protection and provision to guests; TEAMWORK centers coordinated action. SITUATIONAL (context-sensitive grouping) and SOLO (independent action) are less appropriate to that game-semantic emphasis."",""structureOrientation"":""HOSPITALITY is designed to extend bounded protection and provision to guests; ORDERED centers stable rules. NEUTRAL (flexible structure) and CHAOS (disruption and flux) are less appropriate to that game-semantic emphasis."",""administrationMode"":""HOSPITALITY is designed to extend bounded protection and provision to guests; DELEGATED centers discrete entrusted agents. CENTRALIZED (one coordinating center) and DISTRIBUTED (shared local coordination) are less appropriate to that game-semantic emphasis."",""ownershipMode"":""HOSPITALITY is designed to extend bounded protection and provision to guests; COMMON_USE centers open collective access. SINGLE_ENTITY (exclusive control) and SHARED_TITLE (bounded joint claims) are less appropriate to that game-semantic emphasis."",""allocationMode"":""HOSPITALITY is designed to extend bounded protection and provision to guests; PLANNED centers deliberate assignment. CUSTOMARY (established practice) and MARKET (competitive exchange) are less appropriate to that game-semantic emphasis."",""legitimacyBasis"":""HOSPITALITY is designed to extend bounded protection and provision to guests; ANCESTRAL centers inherited continuity. CHARTERED (explicit agreed rules) and MARTIAL (demonstrated force) are less appropriate to that game-semantic emphasis."",""authoritySource"":""HOSPITALITY is designed to extend bounded protection and provision to guests; APPOINTMENT centers entrusted office. ELECTION (peer selection) and DIVINE_MANDATE (sacred sanction) are less appropriate to that game-semantic emphasis."",""loquacity"":""HOSPITALITY is designed to extend bounded protection and provision to guests; LIGHT_BANTER centers selective social exchange. TALKATIVE (abundant signaling) and TO_THE_POINT (minimal instrumental signaling) are less appropriate to that game-semantic emphasis."",""emotionalTemperature"":""HOSPITALITY is designed to extend bounded protection and provision to guests; JOYFUL centers open positive affect. COMPOSED (contained affect) and IRRITABLE (ready negative activation) are less appropriate to that game-semantic emphasis."",""outlookOrientation"":""HOSPITALITY is designed to extend bounded protection and provision to guests; OPTIMISTIC centers expected improvement. NEUTRAL (contingent expectations) and PESSIMISTIC (expected loss or failure) are less appropriate to that game-semantic emphasis."",""collaborativePosture"":""HOSPITALITY is designed to extend bounded protection and provision to guests; HELPFUL centers active contribution. WITHHOLDING (guarded non-contribution) and JUST_ENOUGH (minimum sufficient contribution) are less appropriate to that game-semantic emphasis.""}",
PERSONALITY_PROFILE_DIMENSIONS_V1,IMPULSE,let immediate drive outrun deliberation,SELFISH,SOLO,CHAOS,DELEGATED,SINGLE_ENTITY,MARKET,MARTIAL,ELECTION,LIGHT_BANTER,IRRITABLE,PESSIMISTIC,JUST_ENOUGH,"{""motivation"":""IMPULSE is designed to let immediate drive outrun deliberation; SELFISH centers the actor's own gain. ALTRUISTIC (others' welfare) and RECIPROCAL (mutual return) are less appropriate to that game-semantic emphasis."",""operatingStyle"":""IMPULSE is designed to let immediate drive outrun deliberation; SOLO centers independent action. TEAMWORK (coordinated action) and SITUATIONAL (context-sensitive grouping) are less appropriate to that game-semantic emphasis."",""structureOrientation"":""IMPULSE is designed to let immediate drive outrun deliberation; CHAOS centers disruption and flux. ORDERED (stable rules) and NEUTRAL (flexible structure) are less appropriate to that game-semantic emphasis."",""administrationMode"":""IMPULSE is designed to let immediate drive outrun deliberation; DELEGATED centers discrete entrusted agents. CENTRALIZED (one coordinating center) and DISTRIBUTED (shared local coordination) are less appropriate to that game-semantic emphasis."",""ownershipMode"":""IMPULSE is designed to let immediate drive outrun deliberation; SINGLE_ENTITY centers exclusive control. SHARED_TITLE (bounded joint claims) and COMMON_USE (open collective access) are less appropriate to that game-semantic emphasis."",""allocationMode"":""IMPULSE is designed to let immediate drive outrun deliberation; MARKET centers competitive exchange. PLANNED (deliberate assignment) and CUSTOMARY (established practice) are less appropriate to that game-semantic emphasis."",""legitimacyBasis"":""IMPULSE is designed to let immediate drive outrun deliberation; MARTIAL centers demonstrated force. CHARTERED (explicit agreed rules) and ANCESTRAL (inherited continuity) are less appropriate to that game-semantic emphasis."",""authoritySource"":""IMPULSE is designed to let immediate drive outrun deliberation; ELECTION centers peer selection. APPOINTMENT (entrusted office) and DIVINE_MANDATE (sacred sanction) are less appropriate to that game-semantic emphasis."",""loquacity"":""IMPULSE is designed to let immediate drive outrun deliberation; LIGHT_BANTER centers selective social exchange. TALKATIVE (abundant signaling) and TO_THE_POINT (minimal instrumental signaling) are less appropriate to that game-semantic emphasis."",""emotionalTemperature"":""IMPULSE is designed to let immediate drive outrun deliberation; IRRITABLE centers ready negative activation. COMPOSED (contained affect) and JOYFUL (open positive affect) are less appropriate to that game-semantic emphasis."",""outlookOrientation"":""IMPULSE is designed to let immediate drive outrun deliberation; PESSIMISTIC centers expected loss or failure. OPTIMISTIC (expected improvement) and NEUTRAL (contingent expectations) are less appropriate to that game-semantic emphasis."",""collaborativePosture"":""IMPULSE is designed to let immediate drive outrun deliberation; JUST_ENOUGH centers minimum sufficient contribution. HELPFUL (active contribution) and WITHHOLDING (guarded non-contribution) are less appropriate to that game-semantic emphasis.""}","IMPULSE shares this controlled-value shape with ENVY, IMPULSE because the twelve simulator dimensions are coarse, while its distinct authored meaning remains let immediate drive outrun deliberation. This is reviewed semantic convergence, not copied identity."
PERSONALITY_PROFILE_DIMENSIONS_V1,INDIVIDUALITY,protect unique identity against reduction to a type,SELFISH,SOLO,CHAOS,DISTRIBUTED,SINGLE_ENTITY,MARKET,ANCESTRAL,ELECTION,TALKATIVE,JOYFUL,NEUTRAL,WITHHOLDING,"{""motivation"":""INDIVIDUALITY is designed to protect unique identity against reduction to a type; SELFISH centers the actor's own gain. ALTRUISTIC (others' welfare) and RECIPROCAL (mutual return) are less appropriate to that game-semantic emphasis."",""operatingStyle"":""INDIVIDUALITY is designed to protect unique identity against reduction to a type; SOLO centers independent action. TEAMWORK (coordinated action) and SITUATIONAL (context-sensitive grouping) are less appropriate to that game-semantic emphasis."",""structureOrientation"":""INDIVIDUALITY is designed to protect unique identity against reduction to a type; CHAOS centers disruption and flux. ORDERED (stable rules) and NEUTRAL (flexible structure) are less appropriate to that game-semantic emphasis."",""administrationMode"":""INDIVIDUALITY is designed to protect unique identity against reduction to a type; DISTRIBUTED centers shared local coordination. CENTRALIZED (one coordinating center) and DELEGATED (discrete entrusted agents) are less appropriate to that game-semantic emphasis."",""ownershipMode"":""INDIVIDUALITY is designed to protect unique identity against reduction to a type; SINGLE_ENTITY centers exclusive control. SHARED_TITLE (bounded joint claims) and COMMON_USE (open collective access) are less appropriate to that game-semantic emphasis."",""allocationMode"":""INDIVIDUALITY is designed to protect unique identity against reduction to a type; MARKET centers competitive exchange. PLANNED (deliberate assignment) and CUSTOMARY (established practice) are less appropriate to that game-semantic emphasis."",""legitimacyBasis"":""INDIVIDUALITY is designed to protect unique identity against reduction to a type; ANCESTRAL centers inherited continuity. CHARTERED (explicit agreed rules) and MARTIAL (demonstrated force) are less appropriate to that game-semantic emphasis."",""authoritySource"":""INDIVIDUALITY is designed to protect unique identity against reduction to a type; ELECTION centers peer selection. APPOINTMENT (entrusted office) and DIVINE_MANDATE (sacred sanction) are less appropriate to that game-semantic emphasis."",""loquacity"":""INDIVIDUALITY is designed to protect unique identity against reduction to a type; TALKATIVE centers abundant signaling. LIGHT_BANTER (selective social exchange) and TO_THE_POINT (minimal instrumental signaling) are less appropriate to that game-semantic emphasis."",""emotionalTemperature"":""INDIVIDUALITY is designed to protect unique identity against reduction to a type; JOYFUL centers open positive affect. COMPOSED (contained affect) and IRRITABLE (ready negative activation) are less appropriate to that game-semantic emphasis."",""outlookOrientation"":""INDIVIDUALITY is designed to protect unique identity against reduction to a type; NEUTRAL centers contingent expectations. OPTIMISTIC (expected improvement) and PESSIMISTIC (expected loss or failure) are less appropriate to that game-semantic emphasis."",""collaborativePosture"":""INDIVIDUALITY is designed to protect unique identity against reduction to a type; WITHHOLDING centers guarded non-contribution. HELPFUL (active contribution) and JUST_ENOUGH (minimum sufficient contribution) are less appropriate to that game-semantic emphasis.""}","INDIVIDUALITY shares this controlled-value shape with AUTHENTICITY, DISSENT, INDIVIDUALITY because the twelve simulator dimensions are coarse, while its distinct authored meaning remains protect unique identity against reduction to a type. This is reviewed semantic convergence, not copied identity."
PERSONALITY_PROFILE_DIMENSIONS_V1,INTIMACY,accept reciprocal vulnerability within close bonds,ALTRUISTIC,TEAMWORK,NEUTRAL,DELEGATED,COMMON_USE,PLANNED,ANCESTRAL,APPOINTMENT,TALKATIVE,JOYFUL,OPTIMISTIC,HELPFUL,"{""motivation"":""INTIMACY is designed to accept reciprocal vulnerability within close bonds; ALTRUISTIC centers others' welfare. RECIPROCAL (mutual return) and SELFISH (the actor's own gain) are less appropriate to that game-semantic emphasis."",""operatingStyle"":""INTIMACY is designed to accept reciprocal vulnerability within close bonds; TEAMWORK centers coordinated action. SITUATIONAL (context-sensitive grouping) and SOLO (independent action) are less appropriate to that game-semantic emphasis."",""structureOrientation"":""INTIMACY is designed to accept reciprocal vulnerability within close bonds; NEUTRAL centers flexible structure. ORDERED (stable rules) and CHAOS (disruption and flux) are less appropriate to that game-semantic emphasis."",""administrationMode"":""INTIMACY is designed to accept reciprocal vulnerability within close bonds; DELEGATED centers discrete entrusted agents. CENTRALIZED (one coordinating center) and DISTRIBUTED (shared local coordination) are less appropriate to that game-semantic emphasis."",""ownershipMode"":""INTIMACY is designed to accept reciprocal vulnerability within close bonds; COMMON_USE centers open collective access. SINGLE_ENTITY (exclusive control) and SHARED_TITLE (bounded joint claims) are less appropriate to that game-semantic emphasis."",""allocationMode"":""INTIMACY is designed to accept reciprocal vulnerability within close bonds; PLANNED centers deliberate assignment. CUSTOMARY (established practice) and MARKET (competitive exchange) are less appropriate to that game-semantic emphasis."",""legitimacyBasis"":""INTIMACY is designed to accept reciprocal vulnerability within close bonds; ANCESTRAL centers inherited continuity. CHARTERED (explicit agreed rules) and MARTIAL (demonstrated force) are less appropriate to that game-semantic emphasis."",""authoritySource"":""INTIMACY is designed to accept reciprocal vulnerability within close bonds; APPOINTMENT centers entrusted office. ELECTION (peer selection) and DIVINE_MANDATE (sacred sanction) are less appropriate to that game-semantic emphasis."",""loquacity"":""INTIMACY is designed to accept reciprocal vulnerability within close bonds; TALKATIVE centers abundant signaling. LIGHT_BANTER (selective social exchange) and TO_THE_POINT (minimal instrumental signaling) are less appropriate to that game-semantic emphasis."",""emotionalTemperature"":""INTIMACY is designed to accept reciprocal vulnerability within close bonds; JOYFUL centers open positive affect. COMPOSED (contained affect) and IRRITABLE (ready negative activation) are less appropriate to that game-semantic emphasis."",""outlookOrientation"":""INTIMACY is designed to accept reciprocal vulnerability within close bonds; OPTIMISTIC centers expected improvement. NEUTRAL (contingent expectations) and PESSIMISTIC (expected loss or failure) are less appropriate to that game-semantic emphasis."",""collaborativePosture"":""INTIMACY is designed to accept reciprocal vulnerability within close bonds; HELPFUL centers active contribution. WITHHOLDING (guarded non-contribution) and JUST_ENOUGH (minimum sufficient contribution) are less appropriate to that game-semantic emphasis.""}",
PERSONALITY_PROFILE_DIMENSIONS_V1,LAND,bind identity and obligation to a particular place,ALTRUISTIC,SITUATIONAL,ORDERED,DELEGATED,COMMON_USE,PLANNED,CHARTERED,APPOINTMENT,LIGHT_BANTER,JOYFUL,NEUTRAL,HELPFUL,"{""motivation"":""LAND is designed to bind identity and obligation to a particular place; ALTRUISTIC centers others' welfare. RECIPROCAL (mutual return) and SELFISH (the actor's own gain) are less appropriate to that game-semantic emphasis."",""operatingStyle"":""LAND is designed to bind identity and obligation to a particular place; SITUATIONAL centers context-sensitive grouping. TEAMWORK (coordinated action) and SOLO (independent action) are less appropriate to that game-semantic emphasis."",""structureOrientation"":""LAND is designed to bind identity and obligation to a particular place; ORDERED centers stable rules. NEUTRAL (flexible structure) and CHAOS (disruption and flux) are less appropriate to that game-semantic emphasis."",""administrationMode"":""LAND is designed to bind identity and obligation to a particular place; DELEGATED centers discrete entrusted agents. CENTRALIZED (one coordinating center) and DISTRIBUTED (shared local coordination) are less appropriate to that game-semantic emphasis."",""ownershipMode"":""LAND is designed to bind identity and obligation to a particular place; COMMON_USE centers open collective access. SINGLE_ENTITY (exclusive control) and SHARED_TITLE (bounded joint claims) are less appropriate to that game-semantic emphasis."",""allocationMode"":""LAND is designed to bind identity and obligation to a particular place; PLANNED centers deliberate assignment. CUSTOMARY (established practice) and MARKET (competitive exchange) are less appropriate to that game-semantic emphasis."",""legitimacyBasis"":""LAND is designed to bind identity and obligation to a particular place; CHARTERED centers explicit agreed rules. ANCESTRAL (inherited continuity) and MARTIAL (demonstrated force) are less appropriate to that game-semantic emphasis."",""authoritySource"":""LAND is designed to bind identity and obligation to a particular place; APPOINTMENT centers entrusted office. ELECTION (peer selection) and DIVINE_MANDATE (sacred sanction) are less appropriate to that game-semantic emphasis."",""loquacity"":""LAND is designed to bind identity and obligation to a particular place; LIGHT_BANTER centers selective social exchange. TALKATIVE (abundant signaling) and TO_THE_POINT (minimal instrumental signaling) are less appropriate to that game-semantic emphasis."",""emotionalTemperature"":""LAND is designed to bind identity and obligation to a particular place; JOYFUL centers open positive affect. COMPOSED (contained affect) and IRRITABLE (ready negative activation) are less appropriate to that game-semantic emphasis."",""outlookOrientation"":""LAND is designed to bind identity and obligation to a particular place; NEUTRAL centers contingent expectations. OPTIMISTIC (expected improvement) and PESSIMISTIC (expected loss or failure) are less appropriate to that game-semantic emphasis."",""collaborativePosture"":""LAND is designed to bind identity and obligation to a particular place; HELPFUL centers active contribution. WITHHOLDING (guarded non-contribution) and JUST_ENOUGH (minimum sufficient contribution) are less appropriate to that game-semantic emphasis.""}",
PERSONALITY_PROFILE_DIMENSIONS_V1,LEGITIMACY,distinguish accepted rule from naked coercion,RECIPROCAL,SITUATIONAL,ORDERED,CENTRALIZED,SHARED_TITLE,PLANNED,CHARTERED,APPOINTMENT,LIGHT_BANTER,COMPOSED,NEUTRAL,JUST_ENOUGH,"{""motivation"":""LEGITIMACY is designed to distinguish accepted rule from naked coercion; RECIPROCAL centers mutual return. ALTRUISTIC (others' welfare) and SELFISH (the actor's own gain) are less appropriate to that game-semantic emphasis."",""operatingStyle"":""LEGITIMACY is designed to distinguish accepted rule from naked coercion; SITUATIONAL centers context-sensitive grouping. TEAMWORK (coordinated action) and SOLO (independent action) are less appropriate to that game-semantic emphasis."",""structureOrientation"":""LEGITIMACY is designed to distinguish accepted rule from naked coercion; ORDERED centers stable rules. NEUTRAL (flexible structure) and CHAOS (disruption and flux) are less appropriate to that game-semantic emphasis."",""administrationMode"":""LEGITIMACY is designed to distinguish accepted rule from naked coercion; CENTRALIZED centers one coordinating center. DISTRIBUTED (shared local coordination) and DELEGATED (discrete entrusted agents) are less appropriate to that game-semantic emphasis."",""ownershipMode"":""LEGITIMACY is designed to distinguish accepted rule from naked coercion; SHARED_TITLE centers bounded joint claims. SINGLE_ENTITY (exclusive control) and COMMON_USE (open collective access) are less appropriate to that game-semantic emphasis."",""allocationMode"":""LEGITIMACY is designed to distinguish accepted rule from naked coercion; PLANNED centers deliberate assignment. CUSTOMARY (established practice) and MARKET (competitive exchange) are less appropriate to that game-semantic emphasis."",""legitimacyBasis"":""LEGITIMACY is designed to distinguish accepted rule from naked coercion; CHARTERED centers explicit agreed rules. ANCESTRAL (inherited continuity) and MARTIAL (demonstrated force) are less appropriate to that game-semantic emphasis."",""authoritySource"":""LEGITIMACY is designed to distinguish accepted rule from naked coercion; APPOINTMENT centers entrusted office. ELECTION (peer selection) and DIVINE_MANDATE (sacred sanction) are less appropriate to that game-semantic emphasis."",""loquacity"":""LEGITIMACY is designed to distinguish accepted rule from naked coercion; LIGHT_BANTER centers selective social exchange. TALKATIVE (abundant signaling) and TO_THE_POINT (minimal instrumental signaling) are less appropriate to that game-semantic emphasis."",""emotionalTemperature"":""LEGITIMACY is designed to distinguish accepted rule from naked coercion; COMPOSED centers contained affect. JOYFUL (open positive affect) and IRRITABLE (ready negative activation) are less appropriate to that game-semantic emphasis."",""outlookOrientation"":""LEGITIMACY is designed to distinguish accepted rule from naked coercion; NEUTRAL centers contingent expectations. OPTIMISTIC (expected improvement) and PESSIMISTIC (expected loss or failure) are less appropriate to that game-semantic emphasis."",""collaborativePosture"":""LEGITIMACY is designed to distinguish accepted rule from naked coercion; JUST_ENOUGH centers minimum sufficient contribution. HELPFUL (active contribution) and WITHHOLDING (guarded non-contribution) are less appropriate to that game-semantic emphasis.""}","LEGITIMACY shares this controlled-value shape with HIERARCHY, LEGITIMACY because the twelve simulator dimensions are coarse, while its distinct authored meaning remains distinguish accepted rule from naked coercion. This is reviewed semantic convergence, not copied identity."
PERSONALITY_PROFILE_DIMENSIONS_V1,LOYALTY,maintain allegiance through pressure and division,ALTRUISTIC,TEAMWORK,ORDERED,DISTRIBUTED,COMMON_USE,PLANNED,CHARTERED,APPOINTMENT,LIGHT_BANTER,JOYFUL,NEUTRAL,HELPFUL,"{""motivation"":""LOYALTY is designed to maintain allegiance through pressure and division; ALTRUISTIC centers others' welfare. RECIPROCAL (mutual return) and SELFISH (the actor's own gain) are less appropriate to that game-semantic emphasis."",""operatingStyle"":""LOYALTY is designed to maintain allegiance through pressure and division; TEAMWORK centers coordinated action. SITUATIONAL (context-sensitive grouping) and SOLO (independent action) are less appropriate to that game-semantic emphasis."",""structureOrientation"":""LOYALTY is designed to maintain allegiance through pressure and division; ORDERED centers stable rules. NEUTRAL (flexible structure) and CHAOS (disruption and flux) are less appropriate to that game-semantic emphasis."",""administrationMode"":""LOYALTY is designed to maintain allegiance through pressure and division; DISTRIBUTED centers shared local coordination. CENTRALIZED (one coordinating center) and DELEGATED (discrete entrusted agents) are less appropriate to that game-semantic emphasis."",""ownershipMode"":""LOYALTY is designed to maintain allegiance through pressure and division; COMMON_USE centers open collective access. SINGLE_ENTITY (exclusive control) and SHARED_TITLE (bounded joint claims) are less appropriate to that game-semantic emphasis."",""allocationMode"":""LOYALTY is designed to maintain allegiance through pressure and division; PLANNED centers deliberate assignment. CUSTOMARY (established practice) and MARKET (competitive exchange) are less appropriate to that game-semantic emphasis."",""legitimacyBasis"":""LOYALTY is designed to maintain allegiance through pressure and division; CHARTERED centers explicit agreed rules. ANCESTRAL (inherited continuity) and MARTIAL (demonstrated force) are less appropriate to that game-semantic emphasis."",""authoritySource"":""LOYALTY is designed to maintain allegiance through pressure and division; APPOINTMENT centers entrusted office. ELECTION (peer selection) and DIVINE_MANDATE (sacred sanction) are less appropriate to that game-semantic emphasis."",""loquacity"":""LOYALTY is designed to maintain allegiance through pressure and division; LIGHT_BANTER centers selective social exchange. TALKATIVE (abundant signaling) and TO_THE_POINT (minimal instrumental signaling) are less appropriate to that game-semantic emphasis."",""emotionalTemperature"":""LOYALTY is designed to maintain allegiance through pressure and division; JOYFUL centers open positive affect. COMPOSED (contained affect) and IRRITABLE (ready negative activation) are less appropriate to that game-semantic emphasis."",""outlookOrientation"":""LOYALTY is designed to maintain allegiance through pressure and division; NEUTRAL centers contingent expectations. OPTIMISTIC (expected improvement) and PESSIMISTIC (expected loss or failure) are less appropriate to that game-semantic emphasis."",""collaborativePosture"":""LOYALTY is designed to maintain allegiance through pressure and division; HELPFUL centers active contribution. WITHHOLDING (guarded non-contribution) and JUST_ENOUGH (minimum sufficient contribution) are less appropriate to that game-semantic emphasis.""}",
PERSONALITY_PROFILE_DIMENSIONS_V1,MEANING,connect action to a coherent larger purpose,RECIPROCAL,SITUATIONAL,ORDERED,DELEGATED,SHARED_TITLE,CUSTOMARY,ANCESTRAL,DIVINE_MANDATE,TALKATIVE,JOYFUL,OPTIMISTIC,JUST_ENOUGH,"{""motivation"":""MEANING is designed to connect action to a coherent larger purpose; RECIPROCAL centers mutual return. ALTRUISTIC (others' welfare) and SELFISH (the actor's own gain) are less appropriate to that game-semantic emphasis."",""operatingStyle"":""MEANING is designed to connect action to a coherent larger purpose; SITUATIONAL centers context-sensitive grouping. TEAMWORK (coordinated action) and SOLO (independent action) are less appropriate to that game-semantic emphasis."",""structureOrientation"":""MEANING is designed to connect action to a coherent larger purpose; ORDERED centers stable rules. NEUTRAL (flexible structure) and CHAOS (disruption and flux) are less appropriate to that game-semantic emphasis."",""administrationMode"":""MEANING is designed to connect action to a coherent larger purpose; DELEGATED centers discrete entrusted agents. CENTRALIZED (one coordinating center) and DISTRIBUTED (shared local coordination) are less appropriate to that game-semantic emphasis."",""ownershipMode"":""MEANING is designed to connect action to a coherent larger purpose; SHARED_TITLE centers bounded joint claims. SINGLE_ENTITY (exclusive control) and COMMON_USE (open collective access) are less appropriate to that game-semantic emphasis."",""allocationMode"":""MEANING is designed to connect action to a coherent larger purpose; CUSTOMARY centers established practice. PLANNED (deliberate assignment) and MARKET (competitive exchange) are less appropriate to that game-semantic emphasis."",""legitimacyBasis"":""MEANING is designed to connect action to a coherent larger purpose; ANCESTRAL centers inherited continuity. CHARTERED (explicit agreed rules) and MARTIAL (demonstrated force) are less appropriate to that game-semantic emphasis."",""authoritySource"":""MEANING is designed to connect action to a coherent larger purpose; DIVINE_MANDATE centers sacred sanction. APPOINTMENT (entrusted office) and ELECTION (peer selection) are less appropriate to that game-semantic emphasis."",""loquacity"":""MEANING is designed to connect action to a coherent larger purpose; TALKATIVE centers abundant signaling. LIGHT_BANTER (selective social exchange) and TO_THE_POINT (minimal instrumental signaling) are less appropriate to that game-semantic emphasis."",""emotionalTemperature"":""MEANING is designed to connect action to a coherent larger purpose; JOYFUL centers open positive affect. COMPOSED (contained affect) and IRRITABLE (ready negative activation) are less appropriate to that game-semantic emphasis."",""outlookOrientation"":""MEANING is designed to connect action to a coherent larger purpose; OPTIMISTIC centers expected improvement. NEUTRAL (contingent expectations) and PESSIMISTIC (expected loss or failure) are less appropriate to that game-semantic emphasis."",""collaborativePosture"":""MEANING is designed to connect action to a coherent larger purpose; JUST_ENOUGH centers minimum sufficient contribution. HELPFUL (active contribution) and WITHHOLDING (guarded non-contribution) are less appropriate to that game-semantic emphasis.""}",
PERSONALITY_PROFILE_DIMENSIONS_V1,MEMORY,use retained experience to guide present choices,RECIPROCAL,SITUATIONAL,ORDERED,DELEGATED,SHARED_TITLE,CUSTOMARY,ANCESTRAL,ELECTION,TALKATIVE,COMPOSED,OPTIMISTIC,JUST_ENOUGH,"{""motivation"":""MEMORY is designed to use retained experience to guide present choices; RECIPROCAL centers mutual return. ALTRUISTIC (others' welfare) and SELFISH (the actor's own gain) are less appropriate to that game-semantic emphasis."",""operatingStyle"":""MEMORY is designed to use retained experience to guide present choices; SITUATIONAL centers context-sensitive grouping. TEAMWORK (coordinated action) and SOLO (independent action) are less appropriate to that game-semantic emphasis."",""structureOrientation"":""MEMORY is designed to use retained experience to guide present choices; ORDERED centers stable rules. NEUTRAL (flexible structure) and CHAOS (disruption and flux) are less appropriate to that game-semantic emphasis."",""administrationMode"":""MEMORY is designed to use retained experience to guide present choices; DELEGATED centers discrete entrusted agents. CENTRALIZED (one coordinating center) and DISTRIBUTED (shared local coordination) are less appropriate to that game-semantic emphasis."",""ownershipMode"":""MEMORY is designed to use retained experience to guide present choices; SHARED_TITLE centers bounded joint claims. SINGLE_ENTITY (exclusive control) and COMMON_USE (open collective access) are less appropriate to that game-semantic emphasis."",""allocationMode"":""MEMORY is designed to use retained experience to guide present choices; CUSTOMARY centers established practice. PLANNED (deliberate assignment) and MARKET (competitive exchange) are less appropriate to that game-semantic emphasis."",""legitimacyBasis"":""MEMORY is designed to use retained experience to guide present choices; ANCESTRAL centers inherited continuity. CHARTERED (explicit agreed rules) and MARTIAL (demonstrated force) are less appropriate to that game-semantic emphasis."",""authoritySource"":""MEMORY is designed to use retained experience to guide present choices; ELECTION centers peer selection. APPOINTMENT (entrusted office) and DIVINE_MANDATE (sacred sanction) are less appropriate to that game-semantic emphasis."",""loquacity"":""MEMORY is designed to use retained experience to guide present choices; TALKATIVE centers abundant signaling. LIGHT_BANTER (selective social exchange) and TO_THE_POINT (minimal instrumental signaling) are less appropriate to that game-semantic emphasis."",""emotionalTemperature"":""MEMORY is designed to use retained experience to guide present choices; COMPOSED centers contained affect. JOYFUL (open positive affect) and IRRITABLE (ready negative activation) are less appropriate to that game-semantic emphasis."",""outlookOrientation"":""MEMORY is designed to use retained experience to guide present choices; OPTIMISTIC centers expected improvement. NEUTRAL (contingent expectations) and PESSIMISTIC (expected loss or failure) are less appropriate to that game-semantic emphasis."",""collaborativePosture"":""MEMORY is designed to use retained experience to guide present choices; JUST_ENOUGH centers minimum sufficient contribution. HELPFUL (active contribution) and WITHHOLDING (guarded non-contribution) are less appropriate to that game-semantic emphasis.""}",
PERSONALITY_PROFILE_DIMENSIONS_V1,MERCY,limit deserved punishment in recognition of vulnerability,ALTRUISTIC,TEAMWORK,NEUTRAL,DELEGATED,COMMON_USE,PLANNED,CHARTERED,APPOINTMENT,TO_THE_POINT,COMPOSED,OPTIMISTIC,HELPFUL,"{""motivation"":""MERCY is designed to limit deserved punishment in recognition of vulnerability; ALTRUISTIC centers others' welfare. RECIPROCAL (mutual return) and SELFISH (the actor's own gain) are less appropriate to that game-semantic emphasis."",""operatingStyle"":""MERCY is designed to limit deserved punishment in recognition of vulnerability; TEAMWORK centers coordinated action. SITUATIONAL (context-sensitive grouping) and SOLO (independent action) are less appropriate to that game-semantic emphasis."",""structureOrientation"":""MERCY is designed to limit deserved punishment in recognition of vulnerability; NEUTRAL centers flexible structure. ORDERED (stable rules) and CHAOS (disruption and flux) are less appropriate to that game-semantic emphasis."",""administrationMode"":""MERCY is designed to limit deserved punishment in recognition of vulnerability; DELEGATED centers discrete entrusted agents. CENTRALIZED (one coordinating center) and DISTRIBUTED (shared local coordination) are less appropriate to that game-semantic emphasis."",""ownershipMode"":""MERCY is designed to limit deserved punishment in recognition of vulnerability; COMMON_USE centers open collective access. SINGLE_ENTITY (exclusive control) and SHARED_TITLE (bounded joint claims) are less appropriate to that game-semantic emphasis."",""allocationMode"":""MERCY is designed to limit deserved punishment in recognition of vulnerability; PLANNED centers deliberate assignment. CUSTOMARY (established practice) and MARKET (competitive exchange) are less appropriate to that game-semantic emphasis."",""legitimacyBasis"":""MERCY is designed to limit deserved punishment in recognition of vulnerability; CHARTERED centers explicit agreed rules. ANCESTRAL (inherited continuity) and MARTIAL (demonstrated force) are less appropriate to that game-semantic emphasis."",""authoritySource"":""MERCY is designed to limit deserved punishment in recognition of vulnerability; APPOINTMENT centers entrusted office. ELECTION (peer selection) and DIVINE_MANDATE (sacred sanction) are less appropriate to that game-semantic emphasis."",""loquacity"":""MERCY is designed to limit deserved punishment in recognition of vulnerability; TO_THE_POINT centers minimal instrumental signaling. TALKATIVE (abundant signaling) and LIGHT_BANTER (selective social exchange) are less appropriate to that game-semantic emphasis."",""emotionalTemperature"":""MERCY is designed to limit deserved punishment in recognition of vulnerability; COMPOSED centers contained affect. JOYFUL (open positive affect) and IRRITABLE (ready negative activation) are less appropriate to that game-semantic emphasis."",""outlookOrientation"":""MERCY is designed to limit deserved punishment in recognition of vulnerability; OPTIMISTIC centers expected improvement. NEUTRAL (contingent expectations) and PESSIMISTIC (expected loss or failure) are less appropriate to that game-semantic emphasis."",""collaborativePosture"":""MERCY is designed to limit deserved punishment in recognition of vulnerability; HELPFUL centers active contribution. WITHHOLDING (guarded non-contribution) and JUST_ENOUGH (minimum sufficient contribution) are less appropriate to that game-semantic emphasis.""}",
PERSONALITY_PROFILE_DIMENSIONS_V1,MORTALITY,make choices under the pressure of finite time,SELFISH,SOLO,NEUTRAL,DELEGATED,SINGLE_ENTITY,MARKET,ANCESTRAL,ELECTION,LIGHT_BANTER,COMPOSED,PESSIMISTIC,WITHHOLDING,"{""motivation"":""MORTALITY is designed to make choices under the pressure of finite time; SELFISH centers the actor's own gain. ALTRUISTIC (others' welfare) and RECIPROCAL (mutual return) are less appropriate to that game-semantic emphasis."",""operatingStyle"":""MORTALITY is designed to make choices under the pressure of finite time; SOLO centers independent action. TEAMWORK (coordinated action) and SITUATIONAL (context-sensitive grouping) are less appropriate to that game-semantic emphasis."",""structureOrientation"":""MORTALITY is designed to make choices under the pressure of finite time; NEUTRAL centers flexible structure. ORDERED (stable rules) and CHAOS (disruption and flux) are less appropriate to that game-semantic emphasis."",""administrationMode"":""MORTALITY is designed to make choices under the pressure of finite time; DELEGATED centers discrete entrusted agents. CENTRALIZED (one coordinating center) and DISTRIBUTED (shared local coordination) are less appropriate to that game-semantic emphasis."",""ownershipMode"":""MORTALITY is designed to make choices under the pressure of finite time; SINGLE_ENTITY centers exclusive control. SHARED_TITLE (bounded joint claims) and COMMON_USE (open collective access) are less appropriate to that game-semantic emphasis."",""allocationMode"":""MORTALITY is designed to make choices under the pressure of finite time; MARKET centers competitive exchange. PLANNED (deliberate assignment) and CUSTOMARY (established practice) are less appropriate to that game-semantic emphasis."",""legitimacyBasis"":""MORTALITY is designed to make choices under the pressure of finite time; ANCESTRAL centers inherited continuity. CHARTERED (explicit agreed rules) and MARTIAL (demonstrated force) are less appropriate to that game-semantic emphasis."",""authoritySource"":""MORTALITY is designed to make choices under the pressure of finite time; ELECTION centers peer selection. APPOINTMENT (entrusted office) and DIVINE_MANDATE (sacred sanction) are less appropriate to that game-semantic emphasis."",""loquacity"":""MORTALITY is designed to make choices under the pressure of finite time; LIGHT_BANTER centers selective social exchange. TALKATIVE (abundant signaling) and TO_THE_POINT (minimal instrumental signaling) are less appropriate to that game-semantic emphasis."",""emotionalTemperature"":""MORTALITY is designed to make choices under the pressure of finite time; COMPOSED centers contained affect. JOYFUL (open positive affect) and IRRITABLE (ready negative activation) are less appropriate to that game-semantic emphasis."",""outlookOrientation"":""MORTALITY is designed to make choices under the pressure of finite time; PESSIMISTIC centers expected loss or failure. OPTIMISTIC (expected improvement) and NEUTRAL (contingent expectations) are less appropriate to that game-semantic emphasis."",""collaborativePosture"":""MORTALITY is designed to make choices under the pressure of finite time; WITHHOLDING centers guarded non-contribution. HELPFUL (active contribution) and JUST_ENOUGH (minimum sufficient contribution) are less appropriate to that game-semantic emphasis.""}",
PERSONALITY_PROFILE_DIMENSIONS_V1,NOVELTY,"seek new forms, methods, and experiences",SELFISH,SOLO,CHAOS,DELEGATED,SINGLE_ENTITY,MARKET,ANCESTRAL,ELECTION,TALKATIVE,JOYFUL,OPTIMISTIC,WITHHOLDING,"{""motivation"":""NOVELTY is designed to seek new forms, methods, and experiences; SELFISH centers the actor's own gain. ALTRUISTIC (others' welfare) and RECIPROCAL (mutual return) are less appropriate to that game-semantic emphasis."",""operatingStyle"":""NOVELTY is designed to seek new forms, methods, and experiences; SOLO centers independent action. TEAMWORK (coordinated action) and SITUATIONAL (context-sensitive grouping) are less appropriate to that game-semantic emphasis."",""structureOrientation"":""NOVELTY is designed to seek new forms, methods, and experiences; CHAOS centers disruption and flux. ORDERED (stable rules) and NEUTRAL (flexible structure) are less appropriate to that game-semantic emphasis."",""administrationMode"":""NOVELTY is designed to seek new forms, methods, and experiences; DELEGATED centers discrete entrusted agents. CENTRALIZED (one coordinating center) and DISTRIBUTED (shared local coordination) are less appropriate to that game-semantic emphasis."",""ownershipMode"":""NOVELTY is designed to seek new forms, methods, and experiences; SINGLE_ENTITY centers exclusive control. SHARED_TITLE (bounded joint claims) and COMMON_USE (open collective access) are less appropriate to that game-semantic emphasis."",""allocationMode"":""NOVELTY is designed to seek new forms, methods, and experiences; MARKET centers competitive exchange. PLANNED (deliberate assignment) and CUSTOMARY (established practice) are less appropriate to that game-semantic emphasis."",""legitimacyBasis"":""NOVELTY is designed to seek new forms, methods, and experiences; ANCESTRAL centers inherited continuity. CHARTERED (explicit agreed rules) and MARTIAL (demonstrated force) are less appropriate to that game-semantic emphasis."",""authoritySource"":""NOVELTY is designed to seek new forms, methods, and experiences; ELECTION centers peer selection. APPOINTMENT (entrusted office) and DIVINE_MANDATE (sacred sanction) are less appropriate to that game-semantic emphasis."",""loquacity"":""NOVELTY is designed to seek new forms, methods, and experiences; TALKATIVE centers abundant signaling. LIGHT_BANTER (selective social exchange) and TO_THE_POINT (minimal instrumental signaling) are less appropriate to that game-semantic emphasis."",""emotionalTemperature"":""NOVELTY is designed to seek new forms, methods, and experiences; JOYFUL centers open positive affect. COMPOSED (contained affect) and IRRITABLE (ready negative activation) are less appropriate to that game-semantic emphasis."",""outlookOrientation"":""NOVELTY is designed to seek new forms, methods, and experiences; OPTIMISTIC centers expected improvement. NEUTRAL (contingent expectations) and PESSIMISTIC (expected loss or failure) are less appropriate to that game-semantic emphasis."",""collaborativePosture"":""NOVELTY is designed to seek new forms, methods, and experiences; WITHHOLDING centers guarded non-contribution. HELPFUL (active contribution) and JUST_ENOUGH (minimum sufficient contribution) are less appropriate to that game-semantic emphasis.""}",
PERSONALITY_PROFILE_DIMENSIONS_V1,PATIENCE,wait deliberately for conditions to mature,RECIPROCAL,SITUATIONAL,ORDERED,DELEGATED,SHARED_TITLE,CUSTOMARY,CHARTERED,ELECTION,TO_THE_POINT,COMPOSED,NEUTRAL,JUST_ENOUGH,"{""motivation"":""PATIENCE is designed to wait deliberately for conditions to mature; RECIPROCAL centers mutual return. ALTRUISTIC (others' welfare) and SELFISH (the actor's own gain) are less appropriate to that game-semantic emphasis."",""operatingStyle"":""PATIENCE is designed to wait deliberately for conditions to mature; SITUATIONAL centers context-sensitive grouping. TEAMWORK (coordinated action) and SOLO (independent action) are less appropriate to that game-semantic emphasis."",""structureOrientation"":""PATIENCE is designed to wait deliberately for conditions to mature; ORDERED centers stable rules. NEUTRAL (flexible structure) and CHAOS (disruption and flux) are less appropriate to that game-semantic emphasis."",""administrationMode"":""PATIENCE is designed to wait deliberately for conditions to mature; DELEGATED centers discrete entrusted agents. CENTRALIZED (one coordinating center) and DISTRIBUTED (shared local coordination) are less appropriate to that game-semantic emphasis."",""ownershipMode"":""PATIENCE is designed to wait deliberately for conditions to mature; SHARED_TITLE centers bounded joint claims. SINGLE_ENTITY (exclusive control) and COMMON_USE (open collective access) are less appropriate to that game-semantic emphasis."",""allocationMode"":""PATIENCE is designed to wait deliberately for conditions to mature; CUSTOMARY centers established practice. PLANNED (deliberate assignment) and MARKET (competitive exchange) are less appropriate to that game-semantic emphasis."",""legitimacyBasis"":""PATIENCE is designed to wait deliberately for conditions to mature; CHARTERED centers explicit agreed rules. ANCESTRAL (inherited continuity) and MARTIAL (demonstrated force) are less appropriate to that game-semantic emphasis."",""authoritySource"":""PATIENCE is designed to wait deliberately for conditions to mature; ELECTION centers peer selection. APPOINTMENT (entrusted office) and DIVINE_MANDATE (sacred sanction) are less appropriate to that game-semantic emphasis."",""loquacity"":""PATIENCE is designed to wait deliberately for conditions to mature; TO_THE_POINT centers minimal instrumental signaling. TALKATIVE (abundant signaling) and LIGHT_BANTER (selective social exchange) are less appropriate to that game-semantic emphasis."",""emotionalTemperature"":""PATIENCE is designed to wait deliberately for conditions to mature; COMPOSED centers contained affect. JOYFUL (open positive affect) and IRRITABLE (ready negative activation) are less appropriate to that game-semantic emphasis."",""outlookOrientation"":""PATIENCE is designed to wait deliberately for conditions to mature; NEUTRAL centers contingent expectations. OPTIMISTIC (expected improvement) and PESSIMISTIC (expected loss or failure) are less appropriate to that game-semantic emphasis."",""collaborativePosture"":""PATIENCE is designed to wait deliberately for conditions to mature; JUST_ENOUGH centers minimum sufficient contribution. HELPFUL (active contribution) and WITHHOLDING (guarded non-contribution) are less appropriate to that game-semantic emphasis.""}","PATIENCE shares this controlled-value shape with EQUANIMITY, PATIENCE because the twelve simulator dimensions are coarse, while its distinct authored meaning remains wait deliberately for conditions to mature. This is reviewed semantic convergence, not copied identity."
PERSONALITY_PROFILE_DIMENSIONS_V1,PERFECTION,close the gap between actual and ideal form,RECIPROCAL,SITUATIONAL,ORDERED,CENTRALIZED,SINGLE_ENTITY,PLANNED,CHARTERED,APPOINTMENT,LIGHT_BANTER,COMPOSED,NEUTRAL,JUST_ENOUGH,"{""motivation"":""PERFECTION is designed to close the gap between actual and ideal form; RECIPROCAL centers mutual return. ALTRUISTIC (others' welfare) and SELFISH (the actor's own gain) are less appropriate to that game-semantic emphasis."",""operatingStyle"":""PERFECTION is designed to close the gap between actual and ideal form; SITUATIONAL centers context-sensitive grouping. TEAMWORK (coordinated action) and SOLO (independent action) are less appropriate to that game-semantic emphasis."",""structureOrientation"":""PERFECTION is designed to close the gap between actual and ideal form; ORDERED centers stable rules. NEUTRAL (flexible structure) and CHAOS (disruption and flux) are less appropriate to that game-semantic emphasis."",""administrationMode"":""PERFECTION is designed to close the gap between actual and ideal form; CENTRALIZED centers one coordinating center. DISTRIBUTED (shared local coordination) and DELEGATED (discrete entrusted agents) are less appropriate to that game-semantic emphasis."",""ownershipMode"":""PERFECTION is designed to close the gap between actual and ideal form; SINGLE_ENTITY centers exclusive control. SHARED_TITLE (bounded joint claims) and COMMON_USE (open collective access) are less appropriate to that game-semantic emphasis."",""allocationMode"":""PERFECTION is designed to close the gap between actual and ideal form; PLANNED centers deliberate assignment. CUSTOMARY (established practice) and MARKET (competitive exchange) are less appropriate to that game-semantic emphasis."",""legitimacyBasis"":""PERFECTION is designed to close the gap between actual and ideal form; CHARTERED centers explicit agreed rules. ANCESTRAL (inherited continuity) and MARTIAL (demonstrated force) are less appropriate to that game-semantic emphasis."",""authoritySource"":""PERFECTION is designed to close the gap between actual and ideal form; APPOINTMENT centers entrusted office. ELECTION (peer selection) and DIVINE_MANDATE (sacred sanction) are less appropriate to that game-semantic emphasis."",""loquacity"":""PERFECTION is designed to close the gap between actual and ideal form; LIGHT_BANTER centers selective social exchange. TALKATIVE (abundant signaling) and TO_THE_POINT (minimal instrumental signaling) are less appropriate to that game-semantic emphasis."",""emotionalTemperature"":""PERFECTION is designed to close the gap between actual and ideal form; COMPOSED centers contained affect. JOYFUL (open positive affect) and IRRITABLE (ready negative activation) are less appropriate to that game-semantic emphasis."",""outlookOrientation"":""PERFECTION is designed to close the gap between actual and ideal form; NEUTRAL centers contingent expectations. OPTIMISTIC (expected improvement) and PESSIMISTIC (expected loss or failure) are less appropriate to that game-semantic emphasis."",""collaborativePosture"":""PERFECTION is designed to close the gap between actual and ideal form; JUST_ENOUGH centers minimum sufficient contribution. HELPFUL (active contribution) and WITHHOLDING (guarded non-contribution) are less appropriate to that game-semantic emphasis.""}","PERFECTION shares this controlled-value shape with CONTROL, PERFECTION because the twelve simulator dimensions are coarse, while its distinct authored meaning remains close the gap between actual and ideal form. This is reviewed semantic convergence, not copied identity."
PERSONALITY_PROFILE_DIMENSIONS_V1,PERSEVERANCE,continue purposeful effort through resistance,ALTRUISTIC,SITUATIONAL,ORDERED,DELEGATED,SHARED_TITLE,PLANNED,CHARTERED,APPOINTMENT,LIGHT_BANTER,COMPOSED,OPTIMISTIC,JUST_ENOUGH,"{""motivation"":""PERSEVERANCE is designed to continue purposeful effort through resistance; ALTRUISTIC centers others' welfare. RECIPROCAL (mutual return) and SELFISH (the actor's own gain) are less appropriate to that game-semantic emphasis."",""operatingStyle"":""PERSEVERANCE is designed to continue purposeful effort through resistance; SITUATIONAL centers context-sensitive grouping. TEAMWORK (coordinated action) and SOLO (independent action) are less appropriate to that game-semantic emphasis."",""structureOrientation"":""PERSEVERANCE is designed to continue purposeful effort through resistance; ORDERED centers stable rules. NEUTRAL (flexible structure) and CHAOS (disruption and flux) are less appropriate to that game-semantic emphasis."",""administrationMode"":""PERSEVERANCE is designed to continue purposeful effort through resistance; DELEGATED centers discrete entrusted agents. CENTRALIZED (one coordinating center) and DISTRIBUTED (shared local coordination) are less appropriate to that game-semantic emphasis."",""ownershipMode"":""PERSEVERANCE is designed to continue purposeful effort through resistance; SHARED_TITLE centers bounded joint claims. SINGLE_ENTITY (exclusive control) and COMMON_USE (open collective access) are less appropriate to that game-semantic emphasis."",""allocationMode"":""PERSEVERANCE is designed to continue purposeful effort through resistance; PLANNED centers deliberate assignment. CUSTOMARY (established practice) and MARKET (competitive exchange) are less appropriate to that game-semantic emphasis."",""legitimacyBasis"":""PERSEVERANCE is designed to continue purposeful effort through resistance; CHARTERED centers explicit agreed rules. ANCESTRAL (inherited continuity) and MARTIAL (demonstrated force) are less appropriate to that game-semantic emphasis."",""authoritySource"":""PERSEVERANCE is designed to continue purposeful effort through resistance; APPOINTMENT centers entrusted office. ELECTION (peer selection) and DIVINE_MANDATE (sacred sanction) are less appropriate to that game-semantic emphasis."",""loquacity"":""PERSEVERANCE is designed to continue purposeful effort through resistance; LIGHT_BANTER centers selective social exchange. TALKATIVE (abundant signaling) and TO_THE_POINT (minimal instrumental signaling) are less appropriate to that game-semantic emphasis."",""emotionalTemperature"":""PERSEVERANCE is designed to continue purposeful effort through resistance; COMPOSED centers contained affect. JOYFUL (open positive affect) and IRRITABLE (ready negative activation) are less appropriate to that game-semantic emphasis."",""outlookOrientation"":""PERSEVERANCE is designed to continue purposeful effort through resistance; OPTIMISTIC centers expected improvement. NEUTRAL (contingent expectations) and PESSIMISTIC (expected loss or failure) are less appropriate to that game-semantic emphasis."",""collaborativePosture"":""PERSEVERANCE is designed to continue purposeful effort through resistance; JUST_ENOUGH centers minimum sufficient contribution. HELPFUL (active contribution) and WITHHOLDING (guarded non-contribution) are less appropriate to that game-semantic emphasis.""}","PERSEVERANCE shares this controlled-value shape with PERSEVERANCE, PURPOSE because the twelve simulator dimensions are coarse, while its distinct authored meaning remains continue purposeful effort through resistance. This is reviewed semantic convergence, not copied identity."
PERSONALITY_PROFILE_DIMENSIONS_V1,PERSPECTIVE,reframe judgment by changing vantage and scale,RECIPROCAL,SITUATIONAL,NEUTRAL,DISTRIBUTED,SHARED_TITLE,CUSTOMARY,ANCESTRAL,ELECTION,TALKATIVE,COMPOSED,OPTIMISTIC,JUST_ENOUGH,"{""motivation"":""PERSPECTIVE is designed to reframe judgment by changing vantage and scale; RECIPROCAL centers mutual return. ALTRUISTIC (others' welfare) and SELFISH (the actor's own gain) are less appropriate to that game-semantic emphasis."",""operatingStyle"":""PERSPECTIVE is designed to reframe judgment by changing vantage and scale; SITUATIONAL centers context-sensitive grouping. TEAMWORK (coordinated action) and SOLO (independent action) are less appropriate to that game-semantic emphasis."",""structureOrientation"":""PERSPECTIVE is designed to reframe judgment by changing vantage and scale; NEUTRAL centers flexible structure. ORDERED (stable rules) and CHAOS (disruption and flux) are less appropriate to that game-semantic emphasis."",""administrationMode"":""PERSPECTIVE is designed to reframe judgment by changing vantage and scale; DISTRIBUTED centers shared local coordination. CENTRALIZED (one coordinating center) and DELEGATED (discrete entrusted agents) are less appropriate to that game-semantic emphasis."",""ownershipMode"":""PERSPECTIVE is designed to reframe judgment by changing vantage and scale; SHARED_TITLE centers bounded joint claims. SINGLE_ENTITY (exclusive control) and COMMON_USE (open collective access) are less appropriate to that game-semantic emphasis."",""allocationMode"":""PERSPECTIVE is designed to reframe judgment by changing vantage and scale; CUSTOMARY centers established practice. PLANNED (deliberate assignment) and MARKET (competitive exchange) are less appropriate to that game-semantic emphasis."",""legitimacyBasis"":""PERSPECTIVE is designed to reframe judgment by changing vantage and scale; ANCESTRAL centers inherited continuity. CHARTERED (explicit agreed rules) and MARTIAL (demonstrated force) are less appropriate to that game-semantic emphasis."",""authoritySource"":""PERSPECTIVE is designed to reframe judgment by changing vantage and scale; ELECTION centers peer selection. APPOINTMENT (entrusted office) and DIVINE_MANDATE (sacred sanction) are less appropriate to that game-semantic emphasis."",""loquacity"":""PERSPECTIVE is designed to reframe judgment by changing vantage and scale; TALKATIVE centers abundant signaling. LIGHT_BANTER (selective social exchange) and TO_THE_POINT (minimal instrumental signaling) are less appropriate to that game-semantic emphasis."",""emotionalTemperature"":""PERSPECTIVE is designed to reframe judgment by changing vantage and scale; COMPOSED centers contained affect. JOYFUL (open positive affect) and IRRITABLE (ready negative activation) are less appropriate to that game-semantic emphasis."",""outlookOrientation"":""PERSPECTIVE is designed to reframe judgment by changing vantage and scale; OPTIMISTIC centers expected improvement. NEUTRAL (contingent expectations) and PESSIMISTIC (expected loss or failure) are less appropriate to that game-semantic emphasis."",""collaborativePosture"":""PERSPECTIVE is designed to reframe judgment by changing vantage and scale; JUST_ENOUGH centers minimum sufficient contribution. HELPFUL (active contribution) and WITHHOLDING (guarded non-contribution) are less appropriate to that game-semantic emphasis.""}","PERSPECTIVE shares this controlled-value shape with DOUBT, PERSPECTIVE because the twelve simulator dimensions are coarse, while its distinct authored meaning remains reframe judgment by changing vantage and scale. This is reviewed semantic convergence, not copied identity."
PERSONALITY_PROFILE_DIMENSIONS_V1,PLEASURE,treat enjoyment as a meaningful end and signal,SELFISH,TEAMWORK,NEUTRAL,DELEGATED,SINGLE_ENTITY,MARKET,ANCESTRAL,ELECTION,TALKATIVE,JOYFUL,OPTIMISTIC,JUST_ENOUGH,"{""motivation"":""PLEASURE is designed to treat enjoyment as a meaningful end and signal; SELFISH centers the actor's own gain. ALTRUISTIC (others' welfare) and RECIPROCAL (mutual return) are less appropriate to that game-semantic emphasis."",""operatingStyle"":""PLEASURE is designed to treat enjoyment as a meaningful end and signal; TEAMWORK centers coordinated action. SITUATIONAL (context-sensitive grouping) and SOLO (independent action) are less appropriate to that game-semantic emphasis."",""structureOrientation"":""PLEASURE is designed to treat enjoyment as a meaningful end and signal; NEUTRAL centers flexible structure. ORDERED (stable rules) and CHAOS (disruption and flux) are less appropriate to that game-semantic emphasis."",""administrationMode"":""PLEASURE is designed to treat enjoyment as a meaningful end and signal; DELEGATED centers discrete entrusted agents. CENTRALIZED (one coordinating center) and DISTRIBUTED (shared local coordination) are less appropriate to that game-semantic emphasis."",""ownershipMode"":""PLEASURE is designed to treat enjoyment as a meaningful end and signal; SINGLE_ENTITY centers exclusive control. SHARED_TITLE (bounded joint claims) and COMMON_USE (open collective access) are less appropriate to that game-semantic emphasis."",""allocationMode"":""PLEASURE is designed to treat enjoyment as a meaningful end and signal; MARKET centers competitive exchange. PLANNED (deliberate assignment) and CUSTOMARY (established practice) are less appropriate to that game-semantic emphasis."",""legitimacyBasis"":""PLEASURE is designed to treat enjoyment as a meaningful end and signal; ANCESTRAL centers inherited continuity. CHARTERED (explicit agreed rules) and MARTIAL (demonstrated force) are less appropriate to that game-semantic emphasis."",""authoritySource"":""PLEASURE is designed to treat enjoyment as a meaningful end and signal; ELECTION centers peer selection. APPOINTMENT (entrusted office) and DIVINE_MANDATE (sacred sanction) are less appropriate to that game-semantic emphasis."",""loquacity"":""PLEASURE is designed to treat enjoyment as a meaningful end and signal; TALKATIVE centers abundant signaling. LIGHT_BANTER (selective social exchange) and TO_THE_POINT (minimal instrumental signaling) are less appropriate to that game-semantic emphasis."",""emotionalTemperature"":""PLEASURE is designed to treat enjoyment as a meaningful end and signal; JOYFUL centers open positive affect. COMPOSED (contained affect) and IRRITABLE (ready negative activation) are less appropriate to that game-semantic emphasis."",""outlookOrientation"":""PLEASURE is designed to treat enjoyment as a meaningful end and signal; OPTIMISTIC centers expected improvement. NEUTRAL (contingent expectations) and PESSIMISTIC (expected loss or failure) are less appropriate to that game-semantic emphasis."",""collaborativePosture"":""PLEASURE is designed to treat enjoyment as a meaningful end and signal; JUST_ENOUGH centers minimum sufficient contribution. HELPFUL (active contribution) and WITHHOLDING (guarded non-contribution) are less appropriate to that game-semantic emphasis.""}",
PERSONALITY_PROFILE_DIMENSIONS_V1,POSSESSION,"claim, retain, and defend valued things",SELFISH,SOLO,NEUTRAL,CENTRALIZED,SINGLE_ENTITY,PLANNED,ANCESTRAL,ELECTION,LIGHT_BANTER,JOYFUL,NEUTRAL,WITHHOLDING,"{""motivation"":""POSSESSION is designed to claim, retain, and defend valued things; SELFISH centers the actor's own gain. ALTRUISTIC (others' welfare) and RECIPROCAL (mutual return) are less appropriate to that game-semantic emphasis."",""operatingStyle"":""POSSESSION is designed to claim, retain, and defend valued things; SOLO centers independent action. TEAMWORK (coordinated action) and SITUATIONAL (context-sensitive grouping) are less appropriate to that game-semantic emphasis."",""structureOrientation"":""POSSESSION is designed to claim, retain, and defend valued things; NEUTRAL centers flexible structure. ORDERED (stable rules) and CHAOS (disruption and flux) are less appropriate to that game-semantic emphasis."",""administrationMode"":""POSSESSION is designed to claim, retain, and defend valued things; CENTRALIZED centers one coordinating center. DISTRIBUTED (shared local coordination) and DELEGATED (discrete entrusted agents) are less appropriate to that game-semantic emphasis."",""ownershipMode"":""POSSESSION is designed to claim, retain, and defend valued things; SINGLE_ENTITY centers exclusive control. SHARED_TITLE (bounded joint claims) and COMMON_USE (open collective access) are less appropriate to that game-semantic emphasis."",""allocationMode"":""POSSESSION is designed to claim, retain, and defend valued things; PLANNED centers deliberate assignment. CUSTOMARY (established practice) and MARKET (competitive exchange) are less appropriate to that game-semantic emphasis."",""legitimacyBasis"":""POSSESSION is designed to claim, retain, and defend valued things; ANCESTRAL centers inherited continuity. CHARTERED (explicit agreed rules) and MARTIAL (demonstrated force) are less appropriate to that game-semantic emphasis."",""authoritySource"":""POSSESSION is designed to claim, retain, and defend valued things; ELECTION centers peer selection. APPOINTMENT (entrusted office) and DIVINE_MANDATE (sacred sanction) are less appropriate to that game-semantic emphasis."",""loquacity"":""POSSESSION is designed to claim, retain, and defend valued things; LIGHT_BANTER centers selective social exchange. TALKATIVE (abundant signaling) and TO_THE_POINT (minimal instrumental signaling) are less appropriate to that game-semantic emphasis."",""emotionalTemperature"":""POSSESSION is designed to claim, retain, and defend valued things; JOYFUL centers open positive affect. COMPOSED (contained affect) and IRRITABLE (ready negative activation) are less appropriate to that game-semantic emphasis."",""outlookOrientation"":""POSSESSION is designed to claim, retain, and defend valued things; NEUTRAL centers contingent expectations. OPTIMISTIC (expected improvement) and PESSIMISTIC (expected loss or failure) are less appropriate to that game-semantic emphasis."",""collaborativePosture"":""POSSESSION is designed to claim, retain, and defend valued things; WITHHOLDING centers guarded non-contribution. HELPFUL (active contribution) and JUST_ENOUGH (minimum sufficient contribution) are less appropriate to that game-semantic emphasis.""}",
PERSONALITY_PROFILE_DIMENSIONS_V1,POWER,acquire capacity to determine outcomes,SELFISH,SOLO,NEUTRAL,CENTRALIZED,SINGLE_ENTITY,PLANNED,MARTIAL,DIVINE_MANDATE,LIGHT_BANTER,JOYFUL,NEUTRAL,WITHHOLDING,"{""motivation"":""POWER is designed to acquire capacity to determine outcomes; SELFISH centers the actor's own gain. ALTRUISTIC (others' welfare) and RECIPROCAL (mutual return) are less appropriate to that game-semantic emphasis."",""operatingStyle"":""POWER is designed to acquire capacity to determine outcomes; SOLO centers independent action. TEAMWORK (coordinated action) and SITUATIONAL (context-sensitive grouping) are less appropriate to that game-semantic emphasis."",""structureOrientation"":""POWER is designed to acquire capacity to determine outcomes; NEUTRAL centers flexible structure. ORDERED (stable rules) and CHAOS (disruption and flux) are less appropriate to that game-semantic emphasis."",""administrationMode"":""POWER is designed to acquire capacity to determine outcomes; CENTRALIZED centers one coordinating center. DISTRIBUTED (shared local coordination) and DELEGATED (discrete entrusted agents) are less appropriate to that game-semantic emphasis."",""ownershipMode"":""POWER is designed to acquire capacity to determine outcomes; SINGLE_ENTITY centers exclusive control. SHARED_TITLE (bounded joint claims) and COMMON_USE (open collective access) are less appropriate to that game-semantic emphasis."",""allocationMode"":""POWER is designed to acquire capacity to determine outcomes; PLANNED centers deliberate assignment. CUSTOMARY (established practice) and MARKET (competitive exchange) are less appropriate to that game-semantic emphasis."",""legitimacyBasis"":""POWER is designed to acquire capacity to determine outcomes; MARTIAL centers demonstrated force. CHARTERED (explicit agreed rules) and ANCESTRAL (inherited continuity) are less appropriate to that game-semantic emphasis."",""authoritySource"":""POWER is designed to acquire capacity to determine outcomes; DIVINE_MANDATE centers sacred sanction. APPOINTMENT (entrusted office) and ELECTION (peer selection) are less appropriate to that game-semantic emphasis."",""loquacity"":""POWER is designed to acquire capacity to determine outcomes; LIGHT_BANTER centers selective social exchange. TALKATIVE (abundant signaling) and TO_THE_POINT (minimal instrumental signaling) are less appropriate to that game-semantic emphasis."",""emotionalTemperature"":""POWER is designed to acquire capacity to determine outcomes; JOYFUL centers open positive affect. COMPOSED (contained affect) and IRRITABLE (ready negative activation) are less appropriate to that game-semantic emphasis."",""outlookOrientation"":""POWER is designed to acquire capacity to determine outcomes; NEUTRAL centers contingent expectations. OPTIMISTIC (expected improvement) and PESSIMISTIC (expected loss or failure) are less appropriate to that game-semantic emphasis."",""collaborativePosture"":""POWER is designed to acquire capacity to determine outcomes; WITHHOLDING centers guarded non-contribution. HELPFUL (active contribution) and JUST_ENOUGH (minimum sufficient contribution) are less appropriate to that game-semantic emphasis.""}",
PERSONALITY_PROFILE_DIMENSIONS_V1,PROTECTION,stand between valued others and credible harm,ALTRUISTIC,TEAMWORK,ORDERED,DELEGATED,COMMON_USE,PLANNED,CHARTERED,APPOINTMENT,TO_THE_POINT,IRRITABLE,OPTIMISTIC,HELPFUL,"{""motivation"":""PROTECTION is designed to stand between valued others and credible harm; ALTRUISTIC centers others' welfare. RECIPROCAL (mutual return) and SELFISH (the actor's own gain) are less appropriate to that game-semantic emphasis."",""operatingStyle"":""PROTECTION is designed to stand between valued others and credible harm; TEAMWORK centers coordinated action. SITUATIONAL (context-sensitive grouping) and SOLO (independent action) are less appropriate to that game-semantic emphasis."",""structureOrientation"":""PROTECTION is designed to stand between valued others and credible harm; ORDERED centers stable rules. NEUTRAL (flexible structure) and CHAOS (disruption and flux) are less appropriate to that game-semantic emphasis."",""administrationMode"":""PROTECTION is designed to stand between valued others and credible harm; DELEGATED centers discrete entrusted agents. CENTRALIZED (one coordinating center) and DISTRIBUTED (shared local coordination) are less appropriate to that game-semantic emphasis."",""ownershipMode"":""PROTECTION is designed to stand between valued others and credible harm; COMMON_USE centers open collective access. SINGLE_ENTITY (exclusive control) and SHARED_TITLE (bounded joint claims) are less appropriate to that game-semantic emphasis."",""allocationMode"":""PROTECTION is designed to stand between valued others and credible harm; PLANNED centers deliberate assignment. CUSTOMARY (established practice) and MARKET (competitive exchange) are less appropriate to that game-semantic emphasis."",""legitimacyBasis"":""PROTECTION is designed to stand between valued others and credible harm; CHARTERED centers explicit agreed rules. ANCESTRAL (inherited continuity) and MARTIAL (demonstrated force) are less appropriate to that game-semantic emphasis."",""authoritySource"":""PROTECTION is designed to stand between valued others and credible harm; APPOINTMENT centers entrusted office. ELECTION (peer selection) and DIVINE_MANDATE (sacred sanction) are less appropriate to that game-semantic emphasis."",""loquacity"":""PROTECTION is designed to stand between valued others and credible harm; TO_THE_POINT centers minimal instrumental signaling. TALKATIVE (abundant signaling) and LIGHT_BANTER (selective social exchange) are less appropriate to that game-semantic emphasis."",""emotionalTemperature"":""PROTECTION is designed to stand between valued others and credible harm; IRRITABLE centers ready negative activation. COMPOSED (contained affect) and JOYFUL (open positive affect) are less appropriate to that game-semantic emphasis."",""outlookOrientation"":""PROTECTION is designed to stand between valued others and credible harm; OPTIMISTIC centers expected improvement. NEUTRAL (contingent expectations) and PESSIMISTIC (expected loss or failure) are less appropriate to that game-semantic emphasis."",""collaborativePosture"":""PROTECTION is designed to stand between valued others and credible harm; HELPFUL centers active contribution. WITHHOLDING (guarded non-contribution) and JUST_ENOUGH (minimum sufficient contribution) are less appropriate to that game-semantic emphasis.""}",
PERSONALITY_PROFILE_DIMENSIONS_V1,PURPOSE,organize choices around a defining objective,ALTRUISTIC,SITUATIONAL,ORDERED,DELEGATED,SHARED_TITLE,PLANNED,CHARTERED,APPOINTMENT,LIGHT_BANTER,COMPOSED,OPTIMISTIC,JUST_ENOUGH,"{""motivation"":""PURPOSE is designed to organize choices around a defining objective; ALTRUISTIC centers others' welfare. RECIPROCAL (mutual return) and SELFISH (the actor's own gain) are less appropriate to that game-semantic emphasis."",""operatingStyle"":""PURPOSE is designed to organize choices around a defining objective; SITUATIONAL centers context-sensitive grouping. TEAMWORK (coordinated action) and SOLO (independent action) are less appropriate to that game-semantic emphasis."",""structureOrientation"":""PURPOSE is designed to organize choices around a defining objective; ORDERED centers stable rules. NEUTRAL (flexible structure) and CHAOS (disruption and flux) are less appropriate to that game-semantic emphasis."",""administrationMode"":""PURPOSE is designed to organize choices around a defining objective; DELEGATED centers discrete entrusted agents. CENTRALIZED (one coordinating center) and DISTRIBUTED (shared local coordination) are less appropriate to that game-semantic emphasis."",""ownershipMode"":""PURPOSE is designed to organize choices around a defining objective; SHARED_TITLE centers bounded joint claims. SINGLE_ENTITY (exclusive control) and COMMON_USE (open collective access) are less appropriate to that game-semantic emphasis."",""allocationMode"":""PURPOSE is designed to organize choices around a defining objective; PLANNED centers deliberate assignment. CUSTOMARY (established practice) and MARKET (competitive exchange) are less appropriate to that game-semantic emphasis."",""legitimacyBasis"":""PURPOSE is designed to organize choices around a defining objective; CHARTERED centers explicit agreed rules. ANCESTRAL (inherited continuity) and MARTIAL (demonstrated force) are less appropriate to that game-semantic emphasis."",""authoritySource"":""PURPOSE is designed to organize choices around a defining objective; APPOINTMENT centers entrusted office. ELECTION (peer selection) and DIVINE_MANDATE (sacred sanction) are less appropriate to that game-semantic emphasis."",""loquacity"":""PURPOSE is designed to organize choices around a defining objective; LIGHT_BANTER centers selective social exchange. TALKATIVE (abundant signaling) and TO_THE_POINT (minimal instrumental signaling) are less appropriate to that game-semantic emphasis."",""emotionalTemperature"":""PURPOSE is designed to organize choices around a defining objective; COMPOSED centers contained affect. JOYFUL (open positive affect) and IRRITABLE (ready negative activation) are less appropriate to that game-semantic emphasis."",""outlookOrientation"":""PURPOSE is designed to organize choices around a defining objective; OPTIMISTIC centers expected improvement. NEUTRAL (contingent expectations) and PESSIMISTIC (expected loss or failure) are less appropriate to that game-semantic emphasis."",""collaborativePosture"":""PURPOSE is designed to organize choices around a defining objective; JUST_ENOUGH centers minimum sufficient contribution. HELPFUL (active contribution) and WITHHOLDING (guarded non-contribution) are less appropriate to that game-semantic emphasis.""}","PURPOSE shares this controlled-value shape with PERSEVERANCE, PURPOSE because the twelve simulator dimensions are coarse, while its distinct authored meaning remains organize choices around a defining objective. This is reviewed semantic convergence, not copied identity."
PERSONALITY_PROFILE_DIMENSIONS_V1,REACTANCE,resist restrictions that threaten agency,SELFISH,SOLO,CHAOS,DISTRIBUTED,SINGLE_ENTITY,MARKET,MARTIAL,ELECTION,LIGHT_BANTER,IRRITABLE,PESSIMISTIC,WITHHOLDING,"{""motivation"":""REACTANCE is designed to resist restrictions that threaten agency; SELFISH centers the actor's own gain. ALTRUISTIC (others' welfare) and RECIPROCAL (mutual return) are less appropriate to that game-semantic emphasis."",""operatingStyle"":""REACTANCE is designed to resist restrictions that threaten agency; SOLO centers independent action. TEAMWORK (coordinated action) and SITUATIONAL (context-sensitive grouping) are less appropriate to that game-semantic emphasis."",""structureOrientation"":""REACTANCE is designed to resist restrictions that threaten agency; CHAOS centers disruption and flux. ORDERED (stable rules) and NEUTRAL (flexible structure) are less appropriate to that game-semantic emphasis."",""administrationMode"":""REACTANCE is designed to resist restrictions that threaten agency; DISTRIBUTED centers shared local coordination. CENTRALIZED (one coordinating center) and DELEGATED (discrete entrusted agents) are less appropriate to that game-semantic emphasis."",""ownershipMode"":""REACTANCE is designed to resist restrictions that threaten agency; SINGLE_ENTITY centers exclusive control. SHARED_TITLE (bounded joint claims) and COMMON_USE (open collective access) are less appropriate to that game-semantic emphasis."",""allocationMode"":""REACTANCE is designed to resist restrictions that threaten agency; MARKET centers competitive exchange. PLANNED (deliberate assignment) and CUSTOMARY (established practice) are less appropriate to that game-semantic emphasis."",""legitimacyBasis"":""REACTANCE is designed to resist restrictions that threaten agency; MARTIAL centers demonstrated force. CHARTERED (explicit agreed rules) and ANCESTRAL (inherited continuity) are less appropriate to that game-semantic emphasis."",""authoritySource"":""REACTANCE is designed to resist restrictions that threaten agency; ELECTION centers peer selection. APPOINTMENT (entrusted office) and DIVINE_MANDATE (sacred sanction) are less appropriate to that game-semantic emphasis."",""loquacity"":""REACTANCE is designed to resist restrictions that threaten agency; LIGHT_BANTER centers selective social exchange. TALKATIVE (abundant signaling) and TO_THE_POINT (minimal instrumental signaling) are less appropriate to that game-semantic emphasis."",""emotionalTemperature"":""REACTANCE is designed to resist restrictions that threaten agency; IRRITABLE centers ready negative activation. COMPOSED (contained affect) and JOYFUL (open positive affect) are less appropriate to that game-semantic emphasis."",""outlookOrientation"":""REACTANCE is designed to resist restrictions that threaten agency; PESSIMISTIC centers expected loss or failure. OPTIMISTIC (expected improvement) and NEUTRAL (contingent expectations) are less appropriate to that game-semantic emphasis."",""collaborativePosture"":""REACTANCE is designed to resist restrictions that threaten agency; WITHHOLDING centers guarded non-contribution. HELPFUL (active contribution) and JUST_ENOUGH (minimum sufficient contribution) are less appropriate to that game-semantic emphasis.""}",
PERSONALITY_PROFILE_DIMENSIONS_V1,RECIPROCITY,sustain exchange through mutual obligation,ALTRUISTIC,TEAMWORK,NEUTRAL,DISTRIBUTED,COMMON_USE,CUSTOMARY,CHARTERED,ELECTION,LIGHT_BANTER,JOYFUL,NEUTRAL,HELPFUL,"{""motivation"":""RECIPROCITY is designed to sustain exchange through mutual obligation; ALTRUISTIC centers others' welfare. RECIPROCAL (mutual return) and SELFISH (the actor's own gain) are less appropriate to that game-semantic emphasis."",""operatingStyle"":""RECIPROCITY is designed to sustain exchange through mutual obligation; TEAMWORK centers coordinated action. SITUATIONAL (context-sensitive grouping) and SOLO (independent action) are less appropriate to that game-semantic emphasis."",""structureOrientation"":""RECIPROCITY is designed to sustain exchange through mutual obligation; NEUTRAL centers flexible structure. ORDERED (stable rules) and CHAOS (disruption and flux) are less appropriate to that game-semantic emphasis."",""administrationMode"":""RECIPROCITY is designed to sustain exchange through mutual obligation; DISTRIBUTED centers shared local coordination. CENTRALIZED (one coordinating center) and DELEGATED (discrete entrusted agents) are less appropriate to that game-semantic emphasis."",""ownershipMode"":""RECIPROCITY is designed to sustain exchange through mutual obligation; COMMON_USE centers open collective access. SINGLE_ENTITY (exclusive control) and SHARED_TITLE (bounded joint claims) are less appropriate to that game-semantic emphasis."",""allocationMode"":""RECIPROCITY is designed to sustain exchange through mutual obligation; CUSTOMARY centers established practice. PLANNED (deliberate assignment) and MARKET (competitive exchange) are less appropriate to that game-semantic emphasis."",""legitimacyBasis"":""RECIPROCITY is designed to sustain exchange through mutual obligation; CHARTERED centers explicit agreed rules. ANCESTRAL (inherited continuity) and MARTIAL (demonstrated force) are less appropriate to that game-semantic emphasis."",""authoritySource"":""RECIPROCITY is designed to sustain exchange through mutual obligation; ELECTION centers peer selection. APPOINTMENT (entrusted office) and DIVINE_MANDATE (sacred sanction) are less appropriate to that game-semantic emphasis."",""loquacity"":""RECIPROCITY is designed to sustain exchange through mutual obligation; LIGHT_BANTER centers selective social exchange. TALKATIVE (abundant signaling) and TO_THE_POINT (minimal instrumental signaling) are less appropriate to that game-semantic emphasis."",""emotionalTemperature"":""RECIPROCITY is designed to sustain exchange through mutual obligation; JOYFUL centers open positive affect. COMPOSED (contained affect) and IRRITABLE (ready negative activation) are less appropriate to that game-semantic emphasis."",""outlookOrientation"":""RECIPROCITY is designed to sustain exchange through mutual obligation; NEUTRAL centers contingent expectations. OPTIMISTIC (expected improvement) and PESSIMISTIC (expected loss or failure) are less appropriate to that game-semantic emphasis."",""collaborativePosture"":""RECIPROCITY is designed to sustain exchange through mutual obligation; HELPFUL centers active contribution. WITHHOLDING (guarded non-contribution) and JUST_ENOUGH (minimum sufficient contribution) are less appropriate to that game-semantic emphasis.""}",
PERSONALITY_PROFILE_DIMENSIONS_V1,RECOGNITION,seek accurate acknowledgment of identity and contribution,RECIPROCAL,TEAMWORK,NEUTRAL,DELEGATED,SHARED_TITLE,CUSTOMARY,CHARTERED,ELECTION,TALKATIVE,JOYFUL,NEUTRAL,JUST_ENOUGH,"{""motivation"":""RECOGNITION is designed to seek accurate acknowledgment of identity and contribution; RECIPROCAL centers mutual return. ALTRUISTIC (others' welfare) and SELFISH (the actor's own gain) are less appropriate to that game-semantic emphasis."",""operatingStyle"":""RECOGNITION is designed to seek accurate acknowledgment of identity and contribution; TEAMWORK centers coordinated action. SITUATIONAL (context-sensitive grouping) and SOLO (independent action) are less appropriate to that game-semantic emphasis."",""structureOrientation"":""RECOGNITION is designed to seek accurate acknowledgment of identity and contribution; NEUTRAL centers flexible structure. ORDERED (stable rules) and CHAOS (disruption and flux) are less appropriate to that game-semantic emphasis."",""administrationMode"":""RECOGNITION is designed to seek accurate acknowledgment of identity and contribution; DELEGATED centers discrete entrusted agents. CENTRALIZED (one coordinating center) and DISTRIBUTED (shared local coordination) are less appropriate to that game-semantic emphasis."",""ownershipMode"":""RECOGNITION is designed to seek accurate acknowledgment of identity and contribution; SHARED_TITLE centers bounded joint claims. SINGLE_ENTITY (exclusive control) and COMMON_USE (open collective access) are less appropriate to that game-semantic emphasis."",""allocationMode"":""RECOGNITION is designed to seek accurate acknowledgment of identity and contribution; CUSTOMARY centers established practice. PLANNED (deliberate assignment) and MARKET (competitive exchange) are less appropriate to that game-semantic emphasis."",""legitimacyBasis"":""RECOGNITION is designed to seek accurate acknowledgment of identity and contribution; CHARTERED centers explicit agreed rules. ANCESTRAL (inherited continuity) and MARTIAL (demonstrated force) are less appropriate to that game-semantic emphasis."",""authoritySource"":""RECOGNITION is designed to seek accurate acknowledgment of identity and contribution; ELECTION centers peer selection. APPOINTMENT (entrusted office) and DIVINE_MANDATE (sacred sanction) are less appropriate to that game-semantic emphasis."",""loquacity"":""RECOGNITION is designed to seek accurate acknowledgment of identity and contribution; TALKATIVE centers abundant signaling. LIGHT_BANTER (selective social exchange) and TO_THE_POINT (minimal instrumental signaling) are less appropriate to that game-semantic emphasis."",""emotionalTemperature"":""RECOGNITION is designed to seek accurate acknowledgment of identity and contribution; JOYFUL centers open positive affect. COMPOSED (contained affect) and IRRITABLE (ready negative activation) are less appropriate to that game-semantic emphasis."",""outlookOrientation"":""RECOGNITION is designed to seek accurate acknowledgment of identity and contribution; NEUTRAL centers contingent expectations. OPTIMISTIC (expected improvement) and PESSIMISTIC (expected loss or failure) are less appropriate to that game-semantic emphasis."",""collaborativePosture"":""RECOGNITION is designed to seek accurate acknowledgment of identity and contribution; JUST_ENOUGH centers minimum sufficient contribution. HELPFUL (active contribution) and WITHHOLDING (guarded non-contribution) are less appropriate to that game-semantic emphasis.""}",
PERSONALITY_PROFILE_DIMENSIONS_V1,REPAIR,"restore damaged relationships, systems, and structures",ALTRUISTIC,TEAMWORK,ORDERED,DELEGATED,COMMON_USE,PLANNED,CHARTERED,APPOINTMENT,LIGHT_BANTER,JOYFUL,OPTIMISTIC,HELPFUL,"{""motivation"":""REPAIR is designed to restore damaged relationships, systems, and structures; ALTRUISTIC centers others' welfare. RECIPROCAL (mutual return) and SELFISH (the actor's own gain) are less appropriate to that game-semantic emphasis."",""operatingStyle"":""REPAIR is designed to restore damaged relationships, systems, and structures; TEAMWORK centers coordinated action. SITUATIONAL (context-sensitive grouping) and SOLO (independent action) are less appropriate to that game-semantic emphasis."",""structureOrientation"":""REPAIR is designed to restore damaged relationships, systems, and structures; ORDERED centers stable rules. NEUTRAL (flexible structure) and CHAOS (disruption and flux) are less appropriate to that game-semantic emphasis."",""administrationMode"":""REPAIR is designed to restore damaged relationships, systems, and structures; DELEGATED centers discrete entrusted agents. CENTRALIZED (one coordinating center) and DISTRIBUTED (shared local coordination) are less appropriate to that game-semantic emphasis."",""ownershipMode"":""REPAIR is designed to restore damaged relationships, systems, and structures; COMMON_USE centers open collective access. SINGLE_ENTITY (exclusive control) and SHARED_TITLE (bounded joint claims) are less appropriate to that game-semantic emphasis."",""allocationMode"":""REPAIR is designed to restore damaged relationships, systems, and structures; PLANNED centers deliberate assignment. CUSTOMARY (established practice) and MARKET (competitive exchange) are less appropriate to that game-semantic emphasis."",""legitimacyBasis"":""REPAIR is designed to restore damaged relationships, systems, and structures; CHARTERED centers explicit agreed rules. ANCESTRAL (inherited continuity) and MARTIAL (demonstrated force) are less appropriate to that game-semantic emphasis."",""authoritySource"":""REPAIR is designed to restore damaged relationships, systems, and structures; APPOINTMENT centers entrusted office. ELECTION (peer selection) and DIVINE_MANDATE (sacred sanction) are less appropriate to that game-semantic emphasis."",""loquacity"":""REPAIR is designed to restore damaged relationships, systems, and structures; LIGHT_BANTER centers selective social exchange. TALKATIVE (abundant signaling) and TO_THE_POINT (minimal instrumental signaling) are less appropriate to that game-semantic emphasis."",""emotionalTemperature"":""REPAIR is designed to restore damaged relationships, systems, and structures; JOYFUL centers open positive affect. COMPOSED (contained affect) and IRRITABLE (ready negative activation) are less appropriate to that game-semantic emphasis."",""outlookOrientation"":""REPAIR is designed to restore damaged relationships, systems, and structures; OPTIMISTIC centers expected improvement. NEUTRAL (contingent expectations) and PESSIMISTIC (expected loss or failure) are less appropriate to that game-semantic emphasis."",""collaborativePosture"":""REPAIR is designed to restore damaged relationships, systems, and structures; HELPFUL centers active contribution. WITHHOLDING (guarded non-contribution) and JUST_ENOUGH (minimum sufficient contribution) are less appropriate to that game-semantic emphasis.""}","REPAIR shares this controlled-value shape with REPAIR, STEWARDSHIP because the twelve simulator dimensions are coarse, while its distinct authored meaning remains restore damaged relationships, systems, and structures. This is reviewed semantic convergence, not copied identity."
PERSONALITY_PROFILE_DIMENSIONS_V1,REPUTATION,manage the remembered public meaning of conduct,RECIPROCAL,TEAMWORK,ORDERED,DELEGATED,SHARED_TITLE,MARKET,ANCESTRAL,ELECTION,TALKATIVE,JOYFUL,NEUTRAL,JUST_ENOUGH,"{""motivation"":""REPUTATION is designed to manage the remembered public meaning of conduct; RECIPROCAL centers mutual return. ALTRUISTIC (others' welfare) and SELFISH (the actor's own gain) are less appropriate to that game-semantic emphasis."",""operatingStyle"":""REPUTATION is designed to manage the remembered public meaning of conduct; TEAMWORK centers coordinated action. SITUATIONAL (context-sensitive grouping) and SOLO (independent action) are less appropriate to that game-semantic emphasis."",""structureOrientation"":""REPUTATION is designed to manage the remembered public meaning of conduct; ORDERED centers stable rules. NEUTRAL (flexible structure) and CHAOS (disruption and flux) are less appropriate to that game-semantic emphasis."",""administrationMode"":""REPUTATION is designed to manage the remembered public meaning of conduct; DELEGATED centers discrete entrusted agents. CENTRALIZED (one coordinating center) and DISTRIBUTED (shared local coordination) are less appropriate to that game-semantic emphasis."",""ownershipMode"":""REPUTATION is designed to manage the remembered public meaning of conduct; SHARED_TITLE centers bounded joint claims. SINGLE_ENTITY (exclusive control) and COMMON_USE (open collective access) are less appropriate to that game-semantic emphasis."",""allocationMode"":""REPUTATION is designed to manage the remembered public meaning of conduct; MARKET centers competitive exchange. PLANNED (deliberate assignment) and CUSTOMARY (established practice) are less appropriate to that game-semantic emphasis."",""legitimacyBasis"":""REPUTATION is designed to manage the remembered public meaning of conduct; ANCESTRAL centers inherited continuity. CHARTERED (explicit agreed rules) and MARTIAL (demonstrated force) are less appropriate to that game-semantic emphasis."",""authoritySource"":""REPUTATION is designed to manage the remembered public meaning of conduct; ELECTION centers peer selection. APPOINTMENT (entrusted office) and DIVINE_MANDATE (sacred sanction) are less appropriate to that game-semantic emphasis."",""loquacity"":""REPUTATION is designed to manage the remembered public meaning of conduct; TALKATIVE centers abundant signaling. LIGHT_BANTER (selective social exchange) and TO_THE_POINT (minimal instrumental signaling) are less appropriate to that game-semantic emphasis."",""emotionalTemperature"":""REPUTATION is designed to manage the remembered public meaning of conduct; JOYFUL centers open positive affect. COMPOSED (contained affect) and IRRITABLE (ready negative activation) are less appropriate to that game-semantic emphasis."",""outlookOrientation"":""REPUTATION is designed to manage the remembered public meaning of conduct; NEUTRAL centers contingent expectations. OPTIMISTIC (expected improvement) and PESSIMISTIC (expected loss or failure) are less appropriate to that game-semantic emphasis."",""collaborativePosture"":""REPUTATION is designed to manage the remembered public meaning of conduct; JUST_ENOUGH centers minimum sufficient contribution. HELPFUL (active contribution) and WITHHOLDING (guarded non-contribution) are less appropriate to that game-semantic emphasis.""}",
PERSONALITY_PROFILE_DIMENSIONS_V1,RESTRAINT,limit available force or appetite by deliberate choice,RECIPROCAL,SITUATIONAL,ORDERED,CENTRALIZED,SHARED_TITLE,PLANNED,CHARTERED,APPOINTMENT,TO_THE_POINT,COMPOSED,NEUTRAL,JUST_ENOUGH,"{""motivation"":""RESTRAINT is designed to limit available force or appetite by deliberate choice; RECIPROCAL centers mutual return. ALTRUISTIC (others' welfare) and SELFISH (the actor's own gain) are less appropriate to that game-semantic emphasis."",""operatingStyle"":""RESTRAINT is designed to limit available force or appetite by deliberate choice; SITUATIONAL centers context-sensitive grouping. TEAMWORK (coordinated action) and SOLO (independent action) are less appropriate to that game-semantic emphasis."",""structureOrientation"":""RESTRAINT is designed to limit available force or appetite by deliberate choice; ORDERED centers stable rules. NEUTRAL (flexible structure) and CHAOS (disruption and flux) are less appropriate to that game-semantic emphasis."",""administrationMode"":""RESTRAINT is designed to limit available force or appetite by deliberate choice; CENTRALIZED centers one coordinating center. DISTRIBUTED (shared local coordination) and DELEGATED (discrete entrusted agents) are less appropriate to that game-semantic emphasis."",""ownershipMode"":""RESTRAINT is designed to limit available force or appetite by deliberate choice; SHARED_TITLE centers bounded joint claims. SINGLE_ENTITY (exclusive control) and COMMON_USE (open collective access) are less appropriate to that game-semantic emphasis."",""allocationMode"":""RESTRAINT is designed to limit available force or appetite by deliberate choice; PLANNED centers deliberate assignment. CUSTOMARY (established practice) and MARKET (competitive exchange) are less appropriate to that game-semantic emphasis."",""legitimacyBasis"":""RESTRAINT is designed to limit available force or appetite by deliberate choice; CHARTERED centers explicit agreed rules. ANCESTRAL (inherited continuity) and MARTIAL (demonstrated force) are less appropriate to that game-semantic emphasis."",""authoritySource"":""RESTRAINT is designed to limit available force or appetite by deliberate choice; APPOINTMENT centers entrusted office. ELECTION (peer selection) and DIVINE_MANDATE (sacred sanction) are less appropriate to that game-semantic emphasis."",""loquacity"":""RESTRAINT is designed to limit available force or appetite by deliberate choice; TO_THE_POINT centers minimal instrumental signaling. TALKATIVE (abundant signaling) and LIGHT_BANTER (selective social exchange) are less appropriate to that game-semantic emphasis."",""emotionalTemperature"":""RESTRAINT is designed to limit available force or appetite by deliberate choice; COMPOSED centers contained affect. JOYFUL (open positive affect) and IRRITABLE (ready negative activation) are less appropriate to that game-semantic emphasis."",""outlookOrientation"":""RESTRAINT is designed to limit available force or appetite by deliberate choice; NEUTRAL centers contingent expectations. OPTIMISTIC (expected improvement) and PESSIMISTIC (expected loss or failure) are less appropriate to that game-semantic emphasis."",""collaborativePosture"":""RESTRAINT is designed to limit available force or appetite by deliberate choice; JUST_ENOUGH centers minimum sufficient contribution. HELPFUL (active contribution) and WITHHOLDING (guarded non-contribution) are less appropriate to that game-semantic emphasis.""}","RESTRAINT shares this controlled-value shape with CLOSURE, DISCIPLINE, RESTRAINT because the twelve simulator dimensions are coarse, while its distinct authored meaning remains limit available force or appetite by deliberate choice. This is reviewed semantic convergence, not copied identity."
PERSONALITY_PROFILE_DIMENSIONS_V1,RISK,accept uncertain loss in pursuit of meaningful gain,RECIPROCAL,SITUATIONAL,NEUTRAL,DISTRIBUTED,SHARED_TITLE,MARKET,ANCESTRAL,ELECTION,LIGHT_BANTER,JOYFUL,OPTIMISTIC,JUST_ENOUGH,"{""motivation"":""RISK is designed to accept uncertain loss in pursuit of meaningful gain; RECIPROCAL centers mutual return. ALTRUISTIC (others' welfare) and SELFISH (the actor's own gain) are less appropriate to that game-semantic emphasis."",""operatingStyle"":""RISK is designed to accept uncertain loss in pursuit of meaningful gain; SITUATIONAL centers context-sensitive grouping. TEAMWORK (coordinated action) and SOLO (independent action) are less appropriate to that game-semantic emphasis."",""structureOrientation"":""RISK is designed to accept uncertain loss in pursuit of meaningful gain; NEUTRAL centers flexible structure. ORDERED (stable rules) and CHAOS (disruption and flux) are less appropriate to that game-semantic emphasis."",""administrationMode"":""RISK is designed to accept uncertain loss in pursuit of meaningful gain; DISTRIBUTED centers shared local coordination. CENTRALIZED (one coordinating center) and DELEGATED (discrete entrusted agents) are less appropriate to that game-semantic emphasis."",""ownershipMode"":""RISK is designed to accept uncertain loss in pursuit of meaningful gain; SHARED_TITLE centers bounded joint claims. SINGLE_ENTITY (exclusive control) and COMMON_USE (open collective access) are less appropriate to that game-semantic emphasis."",""allocationMode"":""RISK is designed to accept uncertain loss in pursuit of meaningful gain; MARKET centers competitive exchange. PLANNED (deliberate assignment) and CUSTOMARY (established practice) are less appropriate to that game-semantic emphasis."",""legitimacyBasis"":""RISK is designed to accept uncertain loss in pursuit of meaningful gain; ANCESTRAL centers inherited continuity. CHARTERED (explicit agreed rules) and MARTIAL (demonstrated force) are less appropriate to that game-semantic emphasis."",""authoritySource"":""RISK is designed to accept uncertain loss in pursuit of meaningful gain; ELECTION centers peer selection. APPOINTMENT (entrusted office) and DIVINE_MANDATE (sacred sanction) are less appropriate to that game-semantic emphasis."",""loquacity"":""RISK is designed to accept uncertain loss in pursuit of meaningful gain; LIGHT_BANTER centers selective social exchange. TALKATIVE (abundant signaling) and TO_THE_POINT (minimal instrumental signaling) are less appropriate to that game-semantic emphasis."",""emotionalTemperature"":""RISK is designed to accept uncertain loss in pursuit of meaningful gain; JOYFUL centers open positive affect. COMPOSED (contained affect) and IRRITABLE (ready negative activation) are less appropriate to that game-semantic emphasis."",""outlookOrientation"":""RISK is designed to accept uncertain loss in pursuit of meaningful gain; OPTIMISTIC centers expected improvement. NEUTRAL (contingent expectations) and PESSIMISTIC (expected loss or failure) are less appropriate to that game-semantic emphasis."",""collaborativePosture"":""RISK is designed to accept uncertain loss in pursuit of meaningful gain; JUST_ENOUGH centers minimum sufficient contribution. HELPFUL (active contribution) and WITHHOLDING (guarded non-contribution) are less appropriate to that game-semantic emphasis.""}",
PERSONALITY_PROFILE_DIMENSIONS_V1,SCARCITY,allocate attention and resources under persistent lack,RECIPROCAL,SITUATIONAL,NEUTRAL,CENTRALIZED,SINGLE_ENTITY,PLANNED,ANCESTRAL,ELECTION,TO_THE_POINT,COMPOSED,PESSIMISTIC,JUST_ENOUGH,"{""motivation"":""SCARCITY is designed to allocate attention and resources under persistent lack; RECIPROCAL centers mutual return. ALTRUISTIC (others' welfare) and SELFISH (the actor's own gain) are less appropriate to that game-semantic emphasis."",""operatingStyle"":""SCARCITY is designed to allocate attention and resources under persistent lack; SITUATIONAL centers context-sensitive grouping. TEAMWORK (coordinated action) and SOLO (independent action) are less appropriate to that game-semantic emphasis."",""structureOrientation"":""SCARCITY is designed to allocate attention and resources under persistent lack; NEUTRAL centers flexible structure. ORDERED (stable rules) and CHAOS (disruption and flux) are less appropriate to that game-semantic emphasis."",""administrationMode"":""SCARCITY is designed to allocate attention and resources under persistent lack; CENTRALIZED centers one coordinating center. DISTRIBUTED (shared local coordination) and DELEGATED (discrete entrusted agents) are less appropriate to that game-semantic emphasis."",""ownershipMode"":""SCARCITY is designed to allocate attention and resources under persistent lack; SINGLE_ENTITY centers exclusive control. SHARED_TITLE (bounded joint claims) and COMMON_USE (open collective access) are less appropriate to that game-semantic emphasis."",""allocationMode"":""SCARCITY is designed to allocate attention and resources under persistent lack; PLANNED centers deliberate assignment. CUSTOMARY (established practice) and MARKET (competitive exchange) are less appropriate to that game-semantic emphasis."",""legitimacyBasis"":""SCARCITY is designed to allocate attention and resources under persistent lack; ANCESTRAL centers inherited continuity. CHARTERED (explicit agreed rules) and MARTIAL (demonstrated force) are less appropriate to that game-semantic emphasis."",""authoritySource"":""SCARCITY is designed to allocate attention and resources under persistent lack; ELECTION centers peer selection. APPOINTMENT (entrusted office) and DIVINE_MANDATE (sacred sanction) are less appropriate to that game-semantic emphasis."",""loquacity"":""SCARCITY is designed to allocate attention and resources under persistent lack; TO_THE_POINT centers minimal instrumental signaling. TALKATIVE (abundant signaling) and LIGHT_BANTER (selective social exchange) are less appropriate to that game-semantic emphasis."",""emotionalTemperature"":""SCARCITY is designed to allocate attention and resources under persistent lack; COMPOSED centers contained affect. JOYFUL (open positive affect) and IRRITABLE (ready negative activation) are less appropriate to that game-semantic emphasis."",""outlookOrientation"":""SCARCITY is designed to allocate attention and resources under persistent lack; PESSIMISTIC centers expected loss or failure. OPTIMISTIC (expected improvement) and NEUTRAL (contingent expectations) are less appropriate to that game-semantic emphasis."",""collaborativePosture"":""SCARCITY is designed to allocate attention and resources under persistent lack; JUST_ENOUGH centers minimum sufficient contribution. HELPFUL (active contribution) and WITHHOLDING (guarded non-contribution) are less appropriate to that game-semantic emphasis.""}",
PERSONALITY_PROFILE_DIMENSIONS_V1,SECRECY,control access to dangerous or valuable knowledge,SELFISH,SOLO,NEUTRAL,DELEGATED,SINGLE_ENTITY,MARKET,ANCESTRAL,ELECTION,TO_THE_POINT,COMPOSED,NEUTRAL,WITHHOLDING,"{""motivation"":""SECRECY is designed to control access to dangerous or valuable knowledge; SELFISH centers the actor's own gain. ALTRUISTIC (others' welfare) and RECIPROCAL (mutual return) are less appropriate to that game-semantic emphasis."",""operatingStyle"":""SECRECY is designed to control access to dangerous or valuable knowledge; SOLO centers independent action. TEAMWORK (coordinated action) and SITUATIONAL (context-sensitive grouping) are less appropriate to that game-semantic emphasis."",""structureOrientation"":""SECRECY is designed to control access to dangerous or valuable knowledge; NEUTRAL centers flexible structure. ORDERED (stable rules) and CHAOS (disruption and flux) are less appropriate to that game-semantic emphasis."",""administrationMode"":""SECRECY is designed to control access to dangerous or valuable knowledge; DELEGATED centers discrete entrusted agents. CENTRALIZED (one coordinating center) and DISTRIBUTED (shared local coordination) are less appropriate to that game-semantic emphasis."",""ownershipMode"":""SECRECY is designed to control access to dangerous or valuable knowledge; SINGLE_ENTITY centers exclusive control. SHARED_TITLE (bounded joint claims) and COMMON_USE (open collective access) are less appropriate to that game-semantic emphasis."",""allocationMode"":""SECRECY is designed to control access to dangerous or valuable knowledge; MARKET centers competitive exchange. PLANNED (deliberate assignment) and CUSTOMARY (established practice) are less appropriate to that game-semantic emphasis."",""legitimacyBasis"":""SECRECY is designed to control access to dangerous or valuable knowledge; ANCESTRAL centers inherited continuity. CHARTERED (explicit agreed rules) and MARTIAL (demonstrated force) are less appropriate to that game-semantic emphasis."",""authoritySource"":""SECRECY is designed to control access to dangerous or valuable knowledge; ELECTION centers peer selection. APPOINTMENT (entrusted office) and DIVINE_MANDATE (sacred sanction) are less appropriate to that game-semantic emphasis."",""loquacity"":""SECRECY is designed to control access to dangerous or valuable knowledge; TO_THE_POINT centers minimal instrumental signaling. TALKATIVE (abundant signaling) and LIGHT_BANTER (selective social exchange) are less appropriate to that game-semantic emphasis."",""emotionalTemperature"":""SECRECY is designed to control access to dangerous or valuable knowledge; COMPOSED centers contained affect. JOYFUL (open positive affect) and IRRITABLE (ready negative activation) are less appropriate to that game-semantic emphasis."",""outlookOrientation"":""SECRECY is designed to control access to dangerous or valuable knowledge; NEUTRAL centers contingent expectations. OPTIMISTIC (expected improvement) and PESSIMISTIC (expected loss or failure) are less appropriate to that game-semantic emphasis."",""collaborativePosture"":""SECRECY is designed to control access to dangerous or valuable knowledge; WITHHOLDING centers guarded non-contribution. HELPFUL (active contribution) and JUST_ENOUGH (minimum sufficient contribution) are less appropriate to that game-semantic emphasis.""}",
PERSONALITY_PROFILE_DIMENSIONS_V1,SELF_KNOWLEDGE,build an accurate model of one's own state,SELFISH,SOLO,NEUTRAL,DELEGATED,SINGLE_ENTITY,MARKET,ANCESTRAL,ELECTION,TALKATIVE,COMPOSED,OPTIMISTIC,WITHHOLDING,"{""motivation"":""SELF_KNOWLEDGE is designed to build an accurate model of one's own state; SELFISH centers the actor's own gain. ALTRUISTIC (others' welfare) and RECIPROCAL (mutual return) are less appropriate to that game-semantic emphasis."",""operatingStyle"":""SELF_KNOWLEDGE is designed to build an accurate model of one's own state; SOLO centers independent action. TEAMWORK (coordinated action) and SITUATIONAL (context-sensitive grouping) are less appropriate to that game-semantic emphasis."",""structureOrientation"":""SELF_KNOWLEDGE is designed to build an accurate model of one's own state; NEUTRAL centers flexible structure. ORDERED (stable rules) and CHAOS (disruption and flux) are less appropriate to that game-semantic emphasis."",""administrationMode"":""SELF_KNOWLEDGE is designed to build an accurate model of one's own state; DELEGATED centers discrete entrusted agents. CENTRALIZED (one coordinating center) and DISTRIBUTED (shared local coordination) are less appropriate to that game-semantic emphasis."",""ownershipMode"":""SELF_KNOWLEDGE is designed to build an accurate model of one's own state; SINGLE_ENTITY centers exclusive control. SHARED_TITLE (bounded joint claims) and COMMON_USE (open collective access) are less appropriate to that game-semantic emphasis."",""allocationMode"":""SELF_KNOWLEDGE is designed to build an accurate model of one's own state; MARKET centers competitive exchange. PLANNED (deliberate assignment) and CUSTOMARY (established practice) are less appropriate to that game-semantic emphasis."",""legitimacyBasis"":""SELF_KNOWLEDGE is designed to build an accurate model of one's own state; ANCESTRAL centers inherited continuity. CHARTERED (explicit agreed rules) and MARTIAL (demonstrated force) are less appropriate to that game-semantic emphasis."",""authoritySource"":""SELF_KNOWLEDGE is designed to build an accurate model of one's own state; ELECTION centers peer selection. APPOINTMENT (entrusted office) and DIVINE_MANDATE (sacred sanction) are less appropriate to that game-semantic emphasis."",""loquacity"":""SELF_KNOWLEDGE is designed to build an accurate model of one's own state; TALKATIVE centers abundant signaling. LIGHT_BANTER (selective social exchange) and TO_THE_POINT (minimal instrumental signaling) are less appropriate to that game-semantic emphasis."",""emotionalTemperature"":""SELF_KNOWLEDGE is designed to build an accurate model of one's own state; COMPOSED centers contained affect. JOYFUL (open positive affect) and IRRITABLE (ready negative activation) are less appropriate to that game-semantic emphasis."",""outlookOrientation"":""SELF_KNOWLEDGE is designed to build an accurate model of one's own state; OPTIMISTIC centers expected improvement. NEUTRAL (contingent expectations) and PESSIMISTIC (expected loss or failure) are less appropriate to that game-semantic emphasis."",""collaborativePosture"":""SELF_KNOWLEDGE is designed to build an accurate model of one's own state; WITHHOLDING centers guarded non-contribution. HELPFUL (active contribution) and JUST_ENOUGH (minimum sufficient contribution) are less appropriate to that game-semantic emphasis.""}",
PERSONALITY_PROFILE_DIMENSIONS_V1,SELF_REGARD,maintain a workable valuation of the self,SELFISH,SOLO,NEUTRAL,DELEGATED,SINGLE_ENTITY,MARKET,ANCESTRAL,ELECTION,TALKATIVE,JOYFUL,NEUTRAL,WITHHOLDING,"{""motivation"":""SELF_REGARD is designed to maintain a workable valuation of the self; SELFISH centers the actor's own gain. ALTRUISTIC (others' welfare) and RECIPROCAL (mutual return) are less appropriate to that game-semantic emphasis."",""operatingStyle"":""SELF_REGARD is designed to maintain a workable valuation of the self; SOLO centers independent action. TEAMWORK (coordinated action) and SITUATIONAL (context-sensitive grouping) are less appropriate to that game-semantic emphasis."",""structureOrientation"":""SELF_REGARD is designed to maintain a workable valuation of the self; NEUTRAL centers flexible structure. ORDERED (stable rules) and CHAOS (disruption and flux) are less appropriate to that game-semantic emphasis."",""administrationMode"":""SELF_REGARD is designed to maintain a workable valuation of the self; DELEGATED centers discrete entrusted agents. CENTRALIZED (one coordinating center) and DISTRIBUTED (shared local coordination) are less appropriate to that game-semantic emphasis."",""ownershipMode"":""SELF_REGARD is designed to maintain a workable valuation of the self; SINGLE_ENTITY centers exclusive control. SHARED_TITLE (bounded joint claims) and COMMON_USE (open collective access) are less appropriate to that game-semantic emphasis."",""allocationMode"":""SELF_REGARD is designed to maintain a workable valuation of the self; MARKET centers competitive exchange. PLANNED (deliberate assignment) and CUSTOMARY (established practice) are less appropriate to that game-semantic emphasis."",""legitimacyBasis"":""SELF_REGARD is designed to maintain a workable valuation of the self; ANCESTRAL centers inherited continuity. CHARTERED (explicit agreed rules) and MARTIAL (demonstrated force) are less appropriate to that game-semantic emphasis."",""authoritySource"":""SELF_REGARD is designed to maintain a workable valuation of the self; ELECTION centers peer selection. APPOINTMENT (entrusted office) and DIVINE_MANDATE (sacred sanction) are less appropriate to that game-semantic emphasis."",""loquacity"":""SELF_REGARD is designed to maintain a workable valuation of the self; TALKATIVE centers abundant signaling. LIGHT_BANTER (selective social exchange) and TO_THE_POINT (minimal instrumental signaling) are less appropriate to that game-semantic emphasis."",""emotionalTemperature"":""SELF_REGARD is designed to maintain a workable valuation of the self; JOYFUL centers open positive affect. COMPOSED (contained affect) and IRRITABLE (ready negative activation) are less appropriate to that game-semantic emphasis."",""outlookOrientation"":""SELF_REGARD is designed to maintain a workable valuation of the self; NEUTRAL centers contingent expectations. OPTIMISTIC (expected improvement) and PESSIMISTIC (expected loss or failure) are less appropriate to that game-semantic emphasis."",""collaborativePosture"":""SELF_REGARD is designed to maintain a workable valuation of the self; WITHHOLDING centers guarded non-contribution. HELPFUL (active contribution) and JUST_ENOUGH (minimum sufficient contribution) are less appropriate to that game-semantic emphasis.""}",
PERSONALITY_PROFILE_DIMENSIONS_V1,STATUS,make relative standing visible and consequential,RECIPROCAL,TEAMWORK,ORDERED,CENTRALIZED,SHARED_TITLE,MARKET,ANCESTRAL,ELECTION,TALKATIVE,JOYFUL,NEUTRAL,JUST_ENOUGH,"{""motivation"":""STATUS is designed to make relative standing visible and consequential; RECIPROCAL centers mutual return. ALTRUISTIC (others' welfare) and SELFISH (the actor's own gain) are less appropriate to that game-semantic emphasis."",""operatingStyle"":""STATUS is designed to make relative standing visible and consequential; TEAMWORK centers coordinated action. SITUATIONAL (context-sensitive grouping) and SOLO (independent action) are less appropriate to that game-semantic emphasis."",""structureOrientation"":""STATUS is designed to make relative standing visible and consequential; ORDERED centers stable rules. NEUTRAL (flexible structure) and CHAOS (disruption and flux) are less appropriate to that game-semantic emphasis."",""administrationMode"":""STATUS is designed to make relative standing visible and consequential; CENTRALIZED centers one coordinating center. DISTRIBUTED (shared local coordination) and DELEGATED (discrete entrusted agents) are less appropriate to that game-semantic emphasis."",""ownershipMode"":""STATUS is designed to make relative standing visible and consequential; SHARED_TITLE centers bounded joint claims. SINGLE_ENTITY (exclusive control) and COMMON_USE (open collective access) are less appropriate to that game-semantic emphasis."",""allocationMode"":""STATUS is designed to make relative standing visible and consequential; MARKET centers competitive exchange. PLANNED (deliberate assignment) and CUSTOMARY (established practice) are less appropriate to that game-semantic emphasis."",""legitimacyBasis"":""STATUS is designed to make relative standing visible and consequential; ANCESTRAL centers inherited continuity. CHARTERED (explicit agreed rules) and MARTIAL (demonstrated force) are less appropriate to that game-semantic emphasis."",""authoritySource"":""STATUS is designed to make relative standing visible and consequential; ELECTION centers peer selection. APPOINTMENT (entrusted office) and DIVINE_MANDATE (sacred sanction) are less appropriate to that game-semantic emphasis."",""loquacity"":""STATUS is designed to make relative standing visible and consequential; TALKATIVE centers abundant signaling. LIGHT_BANTER (selective social exchange) and TO_THE_POINT (minimal instrumental signaling) are less appropriate to that game-semantic emphasis."",""emotionalTemperature"":""STATUS is designed to make relative standing visible and consequential; JOYFUL centers open positive affect. COMPOSED (contained affect) and IRRITABLE (ready negative activation) are less appropriate to that game-semantic emphasis."",""outlookOrientation"":""STATUS is designed to make relative standing visible and consequential; NEUTRAL centers contingent expectations. OPTIMISTIC (expected improvement) and PESSIMISTIC (expected loss or failure) are less appropriate to that game-semantic emphasis."",""collaborativePosture"":""STATUS is designed to make relative standing visible and consequential; JUST_ENOUGH centers minimum sufficient contribution. HELPFUL (active contribution) and WITHHOLDING (guarded non-contribution) are less appropriate to that game-semantic emphasis.""}",
PERSONALITY_PROFILE_DIMENSIONS_V1,STEWARDSHIP,preserve a living system for future dependents,ALTRUISTIC,TEAMWORK,ORDERED,DELEGATED,COMMON_USE,PLANNED,CHARTERED,APPOINTMENT,LIGHT_BANTER,JOYFUL,OPTIMISTIC,HELPFUL,"{""motivation"":""STEWARDSHIP is designed to preserve a living system for future dependents; ALTRUISTIC centers others' welfare. RECIPROCAL (mutual return) and SELFISH (the actor's own gain) are less appropriate to that game-semantic emphasis."",""operatingStyle"":""STEWARDSHIP is designed to preserve a living system for future dependents; TEAMWORK centers coordinated action. SITUATIONAL (context-sensitive grouping) and SOLO (independent action) are less appropriate to that game-semantic emphasis."",""structureOrientation"":""STEWARDSHIP is designed to preserve a living system for future dependents; ORDERED centers stable rules. NEUTRAL (flexible structure) and CHAOS (disruption and flux) are less appropriate to that game-semantic emphasis."",""administrationMode"":""STEWARDSHIP is designed to preserve a living system for future dependents; DELEGATED centers discrete entrusted agents. CENTRALIZED (one coordinating center) and DISTRIBUTED (shared local coordination) are less appropriate to that game-semantic emphasis."",""ownershipMode"":""STEWARDSHIP is designed to preserve a living system for future dependents; COMMON_USE centers open collective access. SINGLE_ENTITY (exclusive control) and SHARED_TITLE (bounded joint claims) are less appropriate to that game-semantic emphasis."",""allocationMode"":""STEWARDSHIP is designed to preserve a living system for future dependents; PLANNED centers deliberate assignment. CUSTOMARY (established practice) and MARKET (competitive exchange) are less appropriate to that game-semantic emphasis."",""legitimacyBasis"":""STEWARDSHIP is designed to preserve a living system for future dependents; CHARTERED centers explicit agreed rules. ANCESTRAL (inherited continuity) and MARTIAL (demonstrated force) are less appropriate to that game-semantic emphasis."",""authoritySource"":""STEWARDSHIP is designed to preserve a living system for future dependents; APPOINTMENT centers entrusted office. ELECTION (peer selection) and DIVINE_MANDATE (sacred sanction) are less appropriate to that game-semantic emphasis."",""loquacity"":""STEWARDSHIP is designed to preserve a living system for future dependents; LIGHT_BANTER centers selective social exchange. TALKATIVE (abundant signaling) and TO_THE_POINT (minimal instrumental signaling) are less appropriate to that game-semantic emphasis."",""emotionalTemperature"":""STEWARDSHIP is designed to preserve a living system for future dependents; JOYFUL centers open positive affect. COMPOSED (contained affect) and IRRITABLE (ready negative activation) are less appropriate to that game-semantic emphasis."",""outlookOrientation"":""STEWARDSHIP is designed to preserve a living system for future dependents; OPTIMISTIC centers expected improvement. NEUTRAL (contingent expectations) and PESSIMISTIC (expected loss or failure) are less appropriate to that game-semantic emphasis."",""collaborativePosture"":""STEWARDSHIP is designed to preserve a living system for future dependents; HELPFUL centers active contribution. WITHHOLDING (guarded non-contribution) and JUST_ENOUGH (minimum sufficient contribution) are less appropriate to that game-semantic emphasis.""}","STEWARDSHIP shares this controlled-value shape with REPAIR, STEWARDSHIP because the twelve simulator dimensions are coarse, while its distinct authored meaning remains preserve a living system for future dependents. This is reviewed semantic convergence, not copied identity."
PERSONALITY_PROFILE_DIMENSIONS_V1,TRADITION,carry inherited practices across generations,ALTRUISTIC,TEAMWORK,ORDERED,CENTRALIZED,COMMON_USE,PLANNED,CHARTERED,APPOINTMENT,LIGHT_BANTER,COMPOSED,NEUTRAL,HELPFUL,"{""motivation"":""TRADITION is designed to carry inherited practices across generations; ALTRUISTIC centers others' welfare. RECIPROCAL (mutual return) and SELFISH (the actor's own gain) are less appropriate to that game-semantic emphasis."",""operatingStyle"":""TRADITION is designed to carry inherited practices across generations; TEAMWORK centers coordinated action. SITUATIONAL (context-sensitive grouping) and SOLO (independent action) are less appropriate to that game-semantic emphasis."",""structureOrientation"":""TRADITION is designed to carry inherited practices across generations; ORDERED centers stable rules. NEUTRAL (flexible structure) and CHAOS (disruption and flux) are less appropriate to that game-semantic emphasis."",""administrationMode"":""TRADITION is designed to carry inherited practices across generations; CENTRALIZED centers one coordinating center. DISTRIBUTED (shared local coordination) and DELEGATED (discrete entrusted agents) are less appropriate to that game-semantic emphasis."",""ownershipMode"":""TRADITION is designed to carry inherited practices across generations; COMMON_USE centers open collective access. SINGLE_ENTITY (exclusive control) and SHARED_TITLE (bounded joint claims) are less appropriate to that game-semantic emphasis."",""allocationMode"":""TRADITION is designed to carry inherited practices across generations; PLANNED centers deliberate assignment. CUSTOMARY (established practice) and MARKET (competitive exchange) are less appropriate to that game-semantic emphasis."",""legitimacyBasis"":""TRADITION is designed to carry inherited practices across generations; CHARTERED centers explicit agreed rules. ANCESTRAL (inherited continuity) and MARTIAL (demonstrated force) are less appropriate to that game-semantic emphasis."",""authoritySource"":""TRADITION is designed to carry inherited practices across generations; APPOINTMENT centers entrusted office. ELECTION (peer selection) and DIVINE_MANDATE (sacred sanction) are less appropriate to that game-semantic emphasis."",""loquacity"":""TRADITION is designed to carry inherited practices across generations; LIGHT_BANTER centers selective social exchange. TALKATIVE (abundant signaling) and TO_THE_POINT (minimal instrumental signaling) are less appropriate to that game-semantic emphasis."",""emotionalTemperature"":""TRADITION is designed to carry inherited practices across generations; COMPOSED centers contained affect. JOYFUL (open positive affect) and IRRITABLE (ready negative activation) are less appropriate to that game-semantic emphasis."",""outlookOrientation"":""TRADITION is designed to carry inherited practices across generations; NEUTRAL centers contingent expectations. OPTIMISTIC (expected improvement) and PESSIMISTIC (expected loss or failure) are less appropriate to that game-semantic emphasis."",""collaborativePosture"":""TRADITION is designed to carry inherited practices across generations; HELPFUL centers active contribution. WITHHOLDING (guarded non-contribution) and JUST_ENOUGH (minimum sufficient contribution) are less appropriate to that game-semantic emphasis.""}","TRADITION shares this controlled-value shape with ACCOUNTABILITY, DUTY, TRADITION because the twelve simulator dimensions are coarse, while its distinct authored meaning remains carry inherited practices across generations. This is reviewed semantic convergence, not copied identity."
PERSONALITY_PROFILE_DIMENSIONS_V1,TRUST,accept vulnerability based on expected reliability,RECIPROCAL,TEAMWORK,NEUTRAL,DELEGATED,SHARED_TITLE,CUSTOMARY,ANCESTRAL,ELECTION,TALKATIVE,JOYFUL,OPTIMISTIC,HELPFUL,"{""motivation"":""TRUST is designed to accept vulnerability based on expected reliability; RECIPROCAL centers mutual return. ALTRUISTIC (others' welfare) and SELFISH (the actor's own gain) are less appropriate to that game-semantic emphasis."",""operatingStyle"":""TRUST is designed to accept vulnerability based on expected reliability; TEAMWORK centers coordinated action. SITUATIONAL (context-sensitive grouping) and SOLO (independent action) are less appropriate to that game-semantic emphasis."",""structureOrientation"":""TRUST is designed to accept vulnerability based on expected reliability; NEUTRAL centers flexible structure. ORDERED (stable rules) and CHAOS (disruption and flux) are less appropriate to that game-semantic emphasis."",""administrationMode"":""TRUST is designed to accept vulnerability based on expected reliability; DELEGATED centers discrete entrusted agents. CENTRALIZED (one coordinating center) and DISTRIBUTED (shared local coordination) are less appropriate to that game-semantic emphasis."",""ownershipMode"":""TRUST is designed to accept vulnerability based on expected reliability; SHARED_TITLE centers bounded joint claims. SINGLE_ENTITY (exclusive control) and COMMON_USE (open collective access) are less appropriate to that game-semantic emphasis."",""allocationMode"":""TRUST is designed to accept vulnerability based on expected reliability; CUSTOMARY centers established practice. PLANNED (deliberate assignment) and MARKET (competitive exchange) are less appropriate to that game-semantic emphasis."",""legitimacyBasis"":""TRUST is designed to accept vulnerability based on expected reliability; ANCESTRAL centers inherited continuity. CHARTERED (explicit agreed rules) and MARTIAL (demonstrated force) are less appropriate to that game-semantic emphasis."",""authoritySource"":""TRUST is designed to accept vulnerability based on expected reliability; ELECTION centers peer selection. APPOINTMENT (entrusted office) and DIVINE_MANDATE (sacred sanction) are less appropriate to that game-semantic emphasis."",""loquacity"":""TRUST is designed to accept vulnerability based on expected reliability; TALKATIVE centers abundant signaling. LIGHT_BANTER (selective social exchange) and TO_THE_POINT (minimal instrumental signaling) are less appropriate to that game-semantic emphasis."",""emotionalTemperature"":""TRUST is designed to accept vulnerability based on expected reliability; JOYFUL centers open positive affect. COMPOSED (contained affect) and IRRITABLE (ready negative activation) are less appropriate to that game-semantic emphasis."",""outlookOrientation"":""TRUST is designed to accept vulnerability based on expected reliability; OPTIMISTIC centers expected improvement. NEUTRAL (contingent expectations) and PESSIMISTIC (expected loss or failure) are less appropriate to that game-semantic emphasis."",""collaborativePosture"":""TRUST is designed to accept vulnerability based on expected reliability; HELPFUL centers active contribution. WITHHOLDING (guarded non-contribution) and JUST_ENOUGH (minimum sufficient contribution) are less appropriate to that game-semantic emphasis.""}",
PERSONALITY_PROFILE_DIMENSIONS_V1,TRUTH,align shared claims with what is actually so,RECIPROCAL,SITUATIONAL,NEUTRAL,DELEGATED,SHARED_TITLE,CUSTOMARY,CHARTERED,ELECTION,TALKATIVE,JOYFUL,OPTIMISTIC,JUST_ENOUGH,"{""motivation"":""TRUTH is designed to align shared claims with what is actually so; RECIPROCAL centers mutual return. ALTRUISTIC (others' welfare) and SELFISH (the actor's own gain) are less appropriate to that game-semantic emphasis."",""operatingStyle"":""TRUTH is designed to align shared claims with what is actually so; SITUATIONAL centers context-sensitive grouping. TEAMWORK (coordinated action) and SOLO (independent action) are less appropriate to that game-semantic emphasis."",""structureOrientation"":""TRUTH is designed to align shared claims with what is actually so; NEUTRAL centers flexible structure. ORDERED (stable rules) and CHAOS (disruption and flux) are less appropriate to that game-semantic emphasis."",""administrationMode"":""TRUTH is designed to align shared claims with what is actually so; DELEGATED centers discrete entrusted agents. CENTRALIZED (one coordinating center) and DISTRIBUTED (shared local coordination) are less appropriate to that game-semantic emphasis."",""ownershipMode"":""TRUTH is designed to align shared claims with what is actually so; SHARED_TITLE centers bounded joint claims. SINGLE_ENTITY (exclusive control) and COMMON_USE (open collective access) are less appropriate to that game-semantic emphasis."",""allocationMode"":""TRUTH is designed to align shared claims with what is actually so; CUSTOMARY centers established practice. PLANNED (deliberate assignment) and MARKET (competitive exchange) are less appropriate to that game-semantic emphasis."",""legitimacyBasis"":""TRUTH is designed to align shared claims with what is actually so; CHARTERED centers explicit agreed rules. ANCESTRAL (inherited continuity) and MARTIAL (demonstrated force) are less appropriate to that game-semantic emphasis."",""authoritySource"":""TRUTH is designed to align shared claims with what is actually so; ELECTION centers peer selection. APPOINTMENT (entrusted office) and DIVINE_MANDATE (sacred sanction) are less appropriate to that game-semantic emphasis."",""loquacity"":""TRUTH is designed to align shared claims with what is actually so; TALKATIVE centers abundant signaling. LIGHT_BANTER (selective social exchange) and TO_THE_POINT (minimal instrumental signaling) are less appropriate to that game-semantic emphasis."",""emotionalTemperature"":""TRUTH is designed to align shared claims with what is actually so; JOYFUL centers open positive affect. COMPOSED (contained affect) and IRRITABLE (ready negative activation) are less appropriate to that game-semantic emphasis."",""outlookOrientation"":""TRUTH is designed to align shared claims with what is actually so; OPTIMISTIC centers expected improvement. NEUTRAL (contingent expectations) and PESSIMISTIC (expected loss or failure) are less appropriate to that game-semantic emphasis."",""collaborativePosture"":""TRUTH is designed to align shared claims with what is actually so; JUST_ENOUGH centers minimum sufficient contribution. HELPFUL (active contribution) and WITHHOLDING (guarded non-contribution) are less appropriate to that game-semantic emphasis.""}",
PERSONALITY_PROFILE_DIMENSIONS_V1,VENGEANCE,answer remembered harm through retaliatory balance,SELFISH,SOLO,ORDERED,DELEGATED,SHARED_TITLE,CUSTOMARY,MARTIAL,ELECTION,TO_THE_POINT,IRRITABLE,PESSIMISTIC,JUST_ENOUGH,"{""motivation"":""VENGEANCE is designed to answer remembered harm through retaliatory balance; SELFISH centers the actor's own gain. ALTRUISTIC (others' welfare) and RECIPROCAL (mutual return) are less appropriate to that game-semantic emphasis."",""operatingStyle"":""VENGEANCE is designed to answer remembered harm through retaliatory balance; SOLO centers independent action. TEAMWORK (coordinated action) and SITUATIONAL (context-sensitive grouping) are less appropriate to that game-semantic emphasis."",""structureOrientation"":""VENGEANCE is designed to answer remembered harm through retaliatory balance; ORDERED centers stable rules. NEUTRAL (flexible structure) and CHAOS (disruption and flux) are less appropriate to that game-semantic emphasis."",""administrationMode"":""VENGEANCE is designed to answer remembered harm through retaliatory balance; DELEGATED centers discrete entrusted agents. CENTRALIZED (one coordinating center) and DISTRIBUTED (shared local coordination) are less appropriate to that game-semantic emphasis."",""ownershipMode"":""VENGEANCE is designed to answer remembered harm through retaliatory balance; SHARED_TITLE centers bounded joint claims. SINGLE_ENTITY (exclusive control) and COMMON_USE (open collective access) are less appropriate to that game-semantic emphasis."",""allocationMode"":""VENGEANCE is designed to answer remembered harm through retaliatory balance; CUSTOMARY centers established practice. PLANNED (deliberate assignment) and MARKET (competitive exchange) are less appropriate to that game-semantic emphasis."",""legitimacyBasis"":""VENGEANCE is designed to answer remembered harm through retaliatory balance; MARTIAL centers demonstrated force. CHARTERED (explicit agreed rules) and ANCESTRAL (inherited continuity) are less appropriate to that game-semantic emphasis."",""authoritySource"":""VENGEANCE is designed to answer remembered harm through retaliatory balance; ELECTION centers peer selection. APPOINTMENT (entrusted office) and DIVINE_MANDATE (sacred sanction) are less appropriate to that game-semantic emphasis."",""loquacity"":""VENGEANCE is designed to answer remembered harm through retaliatory balance; TO_THE_POINT centers minimal instrumental signaling. TALKATIVE (abundant signaling) and LIGHT_BANTER (selective social exchange) are less appropriate to that game-semantic emphasis."",""emotionalTemperature"":""VENGEANCE is designed to answer remembered harm through retaliatory balance; IRRITABLE centers ready negative activation. COMPOSED (contained affect) and JOYFUL (open positive affect) are less appropriate to that game-semantic emphasis."",""outlookOrientation"":""VENGEANCE is designed to answer remembered harm through retaliatory balance; PESSIMISTIC centers expected loss or failure. OPTIMISTIC (expected improvement) and NEUTRAL (contingent expectations) are less appropriate to that game-semantic emphasis."",""collaborativePosture"":""VENGEANCE is designed to answer remembered harm through retaliatory balance; JUST_ENOUGH centers minimum sufficient contribution. HELPFUL (active contribution) and WITHHOLDING (guarded non-contribution) are less appropriate to that game-semantic emphasis.""}",
