sourceId,title,authorOrOrganization,publisher,stableUrlOrIdentifier,sourceOpened
SRC_R01_B01_001,Aix galericulata (Mandarin duck),"Animal Diversity Web, University of Michigan Museum of Zoology",University of Michigan,https://animaldiversity.org/accounts/Aix_galericulata/,true
SRC_R01_B01_002,Alca torda (razorbill),University of Michigan Museum of Zoology,Animal Diversity Web,https://animaldiversity.org/accounts/Alca_torda/,true
SRC_R01_B01_003,Anas platyrhynchos (mallard),"Animal Diversity Web, University of Michigan Museum of Zoology",University of Michigan,https://animaldiversity.org/accounts/Anas_platyrhynchos/,true
SRC_R01_B01_004,Anhima cornuta (horned screamer),"Animal Diversity Web, University of Michigan Museum of Zoology",University of Michigan,https://animaldiversity.org/accounts/Anhima_cornuta/,true
SRC_R01_B01_005,Anhinga anhinga (anhinga),University of Michigan Museum of Zoology,Animal Diversity Web,https://animaldiversity.org/accounts/Anhinga_anhinga/,true
SRC_R01_B01_006,Anser canagicus (Emperor goose),University of Michigan Museum of Zoology,Animal Diversity Web,https://animaldiversity.org/accounts/Anser_canagicus/,true
SRC_R01_B01_007,Anser indicus (bar-headed goose),University of Michigan Museum of Zoology,Animal Diversity Web,https://animaldiversity.org/accounts/Anser_indicus/,true
SRC_R01_B01_008,Anthropoides virgo (demoiselle crane),University of Michigan Museum of Zoology,Animal Diversity Web,https://animaldiversity.org/accounts/Anthropoides_virgo/,true
SRC_R01_B01_009,Aptenodytes forsteri (emperor penguin),University of Michigan Museum of Zoology,Animal Diversity Web,https://animaldiversity.org/accounts/Aptenodytes_forsteri/,true
SRC_R01_B01_010,Aptenodytes patagonicus (king penguin),University of Michigan Museum of Zoology,Animal Diversity Web,https://animaldiversity.org/accounts/Aptenodytes_patagonicus/,true
SRC_R01_B01_011,Ardea alba (great egret),University of Michigan Museum of Zoology,Animal Diversity Web,https://animaldiversity.org/accounts/Ardea_alba/,true
SRC_R01_B01_012,Ardea herodias (great blue heron),University of Michigan Museum of Zoology,Animal Diversity Web,https://animaldiversity.org/accounts/Ardea_herodias/,true
SRC_R01_B01_013,Balaeniceps rex (shoebill),University of Michigan Museum of Zoology,Animal Diversity Web,https://animaldiversity.org/accounts/Balaeniceps_rex/,true
SRC_R01_B01_014,Balearica regulorum (grey crowned crane),University of Michigan Museum of Zoology,Animal Diversity Web,https://animaldiversity.org/accounts/Balearica_regulorum/,true
SRC_R01_B01_015,Biziura lobata (musk duck),University of Michigan Museum of Zoology,Animal Diversity Web,https://animaldiversity.org/accounts/Biziura_lobata/,true
SRC_R01_B01_016,Botaurus stellaris (Eurasian bittern),University of Michigan Museum of Zoology,Animal Diversity Web,https://animaldiversity.org/accounts/Botaurus_stellaris/,true
SRC_R01_B01_017,Cephalorhynchus commersonii (Commerson's dolphin),"Animal Diversity Web, University of Michigan Museum of Zoology",University of Michigan,https://animaldiversity.org/accounts/Cephalorhynchus_commersonii/,true
SRC_R01_B01_018,Charadrius vociferus (killdeer),"Animal Diversity Web, University of Michigan Museum of Zoology",University of Michigan,https://animaldiversity.org/accounts/Charadrius_vociferus/,true
SRC_R01_B01_019,Chauna torquata (southern screamer),"Animal Diversity Web, University of Michigan Museum of Zoology",University of Michigan,https://animaldiversity.org/accounts/Chauna_torquata/,true
SRC_R01_B01_020,Ciconia ciconia (white stork),"Animal Diversity Web, University of Michigan Museum of Zoology",University of Michigan,https://animaldiversity.org/accounts/Ciconia_ciconia/,true
SRC_R01_B01_021,Cygnus atratus (black swan),"Animal Diversity Web, University of Michigan Museum of Zoology",University of Michigan,https://animaldiversity.org/accounts/Cygnus_atratus/,true
SRC_R01_B01_022,Cygnus olor (mute swan),"Animal Diversity Web, University of Michigan Museum of Zoology",University of Michigan,https://animaldiversity.org/accounts/Cygnus_olor/,true
SRC_R01_B01_023,Delphinapterus leucas (beluga),"Animal Diversity Web, University of Michigan Museum of Zoology",University of Michigan,https://animaldiversity.org/accounts/Delphinapterus_leucas/,true
SRC_R01_B01_024,Delphinus delphis (short-beaked common dolphin),"Animal Diversity Web, University of Michigan Museum of Zoology",University of Michigan,https://animaldiversity.org/accounts/Delphinus_delphis/,true
SRC_R01_B01_025,Diomedea exulans (wandering albatross),"Animal Diversity Web, University of Michigan Museum of Zoology",University of Michigan,https://animaldiversity.org/accounts/Diomedea_exulans/,true
SRC_R01_B01_026,Eudocimus ruber (scarlet ibis),"Animal Diversity Web, University of Michigan Museum of Zoology",University of Michigan,https://animaldiversity.org/accounts/Eudocimus_ruber/,true
SRC_R01_B01_027,Fregata magnificens (magnificent frigatebird),"Animal Diversity Web, University of Michigan Museum of Zoology",University of Michigan,https://animaldiversity.org/accounts/Fregata_magnificens/,true
SRC_R01_B01_028,Fregata minor (great frigatebird),"Animal Diversity Web, University of Michigan Museum of Zoology",University of Michigan,https://animaldiversity.org/accounts/Fregata_minor/,true
SRC_R01_B01_029,Gallinago gallinago (common snipe),"Animal Diversity Web, University of Michigan Museum of Zoology",University of Michigan,https://animaldiversity.org/accounts/Gallinago_gallinago/,true
SRC_R01_B01_030,Globicephala melas (long-finned pilot whale),"Animal Diversity Web, University of Michigan Museum of Zoology",University of Michigan,https://animaldiversity.org/accounts/Globicephala_melas/,true
SRC_R01_B01_031,Grampus griseus (Risso's dolphin),"Animal Diversity Web, University of Michigan Museum of Zoology",University of Michigan,https://animaldiversity.org/accounts/Grampus_griseus/,true
SRC_R01_B01_032,Grus antigone (Sarus crane),University of Michigan Museum of Zoology,Animal Diversity Web,https://animaldiversity.org/accounts/Grus_antigone/,true
SRC_R01_B01_033,Grus canadensis (sandhill crane),University of Michigan Museum of Zoology,Animal Diversity Web,https://animaldiversity.org/accounts/Grus_canadensis/,true
SRC_R01_B01_034,Hyperoodon ampullatus (northern bottlenose whale),"Animal Diversity Web, University of Michigan Museum of Zoology",University of Michigan,https://animaldiversity.org/accounts/Hyperoodon_ampullatus/,true
SRC_R01_B01_035,Inia geoffrensis (Amazon river dolphin),"Animal Diversity Web, University of Michigan Museum of Zoology",University of Michigan,https://animaldiversity.org/accounts/Inia_geoffrensis/,true
SRC_R01_B01_036,Jabiru mycteria (jabiru),"Animal Diversity Web, University of Michigan Museum of Zoology",University of Michigan,https://animaldiversity.org/accounts/Jabiru_mycteria/,true
SRC_R01_B01_037,Jacana spinosa (northern jacana),"Animal Diversity Web, University of Michigan Museum of Zoology",University of Michigan,https://animaldiversity.org/accounts/Jacana_spinosa/,true
SRC_R01_B01_038,Larus argentatus (herring gull),"Animal Diversity Web, University of Michigan Museum of Zoology",University of Michigan,https://animaldiversity.org/accounts/Larus_argentatus/,true
SRC_R01_B01_039,Leptoptilos crumeniferus (marabou),"Animal Diversity Web, University of Michigan Museum of Zoology",University of Michigan,https://animaldiversity.org/accounts/Leptoptilos_crumeniferus/,true
SRC_R01_B01_040,Monodon monoceros (narwhal),"Animal Diversity Web, University of Michigan Museum of Zoology",University of Michigan,https://animaldiversity.org/accounts/Monodon_monoceros/,true
SRC_R01_B01_041,Neophocaena phocaenoides (finless porpoise),"Animal Diversity Web, University of Michigan Museum of Zoology",University of Michigan,https://animaldiversity.org/accounts/Neophocaena_phocaenoides/,true
SRC_R01_B01_042,Orcaella brevirostris (Irrawaddy dolphin),"Animal Diversity Web, University of Michigan Museum of Zoology",University of Michigan,https://animaldiversity.org/accounts/Orcaella_brevirostris/,true
SRC_R01_B01_043,Phocoena phocoena (harbor porpoise),"Animal Diversity Web, University of Michigan Museum of Zoology",University of Michigan,https://animaldiversity.org/accounts/Phocoena_phocoena/,true
SRC_R01_B01_044,Anser anser (greylag goose),University of Michigan Museum of Zoology,Animal Diversity Web,https://animaldiversity.org/accounts/anser/a._anser,true
SRC_R01_B01_045,"Pelecanus conspicillatus, Australian Pelican",Museums Victoria,Museums Victoria,https://collections.museumsvictoria.com.au/species/8260,true
SRC_R01_B01_046,Bowhead Whale: Western Arctic Stock,Alaska Fisheries Science Center,NOAA Fisheries,https://media.fisheries.noaa.gov/dam-migration/ak2012_bowhead508.pdf,true
SRC_R01_B01_047,Long in the tooth: Biological observations from at-sea sightings of strap-toothed beaked whales,NOAA Institutional Repository,National Oceanic and Atmospheric Administration,https://repository.library.noaa.gov/view/noaa/54370,true
SRC_R01_B01_048,Cochlearius cochlearius - Boat-billed Heron,University of the West Indies,University of the West Indies,https://sta.uwi.edu/fst/lifesciences/sites/default/files/lifesciences/documents/ogatt/Cochlearius_cochlearius%20-%20Boat-billed%20Heron_0.pdf,true
SRC_R01_B01_049,Atlantic Puffin Life History,Cornell Lab of Ornithology,Cornell University,https://www.allaboutbirds.org/guide/Atlantic_Puffin/lifehistory,true
SRC_R01_B01_050,Brown Pelican,Cornell Lab of Ornithology,Cornell University,https://www.allaboutbirds.org/guide/Brown_Pelican/overview,true
SRC_R01_B01_051,Common Loon Life History,Cornell Lab of Ornithology,Cornell University,https://www.allaboutbirds.org/guide/Common_Loon/lifehistory,true
SRC_R01_B01_052,Common Merganser Life History,Cornell Lab of Ornithology,Cornell University,https://www.allaboutbirds.org/guide/Common_Merganser/lifehistory,true
SRC_R01_B01_053,Great Cormorant,Cornell Lab of Ornithology,Cornell University,https://www.allaboutbirds.org/guide/Great_Cormorant/,true
SRC_R01_B01_054,Hooded Merganser Life History,Cornell Lab of Ornithology,Cornell University,https://www.allaboutbirds.org/guide/Hooded_Merganser/lifehistory,true
SRC_R01_B01_055,Northern Gannet Life History,Cornell Lab of Ornithology,Cornell University,https://www.allaboutbirds.org/guide/Northern_Gannet/lifehistory,true
SRC_R01_B01_056,Rhinoceros Auklet Life History,Cornell Lab of Ornithology,Cornell University,https://www.allaboutbirds.org/guide/Rhinoceros_Auklet/lifehistory,true
SRC_R01_B01_057,Sooty Shearwater Overview,Cornell Lab of Ornithology,All About Birds,https://www.allaboutbirds.org/guide/Sooty_Shearwater/overview,true
SRC_R01_B01_058,Whooping Crane Life History,Cornell Lab of Ornithology,Cornell University,https://www.allaboutbirds.org/guide/Whooping_Crane/lifehistory,true
SRC_R01_B01_059,Snow petrel,Australian Antarctic Program,"Australian Antarctic Division, Australian Government",https://www.antarctica.gov.au/about-antarctica/animals/flying-birds/petrels-and-shearwaters/snow-petrel/,true
SRC_R01_B01_060,Common Ringed Plover,National Audubon Society,National Audubon Society,https://www.audubon.org/field-guide/bird/common-ringed-plover,true
SRC_R01_B01_061,Red-throated Loon,National Audubon Society,National Audubon Society,https://www.audubon.org/field-guide/bird/red-throated-loon,true
SRC_R01_B01_062,Yellow-billed Loon,National Audubon Society,National Audubon Society,https://www.audubon.org/field-guide/bird/yellow-billed-loon,true
SRC_R01_B01_063,Saddle-billed Stork,BirdLife South Africa,BirdLife South Africa,https://www.birdlife.org.za/red-list/saddle-billed-stork/,true
SRC_R01_B01_064,Saving East Asia’s Last Dalmatian Pelicans,BirdLife International,BirdLife International,https://www.birdlife.org/news/2024/01/11/saving-east-asias-last-dalmatian-pelicans/,true
SRC_R01_B01_065,Ivory Gull (Pagophila eburnea): COSEWIC assessment and status report 2023,Committee on the Status of Endangered Wildlife in Canada,Government of Canada,https://www.canada.ca/en/environment-climate-change/services/species-risk-public-registry/cosewic-assessments-status-reports/ivory-gull-2023.html,true
SRC_R01_B01_066,5 Icebreakers About Bowhead Whales,Alaska Fisheries Science Center,NOAA Fisheries,https://www.fisheries.noaa.gov/alaska/outreach-and-education/5-icebreakers-about-bowhead-whales,true
SRC_R01_B01_067,Baird's Beaked Whale,Office of Protected Resources,NOAA Fisheries,https://www.fisheries.noaa.gov/species/bairds-beaked-whale?page=1,true
SRC_R01_B01_068,Blue Whale: Science,Office of Protected Resources,NOAA Fisheries,https://www.fisheries.noaa.gov/species/blue-whale/science?page=0,true
SRC_R01_B01_069,Bowhead Whale,Alaska Fisheries Science Center,NOAA Fisheries,https://www.fisheries.noaa.gov/species/bowhead-whale?page=2,true
SRC_R01_B01_070,Gray Whale,NOAA Fisheries,National Oceanic and Atmospheric Administration,https://www.fisheries.noaa.gov/species/gray-whale,true
SRC_R01_B01_071,Humpback Whale,NOAA Fisheries,National Oceanic and Atmospheric Administration,https://www.fisheries.noaa.gov/species/humpback-whale,true
SRC_R01_B01_072,Killer Whale: Science,NOAA Fisheries,National Oceanic and Atmospheric Administration,https://www.fisheries.noaa.gov/species/killer-whale/science?page=0,true
SRC_R01_B01_073,Minke Whale,Office of Protected Resources,NOAA Fisheries,https://www.fisheries.noaa.gov/species/minke-whale?page=0,true
SRC_R01_B01_074,North Atlantic Right Whale,NOAA Fisheries,National Oceanic and Atmospheric Administration,https://www.fisheries.noaa.gov/species/north-atlantic-right-whale,true
SRC_R01_B01_075,Sex Role Reversal and High Frequency of Social Polyandry in the Pheasant-Tailed Jacana,Frontiers in Ecology and Evolution,Frontiers Media,https://www.frontiersin.org/journals/ecology-and-evolution/articles/10.3389/fevo.2021.742588/full,true
SRC_R01_B01_076,The World's Only Flightless Cormorant is Endemic to Galapagos,Galapagos Conservancy,Galapagos Conservancy,https://www.galapagos.org/newsroom/the-worlds-only-flightless-cormorant-is-endemic-to-the-galapagos/,true
SRC_R01_B01_077,Great White Pelican,The Maryland Zoo in Baltimore,The Maryland Zoo in Baltimore,https://www.marylandzoo.org/animal/great-white-pelican/,true
SRC_R01_B01_078,Blue petrel,New Zealand Birds Online,Te Papa and Ornithological Society of New Zealand,https://www.nzbirdsonline.org.nz/species/blue-petrel,true
SRC_R01_B01_079,Common diving petrel | Kuaka,New Zealand Birds Online,New Zealand Birds Online,https://www.nzbirdsonline.org.nz/species/common-diving-petrel,true
SRC_R01_B01_080,Southern giant petrel,New Zealand Birds Online,Te Papa and Ornithological Society of New Zealand,https://www.nzbirdsonline.org.nz/species/southern-giant-petrel,true
SRC_R01_B01_081,Eurasian Coot Bird Facts,Royal Society for the Protection of Birds,RSPB,https://www.rspb.org.uk/birds-and-wildlife/eurasian-coot,true
SRC_R01_B01_082,Priority Species Spotlight: Curlew,Royal Society for the Protection of Birds,RSPB,https://www.rspb.org.uk/helping-nature/what-we-do/protecting-species-and-habitats/species-spotlight/species-spotlight-curlew,true
SRC_R01_B02_001,The AML/UMTRA Department,Navajo Nation Abandoned Mine Lands Reclamation Department,Navajo Nation,https://aml.navajo-nsn.gov/,true
SRC_R01_B02_002,Phocoenoides dalli (Dall's porpoise),"Animal Diversity Web, University of Michigan Museum of Zoology",University of Michigan,https://animaldiversity.org/accounts/Phocoenoides_dalli/,true
SRC_R01_B02_003,Phoeniconaias minor (lesser flamingo),"Animal Diversity Web, University of Michigan Museum of Zoology",University of Michigan,https://animaldiversity.org/accounts/Phoeniconaias_minor/,true
SRC_R01_B02_004,Phoenicoparrus andinus (Andean flamingo),"Animal Diversity Web, University of Michigan Museum of Zoology",Regents of the University of Michigan,https://animaldiversity.org/accounts/Phoenicoparrus_andinus/,true
SRC_R01_B02_005,Platanista gangetica (Ganges river dolphin),"Animal Diversity Web, University of Michigan Museum of Zoology",Regents of the University of Michigan,https://animaldiversity.org/accounts/Platanista_gangetica/,true
SRC_R01_B02_006,Threskiornis aethiopicus (sacred ibis),"Animal Diversity Web, University of Michigan Museum of Zoology",Regents of the University of Michigan,https://animaldiversity.org/accounts/Threskiornis_aethiopicus/,true
SRC_R01_B02_007,Flamingo,San Diego Zoo Wildlife Alliance,San Diego Zoo Wildlife Alliance,https://animals.sandiegozoo.org/animals/flamingo,true
SRC_R01_B02_008,Taxon Profile: Pygoscelis papua papua papua,"Australian Antarctic Data Centre, Australian Antarctic Division",Commonwealth of Australia,https://data.aad.gov.au/aadc/biodiversity/taxon_profile.cfm?taxon_id=66969,true
SRC_R01_B02_009,Bare-throated Tiger-Heron,HeronConservation,HeronConservation,https://heronconservation.org/herons-of-the-world/list/bare-throated-tiger-heron/,true
SRC_R01_B02_010,The Clinton-Sullivan Campaign of 1779,"National Park Service, U.S. Department of the Interior","National Park Service, U.S. Department of the Interior",https://home.nps.gov/articles/000/the-clinton-sullivan-campaign-of-1779.htm,true
SRC_R01_B02_011,Hopi Prisoners on the Rock,Hopi Cultural Preservation Office and National Park Service,"National Park Service, U.S. Department of the Interior",https://home.nps.gov/articles/hopi-prisoners-on-the-rock.htm,true
SRC_R01_B02_012,Emerald Mound,"National Park Service, U.S. Department of the Interior","National Park Service, U.S. Department of the Interior",https://home.nps.gov/natr/learn/historyculture/emeraldmound.htm,true
SRC_R01_B02_013,Cambodia Ibis Working Group Annual Report 2022,Cambodia Ibis Working Group and NatureLife Cambodia,NatureLife Cambodia Organisation,https://naturelifecambodia.org/wp-content/uploads/2012/05/CIWG-Annual-Report-2022-Final.pdf,true
SRC_R01_B02_014,Blacksmith Lapwing (Vanellus armatus),Biodiversity and Development Institute,Biodiversity and Development Institute,https://thebdi.org/2023/06/28/blacksmith-lapwing-vanellus-armatus/,true
SRC_R01_B02_015,Black-browed Albatross Thalassarche melanophris Species Assessment,Agreement on the Conservation of Albatrosses and Petrels,ACAP,https://www.acap.aq/resources/acap-species/238-black-browed-albatross/file,true
SRC_R01_B02_016,Arctic Tern Life History,Cornell Lab of Ornithology,Cornell University,https://www.allaboutbirds.org/guide/Arctic_Tern/lifehistory,true
SRC_R01_B02_017,Black Skimmer Life History,Cornell Lab of Ornithology,Cornell University,https://www.allaboutbirds.org/guide/Black_Skimmer/lifehistory,true
SRC_R01_B02_018,Blue-footed Booby Life History,Cornell Lab of Ornithology,Cornell University,https://www.allaboutbirds.org/guide/Blue-footed_Booby/lifehistory,true
SRC_R01_B02_019,Common Eider Life History,Cornell Lab of Ornithology,Cornell University,https://www.allaboutbirds.org/guide/Common_Eider/lifehistory,true
SRC_R01_B02_020,Common Murre Life History,Cornell Lab of Ornithology,Cornell University,https://www.allaboutbirds.org/guide/Common_Murre/lifehistory,true
SRC_R01_B02_021,Horned Grebe Life History,Cornell Lab of Ornithology,Cornell University,https://www.allaboutbirds.org/guide/Horned_Grebe/lifehistory,true
SRC_R01_B02_022,Pied-billed Grebe Life History,Cornell Lab of Ornithology,Cornell University,https://www.allaboutbirds.org/guide/Pied-billed_Grebe/lifehistory,true
SRC_R01_B02_023,Purple Gallinule Life History,Cornell Lab of Ornithology,Cornell University,https://www.allaboutbirds.org/guide/Purple_Gallinule/lifehistory,true
SRC_R01_B02_024,Red-footed Booby Life History,Cornell Lab of Ornithology,Cornell University,https://www.allaboutbirds.org/guide/Red-footed_Booby/lifehistory,true
SRC_R01_B02_025,Roseate Spoonbill Life History,Cornell Lab of Ornithology,Cornell University,https://www.allaboutbirds.org/guide/Roseate_Spoonbill/lifehistory,true
SRC_R01_B02_026,Common Sandpiper,British Trust for Ornithology,British Trust for Ornithology,https://www.bto.org/learn/about-birds/birdfacts/common-sandpiper,true
SRC_R01_B02_027,Lapwing,British Trust for Ornithology,British Trust for Ornithology,https://www.bto.org/learn/about-birds/birdfacts/lapwing,true
SRC_R01_B02_028,Water Rail,British Trust for Ornithology,British Trust for Ornithology,https://www.bto.org/learn/about-birds/birdfacts/water-rail,true
SRC_R01_B02_029,Common Bottlenose Dolphin,NOAA Fisheries,National Oceanic and Atmospheric Administration,https://www.fisheries.noaa.gov/species/common-bottlenose-dolphin?page=2,true
SRC_R01_B02_030,Cuvier's Beaked Whale,NOAA Fisheries,National Oceanic and Atmospheric Administration,https://www.fisheries.noaa.gov/species/cuviers-beaked-whale/science?page=0,true
SRC_R01_B02_031,False Killer Whale,NOAA Fisheries,National Oceanic and Atmospheric Administration,https://www.fisheries.noaa.gov/species/false-killer-whale?os=rokuzoazxzms%2Fqedfgxew&page=1,true
SRC_R01_B02_032,Sperm Whale,NOAA Fisheries,National Oceanic and Atmospheric Administration,https://www.fisheries.noaa.gov/species/sperm-whale,true
SRC_R01_B02_033,Spinner Dolphin,NOAA Fisheries,National Oceanic and Atmospheric Administration,https://www.fisheries.noaa.gov/species/spinner-dolphin?page=1,true
SRC_R01_B02_034,Vaquita,NOAA Fisheries,National Oceanic and Atmospheric Administration,https://www.fisheries.noaa.gov/species/vaquita,true
SRC_R01_B02_035,Short-tailed Albatross (Phoebastria albatrus),U.S. Fish and Wildlife Service,U.S. Department of the Interior,https://www.fws.gov/species/short-tailed-albatross-phoebastria-albatrus,true
SRC_R01_B02_036,Department of Natural Resources,The Hopi Tribe,The Hopi Tribe,https://www.hopi-nsn.gov/tribal-services/department-natural-resources-2/,true
SRC_R01_B02_037,Hamerkop — Scopus umbretta,The Maryland Zoo,The Maryland Zoo in Baltimore,https://www.marylandzoo.org/wp-content/uploads/2021/10/Hamerkop-8.19.21.pdf,true
SRC_R01_B02_038,The Key to the Continent: Early Military History of the Oneida Carry,"National Park Service, U.S. Department of the Interior","National Park Service, U.S. Department of the Interior",https://www.nps.gov/articles/000/early-military-history-of-the-oneida-carry.htm,true
SRC_R01_B02_039,Nature & Science - Hubbell Trading Post National Historic Site,"National Park Service, U.S. Department of the Interior","National Park Service, U.S. Department of the Interior",https://www.nps.gov/hutr/learn/nature/index.htm,true
SRC_R01_B02_040,History and Culture of the Mississippi Delta Region,"National Park Service, U.S. Department of the Interior","National Park Service, U.S. Department of the Interior",https://www.nps.gov/locations/lowermsdeltaregion/history-and-culture-of-the-mississippi-delta-region.htm,true
SRC_R01_B02_041,The Diné (Navajo) Long Walk,"National Park Service, U.S. Department of the Interior","National Park Service, U.S. Department of the Interior",https://www.nps.gov/planyourvisit/event-details.htm?id=20B67C8A-A426-77F9-5D9F77DD919D7E56,true
SRC_R01_B02_042,Anishinaabek Culture,"National Park Service, U.S. Department of the Interior","National Park Service, U.S. Department of the Interior",https://www.nps.gov/slbe/learn/historyculture/anishinaabek-culture.htm,true
SRC_R01_B02_043,The Story of Sleeping Bear,"National Park Service, U.S. Department of the Interior","National Park Service, U.S. Department of the Interior",https://www.nps.gov/slbe/learn/kidsyouth/the-story-of-sleeping-bear.htm,true
SRC_R01_B02_044,Great Crested Grebe,Royal Society for the Protection of Birds,RSPB,https://www.rspb.org.uk/birds-and-wildlife/great-crested-grebe,true
SRC_R02_B01_001,Choeropsis liberiensis (Artiodactyla: Hippopotamidae),American Society of Mammalogists,Oxford University Press,https://academic.oup.com/mspecies/article/51/982/100/5661028,true
SRC_R02_B01_002,Litocranius walleri (Artiodactyla: Bovidae),American Society of Mammalogists,Oxford University Press,https://academic.oup.com/mspecies/article/53/1005/65/6309890,true
SRC_R02_B01_003,Martes martes (Carnivora: Mustelidae),American Society of Mammalogists,Oxford University Press,https://academic.oup.com/mspecies/article/54/1022/seac007/6754854,true
SRC_R02_B01_004,"Taxonomic revision of the olingos (Bassaricyon), with description of a new species, the Olinguito",CUNY Graduate Center and Smithsonian Institution,"Pensoft Publishers, ZooKeys",https://academicworks.cuny.edu/cgi/viewcontent.cgi?article=1392&context=gc_pubs,true
SRC_R02_B01_005,Ammotragus lervia,"Animal Diversity Web, University of Michigan Museum of Zoology",Regents of the University of Michigan,https://animaldiversity.org/accounts/Ammotragus_lervia/,true
SRC_R02_B01_006,Canis simensis (Ethiopian wolf),"Animal Diversity Web, University of Michigan Museum of Zoology",University of Michigan,https://animaldiversity.org/accounts/Canis_simensis/,true
SRC_R02_B01_007,Gazella dorcas (dorcas gazelle),"Animal Diversity Web, University of Michigan Museum of Zoology",University of Michigan,https://animaldiversity.org/accounts/Gazella_dorcas/,true
SRC_R02_B01_008,Hyemoschus aquaticus (water chevrotain),"Animal Diversity Web, University of Michigan Museum of Zoology",University of Michigan,https://animaldiversity.org/accounts/Hyemoschus_aquaticus/,true
SRC_R02_B01_009,Moschus chrysogaster (alpine musk deer),"Animal Diversity Web, University of Michigan Museum of Zoology",Regents of the University of Michigan,https://animaldiversity.org/accounts/Moschus_chrysogaster/,true
SRC_R02_B01_010,Moschus moschiferus (Siberian musk deer),"Animal Diversity Web, University of Michigan Museum of Zoology",Regents of the University of Michigan,https://animaldiversity.org/accounts/Moschus_moschiferus/,true
SRC_R02_B01_011,Mustela nivalis (least weasel),"Animal Diversity Web, University of Michigan Museum of Zoology",Regents of the University of Michigan,https://animaldiversity.org/accounts/Mustela_nivalis/,true
SRC_R02_B01_012,Odobenus rosmarus (walrus),"Animal Diversity Web, University of Michigan Museum of Zoology",Regents of the University of Michigan,https://animaldiversity.org/accounts/Odobenus_rosmarus/,true
SRC_R02_B01_013,Oryx dammah (scimitar-horned oryx),"Animal Diversity Web, University of Michigan Museum of Zoology",Regents of the University of Michigan,https://animaldiversity.org/accounts/Oryx_dammah/,true
SRC_R02_B01_014,Ocelot,San Diego Zoo Wildlife Alliance,San Diego Zoo Wildlife Alliance,https://animals.sandiegozoo.org/animals/ocelot,true
SRC_R02_B01_015,Okapi,San Diego Zoo Wildlife Alliance,San Diego Zoo Wildlife Alliance,https://animals.sandiegozoo.org/animals/okapi,true
SRC_R02_B01_016,Striped Hyena,San Diego Zoo Wildlife Alliance,San Diego Zoo Wildlife Alliance,https://animals.sandiegozoo.org/animals/striped-hyena,true
SRC_R02_B01_017,Sun Bear,San Diego Zoo Wildlife Alliance,San Diego Zoo Wildlife Alliance,https://animals.sandiegozoo.org/animals/sun-bear,true
SRC_R02_B01_018,Takin,San Diego Zoo Wildlife Alliance,San Diego Zoo Wildlife Alliance,https://animals.sandiegozoo.org/animals/takin,true
SRC_R02_B01_019,"Status of the African wild dog in the Benoue Complex, North Cameroon",IUCN/SSC Canid Specialist Group,Canid News,https://canids.org/CBC/15/African_wild_dogs_in_Cameroon.pdf,true
SRC_R02_B01_020,Reticulated Giraffe,Denver Zoo Conservation Alliance,Denver Zoo Conservation Alliance,https://denverzoo.org/animals/reticulated-giraffe/,true
SRC_R02_B01_021,Civettictis civetta,Biodiversity Literature Repository by Plazi,Lynx Edicions,https://doi.org/10.5281/zenodo.5714830,true
SRC_R02_B01_022,Ranging and parental care of the raccoon dog Nyctereutes procyonoides during pup rearing,TU Dresden Research Portal,Acta Theriologica,https://fis.tu-dresden.de/portal/en/publications/ranging-and-parental-care-of-the-raccoon-dog-nyctereutes-procyonoides-during-pup-rearing%28f4b34c65-761e-4b4a-b986-097aebdae3c9%29.html,true
SRC_R02_B01_023,Astore Markhor,"Forest, Wildlife & Environment Department, Government of Gilgit-Baltistan",Government of Gilgit-Baltistan,https://fwegb.gov.pk/markhor/,true
SRC_R02_B01_024,American Hog-nosed Skunk,"Grand Canyon National Park, National Park Service",U.S. National Park Service,https://home.nps.gov/grca/learn/nature/american-hog-nosed-skunk.htm,true
SRC_R02_B01_025,Serval,Los Angeles Zoo and Botanical Gardens,City of Los Angeles,https://lazoo.org/explore-your-zoo/our-animals/mammals/serval/,true
SRC_R02_B01_026,Banded mongoose,Smithsonian's National Zoo and Conservation Biology Institute,Smithsonian Institution,https://nationalzoo.si.edu/animals/banded-mongoose,true
SRC_R02_B01_027,Binturong,Smithsonian's National Zoo and Conservation Biology Institute,Smithsonian Institution,https://nationalzoo.si.edu/animals/binturong,true
SRC_R02_B01_028,Caracal lynx,Smithsonian's National Zoo and Conservation Biology Institute,Smithsonian Institution,https://nationalzoo.si.edu/animals/caracal-lynx,true
SRC_R02_B01_029,Cheetah,Smithsonian's National Zoo and Conservation Biology Institute,Smithsonian Institution,https://nationalzoo.si.edu/animals/cheetah,true
SRC_R02_B01_030,Clouded leopard,Smithsonian's National Zoo and Conservation Biology Institute,Smithsonian Institution,https://nationalzoo.si.edu/animals/clouded-leopard,true
SRC_R02_B01_031,Giant panda,Smithsonian's National Zoo and Conservation Biology Institute,Smithsonian Institution,https://nationalzoo.si.edu/animals/giant-panda,true
SRC_R02_B01_032,Maned wolf,Smithsonian's National Zoo and Conservation Biology Institute,Smithsonian Institution,https://nationalzoo.si.edu/animals/maned-wolf,true
SRC_R02_B01_033,North American river otter,Smithsonian's National Zoo and Conservation Biology Institute,Smithsonian Institution,https://nationalzoo.si.edu/animals/north-american-river-otter,true
SRC_R02_B01_034,Pallas's cat,Smithsonian's National Zoo and Conservation Biology Institute,Smithsonian Institution,https://nationalzoo.si.edu/animals/pallas-cat,true
SRC_R02_B01_035,Red panda,Smithsonian's National Zoo and Conservation Biology Institute,Smithsonian Institution,https://nationalzoo.si.edu/animals/red-panda,true
SRC_R02_B01_036,Sloth bear,Smithsonian's National Zoo and Conservation Biology Institute,Smithsonian Institution,https://nationalzoo.si.edu/animals/sloth-bear,true
SRC_R02_B01_037,Striped skunk,Smithsonian's National Zoo and Conservation Biology Institute,Smithsonian Institution,https://nationalzoo.si.edu/animals/striped-skunk,true
SRC_R02_B01_038,Dhole Conservation in Southeast Asia,Smithsonian Conservation Biology Institute Center for Species Survival,Smithsonian Institution,https://nationalzoo.si.edu/center-for-species-survival/dhole-conservation-southeast-asia,true
SRC_R02_B01_039,Indian Chevrotain - Moschiola indica,"Centre for Biodiversity and Conservation Studies, Osmania University",Osmania University,https://oucbcs.org/wp-content/uploads/2025/08/Vol-2-Issue-4.pdf,true
SRC_R02_B01_040,Common Genet,Potawatomi Zoo,Potawatomi Zoo,https://potawatomizoo.org/animal/common-genet/,true
SRC_R02_B01_041,African Wild Dog,Reid Park Zoo,Reid Park Zoo,https://reidparkzoo.org/animals/african-wild-dog/,true
SRC_R02_B01_042,"Gulo gulo, wolverine",US Forest Service Research and Development,United States Department of Agriculture Forest Service,https://research.fs.usda.gov/feis/species-reviews/gugu,true
SRC_R02_B01_043,Proposal for the Inclusion of the Argali Ovis ammon on CMS Appendix II,Convention on the Conservation of Migratory Species of Wild Animals,United Nations Environment Programme,https://saiga.cms.int/sites/default/files/document/2_1_ovis_ammon_e.pdf,true
SRC_R02_B01_044,Giraffe,San Diego Zoo Wildlife Alliance,San Diego Zoo Wildlife Alliance,https://sdzwildlifeexplorers.org/animals/giraffe,true
SRC_R02_B01_045,Nasua nasua (coati),"Sistema de Información de Biodiversidad, Administración de Parques Nacionales",Government of Argentina,https://sib.gob.ar/especies/Nasua-nasua,true
SRC_R02_B01_046,Lama glama,"Sistema de Información de Biodiversidad, Administración de Parques Nacionales",Government of Argentina,https://sib.gob.ar/especies/lama-glama,true
SRC_R02_B01_047,Parachoerus wagneri,"Sistema de Información de Biodiversidad, Administración de Parques Nacionales","Administración de Parques Nacionales, Argentina",https://sib.gob.ar/especies/parachoerus-wagneri,true
SRC_R02_B01_048,Red List of South African Species: Brown Hyaena,South African National Biodiversity Institute,SANBI,https://speciesstatus.sanbi.org/taxa/detail/2070/,true
SRC_R02_B01_049,Moose Species Profile,Alaska Department of Fish and Game,State of Alaska,https://www.adfg.alaska.gov/?adfg=moose.main,true
SRC_R02_B01_050,Arctic Fox Species Profile,Alaska Department of Fish and Game,State of Alaska,https://www.adfg.alaska.gov/index.cfm?adfg=arcticfox.main,true
SRC_R02_B01_051,Elephant seal,Australian Antarctic Division,"Australian Government Department of Climate Change, Energy, the Environment and Water",https://www.antarctica.gov.au/about-antarctica/animals/seals/elephant-seal/,true
SRC_R02_B01_052,Leopard seal,Australian Antarctic Division,"Australian Government Department of Climate Change, Energy, the Environment and Water",https://www.antarctica.gov.au/about-antarctica/animals/seals/leopard-seal/,true
SRC_R02_B01_053,Impala,African Wildlife Foundation,African Wildlife Foundation,https://www.awf.org/wildlife-conservation/impala,true
SRC_R02_B01_054,Sable,African Wildlife Foundation,African Wildlife Foundation,https://www.awf.org/wildlife-conservation/sable,true
SRC_R02_B01_055,Wildebeest,African Wildlife Foundation,African Wildlife Foundation,https://www.awf.org/wildlife-conservation/wildebeest,true
SRC_R02_B01_056,Higher Predators - Bird Island - Seal monitoring,British Antarctic Survey,Natural Environment Research Council,https://www.bas.ac.uk/project/higher-predators-long-term-science/higher-predators-bird-island-seal-monitoring/,true
SRC_R02_B01_057,Everything you need to know about giraffes,Born Free Foundation,Born Free Foundation,https://www.bornfree.org.uk/animals/giraffes/,true
SRC_R02_B01_058,Sea Otter (Enhydra lutris): COSEWIC assessment and status report 2022,Committee on the Status of Endangered Wildlife in Canada,Government of Canada,https://www.canada.ca/en/environment-climate-change/services/species-risk-public-registry/cosewic-assessments-status-reports/sea-otter-2022.html,true
SRC_R02_B01_059,Ethiopian wolf,IUCN SSC Canid Specialist Group,IUCN SSC Canid Specialist Group,https://www.canids.org/species/view/preknl433181,true
SRC_R02_B01_060,Sand cat,IUCN SSC Cat Specialist Group,IUCN SSC Cat Specialist Group,https://www.catsg.org/living-species-sandcat,true
SRC_R02_B01_061,Fossa,Chester Zoo,Chester Zoo,https://www.chesterzoo.org/animals/fossa,true
SRC_R02_B01_062,Argali Sheep — Ovis ammon,Convention on the Conservation of Migratory Species of Wild Animals,United Nations Environment Programme,https://www.cms.int/species/ovis-ammon,true
SRC_R02_B01_063,Bos gaurus,East and Southeast Asia Biodiversity Information Initiative,"Biodiversity Center of Japan, Ministry of the Environment",https://www.esabii.biodic.go.jp/database/mammal/cetartiodactyla/bos_gaurus.html,true
SRC_R02_B01_064,Ibex (Capra ibex),Landratsamt Oberallgäu,Landratsamt Oberallgäu,https://www.freiraum-lebensraum.info/en/animals/ibex,true
SRC_R02_B01_065,Canada Lynx (Lynx canadensis),U.S. Fish & Wildlife Service,U.S. Department of the Interior,https://www.fws.gov/species/canada-lynx-lynx-canadensis,true
SRC_R02_B01_066,Nyctereutes procyonoides - jenot,General Directorate for Environmental Protection,Government of Poland,https://www.gov.pl/web/gdos/nyctereutes-procyonoides---jenot,true
SRC_R02_B01_067,Sulawesi babirusa,IUCN SSC Wild Pig Specialist Group,International Union for Conservation of Nature,https://www.iucn-wpsg.org/sulawesi-babirusa,true
SRC_R02_B01_068,European Pine Marten (Martes martes),Martes Working Group,Martes Working Group,https://www.martesworkinggroup.org/martes-species/european-pine-marten,true
SRC_R02_B01_069,Atlas y Libro Rojo de los Mamíferos Terrestres de España: Herpestes ichneumon,Ministerio para la Transición Ecológica y el Reto Demográfico,Government of Spain,https://www.miteco.gob.es/content/dam/miteco/es/biodiversidad/temas/inventarios-nacionales/ieet_mami_herpestes_ichneumon_tcm30-99809.pdf,true
SRC_R02_B01_070,Pronghorn,Bryce Canyon National Park,U.S. National Park Service,https://www.nps.gov/brca/learn/nature/pronghorn.htm,true
SRC_R02_B01_071,Elk (Cervus canadensis),"Jewel Cave National Monument, National Park Service",U.S. National Park Service,https://www.nps.gov/jeca/learn/nature/elk-cervus-canadensis.htm,true
SRC_R02_B01_072,White-tailed Deer (Odocoileus virginianus),"Jewel Cave National Monument, National Park Service",U.S. Department of the Interior,https://www.nps.gov/jeca/learn/nature/white-tailed-deer-odocoileus-virginianus.htm,true
SRC_R02_B01_073,Gray Wolf,Kobuk Valley National Park,U.S. National Park Service,https://www.nps.gov/kova/learn/nature/gray-wolf.htm,true
SRC_R02_B01_074,Muskox,"Kobuk Valley National Park, National Park Service",U.S. Department of the Interior,https://www.nps.gov/kova/learn/nature/muskox.htm,true
SRC_R02_B01_075,Bighorn Sheep,"Rocky Mountain National Park, National Park Service",U.S. Department of the Interior,https://www.nps.gov/romo/learn/nature/bighorn_sheep.htm,true
SRC_R02_B01_076,Basic Facts - Bison,U.S. National Park Service,U.S. Department of the Interior,https://www.nps.gov/subjects/bison/bison-facts.htm,true
SRC_R02_B01_077,Gray wolf,Voyageurs National Park,U.S. National Park Service,https://www.nps.gov/voya/learn/nature/gray-wolf.htm,true
SRC_R02_B01_078,Hippopotamus,Philadelphia Zoo,Philadelphia Zoo,https://www.philadelphiazoo.org/animals/hippopotamus/,true
SRC_R02_B01_079,About dingoes,Queensland Government,Queensland Government,https://www.qld.gov.au/environment/plants-animals/animals/living-with/dingoes/about-dingoes,true
SRC_R02_B01_080,Black-backed jackal,South African National Biodiversity Institute,SANBI,https://www.sanbi.org/gardens/hantam/wildlife-and-biodiversity-2/black-backed-jackal/,true
SRC_R02_B01_081,European badger,The Wildlife Trusts,The Wildlife Trusts,https://www.wildlifetrusts.org/wildlife-explorer/mammals/european-badger,true
SRC_R02_B01_082,Red deer,The Wildlife Trusts,The Wildlife Trusts,https://www.wildlifetrusts.org/wildlife-explorer/mammals/red-deer,true
SRC_R02_B01_083,Spotted hyena,World Wildlife Fund,World Wildlife Fund,https://www.worldwildlife.org/species/spotted-hyena/,true
SRC_R02_B01_084,Reeves's muntjac,Yangmingshan National Park Headquarters,National Park Service of Taiwan,https://www.ymsnp.gov.tw/ch/florafauna/mammals/385,true
SRC_R02_B01_085,European wild cat,Gdansk Zoo,Gdansk Zoo,https://zoo.gdansk.pl/en/animals/european-wild-cat/,true
SRC_R02_B02_001,Jaguar,San Diego Zoo Wildlife Alliance,San Diego Zoo Wildlife Alliance,https://animals.sandiegozoo.org/animals/jaguar,true
SRC_R02_B02_002,Kinkajou,San Diego Zoo Wildlife Alliance,San Diego Zoo Wildlife Alliance,https://animals.sandiegozoo.org/animals/kinkajou,true
SRC_R02_B02_003,Leopard,San Diego Zoo Wildlife Alliance,San Diego Zoo Wildlife Alliance,https://animals.sandiegozoo.org/animals/leopard,true
SRC_R02_B02_004,Wild Boars in Singapore,"Animal and Veterinary Service, National Parks Board",Government of Singapore,https://avs.nparks.gov.sg/wildlife/encountering-wildlife/wild-boars/,true
SRC_R02_B02_005,Proposed Monitoring of Lesser Mouse-Deer Tragulus kanchil,Warsaw University of Life Sciences,Folia Pomeranae Universitatis Technologiae Stetinensis,https://foliaaapz.zut.edu.pl/pdf/358/AAPZ2021.57.1.04.pdf,true
SRC_R02_B02_006,Snow Leopard,Los Angeles Zoo and Botanical Gardens,City of Los Angeles,https://lazoo.org/explore-your-zoo/our-animals/mammals/snow-leopard/,true
SRC_R02_B02_007,Fennec fox,Smithsonian's National Zoo and Conservation Biology Institute,Smithsonian Institution,https://nationalzoo.si.edu/animals/fennec-fox,true
SRC_R02_B02_008,Lion,Smithsonian's National Zoo and Conservation Biology Institute,Smithsonian Institution,https://nationalzoo.si.edu/animals/lion,true
SRC_R02_B02_009,Meerkat,Smithsonian's National Zoo and Conservation Biology Institute,Smithsonian Institution,https://nationalzoo.si.edu/animals/meerkat,true
SRC_R02_B02_010,"7 Fascinating Facts About the Fishing Cat, a Wild Cat With an Aquatic Lifestyle",Smithsonian's National Zoo and Conservation Biology Institute,Smithsonian Institution,https://nationalzoo.si.edu/animals/news/7-fascinating-facts-about-fishing-cat-wild-cat-aquatic-lifestyle,true
SRC_R02_B02_011,Tiger,Smithsonian's National Zoo and Conservation Biology Institute,Smithsonian Institution,https://nationalzoo.si.edu/animals/tiger,true
SRC_R02_B02_012,Habitat,Polar Bears International,Polar Bears International,https://polarbearsinternational.org/polar-bears/polar-bear-facts/habitat/,true
SRC_R02_B02_013,Saiga tatarica | Saiga Antelope,Convention on the Conservation of Migratory Species of Wild Animals,United Nations Environment Programme,https://saiga.cms.int/species/saiga-tatarica,true
SRC_R02_B02_014,Seasonal habitat selection by African buffalo Syncerus caffer in the Savuti-Mababe-Linyanti ecosystem of northern Botswana,"Okavango Research Institute, University of Botswana",Koedoe / AOSIS Publishing,https://scielo.org.za/scielo.php?pid=S0075-64582017000200001&script=sci_arttext,true
SRC_R02_B02_015,Tayassu pecari,"Sistema de Información de Biodiversidad, Administración de Parques Nacionales",Government of Argentina,https://sib.gob.ar/especies/tayassu-pecari,true
SRC_R02_B02_016,Tremarctos ornatus,"Sistema de Información de Biodiversidad, Administración de Parques Nacionales",Government of Argentina,https://sib.gob.ar/especies/tremarctos-ornatus,true
SRC_R02_B02_017,Lama vicugna,"Sistema de Información de Biodiversidad, Administración de Parques Nacionales",Government of Argentina,https://sib.gob.ar/index.php/especies/lama-vicugna,true
SRC_R02_B02_018,Orkhon Valley Cultural Landscape,UNESCO World Heritage Centre,UNESCO,https://whc.unesco.org/en/list/1081/,true
SRC_R02_B02_019,Silk Roads: Zarafshan-Karakum Corridor,UNESCO World Heritage Centre,UNESCO,https://whc.unesco.org/en/list/1675/,true
SRC_R02_B02_020,Samarkand - Crossroad of Cultures,UNESCO World Heritage Centre,UNESCO,https://whc.unesco.org/en/list/603,true
SRC_R02_B02_021,Oghuz,Internet Encyclopedia of Ukraine,Canadian Institute of Ukrainian Studies,https://www.encyclopediaofukraine.com/display.asp?linkpath=pages%5CO%5CG%5COghuz.htm,true
SRC_R02_B02_022,Ursus thibetanus,East and Southeast Asia Biodiversity Information Initiative,"Biodiversity Center of Japan, Ministry of the Environment",https://www.esabii.biodic.go.jp/database/mammal/carnivora/ursus_thibetanus.html,true
SRC_R02_B02_023,California Sea Lion,NOAA Fisheries,U.S. Department of Commerce,https://www.fisheries.noaa.gov/species/california-sea-lion,true
SRC_R02_B02_024,Harbor Seal,NOAA Fisheries,U.S. Department of Commerce,https://www.fisheries.noaa.gov/species/harbor-seal/science?page=1,true
SRC_R02_B02_025,Harp Seal,NOAA Fisheries,U.S. Department of Commerce,https://www.fisheries.noaa.gov/species/harp-seal?page=1,true
SRC_R02_B02_026,QEPCAQ,Encyclopaedia Iranica,Encyclopaedia Iranica Foundation,https://www.iranicaonline.org/articles/qepcaq/,true
SRC_R02_B02_027,Common warthog,IUCN SSC Wild Pig Specialist Group,International Union for Conservation of Nature,https://www.iucn-wpsg.org/common-warthog,true
SRC_R02_B02_028,Aardwolf,National Geographic,National Geographic Partners,https://www.nationalgeographic.com/animals/mammals/facts/aardwolves,true
SRC_R02_B02_029,Greater Kudu,North Carolina Zoo,State of North Carolina,https://www.nczoo.org/wildlife/animals/greater-kudu,true
SRC_R02_B02_030,Western Spotted Skunk,Nevada Department of Wildlife,State of Nevada,https://www.ndow.org/species/western-spotted-skunk/,true
SRC_R02_B02_031,"History, Purpose, and Status of Caribou Movements in Northwest Alaska",National Park Service,U.S. Department of the Interior,https://www.nps.gov/articles/aps-17-1-7.htm,true
SRC_R02_B02_032,Red Fox,National Park Service,U.S. Department of the Interior,https://www.nps.gov/articles/red-fox.htm,true
SRC_R02_B02_033,Raccoon,"Big Thicket National Preserve, National Park Service",U.S. Department of the Interior,https://www.nps.gov/bith/learn/nature/raccoon.htm,true
SRC_R02_B02_034,Red Fox,"Gateway National Recreation Area, National Park Service",U.S. Department of the Interior,https://www.nps.gov/gate/red-fox.htm,true
SRC_R02_B02_035,Mountain Lion,"Grand Canyon National Park, National Park Service",U.S. Department of the Interior,https://www.nps.gov/grca/learn/nature/mt-lion.htm,true
SRC_R02_B02_036,Brown Bear - Ursus Arctos,"Kenai Fjords National Park, National Park Service",U.S. Department of the Interior,https://www.nps.gov/kefj/learn/nature/brown-bear.htm,true
SRC_R02_B02_037,Raccoon,"Missouri National Recreational River, National Park Service",U.S. Department of the Interior,https://www.nps.gov/mnrr/learn/nature/raccoon.htm,true
SRC_R02_B02_038,American Black Bear,"Valles Caldera National Preserve, National Park Service",U.S. Department of the Interior,https://www.nps.gov/vall/learn/nature/american-black-bear.htm,true
SRC_R02_B02_039,Collared Peccary,Gdański Ogród Zoologiczny,Gdański Ogród Zoologiczny,https://zoo.gdansk.pl/en/animals/collared-peccary/,true
SRC_R03_B01_001,"Ghost turnips, the púca, fortune-telling and evil abductions",National Museum of Ireland,National Museum of Ireland,https://cms.museum.ie/en-IE/News/2023/Ghost-turnips%2C-pucas%2C-fortune-telling-and-evil-abd,true
SRC_R03_B01_002,Le mythe d’Aziza ou la naissance de la musique et de la chanson chez les Fon et les Goun du Bénin,University of Abomey-Calavi,University of Abomey-Calavi institutional repository,https://dspace.uac.bj/items/7d58c17e-fbd9-431b-bff9-9b76b167866c,true
SRC_R03_B01_003,Dwarves,National Museum of Denmark,National Museum of Denmark,https://en.natmus.dk/historical-knowledge/denmark/middle-ages-1000-1536/j-r-r-tolkien/dwarves/,true
SRC_R03_B01_004,Myths of the Iroquois,Smithsonian Institution Bureau of Ethnology,Smithsonian Institution,https://repository.si.edu/bitstream/handle/10088/91613/Myths%20of%20the%20Iroquois.pdf?isAllowed=y&sequence=1,true
SRC_R03_B01_005,Patupaiarehe and ponaturi,Te Ara Encyclopedia of New Zealand,New Zealand Ministry for Culture and Heritage,https://teara.govt.nz/en/patupaiarehe/page-1,true
SRC_R03_B01_006,Hobbits,Tolkien Gateway,Tolkien Gateway,https://tolkiengateway.net/wiki/Hobbits,true
SRC_R03_B01_007,The Slate Landscape of Northwest Wales,UNESCO World Heritage Centre,UNESCO,https://whc.unesco.org/en/list/1633/,true
SRC_R03_B01_008,Ironbridge Gorge,UNESCO World Heritage Centre,UNESCO,https://whc.unesco.org/en/list/371/,true
SRC_R03_B01_009,"The Causses and the Cévennes, Mediterranean agro-pastoral Cultural Landscape",UNESCO World Heritage Centre,UNESCO,https://whc.unesco.org/fr/list/1153,true
SRC_R03_B01_010,Kobolds,Encyclopedia.com,Encyclopedia of Occultism and Parapsychology,https://www.encyclopedia.com/science/encyclopedias-almanacs-transcripts-and-maps/kobolds,true
SRC_R03_B01_011,Rocks and landforms,Scotland's environment,Scottish Government,https://www.environment.gov.scot/our-environment/land/rocks-and-landforms/,true
SRC_R03_B01_012,Scots language policy: English version,Scottish Government,Scottish Government,https://www.gov.scot/publications/scots-language-policy-english/,true
SRC_R03_B01_013,Tales From Scottish Ballads,Project Gutenberg,Project Gutenberg; Elizabeth W. Grierson text,https://www.gutenberg.org/cache/epub/28424/pg28424-images.html,true
SRC_R03_B01_014,Guernsey Folk-Lore,Project Gutenberg,Project Gutenberg; Sir Edgar MacCulloch text,https://www.gutenberg.org/files/52834/52834-h/52834-h.htm,true
SRC_R03_B01_015,Ancient Legends of Ireland,Project Gutenberg,Project Gutenberg; Lady Wilde text,https://www.gutenberg.org/files/61436/old/61436-h/61436-h.htm,true
SRC_R03_B01_016,"Púca in placenames, a researcher’s nightmare",Placenames Database of Ireland,Government of Ireland,https://www.logainm.ie/en/themes/74,true
SRC_R03_B01_017,Menehune,Mānoa Heritage Center,Mānoa Heritage Center,https://www.manoaheritagecenter.org/moolelo/menehune/,true
SRC_R03_B01_018,Out of the Past and Into the Night,Penn Museum,University of Pennsylvania Museum of Archaeology and Anthropology,https://www.penn.museum/sites/expedition/out-of-the-past-and-into-the-night-2/,true
SRC_R03_B01_019,Poems of Charles Fenno Hoffman: Notes on Kachēsco,Internet Archive scan presented by Scribd,Charles Scribner edition; H. R. Schoolcraft letter quoted in notes,https://www.scribd.com/document/819042484/destroy,true
SRC_R03_B01_020,Joyce Country and Western Lakes UNESCO Global Geopark,UNESCO,UNESCO,https://www.unesco.org/en/iggp/joyce-country-and-western-lakes-unesco-global-geopark,true
SRC_R03_B01_021,The Nûñnĕ′hĭ and Other Spirit Folk,World History Encyclopedia,"World History Encyclopedia; text republished from James Mooney, Myths of the Cherokee",https://www.worldhistory.org/article/2558/the-nunnehi-and-other-spirit-folk/,true
SRC_R04_B01_001,Astrochelys radiata,Animal Diversity Web,University of Michigan Museum of Zoology,https://animaldiversity.org/accounts/Astrochelys_radiata/,true
SRC_R04_B01_002,Pancake Tortoise,San Diego Zoo Wildlife Alliance,San Diego Zoo Wildlife Alliance,https://animals.sandiegozoo.org/animals/pancake-tortoise,true
SRC_R04_B01_003,Supernatural Creatures in Scottish Folklore,Historic Environment Scotland,Historic Environment Scotland,https://blog.historicenvironment.scot/2018/10/supernatural-creatures-scottish-folklore/,true
SRC_R04_B01_004,Eastern Long-necked Turtle,Museums Victoria,State of Victoria,https://collections.museumsvictoria.com.au/species/8818,true
SRC_R04_B01_005,"The Melanesians: Studies in their Anthropology and Folklore, Chapter XII",Wikisource,Clarendon Press; transcription hosted by Wikimedia Foundation,https://en.wikisource.org/wiki/The_Melanesians%3A_Studies_in_their_Anthropology_and_Folklore/Chapter_12,true
SRC_R04_B01_006,"The Mythology of All Races, Volume 3, Slavic, Chapter IX: Water-Spirits",Wikisource,Marshall Jones Company; transcription hosted by Wikimedia Foundation,https://en.wikisource.org/wiki/The_Mythology_of_All_Races/Volume_3/Slavic/Part_1/Chapter_9,true
SRC_R04_B01_007,Undine,Project Gutenberg,Project Gutenberg Literary Archive Foundation,https://gutenberg.org/cache/epub/2825/pg2825-images.html,true
SRC_R04_B01_008,Diamondback Terrapin,U.S. National Park Service,U.S. Department of the Interior,https://home.nps.gov/guis/learn/nature/diamondback-terrapin.htm,true
SRC_R04_B01_009,Bio Ecology of Marsh Crocodile (Crocodylus palustris),International Journal of Biology and Biotechnology,University of Karachi,https://ijbbku.com/assets/custom/journals/2014/1/Bio-ecology%20of%20marsh%20crocodile%20%28Crocodylus%20palustris%29%20in%20captivity%20at%20Karachi%20Zoo.pdf,true
SRC_R04_B01_010,Centrochelys sulcata (Miller 1779) – African Spurred Tortoise,IUCN/SSC Tortoise and Freshwater Turtle Specialist Group,Chelonian Research Foundation,https://iucn-tftsg.org/wp-content/uploads/crm.5.110.sulcata.v1.2020.pdf,true
SRC_R04_B01_011,"The dark side of the black caiman: Shedding light on species dietary ecology and movement in Agami Pond, French Guiana",PLOS ONE,Public Library of Science,https://journals.plos.org/plosone/article?id=10.1371%2Fjournal.pone.0217239,true
SRC_R04_B01_012,Dwarf Caiman,Los Angeles Zoo and Botanical Gardens,City of Los Angeles,https://lazoo.org/explore-your-zoo/our-animals/reptiles/dwarf-caiman/,true
SRC_R04_B01_013,Tomistoma (False Gharial),Los Angeles Zoo and Botanical Gardens,City of Los Angeles,https://lazoo.org/explore-your-zoo/our-animals/reptiles/tomistoma/,true
SRC_R04_B01_014,West African Dwarf Crocodile,Minnesota Zoo,Minnesota Zoo,https://mnzoo.org/blog/animals/west-african-dwarf-crocodile/,true
SRC_R04_B01_015,American Alligator,Florida Fish and Wildlife Conservation Commission,Florida Fish and Wildlife Conservation Commission,https://myfwc.com/wildlifehabitats/profiles/reptiles/alligator/,true
SRC_R04_B01_016,Species Profile - Spiny Softshell,U.S. Geological Survey,U.S. Department of the Interior,https://nas.er.usgs.gov/queries/factsheet.aspx?speciesid=1274,true
SRC_R04_B01_017,Chinese alligator,Smithsonian's National Zoo and Conservation Biology Institute,Smithsonian Institution,https://nationalzoo.si.edu/animals/chinese-alligator,true
SRC_R04_B01_018,Eastern box turtle,Smithsonian's National Zoo and Conservation Biology Institute,Smithsonian Institution,https://nationalzoo.si.edu/animals/eastern-box-turtle,true
SRC_R04_B01_019,Gharial,Smithsonian's National Zoo and Conservation Biology Institute,Smithsonian Institution,https://nationalzoo.si.edu/animals/gharial,true
SRC_R04_B01_020,National Inventory for Intangible Cultural Heritage - Republic of Mauritius,National Heritage Fund,Republic of Mauritius,https://nhf.govmu.org/nhf/?mdocs-file=622,true
SRC_R04_B01_021,Painted Turtle,Connecticut Department of Energy and Environmental Protection,State of Connecticut,https://portal.ct.gov/deep/wildlife/fact-sheets/painted-turtle,true
SRC_R04_B01_022,Turtles of the World: Podocnemis expansa,Naturalis Biodiversity Center,Naturalis Biodiversity Center,https://turtles.linnaeus.naturalis.nl/linnaeus_ng/app/views/species/taxon.php?epi=11&id=7918,true
SRC_R04_B01_023,Turtles of the World: Lissemys punctata,Naturalis Biodiversity Center,Naturalis Biodiversity Center,https://turtles.linnaeus.naturalis.nl/linnaeus_ng/app/views/species/taxon.php?epi=11&id=8004,true
SRC_R04_B01_024,Kaiyodo Kappa Museum,VISIT KOCHI JAPAN,Kochi Prefecture,https://visitkochijapan.com/en/see-and-do/10038,true
SRC_R04_B01_025,The Gedeo Cultural Landscape,UNESCO World Heritage Centre,UNESCO,https://whc.unesco.org/en/list/1641/,true
SRC_R04_B01_026,The Historic Town and Archaeological Site of Gedi,UNESCO World Heritage Centre,UNESCO,https://whc.unesco.org/en/list/1720/,true
SRC_R04_B01_027,Royal Hill of Ambohimanga,UNESCO World Heritage Centre,UNESCO,https://whc.unesco.org/en/list/950/,true
SRC_R04_B01_028,California's Invaders: Red-Eared Slider,California Department of Fish and Wildlife,State of California,https://wildlife.ca.gov/Conservation/Invasives/Species/Redeared-Slider,true
SRC_R04_B01_029,Pelodiscus sinensis,University of Hong Kong School of Biological Sciences,University of Hong Kong,https://www.biosch.hku.hk/ecology/hkreptiles/turtle/Pelodiscus_sinensis.html,true
SRC_R04_B01_030,Snapping turtle (Chelydra serpentina): COSEWIC assessment and status report 2008,Committee on the Status of Endangered Wildlife in Canada,Government of Canada,https://www.canada.ca/en/environment-climate-change/services/species-risk-public-registry/cosewic-assessments-status-reports/snapping-turtle-2008.html,true
SRC_R04_B01_031,Fauna of Australia 2A - Reptilia - Crocodylia - Natural History,Australian Biological Resources Study,"Australian Government Department of Climate Change, Energy, the Environment and Water",https://www.dcceew.gov.au/sites/default/files/env/pages/dc11235d-8b3b-43f7-b991-8429f477a1d4/files/41-fauna-2a-crocodylia-naturalhistory.pdf,true
SRC_R04_B01_032,Rusalka,Canadian Institute of Ukrainian Studies,Encyclopedia of Ukraine,https://www.encyclopediaofukraine.com/display.asp?linkpath=pages%5CR%5CU%5CRusalkaIT.htm,true
SRC_R04_B01_033,3.3.1 Caiman crocodilus (spectacled caiman),Food and Agriculture Organization of the United Nations,FAO,https://www.fao.org/4/t0750e/t0750e0b.htm,true
SRC_R04_B01_034,"Engaresero Maasai Pastoralist Heritage Area, Tanzania",Food and Agriculture Organization of the United Nations,FAO,https://www.fao.org/giahs/giahs-around-the-world/tanzania-maasai/en,true
SRC_R04_B01_035,Green Turtle,NOAA Fisheries,National Oceanic and Atmospheric Administration,https://www.fisheries.noaa.gov/species/green-turtle,true
SRC_R04_B01_036,Hawksbill Turtle,NOAA Fisheries,National Oceanic and Atmospheric Administration,https://www.fisheries.noaa.gov/species/hawksbill-turtle?page=0,true
SRC_R04_B01_037,Leatherback Turtle,NOAA Fisheries,National Oceanic and Atmospheric Administration,https://www.fisheries.noaa.gov/species/leatherback-turtle?page=0,true
SRC_R04_B01_038,Loggerhead Turtle: Science,NOAA Fisheries,National Oceanic and Atmospheric Administration,https://www.fisheries.noaa.gov/species/loggerhead-turtle/science,true
SRC_R04_B01_039,Olive Ridley Turtle,NOAA Fisheries,National Oceanic and Atmospheric Administration,https://www.fisheries.noaa.gov/species/olive-ridley-turtle,true
SRC_R04_B01_040,Alligator Snapping Turtle (Macrochelys temminckii),U.S. Fish and Wildlife Service,U.S. Department of the Interior,https://www.fws.gov/species/alligator-snapping-turtle-macrochelys-temminckii,true
SRC_R04_B01_041,Desert Tortoise (Gopherus agassizii),U.S. Fish and Wildlife Service,U.S. Department of the Interior,https://www.fws.gov/species/desert-tortoise-gopherus-agassizii,true
SRC_R04_B01_042,Floreana: The Eden That Breathes Again,Galápagos Conservancy,Galápagos Conservancy,https://www.galapagos.org/newsroom/floreana-the-eden-that-breathes-again/,true
SRC_R04_B01_043,The European pond turtle,Muséum national d'Histoire naturelle,Muséum national d'Histoire naturelle,https://www.mnhn.fr/en/the-european-pond-turtle,true
SRC_R04_B01_044,The matamata turtle,Muséum national d'Histoire naturelle,Muséum national d'Histoire naturelle,https://www.mnhn.fr/en/the-matamata-turtle,true
SRC_R04_B01_045,Estuarine crocodile,Queensland Government,Queensland Government,https://www.qld.gov.au/environment/plants-animals/animals/living-with/crocodiles/estuarine-crocodile,true
SRC_R04_B01_046,Naiads (Naiades) - Fresh-Water Nymphs of Greek Mythology,Theoi Project,Theoi Greek Mythology,https://www.theoi.com/Nymphe/Naiades.html,true
SRC_R04_B01_047,Nile Crocodile,Gdańsk Zoo,Gdańsk Zoo,https://zoo.gdansk.pl/en/animals/nile-crocodile/,true
SRC_R05_B01_001,Religious masculinities in William of Newburgh's Historia rerum Anglicarum,Oxford Academic,Oxford University Press,https://academic.oup.com/histres/article/96/273/283/7146770,true
SRC_R05_B01_002,Will o' the Wisp,Smithsonian American Art Museum,Smithsonian Institution,https://americanart.si.edu/artwork/will-o-wisp-10805,true
SRC_R05_B01_003,"tokoloshe, tikoloshe",Dictionary of South African English,Dictionary Unit for South African English,https://dsae.co.za/entry/tokoloshe/e07240,true
SRC_R05_B01_004,Incubus,Wikisource,Encyclopædia Britannica (11th ed.),https://en.wikisource.org/wiki/1911_Encyclop%C3%A6dia_Britannica/Incubus,true
SRC_R05_B01_005,Empusa,Wikisource,Dictionary of Greek and Roman Biography and Mythology,https://en.wikisource.org/wiki/Dictionary_of_Greek_and_Roman_Biography_and_Mythology/Empusa,true
SRC_R05_B01_006,The Yōkai Imagination of Symbolism: The Role of Japanese Ghost Imagery in late 19th & early 20th Century European Art,Durham E-Theses,Durham University,https://etheses.dur.ac.uk/11477/1/FINAL_Dissertation_text_TO_PRINT.pdf,true
SRC_R05_B01_007,Unearthed Arcana 2026: Villainous Options,D&D Beyond,Wizards of the Coast,https://media.dndbeyond.com/compendium-images/ua/villainous-options/VRQr4YbETAgmpWRj/UA2026-VillainousOptions.pdf?pubDate=20260402,true
SRC_R05_B01_008,Peter Wright - Notes on Grettir's Saga,"William Morris Archive, University of Iowa",University of Iowa,https://morrisarchive.lib.uiowa.edu/peter-wright---notes-on-grettirs-saga,true
SRC_R05_B01_009,Eternal Life in Ancient Egypt,Smithsonian National Museum of Natural History,Smithsonian Institution,https://naturalhistory.si.edu/exhibits/eternal-life-ancient-egypt,true
SRC_R05_B01_010,Grettir's Saga,"Spatial Humanities, University of Toronto Libraries",University of Toronto Libraries,https://spatial-humanities.library.utoronto.ca/exhibits/show/text-without-context--context-/grettir-s-saga,true
SRC_R05_B01_011,Lich,D&D Beyond,Wizards of the Coast,https://www.dndbeyond.com/monsters/16943-lich,true
SRC_R05_B01_012,Death Customs and Superstitions,"National Folklore Collection, UCD",Dúchas.ie,https://www.duchas.ie/en/cbes/4758518/4750939/4954441?ChapterID=4758518&LangID=en,true
SRC_R05_B01_013,Ghosts,Encyclopedia.com,Encyclopedia of Religion,https://www.encyclopedia.com/places/united-states-and-canada/miscellaneous-us-geography/ghost,true
SRC_R05_B01_014,Cambions,Encyclopedia.com,Encyclopedia of Occultism and Parapsychology,https://www.encyclopedia.com/science/encyclopedias-almanacs-transcripts-and-maps/cambions,true
SRC_R05_B01_015,"The Rāmāyana, Volume 3: Yuddhakāndam",Project Gutenberg,Project Gutenberg,https://www.gutenberg.org/cache/epub/60188/pg60188.html,true
SRC_R05_B01_016,Robin Goodfellow,Historic UK,Historic UK,https://www.historic-uk.com/CultureUK/Robin-Goodfellow/,true
SRC_R05_B01_017,ARZŪR,Encyclopaedia Iranica,Encyclopaedia Iranica Foundation,https://www.iranicaonline.org/articles/arzur-mid/,true
SRC_R05_B01_018,DĪV,Encyclopaedia Iranica,Encyclopaedia Iranica Foundation,https://www.iranicaonline.org/articles/div/,true
SRC_R05_B01_019,Imp Definition & Meaning,Merriam-Webster,"Merriam-Webster, Incorporated",https://www.merriam-webster.com/dictionary/imp,true
SRC_R05_B01_020,Illustrated Legends of the Kitano Tenjin Shrine,The Metropolitan Museum of Art,The Metropolitan Museum of Art,https://www.metmuseum.org/art/collection/search/45428,true
SRC_R05_B01_021,Devi,World History Encyclopedia,World History Publishing,https://www.worldhistory.org/Devi/,true
SRC_R06_B01_001,"Ibn Kathir (Abridged) — Tafsir Surah An-Naml, Ayah 39",Quran.com,Quran.com,https://quran.com/an-naml/39/tafsirs/en-tafisr-ibn-kathir,true
SRC_R06_B01_002,Hill Forts of Rajasthan,UNESCO World Heritage Centre,UNESCO,https://whc.unesco.org/en/list/247/,true
SRC_R06_B01_003,Genesis 6:1-7,Bible Gateway,Bible Gateway,https://www.biblegateway.com/passage/?search=genesis+6%3A1-7&version=CEB%3BNIV%3BNET%3BNRSVUE%3BLEB,true
SRC_R06_B01_004,Angels and Angelology,Encyclopedia.com,Encyclopaedia Judaica,https://www.encyclopedia.com/religion/encyclopedias-almanacs-transcripts-and-maps/angels-and-angelology,true
SRC_R06_B01_005,AFGHAN,Encyclopaedia Iranica,Encyclopaedia Iranica Foundation,https://www.iranicaonline.org/articles/afgan-in-current-political-usage-any-citizen-of-afghanistan-whatever-his-ethnic-tribal-or-religious-affiliation/,true
SRC_R06_B01_006,GENIE,Encyclopaedia Iranica,Encyclopaedia Iranica Foundation,https://www.iranicaonline.org/articles/genie/,true
SRC_R06_B01_007,IRANIAN IDENTITY iii. MEDIEVAL ISLAMIC PERIOD,Encyclopaedia Iranica,Encyclopaedia Iranica Foundation,https://www.iranicaonline.org/articles/iranian-identity-iii-medieval-islamic-period/,true
SRC_R06_B01_008,JERGA,Encyclopaedia Iranica,Encyclopaedia Iranica Foundation,https://www.iranicaonline.org/articles/jerga/,true
SRC_R06_B01_009,KURDISH TRIBES,Encyclopaedia Iranica,Encyclopaedia Iranica Foundation,https://www.iranicaonline.org/articles/kurdish-tribes/,true
SRC_R06_B01_010,NOWRUZ ii. In the Islamic Period,Encyclopaedia Iranica,Encyclopaedia Iranica Foundation,https://www.iranicaonline.org/articles/nowruz-ii/,true
SRC_R06_B01_011,PAIRIKĀ,Encyclopaedia Iranica,Encyclopaedia Iranica Foundation,https://www.iranicaonline.org/articles/pairika/,true
SRC_R06_B01_012,Sikh House of Worship: The Gurdwara and Tradition of Langar,Sikh Coalition,Sikh Coalition,https://www.sikhcoalition.org/get-involved/resources-for-educators/middle-high-school-resources/sikh-house-worship/,true
SRC_R06_B01_013,Catching Raindrops,UNESCO Multimedia Archives,UNESCO,https://www.unesco.org/archives/multimedia/document-137,true
SRC_R07_B01_001,Basque language,Etxepare Basque Institute,Etxepare Basque Institute,https://basqueculture.eus/en/the-land-of-basque/language,true
SRC_R07_B01_002,Moral Extremes and Suprahuman Potentialities in Tales and Adaptations of the East Asian Folkloric Fox Spirit,Marvels & Tales,Wayne State University Press,https://digitalcommons.wayne.edu/marvels/vol39/iss2/2/,true
SRC_R07_B01_003,The Magic Tea Kettle (Bunbuku Chagama),Asian Art Museum Education,Asian Art Museum of San Francisco,https://education.asianart.org/resources/the-magic-tea-kettle-bunbuku-chagama/,true
SRC_R07_B01_004,Yara-ma-yha-who,"Wikipedia editors, citing David Unaipon's Legendary Tales",Wikimedia Foundation,https://en.wikipedia.org/wiki/Yara-ma-yha-who,true
SRC_R07_B01_005,Baltic song and dance celebrations,UNESCO Intangible Cultural Heritage,UNESCO,https://ich.unesco.org/en/RL/baltic-song-and-dance-celebrations-00087,true
SRC_R07_B01_006,What Do Place-Names Tell about non-Human Beings among Canadian Inuit?,Journal of Northern Studies,Umea University,https://journals.ub.umu.se/index.php/jns/article/download/879/423/2061,true
SRC_R07_B01_007,The Science of Vampires,Katherine Ramsland,Berkley Boulevard Books,https://nnty.fun/downloads/books/TAEL/GENERAL%20KNOWLEDGE/FICTION%20STUDIES/GOTHIC/The%20Science%20of%20Vampires%20-%20Katherine%20Ramsland%20%282002%29.pdf,true
SRC_R07_B01_008,Science and the supernatural: Filipino folklore through a scientific lens,University of the Philippines Diliman College of Science,University of the Philippines Diliman,https://science.upd.edu.ph/science-and-the-supernatural-filipino-folklore-through-a-scientific-lens/,true
SRC_R07_B01_009,The West Germanic Dialect Continuum,Cambridge University Press,Cambridge University Press,https://www.cambridge.org/core/books/abs/cambridge-handbook-of-germanic-linguistics/west-germanic-dialect-continuum/BB2DE0B12B5E05DAA5CD8BE92305FF98,true
SRC_R07_B01_010,Vampires,Encyclopedia of Occultism and Parapsychology,Encyclopedia.com / Gale,https://www.encyclopedia.com/literature-and-arts/classical-literature-mythology-and-folklore/folklore-and-mythology/vampires,true
SRC_R07_B01_011,Werewolf,Encyclopedia of Occultism and Parapsychology,Encyclopedia.com / Gale,https://www.encyclopedia.com/literature-and-arts/classical-literature-mythology-and-folklore/folklore-and-mythology/werewolf,true
SRC_R07_B01_012,Doppelganger,The Oxford Companion to the Body,Encyclopedia.com / Oxford University Press,https://www.encyclopedia.com/medicine/anatomy-and-physiology/anatomy-and-physiology/doppelganger,true
SRC_R07_B01_013,Ghoul,Encyclopedia of Occultism and Parapsychology,Encyclopedia.com / Gale,https://www.encyclopedia.com/philosophy-and-religion/other-religious-beliefs-and-general-terms/miscellaneous-religion/ghoul,true
SRC_R07_B01_014,Bertsolaritza: Oral literature,Basque Government Department of Culture and Language Policy,Euskadi.eus,https://www.euskadi.eus/web01-a2kulsus/es/contenidos/informacion/bertsoa/en_1338/bertso00_i.html,true
SRC_R07_B01_015,IKAKE Project (2024-2028),Finnish Literature Society,Finnish Literature Society,https://www.finlit.fi/en/research-at-the-finnish-literature-society/research-projects/ikake-project-2024-2028/,true
SRC_R07_B01_016,What is a gumiho?,Korean Culture and Information Service,"Ministry of Culture, Sports and Tourism of the Republic of Korea",https://www.mcst.go.kr/english/policy/kocis/newsView.jsp?pSeq=102,true
SRC_R07_B01_017,The history of Nordic co-operation,Nordic Council of Ministers,Nordic Council of Ministers,https://www.norden.org/en/information/history-nordic-co-operation,true
SRC_R07_B01_018,"The Ancient Terror of the Chinese Hopping Corpse, Jiangshi",PBS Monstrum,Public Broadcasting Service,https://www.pbs.org/video/the-ancient-terror-of-the-chinese-hopping-corpse-jiangshi-0dtmtb/,true
SRC_R07_B01_019,Here be Monsters! Sea Monsters of Scottish Folktale,Scottish Maritime Museum,Scottish Maritime Museum,https://www.scottishmaritimemuseum.org/here-be-monsters-sea-monsters-of-scottish-folktale-by-shelby-judge/,true
SRC_R07_B01_020,Preston Singletary: Raven Visits SFO,SFO Museum,San Francisco Airport Commission,https://www.sfomuseum.org/exhibitions/preston-singletary-raven-visits-sfo/gallery,true
SRC_R08_B01_001,Beautiful Sunbird,San Diego Zoo Wildlife Alliance,San Diego Zoo Wildlife Alliance,https://animals.sandiegozoo.org/animals/beautiful-sunbird,true
SRC_R08_B01_002,Sociable Weaver,San Diego Zoo Wildlife Alliance,San Diego Zoo Wildlife Alliance,https://animals.sandiegozoo.org/animals/sociable-weaver,true
SRC_R08_B01_003,African Pied Wagtail,"eBird, Cornell Lab of Ornithology","eBird, Cornell Lab of Ornithology",https://ebird.org/species/afpwag1/,true
SRC_R08_B01_004,The Mighty Long River: Yangtze River Culture Exhibition,National Museum of China,National Museum of China,https://en.chnmuseum.cn/exhibition/exhibition_series/temporary_exhibitions/historical_and_cultural_exhibition/202112/t20211223_253303.html,true
SRC_R08_B01_005,Atlantic canary,Wikipedia,Wikipedia,https://en.wikipedia.org/wiki/Atlantic_canary,true
SRC_R08_B01_006,Eurasian golden oriole,Wikipedia,Wikipedia,https://en.wikipedia.org/wiki/Eurasian_golden_oriole,true
SRC_R08_B01_007,Great bowerbird,Wikipedia,Wikipedia,https://en.wikipedia.org/wiki/Great_bowerbird,true
SRC_R08_B01_008,Greater bird-of-paradise,Wikipedia,Wikipedia,https://en.wikipedia.org/wiki/Greater_bird-of-paradise,true
SRC_R08_B01_009,Greater hoopoe-lark,Wikipedia,Wikipedia,https://en.wikipedia.org/wiki/Greater_hoopoe-lark,true
SRC_R08_B01_010,Magpie shrike,Wikipedia,Wikipedia,https://en.wikipedia.org/wiki/Magpie_shrike,true
SRC_R08_B01_011,Paradise tanager,Wikipedia,Wikipedia,https://en.wikipedia.org/wiki/Paradise_tanager,true
SRC_R08_B01_012,Red-necked tanager,Wikipedia,Wikipedia,https://en.wikipedia.org/wiki/Red-necked_tanager,true
SRC_R08_B01_013,Village weaver,Wikipedia,Wikipedia,https://en.wikipedia.org/wiki/Village_weaver,true
SRC_R08_B01_014,White bellbird,Wikipedia,Wikipedia,https://en.wikipedia.org/wiki/White_bellbird,true
SRC_R08_B01_015,Wilson's bird-of-paradise,Wikipedia,Wikipedia,https://en.wikipedia.org/wiki/Wilson%27s_bird-of-paradise,true
SRC_R08_B01_016,Common Raven,U.S. National Park Service,U.S. National Park Service,https://home.nps.gov/articles/000/common-raven.htm,true
SRC_R08_B01_017,Ainu History from the Perspective of Archaeology and Historical Studies,National Ainu Museum,National Ainu Museum,https://nam.go.jp/th/exhibition/floor2/special/rekishi2023/,true
SRC_R08_B01_018,National recovery plan for the Gouldian finch: background,Australian Government Department of Agriculture,Australian Government Department of Agriculture,https://www.agriculture.gov.au/sites/default/files/documents/e-gouldiae-background.pdf,true
SRC_R08_B01_019,American Crow Overview,Cornell Lab of Ornithology,Cornell Lab of Ornithology,https://www.allaboutbirds.org/guide/American_Crow/,true
SRC_R08_B01_020,Baltimore Oriole Overview,Cornell Lab of Ornithology,Cornell Lab of Ornithology,https://www.allaboutbirds.org/guide/Baltimore_Oriole/,true
SRC_R08_B01_021,Barn Swallow Overview,Cornell Lab of Ornithology,Cornell Lab of Ornithology,https://www.allaboutbirds.org/guide/Barn_Swallow,true
SRC_R08_B01_022,Blue Jay Overview,Cornell Lab of Ornithology,Cornell Lab of Ornithology,https://www.allaboutbirds.org/guide/Blue_Jay/overview,true
SRC_R08_B01_023,Cliff Swallow Life History,Cornell Lab of Ornithology,Cornell Lab of Ornithology,https://www.allaboutbirds.org/guide/Cliff_Swallow/lifehistory,true
SRC_R08_B01_024,Common Myna Overview,Cornell Lab of Ornithology,Cornell Lab of Ornithology,https://www.allaboutbirds.org/guide/Common_Myna/overview,true
SRC_R08_B01_025,Eurasian Magpie Life History,Cornell Lab of Ornithology,Cornell Lab of Ornithology,https://www.allaboutbirds.org/guide/Eurasian_Magpie/lifehistory,true
SRC_R08_B01_026,Eurasian Skylark Life History,Cornell Lab of Ornithology,Cornell Lab of Ornithology,https://www.allaboutbirds.org/guide/Eurasian_Skylark/lifehistory,true
SRC_R08_B01_027,European Starling Overview,Cornell Lab of Ornithology,Cornell Lab of Ornithology,https://www.allaboutbirds.org/guide/European_Starling/overview,true
SRC_R08_B01_028,Horned Lark Life History,Cornell Lab of Ornithology,Cornell Lab of Ornithology,https://www.allaboutbirds.org/guide/Horned_Lark/lifehistory,true
SRC_R08_B01_029,House Sparrow Life History,Cornell Lab of Ornithology,Cornell Lab of Ornithology,https://www.allaboutbirds.org/guide/House_Sparrow/lifehistory,true
SRC_R08_B01_030,Loggerhead Shrike Overview,Cornell Lab of Ornithology,Cornell Lab of Ornithology,https://www.allaboutbirds.org/guide/Loggerhead_Shrike/overview,true
SRC_R08_B01_031,Northern Yellow Warbler Life History,Cornell Lab of Ornithology,Cornell Lab of Ornithology,https://www.allaboutbirds.org/guide/Northern_Yellow_Warbler/lifehistory,true
SRC_R08_B01_032,Purple Martin Overview,Cornell Lab of Ornithology,Cornell Lab of Ornithology,https://www.allaboutbirds.org/guide/Purple_Martin,true
SRC_R08_B01_033,Red Crossbill Life History,Cornell Lab of Ornithology,Cornell Lab of Ornithology,https://www.allaboutbirds.org/guide/Red_Crossbill/lifehistory,true
SRC_R08_B01_034,White Wagtail Life History,Cornell Lab of Ornithology,Cornell Lab of Ornithology,https://www.allaboutbirds.org/guide/White_Wagtail/lifehistory,true
SRC_R08_B01_035,Scarlet-chested Sunbird,BirdForum Opus,BirdForum Opus,https://www.birdforum.net/opus/Scarlet-chested_Sunbird,true
SRC_R08_B01_036,Sounds of the Birds-of-Paradise,"Birds-of-Paradise Project, Cornell Lab of Ornithology","Birds-of-Paradise Project, Cornell Lab of Ornithology",https://www.birdsofparadiseproject.org/sound/,true
SRC_R08_B01_037,Chaffinch,British Trust for Ornithology,British Trust for Ornithology,https://www.bto.org/learn/about-birds/birdfacts/chaffinch,true
SRC_R08_B01_038,Hawfinch,British Trust for Ornithology,British Trust for Ornithology,https://www.bto.org/learn/about-birds/birdfacts/hawfinch,true
SRC_R08_B01_039,Meadow Pipit,British Trust for Ornithology,British Trust for Ornithology,https://www.bto.org/learn/about-birds/birdfacts/meadow-pipit,true
SRC_R08_B01_040,Robin,British Trust for Ornithology,British Trust for Ornithology,https://www.bto.org/learn/about-birds/birdfacts/robin,true
SRC_R08_B01_041,Song Thrush,British Trust for Ornithology,British Trust for Ornithology,https://www.bto.org/learn/about-birds/birdfacts/song-thrush,true
SRC_R08_B01_042,Ancient China,National Museum of China,National Museum of China,https://www.chnmuseum.cn/portals/0/web/zt/gudai/en/index.html,true
SRC_R08_B01_043,Superb Starling cooperative breeding,Columbia University,Columbia University,https://www.columbia.edu/~dr2497/download/rubenstein-2016-book.pdf,true
SRC_R08_B01_044,Lyrebirds,"NSW Department of Climate Change, Energy, the Environment and Water","NSW Department of Climate Change, Energy, the Environment and Water",https://www.environment.nsw.gov.au/topics/animals-and-plants/native-animals/native-animal-facts/birds/lyrebirds,true
SRC_R08_B01_045,Bali Myna,Lincoln Park Zoo,Lincoln Park Zoo,https://www.lpzoo.org/animals/bali-myna/,true
SRC_R08_B01_046,What is Washoku?,"Japan Ministry of Agriculture, Forestry and Fisheries","Japan Ministry of Agriculture, Forestry and Fisheries",https://www.maff.go.jp/e/policies/market/washoku-world-challenge/en/learning_01.html,true
SRC_R08_B01_047,Kimjang goes global: The universal appeal of kimchi,"Republic of Korea Ministry of Culture, Sports and Tourism","Republic of Korea Ministry of Culture, Sports and Tourism",https://www.mcst.go.kr/english/policy/kocis/newsView.jsp?pSeq=291,true
SRC_R08_B01_048,Albert's lyrebird,NSW National Parks and Wildlife Service,NSW National Parks and Wildlife Service,https://www.nationalparks.nsw.gov.au/plants-and-animals/alberts-lyrebird,true
SRC_R08_B01_049,Satin bowerbird,NSW National Parks and Wildlife Service,NSW National Parks and Wildlife Service,https://www.nationalparks.nsw.gov.au/plants-and-animals/satin-bowerbird,true
SRC_R08_B01_050,Tūī,New Zealand Birds Online,New Zealand Birds Online,https://www.nzbirdsonline.org.nz/species/tui,true
SRC_R08_B01_051,Red-billed Quelea,Oiseaux.net,Oiseaux.net,https://www.oiseaux.net/en/oiseaux/red-billed.quelea.html,true
SRC_R08_B01_052,Social behaviour of New Holland Honeyeaters,CSIRO Publishing,CSIRO Publishing,https://www.publish.csiro.au/MU/pdf/MU9890055,true
SRC_R08_B01_053,Great grey shrike,The Wildlife Trusts,The Wildlife Trusts,https://www.wildlifetrusts.org/wildlife-explorer/birds/crows-and-shrikes/great-grey-shrike,true
SRC_R08_B01_054,Nine Realms of Norse Cosmology,World History Encyclopedia,World History Encyclopedia,https://www.worldhistory.org/article/1305/nine-realms-of-norse-cosmology/,true
SRC_R09_B01_001,"The History of Ireland, Section VII",Corpus of Electronic Texts,University College Cork,https://celt.ucc.ie/published/T100054/text017.html,true
SRC_R09_B01_002,Elemental,Wikipedia contributors,Wikimedia Foundation,https://en.wikipedia.org/wiki/Elemental,true
SRC_R09_B01_003,Jotunn,Wikipedia contributors,Wikimedia Foundation,https://en.wikipedia.org/wiki/J%C3%B6tunn,true
SRC_R09_B01_004,1911 Encyclopaedia Britannica/Sylph,Encyclopaedia Britannica,Wikisource,https://en.wikisource.org/wiki/1911_Encyclop%C3%A6dia_Britannica/Sylph,true
SRC_R09_B01_005,"Norse mythology or, the religion of our forefathers, page 312",Rasmus B. Anderson,Wikisource,https://en.wikisource.org/wiki/Page%3ANorse_mythology_or%2C_the_religion_of_our_forefathers%2C_containing_all_the_myths_of_the_Eddas%2C_systematized_and_interpreted_with_an_introduction%2C_vocabulary_and_index.djvu/312,true
SRC_R09_B01_006,Laponian Area,UNESCO World Heritage Centre,UNESCO,https://whc.unesco.org/en/list/774/,true
SRC_R09_B01_007,Diaolou Buildings and Villages for Tibetan and Qiang Ethnic Groups,UNESCO World Heritage Centre,UNESCO,https://whc.unesco.org/en/tentativelists/5815,true
SRC_R09_B01_008,Minister Anandasangaree delivers apology to Inuit families for Dundas Harbour relocations,Crown-Indigenous Relations and Northern Affairs Canada,Government of Canada,https://www.canada.ca/en/crown-indigenous-relations-northern-affairs/news/2025/02/minister-anandasangaree-delivers-apology-to-inuit-families-for-dundas-harbour-relocations.html,true
SRC_R09_B01_009,Mountain cultures: celebrating diversity and strengthening identity,International Centre for Integrated Mountain Development,ICIMOD,https://www.icimod.org/article/mountain-cultures-celebrating-diversity-and-strengthening-identity/,true
SRC_R09_B01_010,About ICC,Inuit Circumpolar Council Canada,Inuit Circumpolar Council Canada,https://www.inuitcircumpolar.com/about-icc/,true
SRC_R09_B01_011,At.óowu: Tlingit Homeland,Glacier Bay National Park and Preserve,U.S. National Park Service,https://www.nps.gov/articles/aps-v13-i1-c7.htm,true
SRC_R09_B01_012,GIGANTES - Giants of the Gigantomachia of Greek Mythology,Theoi Project,Theoi Project,https://www.theoi.com/Gigante/Gigantes.html,true
SRC_R09_B01_013,HECATONCHEIRES - Hundred-Handed Storm Giants of Greek Mythology,Theoi Project,Theoi Project,https://www.theoi.com/Titan/Hekatonkheires.html,true
SRC_R09_B01_014,Cyclops (Creature),World History Encyclopedia,World History Publishing,https://www.worldhistory.org/Cyclops_%28Creature%29/,true
SRC_R09_B01_015,Ragnarok: The Cataclysmic Battle of Norse Mythology,World History Encyclopedia,World History Publishing,https://www.worldhistory.org/Ragnarok/,true
SRC_R09_B01_016,Tartarus,World History Encyclopedia,World History Publishing,https://www.worldhistory.org/Tartarus/,true
SRC_R11_B01_001,Nubian Encounters: The Story of the Nubian Ethnological Survey 1961-1964,Cairo Scholarship Online,Oxford University Press / American University in Cairo Press,https://academic.oup.com/cairo-scholarship-online/book/35524,true
SRC_R11_B01_002,Chrysochloris asiatica,Animal Diversity Web,University of Michigan Museum of Zoology,https://animaldiversity.org/accounts/Chrysochloris_asiatica/,true
SRC_R11_B01_003,Aardvark,Wikipedia contributors,Wikimedia Foundation,https://en.wikipedia.org/wiki/Aardvark,true
SRC_R11_B01_004,African bush elephant,Wikipedia contributors,Wikimedia Foundation,https://en.wikipedia.org/wiki/African_bush_elephant,true
SRC_R11_B01_005,African forest elephant,Wikipedia contributors,Wikimedia Foundation,https://en.wikipedia.org/wiki/African_forest_elephant,true
SRC_R11_B01_006,Amazonian manatee,Wikipedia contributors,Wikimedia Foundation,https://en.wikipedia.org/wiki/Amazonian_manatee,true
SRC_R11_B01_007,Asian elephant,Wikipedia contributors,Wikimedia Foundation,https://en.wikipedia.org/wiki/Asian_elephant,true
SRC_R11_B01_008,Black and rufous sengi,Wikipedia contributors,Wikimedia Foundation,https://en.wikipedia.org/wiki/Black_and_rufous_sengi,true
SRC_R11_B01_009,Chequered sengi,Wikipedia contributors,Wikimedia Foundation,https://en.wikipedia.org/wiki/Checkered_elephant_shrew,true
SRC_R11_B01_010,Dugong,Wikipedia contributors,Wikimedia Foundation,https://en.wikipedia.org/wiki/Dugong,true
SRC_R11_B01_011,Giant golden mole,Wikipedia contributors,Wikimedia Foundation,https://en.wikipedia.org/wiki/Giant_golden_mole,true
SRC_R11_B01_012,Grant's golden mole,Wikipedia contributors,Wikimedia Foundation,https://en.wikipedia.org/wiki/Grant%27s_golden_mole,true
SRC_R11_B01_013,Lesser hedgehog tenrec,Wikipedia contributors,Wikimedia Foundation,https://en.wikipedia.org/wiki/Lesser_hedgehog_tenrec,true
SRC_R11_B01_014,Lowland streaked tenrec,Wikipedia contributors,Wikimedia Foundation,https://en.wikipedia.org/wiki/Lowland_streaked_tenrec,true
SRC_R11_B01_015,Rock hyrax,Wikipedia contributors,Wikimedia Foundation,https://en.wikipedia.org/wiki/Rock_hyrax,true
SRC_R11_B01_016,Macroscelides proboscideus,Wikipedia contributors,Wikimedia Foundation,https://en.wikipedia.org/wiki/Round-eared_sengi,true
SRC_R11_B01_017,Southern tree hyrax,Wikipedia contributors,Wikimedia Foundation,https://en.wikipedia.org/wiki/Southern_tree_hyrax,true
SRC_R11_B01_018,Tailless tenrec,Wikipedia contributors,Wikimedia Foundation,https://en.wikipedia.org/wiki/Tailless_tenrec,true
SRC_R11_B01_019,Toubou people,Wikipedia contributors,Wikimedia Foundation,https://en.wikipedia.org/wiki/Toubou_people,true
SRC_R11_B01_020,Web-footed tenrec,Wikipedia contributors,Wikimedia Foundation,https://en.wikipedia.org/wiki/Web-footed_tenrec,true
SRC_R11_B01_021,Yellow-spotted rock hyrax,Wikipedia contributors,Wikimedia Foundation,https://en.wikipedia.org/wiki/Yellow-spotted_rock_hyrax,true
SRC_R11_B01_022,Albanian folk iso-polyphony,Intangible Cultural Heritage,UNESCO,https://ich.unesco.org/en/RL/albanian-folk-iso-polyphony-00155,true
SRC_R11_B01_023,Human towers,Intangible Cultural Heritage,UNESCO,https://ich.unesco.org/en/RL/human-towers-00364?RL=00364,true
SRC_R11_B01_024,Mediterranean diet,Intangible Cultural Heritage,UNESCO,https://ich.unesco.org/en/RL/mediterranean-diet-00884,true
SRC_R11_B01_025,"Monastery and Site of the Escurial, Madrid",World Heritage Centre,UNESCO,https://whc.unesco.org/en/list/318/,true
SRC_R11_B01_026,"Monasteries of Daphni, Hosios Loukas and Nea Moni of Chios",World Heritage Centre,UNESCO,https://whc.unesco.org/en/list/537/,true
SRC_R11_B01_027,Kasbah of Algiers,World Heritage Centre,UNESCO,https://whc.unesco.org/en/list/565/,true
SRC_R11_B01_028,Abu Mena,World Heritage Centre,UNESCO,https://whc.unesco.org/en/list/90,true
SRC_R11_B01_029,Assessing habitat use and migratory patterns of African manatees in the Oueve Valley in Benin,Frontiers in Conservation Science,Frontiers Media SA,https://www.frontiersin.org/journals/conservation-science/articles/10.3389/fcosc.2026.1731928/full,true
SRC_R11_B01_030,Manatee (Trichechus manatus),U.S. Fish and Wildlife Service,United States Department of the Interior,https://www.fws.gov/species/manatee-trichechus-manatus,true
SRC_R11_B01_031,Atlas Cedar,Man and the Biosphere Programme,UNESCO,https://www.unesco.org/en/mab/atlas-cedar,true
SRC_R12_B01_001,Eptatretus stoutii,Animal Diversity Web,University of Michigan,https://animaldiversity.org/accounts/Eptatretus_stoutii/,true
SRC_R12_B01_002,"Harriotta raleighana, Longnose Chimaera",Shorefishes of the Eastern Pacific,Smithsonian Tropical Research Institute,https://biogeodb.stri.si.edu/sftep/en/thefishes/species/5261,true
SRC_R12_B01_003,Australian ghostshark,Wikipedia,Wikimedia Foundation,https://en.wikipedia.org/wiki/Australian_ghostshark,true
SRC_R12_B01_004,Basking shark,Wikipedia,Wikimedia Foundation,https://en.wikipedia.org/wiki/Basking_shark,true
SRC_R12_B01_005,Blacktip reef shark,Wikipedia,Wikimedia Foundation,https://en.wikipedia.org/wiki/Blacktip_reef_shark,true
SRC_R12_B01_006,Brownie (folklore),Wikipedia,Wikimedia Foundation,https://en.wikipedia.org/wiki/Brownie_%28folklore%29,true
SRC_R12_B01_007,Common skate,Wikipedia,Wikimedia Foundation,https://en.wikipedia.org/wiki/Common_skate,true
SRC_R12_B01_008,Common thresher,Wikipedia,Wikimedia Foundation,https://en.wikipedia.org/wiki/Common_thresher,true
SRC_R12_B01_009,Curupira,Wikipedia,Wikimedia Foundation,https://en.wikipedia.org/wiki/Curupira,true
SRC_R12_B01_010,Domovoy,Wikipedia,Wikimedia Foundation,https://en.wikipedia.org/wiki/Domovoy,true
SRC_R12_B01_011,Eptatretus goliath,Wikipedia,Wikimedia Foundation,https://en.wikipedia.org/wiki/Eptatretus_goliath,true
SRC_R12_B01_012,Great white shark,Wikipedia,Wikimedia Foundation,https://en.wikipedia.org/wiki/Great_white_shark,true
SRC_R12_B01_013,Kapre,Wikipedia,Wikimedia Foundation,https://en.wikipedia.org/wiki/Kapre,true
SRC_R12_B01_014,Leshy,Wikipedia,Wikimedia Foundation,https://en.wikipedia.org/wiki/Leshy,true
SRC_R12_B01_015,Mimi (folklore),Wikipedia,Wikimedia Foundation,https://en.wikipedia.org/wiki/Mimi_%28folklore%29,true
SRC_R12_B01_016,Ningyo,Wikipedia,Wikimedia Foundation,https://en.wikipedia.org/wiki/Ningyo,true
SRC_R12_B01_017,Pacific lamprey,Wikipedia,Wikimedia Foundation,https://en.wikipedia.org/wiki/Pacific_lamprey,true
SRC_R12_B01_018,Ponaturi,Wikipedia,Wikimedia Foundation,https://en.wikipedia.org/wiki/Ponaturi,true
SRC_R12_B01_019,Siyokoy,Wikipedia,Wikimedia Foundation,https://en.wikipedia.org/wiki/Siyokoy,true
SRC_R12_B01_020,Spotted eagle ray,Wikipedia,Wikimedia Foundation,https://en.wikipedia.org/wiki/Spotted_eagle_ray,true
SRC_R12_B01_021,Whale shark,Wikipedia,Wikimedia Foundation,https://en.wikipedia.org/wiki/Whale_shark,true
SRC_R12_B01_022,Mermaids and Mermen,Encyclopaedia Britannica 1911,Wikisource / Wikimedia Foundation,https://en.wikisource.org/wiki/1911_Encyclop%C3%A6dia_Britannica/Mermaids_and_Mermen,true
SRC_R12_B01_023,"Pouch Lamprey, Geotria australis",Fishes of Australia,Museums Victoria and OzFishNet,https://fishesofaustralia.net.au/home/species/3415,true
SRC_R12_B01_024,Indigenous spirituality and Mmoatia,University of Ghana,University of Ghana,https://ugspace.ug.edu.gh/bitstreams/885d2f81-a423-4d86-939e-043b9b7d2b64/download,true
SRC_R12_B01_025,Giant Devil Ray,Convention on Migratory Species,United Nations Environment Programme,https://www.cms.int/species/mobula-mobular,true
SRC_R12_B01_026,Atlantic Hagfish,Fisheries and Oceans Canada,Government of Canada,https://www.dfo-mpo.gc.ca/species-especes/profiles-profils/atl-hagfish-myxine-du-nord-eng.html,true
SRC_R12_B01_027,Giant Manta Ray,NOAA Fisheries,National Oceanic and Atmospheric Administration,https://www.fisheries.noaa.gov/species/giant-manta-ray/management,true
SRC_R12_B01_028,Green Sawfish,NOAA Fisheries,National Oceanic and Atmospheric Administration,https://www.fisheries.noaa.gov/species/green-sawfish,true
SRC_R12_B01_029,Largetooth Sawfish,NOAA Fisheries,National Oceanic and Atmospheric Administration,https://www.fisheries.noaa.gov/species/largetooth-sawfish,true
SRC_R12_B01_030,Southern Stingray,The Florida Aquarium,The Florida Aquarium,https://www.flaquarium.org/explore/habitats/coral-reefs/southern-stingray/,true
SRC_R12_B01_031,Eat-clean-repeat: reef manta rays undertake repetitive feeding-cleaning cycles,Frontiers in Marine Science,Frontiers Media,https://www.frontiersin.org/journals/marine-science/articles/10.3389/fmars.2024.1422655/full,true
SRC_R12_B01_032,Sea Lamprey,U.S. Fish and Wildlife Service,U.S. Department of the Interior,https://www.fws.gov/species/sea-lamprey-petromyzon-marinus,true
SRC_R12_B01_033,Spotted ratfish,Monterey Bay Aquarium,Monterey Bay Aquarium,https://www.montereybayaquarium.org/animals-the-ocean/animals-a-to-z/spotted-ratfish,true
SRC_R12_B01_034,Triton,Theoi Greek Mythology,Theoi Project,https://www.theoi.com/Pontios/Triton.html,true
SRC_R13_B01_001,Rhacophorus nigropalmatus,Animal Diversity Web,University of Michigan Museum of Zoology,https://animaldiversity.org/accounts/Rhacophorus_nigropalmatus/,true
SRC_R13_B01_002,Rhinella marina,Animal Diversity Web,University of Michigan Museum of Zoology,https://animaldiversity.org/accounts/Rhinella_marina/,true
SRC_R13_B01_003,Siren lacertina,Animal Diversity Web,University of Michigan Museum of Zoology,https://animaldiversity.org/accounts/Siren_lacertina/,true
SRC_R13_B01_004,Stealing of the Amrita: Page from a Mahabharata Manuscript,Michael C. Carlos Museum,Emory University,https://digitalprojects.carlos.emory.edu/items/show/6841,true
SRC_R13_B01_005,Agalychnis callidryas,Wikimedia Foundation,Wikimedia Foundation,https://en.wikipedia.org/wiki/Agalychnis_callidryas,true
SRC_R13_B01_006,Apsara,Wikimedia Foundation,Wikimedia Foundation,https://en.wikipedia.org/wiki/Apsara,true
SRC_R13_B01_007,Axolotl,Wikimedia Foundation,Wikimedia Foundation,https://en.wikipedia.org/wiki/Axolotl,true
SRC_R13_B01_008,Banded rubber frog,Wikimedia Foundation,Wikimedia Foundation,https://en.wikipedia.org/wiki/Banded_rubber_frog,true
SRC_R13_B01_009,Chinese giant salamander,Wikimedia Foundation,Wikimedia Foundation,https://en.wikipedia.org/wiki/Chinese_giant_salamander,true
SRC_R13_B01_010,Common toad,Wikimedia Foundation,Wikimedia Foundation,https://en.wikipedia.org/wiki/Common_toad,true
SRC_R13_B01_011,Deva (Hinduism),Wikimedia Foundation,Wikimedia Foundation,https://en.wikipedia.org/wiki/Deva_(Hinduism),true
SRC_R13_B01_012,Dyscophus antongilii,Wikimedia Foundation,Wikimedia Foundation,https://en.wikipedia.org/wiki/Dyscophus_antongilii,true
SRC_R13_B01_013,Fire salamander,Wikimedia Foundation,Wikimedia Foundation,https://en.wikipedia.org/wiki/Fire_salamander,true
SRC_R13_B01_014,Golden poison frog,Wikimedia Foundation,Wikimedia Foundation,https://en.wikipedia.org/wiki/Golden_poison_frog,true
SRC_R13_B01_015,Hairy frog,Wikimedia Foundation,Wikimedia Foundation,https://en.wikipedia.org/wiki/Hairy_frog,true
SRC_R13_B01_016,Hyalinobatrachium fleischmanni,Wikimedia Foundation,Wikimedia Foundation,https://en.wikipedia.org/wiki/Hyalinobatrachium_fleischmanni,true
SRC_R13_B01_017,Hyalinobatrachium valerioi,Wikimedia Foundation,Wikimedia Foundation,https://en.wikipedia.org/wiki/Hyalinobatrachium_valerioi,true
SRC_R13_B01_018,Iberian ribbed newt,Wikimedia Foundation,Wikimedia Foundation,https://en.wikipedia.org/wiki/Iberian_ribbed_newt,true
SRC_R13_B01_019,Japanese giant salamander,Wikimedia Foundation,Wikimedia Foundation,https://en.wikipedia.org/wiki/Japanese_giant_salamander,true
SRC_R13_B01_020,Marbled salamander,Wikimedia Foundation,Wikimedia Foundation,https://en.wikipedia.org/wiki/Marbled_salamander,true
SRC_R13_B01_021,Myobatrachus,Wikimedia Foundation,Wikimedia Foundation,https://en.wikipedia.org/wiki/Myobatrachus,true
SRC_R13_B01_022,Nasikabatrachus,Wikimedia Foundation,Wikimedia Foundation,https://en.wikipedia.org/wiki/Nasikabatrachus,true
SRC_R13_B01_023,Olm,Wikimedia Foundation,Wikimedia Foundation,https://en.wikipedia.org/wiki/Olm,true
SRC_R13_B01_024,Salamander,Wikimedia Foundation,Wikimedia Foundation,https://en.wikipedia.org/wiki/Salamander,true
SRC_R13_B01_025,Siphonops annulatus,Wikimedia Foundation,Wikimedia Foundation,https://en.wikipedia.org/wiki/Siphonops_annulatus,true
SRC_R13_B01_026,Strawberry poison-dart frog,Wikimedia Foundation,Wikimedia Foundation,https://en.wikipedia.org/wiki/Strawberry_poison-dart_frog,true
SRC_R13_B01_027,Tiger salamander,Wikimedia Foundation,Wikimedia Foundation,https://en.wikipedia.org/wiki/Tiger_salamander,true
SRC_R13_B01_028,Two-toed amphiuma,Wikimedia Foundation,Wikimedia Foundation,https://en.wikipedia.org/wiki/Two-toed_amphiuma,true
SRC_R13_B01_029,Tylototriton shanjing,Wikimedia Foundation,Wikimedia Foundation,https://en.wikipedia.org/wiki/Tylototriton_shanjing,true
SRC_R13_B01_030,Typhlonectes compressicauda,Wikimedia Foundation,Wikimedia Foundation,https://en.wikipedia.org/wiki/Typhlonectes_compressicauda,true
SRC_R13_B01_031,Monstrous Femininity: An Analysis of Creatures in Philippine Urban Legends,Southeastern Philippines Journal of Research and Development,University of Southeastern Philippines,https://journal.usep.edu.ph/index.php/Southeastern_Philippines_Journal/article/download/143/69,true
SRC_R13_B01_032,Fun Facts About Amazon Milk Frogs,Smithsonian's National Zoo and Conservation Biology Institute,Smithsonian Institution,https://nationalzoo.si.edu/animals/news/fun-facts-about-amazon-milk-frogs,true
SRC_R13_B01_033,Dwarf Siren,Savannah River Ecology Laboratory,University of Georgia,https://srelherp.uga.edu/salamanders/dwarf-siren/,true
SRC_R13_B01_034,Texas blind salamander,Texas Parks and Wildlife Department,State of Texas,https://tpwd.texas.gov/huntwild/wild/species/blindsal/,true
SRC_R13_B01_035,The Valkyries welcomed the fallen to Valhalla,Swedish History Museum,Swedish History Museum,https://vikingar.historiska.se/objects.php?e=&l=en&showcase=012ece2f-34b4-4900-9bf3-d864b71a8e31,true
SRC_R13_B01_036,The Ahwar of Southern Iraq: Refuge of Biodiversity and the Relict Landscape of the Mesopotamian Cities,UNESCO World Heritage Centre,UNESCO,https://whc.unesco.org/en/list/1481,true
SRC_R13_B01_037,"Palestine: Land of Olives and Vines - Cultural Landscape of Southern Jerusalem, Battir",UNESCO World Heritage Centre,UNESCO,https://whc.unesco.org/en/list/1492,true
SRC_R13_B01_038,"Al-Ahsa Oasis, an Evolving Cultural Landscape",UNESCO World Heritage Centre,UNESCO,https://whc.unesco.org/en/list/1563/,true
SRC_R13_B01_039,Petra,UNESCO World Heritage Centre,UNESCO,https://whc.unesco.org/en/list/326,true
SRC_R13_B01_040,Late Antique and Medieval Churches and Monasteries of Midyat and Surrounding Area (Tur Abdin),UNESCO World Heritage Centre,UNESCO,https://whc.unesco.org/en/tentativelists/6534/,true
SRC_R13_B01_041,Can You Find These Frogs?,American Museum of Natural History,American Museum of Natural History,https://www.amnh.org/exhibitions/frogs-a-chorus-of-colors/featured-frog-species/can-you-find-these-frogs,true
SRC_R13_B01_042,The Courtship Behaviour of the Great Crested Newt Triturus cristatus,IntechOpen,IntechOpen,https://www.intechopen.com/chapters/59670,true
SRC_R13_B01_043,Grenouille de verre,Museum national d'Histoire naturelle,Museum national d'Histoire naturelle,https://www.mnhn.fr/fr/grenouille-de-verre,true
SRC_R13_B01_044,Goliath frogs build their own ponds for their young,Nature,Springer Nature,https://www.nature.com/articles/d41586-019-02411-z,true
SRC_R13_B01_045,Northern Leopard Frog,National Park Service,U.S. Department of the Interior,https://www.nps.gov/articles/northern-leopard-frog.htm,true
SRC_R13_B01_046,Hellbenders,National Park Service,U.S. Department of the Interior,https://www.nps.gov/blue/learn/nature/hellbenders.htm,true
SRC_R13_B01_047,Red Salamander,National Park Service,U.S. Department of the Interior,https://www.nps.gov/chat/learn/nature/red-salamander.htm,true
SRC_R13_B01_048,Erinyes,Theoi Greek Mythology,Theoi Project,https://www.theoi.com/Khthonios/Erinyes.html,true
SRC_R13_B01_049,Plethodon cinerius (Eastern Red-backed Salamander) movement,U.S. Geological Survey,U.S. Department of the Interior,https://www.usgs.gov/publications/plethodon-cinerius-eastern-red-backed-salamander-movement,true
SRC_R13_B01_050,American Bullfrog,Oklahoma Department of Wildlife Conservation,State of Oklahoma,https://www.wildlifedepartment.com/wildlife/field-guide/amphibians/american-bullfrog,true
SRC_R14_B01_001,American eel,Wikimedia Foundation,Wikimedia Foundation,https://en.wikipedia.org/wiki/American_eel,true
SRC_R14_B01_002,Amphioctopus marginatus,Wikimedia Foundation,Wikimedia Foundation,https://en.wikipedia.org/wiki/Amphioctopus_marginatus,true
SRC_R14_B01_003,Amphiprion ocellaris,Wikimedia Foundation,Wikimedia Foundation,https://en.wikipedia.org/wiki/Amphiprion_ocellaris,true
SRC_R14_B01_004,Amynthas agrestis,Wikimedia Foundation,Wikimedia Foundation,https://en.wikipedia.org/wiki/Amynthas_agrestis,true
SRC_R14_B01_005,Anableps anableps,Wikimedia Foundation,Wikimedia Foundation,https://en.wikipedia.org/wiki/Anableps_anableps,true
SRC_R14_B01_006,Anableps dowii,Wikimedia Foundation,Wikimedia Foundation,https://en.wikipedia.org/wiki/Anableps_dowei,true
SRC_R14_B01_007,Striated frogfish,Wikimedia Foundation,Wikimedia Foundation,https://en.wikipedia.org/wiki/Antennarius_striatus,true
SRC_R14_B01_008,Arctic char,Wikimedia Foundation,Wikimedia Foundation,https://en.wikipedia.org/wiki/Arctic_char,true
SRC_R14_B01_009,Pacific banana slug,Wikimedia Foundation,Wikimedia Foundation,https://en.wikipedia.org/wiki/Ariolimax_columbianus,true
SRC_R14_B01_010,Arothron stellatus,Wikimedia Foundation,Wikimedia Foundation,https://en.wikipedia.org/wiki/Arothron_stellatus,true
SRC_R14_B01_011,Ascarosepion pfefferi,Wikimedia Foundation,Wikimedia Foundation,https://en.wikipedia.org/wiki/Ascarosepion_pfefferi,true
SRC_R14_B01_012,Atlantic mudskipper,Wikimedia Foundation,Wikimedia Foundation,https://en.wikipedia.org/wiki/Atlantic_mudskipper,true
SRC_R14_B01_013,Atlantic salmon,Wikimedia Foundation,Wikimedia Foundation,https://en.wikipedia.org/wiki/Atlantic_salmon,true
SRC_R14_B01_014,Benthosema glaciale,Wikimedia Foundation,Wikimedia Foundation,https://en.wikipedia.org/wiki/Benthosema_glaciale,true
SRC_R14_B01_015,Black ghost knifefish,Wikimedia Foundation,Wikimedia Foundation,https://en.wikipedia.org/wiki/Black_ghost_knifefish,true
SRC_R14_B01_016,Black paradise fish,Wikimedia Foundation,Wikimedia Foundation,https://en.wikipedia.org/wiki/Black_paradise_fish,true
SRC_R14_B01_017,Bluestreak cleaner wrasse,Wikimedia Foundation,Wikimedia Foundation,https://en.wikipedia.org/wiki/Bluestreak_cleaner_wrasse,true
SRC_R14_B01_018,Bumphead parrotfish,Wikimedia Foundation,Wikimedia Foundation,https://en.wikipedia.org/wiki/Bumphead_parrotfish,true
SRC_R14_B01_019,Wimple piranha,Wikimedia Foundation,Wikimedia Foundation,https://en.wikipedia.org/wiki/Catoprion_mento,true
SRC_R14_B01_020,Blackfin icefish,Wikimedia Foundation,Wikimedia Foundation,https://en.wikipedia.org/wiki/Chaenocephalus_aceratus,true
SRC_R14_B01_021,Channel catfish,Wikimedia Foundation,Wikimedia Foundation,https://en.wikipedia.org/wiki/Channel_catfish,true
SRC_R14_B01_022,Atlantic flyingfish,Wikimedia Foundation,Wikimedia Foundation,https://en.wikipedia.org/wiki/Cheilopogon_melanurus,true
SRC_R14_B01_023,Ocellated icefish,Wikimedia Foundation,Wikimedia Foundation,https://en.wikipedia.org/wiki/Chionodraco_rastrospinosus,true
SRC_R14_B01_024,Cobia,Wikimedia Foundation,Wikimedia Foundation,https://en.wikipedia.org/wiki/Cobia,true
SRC_R14_B01_025,Common octopus,Wikimedia Foundation,Wikimedia Foundation,https://en.wikipedia.org/wiki/Common_octopus,true
SRC_R14_B01_026,Diaphus theta,Wikimedia Foundation,Wikimedia Foundation,https://en.wikipedia.org/wiki/Diaphus_theta,true
SRC_R14_B01_027,Long-spine porcupinefish,Wikimedia Foundation,Wikimedia Foundation,https://en.wikipedia.org/wiki/Diodon_holocanthus,true
SRC_R14_B01_028,Electric eel,Wikimedia Foundation,Wikimedia Foundation,https://en.wikipedia.org/wiki/Electric_eel,true
SRC_R14_B01_029,Euglandina rosea,Wikimedia Foundation,Wikimedia Foundation,https://en.wikipedia.org/wiki/Euglandina_rosea,true
SRC_R14_B01_030,European eel,Wikimedia Foundation,Wikimedia Foundation,https://en.wikipedia.org/wiki/European_eel,true
SRC_R14_B01_031,Garibaldi (fish),Wikimedia Foundation,Wikimedia Foundation,https://en.wikipedia.org/wiki/Garibaldi_(fish),true
SRC_R14_B01_032,Giant Gippsland earthworm,Wikimedia Foundation,Wikimedia Foundation,https://en.wikipedia.org/wiki/Giant_Gippsland_earthworm,true
SRC_R14_B01_033,Giant gourami,Wikimedia Foundation,Wikimedia Foundation,https://en.wikipedia.org/wiki/Giant_gourami,true
SRC_R14_B01_034,Giant mottled eel,Wikimedia Foundation,Wikimedia Foundation,https://en.wikipedia.org/wiki/Giant_mottled_eel,true
SRC_R14_B01_035,Giant squid,Wikimedia Foundation,Wikimedia Foundation,https://en.wikipedia.org/wiki/Giant_squid,true
SRC_R14_B01_036,Greater blue-ringed octopus,Wikimedia Foundation,Wikimedia Foundation,https://en.wikipedia.org/wiki/Greater_blue-ringed_octopus,true
SRC_R14_B01_037,Zebra moray,Wikimedia Foundation,Wikimedia Foundation,https://en.wikipedia.org/wiki/Gymnomuraena_zebra,true
SRC_R14_B01_038,Giant moray,Wikimedia Foundation,Wikimedia Foundation,https://en.wikipedia.org/wiki/Gymnothorax_javanicus,true
SRC_R14_B01_039,Helix pomatia,Wikimedia Foundation,Wikimedia Foundation,https://en.wikipedia.org/wiki/Helix_pomatia,true
SRC_R14_B01_040,Psychedelic frogfish,Wikimedia Foundation,Wikimedia Foundation,https://en.wikipedia.org/wiki/Histiophryne_psychedelica,true
SRC_R14_B01_041,Sargassum fish,Wikimedia Foundation,Wikimedia Foundation,https://en.wikipedia.org/wiki/Histrio_histrio,true
SRC_R14_B01_042,Humboldt squid,Wikimedia Foundation,Wikimedia Foundation,https://en.wikipedia.org/wiki/Humboldt_squid,true
SRC_R14_B01_043,Humpback anglerfish,Wikimedia Foundation,Wikimedia Foundation,https://en.wikipedia.org/wiki/Humpback_anglerfish,true
SRC_R14_B01_044,Humphead wrasse,Wikimedia Foundation,Wikimedia Foundation,https://en.wikipedia.org/wiki/Humphead_wrasse,true
SRC_R14_B01_045,Kissing gourami,Wikimedia Foundation,Wikimedia Foundation,https://en.wikipedia.org/wiki/Kissing_gourami,true
SRC_R14_B01_046,Spotted trunkfish,Wikimedia Foundation,Wikimedia Foundation,https://en.wikipedia.org/wiki/Lactophrys_bicaudalis,true
SRC_R14_B01_047,Longhorn cowfish,Wikimedia Foundation,Wikimedia Foundation,https://en.wikipedia.org/wiki/Lactoria_cornuta,true
SRC_R14_B01_048,Leafy seadragon,Wikimedia Foundation,Wikimedia Foundation,https://en.wikipedia.org/wiki/Leafy_seadragon,true
SRC_R14_B01_049,Limax maximus,Wikimedia Foundation,Wikimedia Foundation,https://en.wikipedia.org/wiki/Limax_maximus,true
SRC_R14_B01_050,Lined seahorse,Wikimedia Foundation,Wikimedia Foundation,https://en.wikipedia.org/wiki/Lined_seahorse,true
SRC_R14_B01_051,Lissachatina fulica,Wikimedia Foundation,Wikimedia Foundation,https://en.wikipedia.org/wiki/Lissachatina_fulica,true
SRC_R14_B01_052,Live sharksucker,Wikimedia Foundation,Wikimedia Foundation,https://en.wikipedia.org/wiki/Live_sharksucker,true
SRC_R14_B01_053,Lumbricus terrestris,Wikimedia Foundation,Wikimedia Foundation,https://en.wikipedia.org/wiki/Lumbricus_terrestris,true
SRC_R14_B01_054,Malapterurus electricus,Wikimedia Foundation,Wikimedia Foundation,https://en.wikipedia.org/wiki/Malapterurus_electricus,true
SRC_R14_B01_055,Malapterurus microstoma,Wikimedia Foundation,Wikimedia Foundation,https://en.wikipedia.org/wiki/Malapterurus_microstoma,true
SRC_R14_B01_056,Mangrove rivulus,Wikimedia Foundation,Wikimedia Foundation,https://en.wikipedia.org/wiki/Mangrove_rivulus,true
SRC_R14_B01_057,Sharptail mola,Wikimedia Foundation,Wikimedia Foundation,https://en.wikipedia.org/wiki/Masturus_lanceolatus,true
SRC_R14_B01_058,Mola tecta,Wikimedia Foundation,Wikimedia Foundation,https://en.wikipedia.org/wiki/Mola_tecta,true
SRC_R14_B01_059,Bluespine unicornfish,Wikimedia Foundation,Wikimedia Foundation,https://en.wikipedia.org/wiki/Naso_unicornis,true
SRC_R14_B01_060,Nothobranchius rachovii,Wikimedia Foundation,Wikimedia Foundation,https://en.wikipedia.org/wiki/Nothobranchius_rachovii,true
SRC_R14_B01_061,Ocean sunfish,Wikimedia Foundation,Wikimedia Foundation,https://en.wikipedia.org/wiki/Ocean_sunfish,true
SRC_R14_B01_062,Paracanthurus,Wikimedia Foundation,Wikimedia Foundation,https://en.wikipedia.org/wiki/Paracanthurus,true
SRC_R14_B01_063,Periophthalmodon schlosseri,Wikimedia Foundation,Wikimedia Foundation,https://en.wikipedia.org/wiki/Periophthalmodon_schlosseri,true
SRC_R14_B01_064,Premnas biaculeatus,Wikimedia Foundation,Wikimedia Foundation,https://en.wikipedia.org/wiki/Premnas_biaculeatus,true
SRC_R14_B01_065,Queensland lungfish,Wikimedia Foundation,Wikimedia Foundation,https://en.wikipedia.org/wiki/Queensland_lungfish,true
SRC_R14_B01_066,Rainbow trout,Wikimedia Foundation,Wikimedia Foundation,https://en.wikipedia.org/wiki/Rainbow_trout,true
SRC_R14_B01_067,Red-bellied piranha,Wikimedia Foundation,Wikimedia Foundation,https://en.wikipedia.org/wiki/Red-bellied_piranha,true
SRC_R14_B01_068,Red lionfish,Wikimedia Foundation,Wikimedia Foundation,https://en.wikipedia.org/wiki/Red_lionfish,true
SRC_R14_B01_069,Redtail catfish,Wikimedia Foundation,Wikimedia Foundation,https://en.wikipedia.org/wiki/Redtail_catfish,true
SRC_R14_B01_070,Rhinecanthus aculeatus,Wikimedia Foundation,Wikimedia Foundation,https://en.wikipedia.org/wiki/Rhinecanthus_aculeatus,true
SRC_R14_B01_071,Ribbon eel,Wikimedia Foundation,Wikimedia Foundation,https://en.wikipedia.org/wiki/Ribbon_eel,true
SRC_R14_B01_072,Sepia apama,Wikimedia Foundation,Wikimedia Foundation,https://en.wikipedia.org/wiki/Sepia_apama,true
SRC_R14_B01_073,South American lungfish,Wikimedia Foundation,Wikimedia Foundation,https://en.wikipedia.org/wiki/South_American_lungfish,true
SRC_R14_B01_074,Tambaqui,Wikimedia Foundation,Wikimedia Foundation,https://en.wikipedia.org/wiki/Tambaqui,true
SRC_R14_B01_075,Titan triggerfish,Wikimedia Foundation,Wikimedia Foundation,https://en.wikipedia.org/wiki/Titan_triggerfish,true
SRC_R14_B01_076,Walking catfish,Wikimedia Foundation,Wikimedia Foundation,https://en.wikipedia.org/wiki/Walking_catfish,true
SRC_R14_B01_077,West African lungfish,Wikimedia Foundation,Wikimedia Foundation,https://en.wikipedia.org/wiki/West_African_lungfish,true
SRC_R14_B01_078,Yellow boxfish,Wikimedia Foundation,Wikimedia Foundation,https://en.wikipedia.org/wiki/Yellow_boxfish,true
SRC_R14_B01_079,FAO species identification guide: Hirundichthys affinis,Food and Agriculture Organization of the United Nations,Food and Agriculture Organization of the United Nations,https://www.fao.org/4/y4161e/y4161e35.pdf,true
SRC_R14_B01_080,FishBase field guide: Oxymonacanthus longirostris,FishBase,FishBase,https://www.fishbase.se/FieldGuide/FieldGuideSummary.php?genusname=Oxymonacanthus&speciesname=longirostris,true
SRC_R14_B02_001,Ascarosepion latimanus,Wikimedia Foundation,Wikimedia Foundation,https://en.wikipedia.org/wiki/Ascarosepion_latimanus,true
SRC_R14_B02_002,Banded archerfish,Wikimedia Foundation,Wikimedia Foundation,https://en.wikipedia.org/wiki/Banded_archerfish,true
SRC_R14_B02_003,Caribbean reef squid,Wikimedia Foundation,Wikimedia Foundation,https://en.wikipedia.org/wiki/Caribbean_reef_squid,true
SRC_R14_B02_004,Chad,Wikimedia Foundation,Wikimedia Foundation,https://en.wikipedia.org/wiki/Chad,true
SRC_R14_B02_005,Common cuttlefish,Wikimedia Foundation,Wikimedia Foundation,https://en.wikipedia.org/wiki/Common_cuttlefish,true
SRC_R14_B02_006,Kanem–Bornu Empire,Wikimedia Foundation,Wikimedia Foundation,https://en.wikipedia.org/wiki/Kanem%E2%80%93Bornu_Empire,true
SRC_R14_B02_007,Mbu pufferfish,Wikimedia Foundation,Wikimedia Foundation,https://en.wikipedia.org/wiki/Mbu_pufferfish,true
SRC_R14_B02_008,Mimic octopus,Wikimedia Foundation,Wikimedia Foundation,https://en.wikipedia.org/wiki/Mimic_octopus,true
SRC_R14_B02_009,Stoplight parrotfish,Wikimedia Foundation,Wikimedia Foundation,https://en.wikipedia.org/wiki/Sparisoma_viride,true
SRC_R14_B02_010,Synanceia verrucosa,Wikimedia Foundation,Wikimedia Foundation,https://en.wikipedia.org/wiki/Synanceia_verrucosa,true
SRC_R14_B02_011,Greater pipefish,Wikimedia Foundation,Wikimedia Foundation,https://en.wikipedia.org/wiki/Syngnathus_acus,true
SRC_R14_B02_012,Synodontis nigriventris,Wikimedia Foundation,Wikimedia Foundation,https://en.wikipedia.org/wiki/Synodontis_nigriventris,true
SRC_R14_B02_013,Taenianotus,Wikimedia Foundation,Wikimedia Foundation,https://en.wikipedia.org/wiki/Taenianotus,true
SRC_R14_B02_014,Takifugu rubripes,Wikimedia Foundation,Wikimedia Foundation,https://en.wikipedia.org/wiki/Takifugu_rubripes,true
SRC_R14_B02_015,Toxotes blythii,Wikimedia Foundation,Wikimedia Foundation,https://en.wikipedia.org/wiki/Toxotes_blythii,true
SRC_R14_B02_016,Vampire squid,Wikimedia Foundation,Wikimedia Foundation,https://en.wikipedia.org/wiki/Vampire_squid,true
SRC_R14_B02_017,Wels catfish,Wikimedia Foundation,Wikimedia Foundation,https://en.wikipedia.org/wiki/Wels_catfish,true
SRC_R14_B02_018,Sailfin tang,Wikimedia Foundation,Wikimedia Foundation,https://en.wikipedia.org/wiki/Zebrasoma_velifer,true
SRC_R14_B02_019,Red triangle slug fact sheet,Field of Mars Environmental Education Centre,New South Wales Department of Education,https://fieldofmar-e.schools.nsw.gov.au/fact-sheets/invertebrates/red-triangle-slug-fact-sheet,true
SRC_R14_B02_020,Tradition and Cultural Identity in Senegal,Smithsonian Institution,Smithsonian Institution,https://folklife-media.si.edu/docs/festival/program-book-articles/FESTBK1990_13.pdf,true
SRC_R14_B02_021,3.2 The Songhai Empire,OpenStax,Rice University,https://openstax.org/books/world-history-volume-2/pages/3-2-the-songhai-empire,true
SRC_R14_B02_022,The Horn of Africa,Cambridge University Press,Cambridge University Press,https://www.cambridge.org/core/books/abs/cambridge-history-of-africa/horn-of-africa/B418C8B702972813CAF68E46122CA66D,true
SRC_R15_B01_001,Aye-aye,Wikimedia Foundation,Wikimedia Foundation,https://en.wikipedia.org/wiki/Aye-aye,true
SRC_R15_B01_002,Bengalis,Wikimedia Foundation,Wikimedia Foundation,https://en.wikipedia.org/wiki/Bengalis,true
SRC_R15_B01_003,Bonobo,Wikimedia Foundation,Wikimedia Foundation,https://en.wikipedia.org/wiki/Bonobo,true
SRC_R15_B01_004,Bornean orangutan,Wikimedia Foundation,Wikimedia Foundation,https://en.wikipedia.org/wiki/Bornean_orangutan,true
SRC_R15_B01_005,Chimpanzee,Wikimedia Foundation,Wikimedia Foundation,https://en.wikipedia.org/wiki/Chimpanzee,true
SRC_R15_B01_006,Colombian white-faced capuchin,Wikimedia Foundation,Wikimedia Foundation,https://en.wikipedia.org/wiki/Colombian_white-faced_capuchin,true
SRC_R15_B01_007,Dravidian peoples,Wikimedia Foundation,Wikimedia Foundation,https://en.wikipedia.org/wiki/Dravidian_peoples,true
SRC_R15_B01_008,East Slavs,Wikimedia Foundation,Wikimedia Foundation,https://en.wikipedia.org/wiki/East_Slavs,true
SRC_R15_B01_009,Emperor tamarin,Wikimedia Foundation,Wikimedia Foundation,https://en.wikipedia.org/wiki/Emperor_tamarin,true
SRC_R15_B01_010,Gelada,Wikimedia Foundation,Wikimedia Foundation,https://en.wikipedia.org/wiki/Gelada,true
SRC_R15_B01_011,Geoffroy's spider monkey,Wikimedia Foundation,Wikimedia Foundation,https://en.wikipedia.org/wiki/Geoffroy%27s_spider_monkey,true
SRC_R15_B01_012,Golden snub-nosed monkey,Wikimedia Foundation,Wikimedia Foundation,https://en.wikipedia.org/wiki/Golden_snub-nosed_monkey,true
SRC_R15_B01_013,Hamadryas baboon,Wikimedia Foundation,Wikimedia Foundation,https://en.wikipedia.org/wiki/Hamadryas_baboon,true
SRC_R15_B01_014,Hungarians,Wikimedia Foundation,Wikimedia Foundation,https://en.wikipedia.org/wiki/Hungarians,true
SRC_R15_B01_015,Indri,Wikimedia Foundation,Wikimedia Foundation,https://en.wikipedia.org/wiki/Indri,true
SRC_R15_B01_016,Japanese macaque,Wikimedia Foundation,Wikimedia Foundation,https://en.wikipedia.org/wiki/Japanese_macaque,true
SRC_R15_B01_017,Lar gibbon,Wikimedia Foundation,Wikimedia Foundation,https://en.wikipedia.org/wiki/Lar_gibbon,true
SRC_R15_B01_018,Madame Berthe's mouse lemur,Wikimedia Foundation,Wikimedia Foundation,https://en.wikipedia.org/wiki/Madame_Berthe%27s_mouse_lemur,true
SRC_R15_B01_019,Mandrill,Wikimedia Foundation,Wikimedia Foundation,https://en.wikipedia.org/wiki/Mandrill,true
SRC_R15_B01_020,Mantled guereza,Wikimedia Foundation,Wikimedia Foundation,https://en.wikipedia.org/wiki/Mantled_guereza,true
SRC_R15_B01_021,Mantled howler,Wikimedia Foundation,Wikimedia Foundation,https://en.wikipedia.org/wiki/Mantled_howler,true
SRC_R15_B01_022,North India,Wikimedia Foundation,Wikimedia Foundation,https://en.wikipedia.org/wiki/North_India,true
SRC_R15_B01_023,Patas monkey,Wikimedia Foundation,Wikimedia Foundation,https://en.wikipedia.org/wiki/Patas_monkey,true
SRC_R15_B01_024,Ethnic groups in the Caucasus,Wikimedia Foundation,Wikimedia Foundation,https://en.wikipedia.org/wiki/Peoples_of_the_Caucasus,true
SRC_R15_B01_025,Philippine tarsier,Wikimedia Foundation,Wikimedia Foundation,https://en.wikipedia.org/wiki/Philippine_tarsier,true
SRC_R15_B01_026,Potto,Wikimedia Foundation,Wikimedia Foundation,https://en.wikipedia.org/wiki/Potto,true
SRC_R15_B01_027,Proboscis monkey,Wikimedia Foundation,Wikimedia Foundation,https://en.wikipedia.org/wiki/Proboscis_monkey,true
SRC_R15_B01_028,Pygmy slow loris,Wikimedia Foundation,Wikimedia Foundation,https://en.wikipedia.org/wiki/Pygmy_slow_loris,true
SRC_R15_B01_029,Red-faced spider monkey,Wikimedia Foundation,Wikimedia Foundation,https://en.wikipedia.org/wiki/Red-faced_spider_monkey,true
SRC_R15_B01_030,Red ruffed lemur,Wikimedia Foundation,Wikimedia Foundation,https://en.wikipedia.org/wiki/Red_ruffed_lemur,true
SRC_R15_B01_031,Ring-tailed lemur,Wikimedia Foundation,Wikimedia Foundation,https://en.wikipedia.org/wiki/Ring-tailed_lemur,true
SRC_R15_B01_032,Romanians,Wikimedia Foundation,Wikimedia Foundation,https://en.wikipedia.org/wiki/Romanians,true
SRC_R15_B01_033,Senegal bushbaby,Wikimedia Foundation,Wikimedia Foundation,https://en.wikipedia.org/wiki/Senegal_bushbaby,true
SRC_R15_B01_034,Siamang,Wikimedia Foundation,Wikimedia Foundation,https://en.wikipedia.org/wiki/Siamang,true
SRC_R15_B01_035,Sinhalese people,Wikimedia Foundation,Wikimedia Foundation,https://en.wikipedia.org/wiki/Sinhalese_people,true
SRC_R15_B01_036,South Slavs,Wikimedia Foundation,Wikimedia Foundation,https://en.wikipedia.org/wiki/South_Slavs,true
SRC_R15_B01_037,Spectral tarsier,Wikimedia Foundation,Wikimedia Foundation,https://en.wikipedia.org/wiki/Spectral_tarsier,true
SRC_R15_B01_038,Sunda slow loris,Wikimedia Foundation,Wikimedia Foundation,https://en.wikipedia.org/wiki/Sunda_slow_loris,true
SRC_R15_B01_039,Verreaux's sifaka,Wikimedia Foundation,Wikimedia Foundation,https://en.wikipedia.org/wiki/Verreaux%27s_sifaka,true
SRC_R15_B01_040,Western gorilla,Wikimedia Foundation,Wikimedia Foundation,https://en.wikipedia.org/wiki/Western_gorilla,true
SRC_R15_B01_041,GUJARAT,Encyclopaedia Iranica,Encyclopaedia Iranica Foundation,https://www.iranicaonline.org/articles/gujarat/,true
SRC_R16_B01_001,Thailand - The Tai People: Origins and Migrations,U.S. Library of Congress,U.S. Government Printing Office,https://countrystudies.us/thailand/5.htm,true
SRC_R16_B01_002,Austronesian peoples,Wikimedia Foundation,Wikimedia Foundation,https://en.wikipedia.org/wiki/Austronesian_peoples,true
SRC_R16_B01_003,Dragon,Wikimedia Foundation,Wikimedia Foundation,https://en.wikipedia.org/wiki/Dragon,true
SRC_R16_B01_004,Ethnicity in Myanmar,Wikimedia Foundation,Wikimedia Foundation,https://en.wikipedia.org/wiki/Ethnicity_in_Myanmar,true
SRC_R16_B01_005,Filipinos,Wikimedia Foundation,Wikimedia Foundation,https://en.wikipedia.org/wiki/Filipinos,true
SRC_R16_B01_006,History of Vietnam,Wikimedia Foundation,Wikimedia Foundation,https://en.wikipedia.org/wiki/History_of_Vietnam,true
SRC_R16_B01_007,Java,Wikimedia Foundation,Wikimedia Foundation,https://en.wikipedia.org/wiki/Java,true
SRC_R16_B01_008,Nāga,Wikimedia Foundation,Wikimedia Foundation,https://en.wikipedia.org/wiki/N%C4%81ga,true
SRC_R16_B01_009,The Cape Malay,South African History Online,South African History Online,https://sahistory.org.za/article/cape-malay,true
SRC_R16_B01_010,Cultural Landscape of Bali Province: the Subak System as a Manifestation of the Tri Hita Karana Philosophy,UNESCO World Heritage Centre,UNESCO,https://whc.unesco.org/en/list/1194/,true
SRC_R16_B01_011,Angkor,UNESCO World Heritage Centre,UNESCO,https://whc.unesco.org/en/list/668/,true
SRC_R16_B01_012,Rice Terraces of the Philippine Cordilleras,UNESCO World Heritage Centre,UNESCO,https://whc.unesco.org/en/list/722,true
SRC_R16_B01_013,The Sacred Spine,Maui No Ka Oi Magazine,Maui Magazine,https://www.mauimagazine.net/the-sacred-spine/,true
SRC_R17_B01_001,Australian brushturkey,Wikimedia Foundation,Wikimedia Foundation,https://en.wikipedia.org/wiki/Australian_brushturkey,true
SRC_R17_B01_002,Chestnut-bellied sandgrouse,Wikimedia Foundation,Wikimedia Foundation,https://en.wikipedia.org/wiki/Chestnut-bellied_sandgrouse,true
SRC_R17_B01_003,Chilean tinamou,Wikimedia Foundation,Wikimedia Foundation,https://en.wikipedia.org/wiki/Chilean_tinamou,true
SRC_R17_B01_004,Common ostrich,Wikimedia Foundation,Wikimedia Foundation,https://en.wikipedia.org/wiki/Common_ostrich,true
SRC_R17_B01_005,Common pheasant,Wikimedia Foundation,Wikimedia Foundation,https://en.wikipedia.org/wiki/Common_pheasant,true
SRC_R17_B01_006,Congo peafowl,Wikimedia Foundation,Wikimedia Foundation,https://en.wikipedia.org/wiki/Congo_peafowl,true
SRC_R17_B01_007,Dwarf cassowary,Wikimedia Foundation,Wikimedia Foundation,https://en.wikipedia.org/wiki/Dwarf_cassowary,true
SRC_R17_B01_008,Elegant crested tinamou,Wikimedia Foundation,Wikimedia Foundation,https://en.wikipedia.org/wiki/Elegant_crested_tinamou,true
SRC_R17_B01_009,Emu,Wikimedia Foundation,Wikimedia Foundation,https://en.wikipedia.org/wiki/Emu,true
SRC_R17_B01_010,Great bustard,Wikimedia Foundation,Wikimedia Foundation,https://en.wikipedia.org/wiki/Great_bustard,true
SRC_R17_B01_011,Great spotted kiwi,Wikimedia Foundation,Wikimedia Foundation,https://en.wikipedia.org/wiki/Great_spotted_kiwi,true
SRC_R17_B01_012,Great tinamou,Wikimedia Foundation,Wikimedia Foundation,https://en.wikipedia.org/wiki/Great_tinamou,true
SRC_R17_B01_013,Greater rhea,Wikimedia Foundation,Wikimedia Foundation,https://en.wikipedia.org/wiki/Greater_rhea,true
SRC_R17_B01_014,Grey partridge,Wikimedia Foundation,Wikimedia Foundation,https://en.wikipedia.org/wiki/Grey_partridge,true
SRC_R17_B01_015,Helmeted guineafowl,Wikimedia Foundation,Wikimedia Foundation,https://en.wikipedia.org/wiki/Helmeted_guineafowl,true
SRC_R17_B01_016,Indian peafowl,Wikimedia Foundation,Wikimedia Foundation,https://en.wikipedia.org/wiki/Indian_peafowl,true
SRC_R17_B01_017,Kori bustard,Wikimedia Foundation,Wikimedia Foundation,https://en.wikipedia.org/wiki/Kori_bustard,true
SRC_R17_B01_018,Darwin's rhea,Wikimedia Foundation,Wikimedia Foundation,https://en.wikipedia.org/wiki/Lesser_rhea,true
SRC_R17_B01_019,Little bustard,Wikimedia Foundation,Wikimedia Foundation,https://en.wikipedia.org/wiki/Little_bustard,true
SRC_R17_B01_020,Little spotted kiwi,Wikimedia Foundation,Wikimedia Foundation,https://en.wikipedia.org/wiki/Little_spotted_kiwi,true
SRC_R17_B01_021,Maleo,Wikimedia Foundation,Wikimedia Foundation,https://en.wikipedia.org/wiki/Maleo,true
SRC_R17_B01_022,Malleefowl,Wikimedia Foundation,Wikimedia Foundation,https://en.wikipedia.org/wiki/Malleefowl,true
SRC_R17_B01_023,Micronesian megapode,Wikimedia Foundation,Wikimedia Foundation,https://en.wikipedia.org/wiki/Micronesian_megapode,true
SRC_R17_B01_024,Mourning dove,Wikimedia Foundation,Wikimedia Foundation,https://en.wikipedia.org/wiki/Mourning_dove,true
SRC_R17_B01_025,Namaqua sandgrouse,Wikimedia Foundation,Wikimedia Foundation,https://en.wikipedia.org/wiki/Namaqua_sandgrouse,true
SRC_R17_B01_026,Nicobar pigeon,Wikimedia Foundation,Wikimedia Foundation,https://en.wikipedia.org/wiki/Nicobar_pigeon,true
SRC_R17_B01_027,North Island brown kiwi,Wikimedia Foundation,Wikimedia Foundation,https://en.wikipedia.org/wiki/North_Island_brown_kiwi,true
SRC_R17_B01_028,Northern cassowary,Wikimedia Foundation,Wikimedia Foundation,https://en.wikipedia.org/wiki/Northern_cassowary,true
SRC_R17_B01_029,Ocellated turkey,Wikimedia Foundation,Wikimedia Foundation,https://en.wikipedia.org/wiki/Ocellated_turkey,true
SRC_R17_B01_030,Pied imperial pigeon,Wikimedia Foundation,Wikimedia Foundation,https://en.wikipedia.org/wiki/Pied_imperial_pigeon,true
SRC_R17_B01_031,Pin-tailed sandgrouse,Wikimedia Foundation,Wikimedia Foundation,https://en.wikipedia.org/wiki/Pin-tailed_sandgrouse,true
SRC_R17_B01_032,Red junglefowl,Wikimedia Foundation,Wikimedia Foundation,https://en.wikipedia.org/wiki/Red_junglefowl,true
SRC_R17_B01_033,Rock dove,Wikimedia Foundation,Wikimedia Foundation,https://en.wikipedia.org/wiki/Rock_dove,true
SRC_R17_B01_034,Somali ostrich,Wikimedia Foundation,Wikimedia Foundation,https://en.wikipedia.org/wiki/Somali_ostrich,true
SRC_R17_B01_035,Southern cassowary,Wikimedia Foundation,Wikimedia Foundation,https://en.wikipedia.org/wiki/Southern_cassowary,true
SRC_R17_B01_036,Victoria crowned pigeon,Wikimedia Foundation,Wikimedia Foundation,https://en.wikipedia.org/wiki/Victoria_crowned_pigeon,true
SRC_R17_B01_037,Vulturine guineafowl,Wikimedia Foundation,Wikimedia Foundation,https://en.wikipedia.org/wiki/Vulturine_guineafowl,true
SRC_R17_B01_038,Wild turkey,Wikimedia Foundation,Wikimedia Foundation,https://en.wikipedia.org/wiki/Wild_turkey,true
SRC_R17_B01_039,Asante Traditional Buildings,UNESCO World Heritage Centre,UNESCO World Heritage Centre,https://whc.unesco.org/en/list/035/,true
SRC_R17_B01_040,Osun-Osogbo Sacred Grove,UNESCO World Heritage Centre,UNESCO World Heritage Centre,https://whc.unesco.org/en/list/1118,true
SRC_R17_B01_041,"Mbanza Kongo, Vestiges of the Capital of the former Kingdom of Kongo",UNESCO World Heritage Centre,UNESCO World Heritage Centre,https://whc.unesco.org/en/list/1511/,true
SRC_R17_B01_042,"National History Park - Citadel, Sans Souci, Ramiers",UNESCO World Heritage Centre,UNESCO World Heritage Centre,https://whc.unesco.org/en/list/180/,true
SRC_R17_B01_043,Historic Centre of Salvador de Bahia,UNESCO World Heritage Centre,UNESCO World Heritage Centre,https://whc.unesco.org/en/list/309,true
SRC_R17_B01_044,Benin Iya / Sungbo's Eredo,UNESCO World Heritage Centre,UNESCO World Heritage Centre,https://whc.unesco.org/en/tentativelists/488/,true
SRC_R17_B01_045,Western Area Peninsula National Park,UNESCO World Heritage Centre,UNESCO World Heritage Centre,https://whc.unesco.org/en/tentativelists/5741,true
SRC_R17_B01_046,Changing Political Processes among the Abaja Ibo,Cambridge University Press,Cambridge University Press,https://www.cambridge.org/core/journals/africa/article/abs/changing-political-processes-among-the-abaja-ibo1/395C96F68D082FD1857B0C5F970A873E,true
SRC_R17_B01_047,The African American Odyssey: A Quest for Full Citizenship,Library of Congress,Library of Congress,https://www.loc.gov/exhibits/african-american-odyssey/civil-rights-era.html,true
SRC_R17_B01_048,Gullah Geechee Cultural Heritage Corridor,U.S. National Park Service,U.S. National Park Service,https://www.nps.gov/places/gullah-geechee-cultural-heritage-corridor.htm,true
SRC_R18_B01_001,White Rhinoceros,San Diego Zoo Wildlife Alliance,San Diego Zoo Wildlife Alliance,https://animals.sandiegozoo.org/animals/white-rhinoceros,true
SRC_R18_B01_002,African wild ass,Wikimedia Foundation,Wikimedia Foundation,https://en.wikipedia.org/wiki/African_wild_ass,true
SRC_R18_B01_003,American kestrel,Wikimedia Foundation,Wikimedia Foundation,https://en.wikipedia.org/wiki/American_kestrel,true
SRC_R18_B01_004,Andean condor,Wikimedia Foundation,Wikimedia Foundation,https://en.wikipedia.org/wiki/Andean_condor,true
SRC_R18_B01_005,Baird's tapir,Wikimedia Foundation,Wikimedia Foundation,https://en.wikipedia.org/wiki/Baird%27s_tapir,true
SRC_R18_B01_006,Barn owl,Wikimedia Foundation,Wikimedia Foundation,https://en.wikipedia.org/wiki/Barn_owl,true
SRC_R18_B01_007,Bateleur,Wikimedia Foundation,Wikimedia Foundation,https://en.wikipedia.org/wiki/Bateleur,true
SRC_R18_B01_008,Bearded vulture,Wikimedia Foundation,Wikimedia Foundation,https://en.wikipedia.org/wiki/Bearded_vulture,true
SRC_R18_B01_009,Black kite,Wikimedia Foundation,Wikimedia Foundation,https://en.wikipedia.org/wiki/Black_kite,true
SRC_R18_B01_010,Black rhinoceros,Wikimedia Foundation,Wikimedia Foundation,https://en.wikipedia.org/wiki/Black_rhinoceros,true
SRC_R18_B01_011,Blakiston's fish owl,Wikimedia Foundation,Wikimedia Foundation,https://en.wikipedia.org/wiki/Blakiston%27s_fish_owl,true
SRC_R18_B01_012,Burrowing owl,Wikimedia Foundation,Wikimedia Foundation,https://en.wikipedia.org/wiki/Burrowing_owl,true
SRC_R18_B01_013,California condor,Wikimedia Foundation,Wikimedia Foundation,https://en.wikipedia.org/wiki/California_condor,true
SRC_R18_B01_014,Egyptian vulture,Wikimedia Foundation,Wikimedia Foundation,https://en.wikipedia.org/wiki/Egyptian_vulture,true
SRC_R18_B01_015,Eurasian eagle-owl,Wikimedia Foundation,Wikimedia Foundation,https://en.wikipedia.org/wiki/Eurasian_eagle-owl,true
SRC_R18_B01_016,Golden eagle,Wikimedia Foundation,Wikimedia Foundation,https://en.wikipedia.org/wiki/Golden_eagle,true
SRC_R18_B01_017,Grévy's zebra,Wikimedia Foundation,Wikimedia Foundation,https://en.wikipedia.org/wiki/Gr%C3%A9vy%27s_zebra,true
SRC_R18_B01_018,Eurasian griffon vulture,Wikimedia Foundation,Wikimedia Foundation,https://en.wikipedia.org/wiki/Griffon_vulture,true
SRC_R18_B01_019,Gyrfalcon,Wikimedia Foundation,Wikimedia Foundation,https://en.wikipedia.org/wiki/Gyrfalcon,true
SRC_R18_B01_020,Harpy eagle,Wikimedia Foundation,Wikimedia Foundation,https://en.wikipedia.org/wiki/Harpy_eagle,true
SRC_R18_B01_021,Hooded vulture,Wikimedia Foundation,Wikimedia Foundation,https://en.wikipedia.org/wiki/Hooded_vulture,true
SRC_R18_B01_022,Indian rhinoceros,Wikimedia Foundation,Wikimedia Foundation,https://en.wikipedia.org/wiki/Indian_rhinoceros,true
SRC_R18_B01_023,Javan rhinoceros,Wikimedia Foundation,Wikimedia Foundation,https://en.wikipedia.org/wiki/Javan_rhinoceros,true
SRC_R18_B01_024,Kiang,Wikimedia Foundation,Wikimedia Foundation,https://en.wikipedia.org/wiki/Kiang,true
SRC_R18_B01_025,King vulture,Wikimedia Foundation,Wikimedia Foundation,https://en.wikipedia.org/wiki/King_vulture,true
SRC_R18_B01_026,Laughing falcon,Wikimedia Foundation,Wikimedia Foundation,https://en.wikipedia.org/wiki/Laughing_falcon,true
SRC_R18_B01_027,Malayan tapir,Wikimedia Foundation,Wikimedia Foundation,https://en.wikipedia.org/wiki/Malayan_tapir,true
SRC_R18_B01_028,Mountain tapir,Wikimedia Foundation,Wikimedia Foundation,https://en.wikipedia.org/wiki/Mountain_tapir,true
SRC_R18_B01_029,Mountain zebra,Wikimedia Foundation,Wikimedia Foundation,https://en.wikipedia.org/wiki/Mountain_zebra,true
SRC_R18_B01_030,Northern saw-whet owl,Wikimedia Foundation,Wikimedia Foundation,https://en.wikipedia.org/wiki/Northern_saw-whet_owl,true
SRC_R18_B01_031,Onager,Wikimedia Foundation,Wikimedia Foundation,https://en.wikipedia.org/wiki/Onager,true
SRC_R18_B01_032,Osprey,Wikimedia Foundation,Wikimedia Foundation,https://en.wikipedia.org/wiki/Osprey,true
SRC_R18_B01_033,Peregrine falcon,Wikimedia Foundation,Wikimedia Foundation,https://en.wikipedia.org/wiki/Peregrine_falcon,true
SRC_R18_B01_034,Plains zebra,Wikimedia Foundation,Wikimedia Foundation,https://en.wikipedia.org/wiki/Plains_zebra,true
SRC_R18_B01_035,Red-tailed hawk,Wikimedia Foundation,Wikimedia Foundation,https://en.wikipedia.org/wiki/Red-tailed_hawk,true
SRC_R18_B01_036,Secretarybird,Wikimedia Foundation,Wikimedia Foundation,https://en.wikipedia.org/wiki/Secretarybird,true
SRC_R18_B01_037,Snowy owl,Wikimedia Foundation,Wikimedia Foundation,https://en.wikipedia.org/wiki/Snowy_owl,true
SRC_R18_B01_038,South American tapir,Wikimedia Foundation,Wikimedia Foundation,https://en.wikipedia.org/wiki/South_American_tapir,true
SRC_R18_B01_039,Crested caracara,Wikimedia Foundation,Wikimedia Foundation,https://en.wikipedia.org/wiki/Southern_crested_caracara,true
SRC_R18_B01_040,Sumatran rhinoceros,Wikimedia Foundation,Wikimedia Foundation,https://en.wikipedia.org/wiki/Sumatran_rhinoceros,true
SRC_R18_B01_041,Turkey vulture,Wikimedia Foundation,Wikimedia Foundation,https://en.wikipedia.org/wiki/Turkey_vulture,true
SRC_R18_B01_042,Afrikaner,South African History Online,South African History Online,https://sahistory.org.za/article/afrikaner,true
SRC_R18_B01_043,Mapungubwe Cultural Landscape,UNESCO World Heritage Centre,UNESCO World Heritage Centre,https://whc.unesco.org/en/list/1099,true
SRC_R18_B01_044,Blue and John Crow Mountains,UNESCO World Heritage Centre,UNESCO World Heritage Centre,https://whc.unesco.org/en/list/1356,true
SRC_R18_B01_045,ǂKhomani Cultural Landscape,UNESCO World Heritage Centre,UNESCO World Heritage Centre,https://whc.unesco.org/en/list/1545,true
SRC_R18_B01_046,Great Zimbabwe National Monument,UNESCO World Heritage Centre,UNESCO World Heritage Centre,https://whc.unesco.org/en/list/364/,true
SRC_R19_B01_001,Eclectus,Wikimedia Foundation,Wikimedia Foundation,https://en.wikipedia.org/wiki/Eclectus_parrot,true
SRC_R19_B01_002,Gang-gang cockatoo,Wikimedia Foundation,Wikimedia Foundation,https://en.wikipedia.org/wiki/Gang-gang_cockatoo,true
SRC_R19_B01_003,Grey parrot,Wikimedia Foundation,Wikimedia Foundation,https://en.wikipedia.org/wiki/Grey_parrot,true
SRC_R19_B01_004,Horned parakeet,Wikimedia Foundation,Wikimedia Foundation,https://en.wikipedia.org/wiki/Horned_parakeet,true
SRC_R19_B01_005,Hyacinth macaw,Wikimedia Foundation,Wikimedia Foundation,https://en.wikipedia.org/wiki/Hyacinth_macaw,true
SRC_R19_B01_006,Kākāpō,Wikimedia Foundation,Wikimedia Foundation,https://en.wikipedia.org/wiki/K%C4%81k%C4%81p%C5%8D,true
SRC_R19_B01_007,Kea,Wikimedia Foundation,Wikimedia Foundation,https://en.wikipedia.org/wiki/Kea,true
SRC_R19_B01_008,Pink cockatoo,Wikimedia Foundation,Wikimedia Foundation,https://en.wikipedia.org/wiki/Major_Mitchell%27s_cockatoo,true
SRC_R19_B01_009,Palm cockatoo,Wikimedia Foundation,Wikimedia Foundation,https://en.wikipedia.org/wiki/Palm_cockatoo,true
SRC_R19_B01_010,Scarlet macaw,Wikimedia Foundation,Wikimedia Foundation,https://en.wikipedia.org/wiki/Scarlet_macaw,true
SRC_R19_B01_011,Sulphur-crested cockatoo,Wikimedia Foundation,Wikimedia Foundation,https://en.wikipedia.org/wiki/Sulphur-crested_cockatoo,true
SRC_R19_B01_012,Yellow-headed amazon,Wikimedia Foundation,Wikimedia Foundation,https://en.wikipedia.org/wiki/Yellow-headed_amazon,true
SRC_R19_B01_013,Navigating the Waters with Micronesian Stick Charts,Smithsonian Ocean,Smithsonian Ocean,https://ocean.si.edu/human-connections/history-cultures/navigating-waters-micronesian-stick-charts,true
SRC_R19_B01_014,The Adaptation of Traditional Agriculture,Australian National University,Australian National University,https://openresearch-repository.anu.edu.au/server/api/core/bitstreams/c5cc7e4f-8ec6-40ce-8e01-fdd3a4860d8a/content,true
SRC_R19_B01_015,Papahānaumokuākea,UNESCO World Heritage Centre,UNESCO World Heritage Centre,https://whc.unesco.org/en/list/1326/,true
SRC_R19_B01_016,Evolving together: Tongariro,UNESCO World Heritage Centre,UNESCO World Heritage Centre,https://whc.unesco.org/en/story-tongariro/,true
SRC_R19_B01_017,Maungaroa Cultural Landscape,UNESCO World Heritage Centre,UNESCO World Heritage Centre,https://whc.unesco.org/en/tentativelists/6700/,true
SRC_R19_B01_018,Japanese Fairy Tales,Project Gutenberg,Project Gutenberg,https://www.gutenberg.org/cache/epub/4018/pg4018-images.html,true
SRC_R19_B01_019,The Algonquin Legends of New England,Project Gutenberg,Project Gutenberg,https://www.gutenberg.org/cache/epub/6803/pg6803.html,true
SRC_R19_B01_020,English Fairy Tales,Project Gutenberg,Project Gutenberg,https://www.gutenberg.org/cache/epub/7439/pg7439.html.utf8,true
SRC_R19_B01_021,The Fairy Tales of Charles Perrault,Project Gutenberg,Project Gutenberg,https://www.gutenberg.org/files/29021/29021-h/29021-h.htm,true
SRC_R19_B01_022,East O' the Sun and West O' the Moon,Project Gutenberg,Project Gutenberg,https://www.gutenberg.org/files/8653/8653-h/8653-h.htm,true
SRC_R20_B01_001,African brush-tailed porcupine,Wikimedia Foundation,Wikimedia Foundation,https://en.wikipedia.org/wiki/African_brush-tailed_porcupine,true
SRC_R20_B01_002,African pygmy squirrel,Wikimedia Foundation,Wikimedia Foundation,https://en.wikipedia.org/wiki/African_pygmy_squirrel,true
SRC_R20_B01_003,Alpine marmot,Wikimedia Foundation,Wikimedia Foundation,https://en.wikipedia.org/wiki/Alpine_marmot,true
SRC_R20_B01_004,American pika,Wikimedia Foundation,Wikimedia Foundation,https://en.wikipedia.org/wiki/American_pika,true
SRC_R20_B01_005,Arctic hare,Wikimedia Foundation,Wikimedia Foundation,https://en.wikipedia.org/wiki/Arctic_hare,true
SRC_R20_B01_006,Armored rat,Wikimedia Foundation,Wikimedia Foundation,https://en.wikipedia.org/wiki/Armored_rat,true
SRC_R20_B01_007,Banner-tailed kangaroo rat,Wikimedia Foundation,Wikimedia Foundation,https://en.wikipedia.org/wiki/Banner-tailed_kangaroo_rat,true
SRC_R20_B01_008,Black-tailed jackrabbit,Wikimedia Foundation,Wikimedia Foundation,https://en.wikipedia.org/wiki/Black-tailed_jackrabbit,true
SRC_R20_B01_009,Black-tailed prairie dog,Wikimedia Foundation,Wikimedia Foundation,https://en.wikipedia.org/wiki/Black-tailed_prairie_dog,true
SRC_R20_B01_010,Botta's pocket gopher,Wikimedia Foundation,Wikimedia Foundation,https://en.wikipedia.org/wiki/Botta%27s_pocket_gopher,true
SRC_R20_B01_011,Brazilian porcupine,Wikimedia Foundation,Wikimedia Foundation,https://en.wikipedia.org/wiki/Brazilian_porcupine,true
SRC_R20_B01_012,Brown long-eared bat,Wikimedia Foundation,Wikimedia Foundation,https://en.wikipedia.org/wiki/Brown_long-eared_bat,true
SRC_R20_B01_013,Brown rat,Wikimedia Foundation,Wikimedia Foundation,https://en.wikipedia.org/wiki/Brown_rat,true
SRC_R20_B01_014,Cape mole-rat,Wikimedia Foundation,Wikimedia Foundation,https://en.wikipedia.org/wiki/Cape_mole-rat,true
SRC_R20_B01_015,Capybara,Wikimedia Foundation,Wikimedia Foundation,https://en.wikipedia.org/wiki/Capybara,true
SRC_R20_B01_016,Central American agouti,Wikimedia Foundation,Wikimedia Foundation,https://en.wikipedia.org/wiki/Central_American_agouti,true
SRC_R20_B01_017,Collared pika,Wikimedia Foundation,Wikimedia Foundation,https://en.wikipedia.org/wiki/Collared_pika,true
SRC_R20_B01_018,Common pipistrelle,Wikimedia Foundation,Wikimedia Foundation,https://en.wikipedia.org/wiki/Common_pipistrelle,true
SRC_R20_B01_019,Common vampire bat,Wikimedia Foundation,Wikimedia Foundation,https://en.wikipedia.org/wiki/Common_vampire_bat,true
SRC_R20_B01_020,Coypu,Wikimedia Foundation,Wikimedia Foundation,https://en.wikipedia.org/wiki/Coypu,true
SRC_R20_B01_021,Crested porcupine,Wikimedia Foundation,Wikimedia Foundation,https://en.wikipedia.org/wiki/Crested_porcupine,true
SRC_R20_B01_022,Damaraland mole-rat,Wikimedia Foundation,Wikimedia Foundation,https://en.wikipedia.org/wiki/Damaraland_mole-rat,true
SRC_R20_B01_023,Eastern gray squirrel,Wikimedia Foundation,Wikimedia Foundation,https://en.wikipedia.org/wiki/Eastern_gray_squirrel,true
SRC_R20_B01_024,Eastern tube-nosed bat,Wikimedia Foundation,Wikimedia Foundation,https://en.wikipedia.org/wiki/Eastern_tube-nosed_bat,true
SRC_R20_B01_025,Edible dormouse,Wikimedia Foundation,Wikimedia Foundation,https://en.wikipedia.org/wiki/Edible_dormouse,true
SRC_R20_B01_026,Egyptian fruit bat,Wikimedia Foundation,Wikimedia Foundation,https://en.wikipedia.org/wiki/Egyptian_fruit_bat,true
SRC_R20_B01_027,Eurasian beaver,Wikimedia Foundation,Wikimedia Foundation,https://en.wikipedia.org/wiki/Eurasian_beaver,true
SRC_R20_B01_028,European hamster,Wikimedia Foundation,Wikimedia Foundation,https://en.wikipedia.org/wiki/European_hamster,true
SRC_R20_B01_029,European hare,Wikimedia Foundation,Wikimedia Foundation,https://en.wikipedia.org/wiki/European_hare,true
SRC_R20_B01_030,European rabbit,Wikimedia Foundation,Wikimedia Foundation,https://en.wikipedia.org/wiki/European_rabbit,true
SRC_R20_B01_031,Fat-tailed gerbil,Wikimedia Foundation,Wikimedia Foundation,https://en.wikipedia.org/wiki/Fat-tailed_gerbil,true
SRC_R20_B01_032,Field vole,Wikimedia Foundation,Wikimedia Foundation,https://en.wikipedia.org/wiki/Field_vole,true
SRC_R20_B01_033,Fish-eating myotis,Wikimedia Foundation,Wikimedia Foundation,https://en.wikipedia.org/wiki/Fish-eating_myotis,true
SRC_R20_B01_034,Gambian epauletted fruit bat,Wikimedia Foundation,Wikimedia Foundation,https://en.wikipedia.org/wiki/Gambian_epauletted_fruit_bat,true
SRC_R20_B01_035,Garden dormouse,Wikimedia Foundation,Wikimedia Foundation,https://en.wikipedia.org/wiki/Garden_dormouse,true
SRC_R20_B01_036,Ghost bat,Wikimedia Foundation,Wikimedia Foundation,https://en.wikipedia.org/wiki/Ghost_bat,true
SRC_R20_B01_037,Giant blind mole-rat,Wikimedia Foundation,Wikimedia Foundation,https://en.wikipedia.org/wiki/Giant_blind_mole-rat,true
SRC_R20_B01_038,Golden hamster,Wikimedia Foundation,Wikimedia Foundation,https://en.wikipedia.org/wiki/Golden_hamster,true
SRC_R20_B01_039,Great gerbil,Wikimedia Foundation,Wikimedia Foundation,https://en.wikipedia.org/wiki/Great_gerbil,true
SRC_R20_B01_040,Greater bulldog bat,Wikimedia Foundation,Wikimedia Foundation,https://en.wikipedia.org/wiki/Greater_bulldog_bat,true
SRC_R20_B01_041,Greater horseshoe bat,Wikimedia Foundation,Wikimedia Foundation,https://en.wikipedia.org/wiki/Greater_horseshoe_bat,true
SRC_R20_B01_042,Greater mouse-eared bat,Wikimedia Foundation,Wikimedia Foundation,https://en.wikipedia.org/wiki/Greater_mouse-eared_bat,true
SRC_R20_B01_043,Green acouchi,Wikimedia Foundation,Wikimedia Foundation,https://en.wikipedia.org/wiki/Green_acouchi,true
SRC_R20_B01_044,Groundhog,Wikimedia Foundation,Wikimedia Foundation,https://en.wikipedia.org/wiki/Groundhog,true
SRC_R20_B01_045,Hairy-legged vampire bat,Wikimedia Foundation,Wikimedia Foundation,https://en.wikipedia.org/wiki/Hairy-legged_vampire_bat,true
SRC_R20_B01_046,Hammer-headed bat,Wikimedia Foundation,Wikimedia Foundation,https://en.wikipedia.org/wiki/Hammer-headed_bat,true
SRC_R20_B01_047,Hazel dormouse,Wikimedia Foundation,Wikimedia Foundation,https://en.wikipedia.org/wiki/Hazel_dormouse,true
SRC_R20_B01_048,House mouse,Wikimedia Foundation,Wikimedia Foundation,https://en.wikipedia.org/wiki/House_mouse,true
SRC_R20_B01_049,Ili pika,Wikimedia Foundation,Wikimedia Foundation,https://en.wikipedia.org/wiki/Ili_pika,true
SRC_R20_B01_050,Indian giant squirrel,Wikimedia Foundation,Wikimedia Foundation,https://en.wikipedia.org/wiki/Indian_giant_squirrel,true
SRC_R20_B01_051,Large flying fox,Wikimedia Foundation,Wikimedia Foundation,https://en.wikipedia.org/wiki/Large_flying_fox,true
SRC_R20_B01_052,Lesser Egyptian jerboa,Wikimedia Foundation,Wikimedia Foundation,https://en.wikipedia.org/wiki/Lesser_Egyptian_jerboa,true
SRC_R20_B01_053,Lesser blind mole-rat,Wikimedia Foundation,Wikimedia Foundation,https://en.wikipedia.org/wiki/Lesser_blind_mole-rat,true
SRC_R20_B01_054,Lesser capybara,Wikimedia Foundation,Wikimedia Foundation,https://en.wikipedia.org/wiki/Lesser_capybara,true
SRC_R20_B01_055,Long-eared jerboa,Wikimedia Foundation,Wikimedia Foundation,https://en.wikipedia.org/wiki/Long-eared_jerboa,true
SRC_R20_B01_056,Long-tailed chinchilla,Wikimedia Foundation,Wikimedia Foundation,https://en.wikipedia.org/wiki/Long-tailed_chinchilla,true
SRC_R20_B01_057,Lowland paca,Wikimedia Foundation,Wikimedia Foundation,https://en.wikipedia.org/wiki/Lowland_paca,true
SRC_R20_B01_058,Meadow jumping mouse,Wikimedia Foundation,Wikimedia Foundation,https://en.wikipedia.org/wiki/Meadow_jumping_mouse,true
SRC_R20_B01_059,Merriam's kangaroo rat,Wikimedia Foundation,Wikimedia Foundation,https://en.wikipedia.org/wiki/Merriam%27s_kangaroo_rat,true
SRC_R20_B01_060,Mongolian gerbil,Wikimedia Foundation,Wikimedia Foundation,https://en.wikipedia.org/wiki/Mongolian_gerbil,true
SRC_R20_B01_061,Montane guinea pig,Wikimedia Foundation,Wikimedia Foundation,https://en.wikipedia.org/wiki/Montane_guinea_pig,true
SRC_R20_B01_062,Naked mole-rat,Wikimedia Foundation,Wikimedia Foundation,https://en.wikipedia.org/wiki/Naked_mole-rat,true
SRC_R20_B01_063,North American beaver,Wikimedia Foundation,Wikimedia Foundation,https://en.wikipedia.org/wiki/North_American_beaver,true
SRC_R20_B01_064,North American porcupine,Wikimedia Foundation,Wikimedia Foundation,https://en.wikipedia.org/wiki/North_American_porcupine,true
SRC_R20_B01_065,Patagonian mara,Wikimedia Foundation,Wikimedia Foundation,https://en.wikipedia.org/wiki/Patagonian_mara,true
SRC_R20_B01_066,Plains pocket gopher,Wikimedia Foundation,Wikimedia Foundation,https://en.wikipedia.org/wiki/Plains_pocket_gopher,true
SRC_R20_B01_067,Plains viscacha,Wikimedia Foundation,Wikimedia Foundation,https://en.wikipedia.org/wiki/Plains_viscacha,true
SRC_R20_B01_068,Pygmy rabbit,Wikimedia Foundation,Wikimedia Foundation,https://en.wikipedia.org/wiki/Pygmy_rabbit,true
SRC_R20_B01_069,Red-rumped agouti,Wikimedia Foundation,Wikimedia Foundation,https://en.wikipedia.org/wiki/Red-rumped_agouti,true
SRC_R20_B01_070,Red giant flying squirrel,Wikimedia Foundation,Wikimedia Foundation,https://en.wikipedia.org/wiki/Red_giant_flying_squirrel,true
SRC_R20_B01_071,Rock cavy,Wikimedia Foundation,Wikimedia Foundation,https://en.wikipedia.org/wiki/Rock_cavy,true
SRC_R20_B01_072,Short-tailed chinchilla,Wikimedia Foundation,Wikimedia Foundation,https://en.wikipedia.org/wiki/Short-tailed_chinchilla,true
SRC_R20_B01_073,Silky pocket mouse,Wikimedia Foundation,Wikimedia Foundation,https://en.wikipedia.org/wiki/Silky_pocket_mouse,true
SRC_R20_B01_074,Snowshoe hare,Wikimedia Foundation,Wikimedia Foundation,https://en.wikipedia.org/wiki/Snowshoe_hare,true
SRC_R20_B01_075,Southern flying squirrel,Wikimedia Foundation,Wikimedia Foundation,https://en.wikipedia.org/wiki/Southern_flying_squirrel,true
SRC_R20_B01_076,Southern viscacha,Wikimedia Foundation,Wikimedia Foundation,https://en.wikipedia.org/wiki/Southern_viscacha,true
SRC_R20_B01_077,Thirteen-lined ground squirrel,Wikimedia Foundation,Wikimedia Foundation,https://en.wikipedia.org/wiki/Thirteen-lined_ground_squirrel,true
SRC_R20_B01_078,Tome's spiny rat,Wikimedia Foundation,Wikimedia Foundation,https://en.wikipedia.org/wiki/Tome%27s_spiny_rat,true
SRC_R20_B01_079,White-winged vampire bat,Wikimedia Foundation,Wikimedia Foundation,https://en.wikipedia.org/wiki/White-winged_vampire_bat,true
SRC_R20_B01_080,Wrinkle-faced bat,Wikimedia Foundation,Wikimedia Foundation,https://en.wikipedia.org/wiki/Wrinkle-faced_bat,true
SRC_R20_B02_001,"Primitive Culture, Vol. II",Project Gutenberg,Project Gutenberg,https://mirror.csclub.uwaterloo.ca/gutenberg/7/0/4/8/70484/70484-h/70484-h.htm,true
SRC_R20_B02_002,The Homeric Hymns,University of Michigan Library,James Thin,https://upload.wikimedia.org/wikipedia/commons/4/4b/The_Homeric_hymns_%28IA_1844809.0001.001.umich.edu%29.pdf,true
SRC_R20_B02_003,Treant,d20SRD.org,BoLS Interactive LLC,https://www.d20srd.org/srd/monsters/treant.htm,true
SRC_R20_B02_004,The Religion of the Ancient Celts,Project Gutenberg,Project Gutenberg,https://www.gutenberg.org/cache/epub/14672/pg14672-images.html,true
SRC_R21_B01_001,Métis buffalo hunting,Wikimedia Foundation,Wikimedia Foundation,https://en.wikipedia.org/wiki/M%C3%A9tis_buffalo_hunting,true
SRC_R21_B01_002,Mestizo,Wikimedia Foundation,Wikimedia Foundation,https://en.wikipedia.org/wiki/Mestizo,true
SRC_R21_B01_003,Portuguese-based creole languages,Wikimedia Foundation,Wikimedia Foundation,https://en.wikipedia.org/wiki/Portuguese-based_creole_languages,true
SRC_R21_B01_004,Multilingualism,YIVO Institute for Jewish Research,YIVO Encyclopedia of Jews in Eastern Europe,https://encyclopedia.yivo.org/article.aspx/language/multilingualism,true
SRC_R21_B01_005,Arthurian Chronicles: Roman de Brut,Project Gutenberg,Project Gutenberg,https://gutenberg.org/cache/epub/10472/pg10472-images.html,true
SRC_R21_B01_006,Breton Legends,Project Gutenberg,Project Gutenberg,https://gutenberg.org/files/41681/41681-h/41681-h.htm,true
SRC_R21_B01_007,"Language, dance and music of the Garifuna",UNESCO,UNESCO Intangible Cultural Heritage,https://ich.unesco.org/en/RL/language-dance-and-music-of-the-garifuna-00001,true
SRC_R21_B01_008,Bogeymen / Boogeymen,D. L. Ashliman,University of Pittsburgh,https://sites.pitt.edu/~dash/bogey.html,true
SRC_R21_B01_009,The Roma - Europe's forgotten people,Council of Europe,Council of Europe,https://www.coe.int/en/web/portal/the-roma-europe-forgotten-people,true
SRC_R21_B01_010,"A Midsummer Night's Dream - Act 2, scene 1",Folger Shakespeare Library,Folger Shakespeare Library,https://www.folger.edu/explore/shakespeares-works/a-midsummer-nights-dream/read/2/1,true
SRC_R21_B01_011,"Critias, by Plato",Project Gutenberg,Project Gutenberg,https://www.gutenberg.org/cache/epub/1571/pg1571-images.html,true
SRC_R21_B01_012,Orlando Furioso,Project Gutenberg,Project Gutenberg,https://www.gutenberg.org/cache/epub/615/pg615.html,true
SRC_R21_B01_013,The Princess and the Goblin,Project Gutenberg,Project Gutenberg,https://www.gutenberg.org/files/708/708-h/708-h.htm,true
SRC_R21_B01_014,Mandala of Shambhala (Buddhist Pureland),Himalayan Art Resources,Rubin Museum of Art,https://www.himalayanart.org/items/563,true
SRC_R21_B01_015,The Golem of Prague: The Legend of Rabbi Loew's Creation,Jewish Museum in Prague,Jewish Museum in Prague,https://www.jewishmuseum.cz/novinka/the-golem-of-prague-the-legend-of-rabbi-loew-s-creation/,true
SRC_R22_B01_001,Welcome to Country,AIATSIS,AIATSIS,https://aiatsis.gov.au/explore/welcome-country,true
SRC_R22_B01_002,Acorn woodpecker,Wikimedia Foundation,Wikimedia Foundation,https://en.wikipedia.org/wiki/Acorn_woodpecker,true
SRC_R22_B01_003,Bare-tailed woolly opossum,Wikimedia Foundation,Wikimedia Foundation,https://en.wikipedia.org/wiki/Bare-tailed_woolly_opossum,true
SRC_R22_B01_004,Bee hummingbird,Wikimedia Foundation,Wikimedia Foundation,https://en.wikipedia.org/wiki/Bee_hummingbird,true
SRC_R22_B01_005,Booted racket-tail,Wikimedia Foundation,Wikimedia Foundation,https://en.wikipedia.org/wiki/Booted_racket-tail,true
SRC_R22_B01_006,Channel-billed cuckoo,Wikimedia Foundation,Wikimedia Foundation,https://en.wikipedia.org/wiki/Channel-billed_cuckoo,true
SRC_R22_B01_007,Chimney swift,Wikimedia Foundation,Wikimedia Foundation,https://en.wikipedia.org/wiki/Chimney_swift,true
SRC_R22_B01_008,Common brushtail possum,Wikimedia Foundation,Wikimedia Foundation,https://en.wikipedia.org/wiki/Common_brushtail_possum,true
SRC_R22_B01_009,Common cuckoo,Wikimedia Foundation,Wikimedia Foundation,https://en.wikipedia.org/wiki/Common_cuckoo,true
SRC_R22_B01_010,Common kingfisher,Wikimedia Foundation,Wikimedia Foundation,https://en.wikipedia.org/wiki/Common_kingfisher,true
SRC_R22_B01_011,Common spotted cuscus,Wikimedia Foundation,Wikimedia Foundation,https://en.wikipedia.org/wiki/Common_spotted_cuscus,true
SRC_R22_B01_012,Common swift,Wikimedia Foundation,Wikimedia Foundation,https://en.wikipedia.org/wiki/Common_swift,true
SRC_R22_B01_013,Common wallaroo,Wikimedia Foundation,Wikimedia Foundation,https://en.wikipedia.org/wiki/Common_wallaroo,true
SRC_R22_B01_014,Common wombat,Wikimedia Foundation,Wikimedia Foundation,https://en.wikipedia.org/wiki/Common_wombat,true
SRC_R22_B01_015,Eastern barred bandicoot,Wikimedia Foundation,Wikimedia Foundation,https://en.wikipedia.org/wiki/Eastern_barred_bandicoot,true
SRC_R22_B01_016,Eastern quoll,Wikimedia Foundation,Wikimedia Foundation,https://en.wikipedia.org/wiki/Eastern_quoll,true
SRC_R22_B01_017,European bee-eater,Wikimedia Foundation,Wikimedia Foundation,https://en.wikipedia.org/wiki/European_bee-eater,true
SRC_R22_B01_018,European nightjar,Wikimedia Foundation,Wikimedia Foundation,https://en.wikipedia.org/wiki/European_nightjar,true
SRC_R22_B01_019,Fat-tailed dunnart,Wikimedia Foundation,Wikimedia Foundation,https://en.wikipedia.org/wiki/Fat-tailed_dunnart,true
SRC_R22_B01_020,Giant hummingbird,Wikimedia Foundation,Wikimedia Foundation,https://en.wikipedia.org/wiki/Giant_hummingbird,true
SRC_R22_B01_021,Giant kingfisher,Wikimedia Foundation,Wikimedia Foundation,https://en.wikipedia.org/wiki/Giant_kingfisher,true
SRC_R22_B01_022,Great barbet,Wikimedia Foundation,Wikimedia Foundation,https://en.wikipedia.org/wiki/Great_barbet,true
SRC_R22_B01_023,Great blue turaco,Wikimedia Foundation,Wikimedia Foundation,https://en.wikipedia.org/wiki/Great_blue_turaco,true
SRC_R22_B01_024,Great hornbill,Wikimedia Foundation,Wikimedia Foundation,https://en.wikipedia.org/wiki/Great_hornbill,true
SRC_R22_B01_025,Great potoo,Wikimedia Foundation,Wikimedia Foundation,https://en.wikipedia.org/wiki/Great_potoo,true
SRC_R22_B01_026,Great spotted woodpecker,Wikimedia Foundation,Wikimedia Foundation,https://en.wikipedia.org/wiki/Great_spotted_woodpecker,true
SRC_R22_B01_027,Greater bilby,Wikimedia Foundation,Wikimedia Foundation,https://en.wikipedia.org/wiki/Greater_bilby,true
SRC_R22_B01_028,Greater coucal,Wikimedia Foundation,Wikimedia Foundation,https://en.wikipedia.org/wiki/Greater_coucal,true
SRC_R22_B01_029,Greater roadrunner,Wikimedia Foundation,Wikimedia Foundation,https://en.wikipedia.org/wiki/Greater_roadrunner,true
SRC_R22_B01_030,Green-and-rufous kingfisher,Wikimedia Foundation,Wikimedia Foundation,https://en.wikipedia.org/wiki/Green-and-rufous_kingfisher,true
SRC_R22_B01_031,Grizzled tree-kangaroo,Wikimedia Foundation,Wikimedia Foundation,https://en.wikipedia.org/wiki/Grizzled_tree-kangaroo,true
SRC_R22_B01_032,Hoatzin,Wikimedia Foundation,Wikimedia Foundation,https://en.wikipedia.org/wiki/Hoatzin,true
SRC_R22_B01_033,Honey possum,Wikimedia Foundation,Wikimedia Foundation,https://en.wikipedia.org/wiki/Honey_possum,true
SRC_R22_B01_034,Keel-billed toucan,Wikimedia Foundation,Wikimedia Foundation,https://en.wikipedia.org/wiki/Keel-billed_toucan,true
SRC_R22_B01_035,Koala,Wikimedia Foundation,Wikimedia Foundation,https://en.wikipedia.org/wiki/Koala,true
SRC_R22_B01_036,Kowari,Wikimedia Foundation,Wikimedia Foundation,https://en.wikipedia.org/wiki/Kowari,true
SRC_R22_B01_037,Laughing kookaburra,Wikimedia Foundation,Wikimedia Foundation,https://en.wikipedia.org/wiki/Laughing_kookaburra,true
SRC_R22_B01_038,Lilac-breasted roller,Wikimedia Foundation,Wikimedia Foundation,https://en.wikipedia.org/wiki/Lilac-breasted_roller,true
SRC_R22_B01_039,Mahogany glider,Wikimedia Foundation,Wikimedia Foundation,https://en.wikipedia.org/wiki/Mahogany_glider,true
SRC_R22_B01_040,Matschie's tree-kangaroo,Wikimedia Foundation,Wikimedia Foundation,https://en.wikipedia.org/wiki/Matschie's_tree-kangaroo,true
SRC_R22_B01_041,Muisca agriculture,Wikimedia Foundation,Wikimedia Foundation,https://en.wikipedia.org/wiki/Muisca_agriculture,true
SRC_R22_B01_042,Northern brown bandicoot,Wikimedia Foundation,Wikimedia Foundation,https://en.wikipedia.org/wiki/Northern_brown_bandicoot,true
SRC_R22_B01_043,Northern carmine bee-eater,Wikimedia Foundation,Wikimedia Foundation,https://en.wikipedia.org/wiki/Northern_carmine_bee-eater,true
SRC_R22_B01_044,Northern marsupial mole,Wikimedia Foundation,Wikimedia Foundation,https://en.wikipedia.org/wiki/Northern_marsupial_mole,true
SRC_R22_B01_045,Numbat,Wikimedia Foundation,Wikimedia Foundation,https://en.wikipedia.org/wiki/Numbat,true
SRC_R22_B01_046,Oriental dollarbird,Wikimedia Foundation,Wikimedia Foundation,https://en.wikipedia.org/wiki/Oriental_dollarbird,true
SRC_R22_B01_047,Pileated woodpecker,Wikimedia Foundation,Wikimedia Foundation,https://en.wikipedia.org/wiki/Pileated_woodpecker,true
SRC_R22_B01_048,Platypus,Wikimedia Foundation,Wikimedia Foundation,https://en.wikipedia.org/wiki/Platypus,true
SRC_R22_B01_049,Quokka,Wikimedia Foundation,Wikimedia Foundation,https://en.wikipedia.org/wiki/Quokka,true
SRC_R22_B01_050,Red-headed woodpecker,Wikimedia Foundation,Wikimedia Foundation,https://en.wikipedia.org/wiki/Red-headed_woodpecker,true
SRC_R22_B01_051,Red kangaroo,Wikimedia Foundation,Wikimedia Foundation,https://en.wikipedia.org/wiki/Red_kangaroo,true
SRC_R22_B01_052,Rhinoceros hornbill,Wikimedia Foundation,Wikimedia Foundation,https://en.wikipedia.org/wiki/Rhinoceros_hornbill,true
SRC_R22_B01_053,Ruby-throated hummingbird,Wikimedia Foundation,Wikimedia Foundation,https://en.wikipedia.org/wiki/Ruby-throated_hummingbird,true
SRC_R22_B01_054,Scaly-tailed possum,Wikimedia Foundation,Wikimedia Foundation,https://en.wikipedia.org/wiki/Scaly-tailed_possum,true
SRC_R22_B01_055,Short-beaked echidna,Wikimedia Foundation,Wikimedia Foundation,https://en.wikipedia.org/wiki/Short-beaked_echidna,true
SRC_R22_B01_056,Southern ground hornbill,Wikimedia Foundation,Wikimedia Foundation,https://en.wikipedia.org/wiki/Southern_ground_hornbill,true
SRC_R22_B01_057,Southern hairy-nosed wombat,Wikimedia Foundation,Wikimedia Foundation,https://en.wikipedia.org/wiki/Southern_hairy-nosed_wombat,true
SRC_R22_B01_058,Southern marsupial mole,Wikimedia Foundation,Wikimedia Foundation,https://en.wikipedia.org/wiki/Southern_marsupial_mole,true
SRC_R22_B01_059,Spotted-tail quoll,Wikimedia Foundation,Wikimedia Foundation,https://en.wikipedia.org/wiki/Spotted-tail_quoll,true
SRC_R22_B01_060,Squirrel glider,Wikimedia Foundation,Wikimedia Foundation,https://en.wikipedia.org/wiki/Squirrel_glider,true
SRC_R22_B01_061,Striped possum,Wikimedia Foundation,Wikimedia Foundation,https://en.wikipedia.org/wiki/Striped_possum,true
SRC_R22_B01_062,Swamp wallaby,Wikimedia Foundation,Wikimedia Foundation,https://en.wikipedia.org/wiki/Swamp_wallaby,true
SRC_R22_B01_063,Sword-billed hummingbird,Wikimedia Foundation,Wikimedia Foundation,https://en.wikipedia.org/wiki/Sword-billed_hummingbird,true
SRC_R22_B01_064,Tasmanian devil,Wikimedia Foundation,Wikimedia Foundation,https://en.wikipedia.org/wiki/Tasmanian_devil,true
SRC_R22_B01_065,Tawny frogmouth,Wikimedia Foundation,Wikimedia Foundation,https://en.wikipedia.org/wiki/Tawny_frogmouth,true
SRC_R22_B01_066,Toco toucan,Wikimedia Foundation,Wikimedia Foundation,https://en.wikipedia.org/wiki/Toco_toucan,true
SRC_R22_B01_067,Toucan barbet,Wikimedia Foundation,Wikimedia Foundation,https://en.wikipedia.org/wiki/Toucan_barbet,true
SRC_R22_B01_068,Violet turaco,Wikimedia Foundation,Wikimedia Foundation,https://en.wikipedia.org/wiki/Violet_turaco,true
SRC_R22_B01_069,Virginia opossum,Wikimedia Foundation,Wikimedia Foundation,https://en.wikipedia.org/wiki/Virginia_opossum,true
SRC_R22_B01_070,Water opossum,Wikimedia Foundation,Wikimedia Foundation,https://en.wikipedia.org/wiki/Water_opossum,true
SRC_R22_B01_071,Western long-beaked echidna,Wikimedia Foundation,Wikimedia Foundation,https://en.wikipedia.org/wiki/Western_long-beaked_echidna,true
SRC_R22_B01_072,White-cheeked turaco,Wikimedia Foundation,Wikimedia Foundation,https://en.wikipedia.org/wiki/White-cheeked_turaco,true
SRC_R22_B01_073,White-throated needletail,Wikimedia Foundation,Wikimedia Foundation,https://en.wikipedia.org/wiki/White-throated_needletail,true
SRC_R22_B01_074,Zaglossus attenboroughi,Wikimedia Foundation,Wikimedia Foundation,https://en.wikipedia.org/wiki/Zaglossus_attenboroughi,true
SRC_R22_B01_075,Museo de Sitio de La Venta,Instituto Nacional de Antropología e Historia,INAH,https://lugares.inah.gob.mx/en/node/4310,true
SRC_R22_B01_076,Museo Nacional de Antropología: Purépecha,Museo Nacional de Antropología,INAH,https://mna.inah.gob.mx/salas_etnografia.php?sala=14,true
SRC_R22_B01_077,Stirrup Spout Bottle with Seated Figure,The Metropolitan Museum of Art,The Metropolitan Museum of Art,https://www.metmuseum.org/art/collection/search/308540,true
SRC_R23_B01_001,Desmana moschata (Russian desman),Animal Diversity Web,University of Michigan Museum of Zoology,https://animaldiversity.org/accounts/Desmana_moschata/,true
SRC_R23_B01_002,Echinosorex gymnura (moonrat),Animal Diversity Web,University of Michigan Museum of Zoology,https://animaldiversity.org/accounts/Echinosorex_gymnura/,true
SRC_R23_B01_003,Hemiechinus auritus (long-eared hedgehog),Animal Diversity Web,University of Michigan Museum of Zoology,https://animaldiversity.org/accounts/Hemiechinus_auritus/,true
SRC_R23_B01_004,Manis gigantea (giant pangolin),Animal Diversity Web,University of Michigan Museum of Zoology,https://animaldiversity.org/accounts/Manis_gigantea/,true
SRC_R23_B01_005,Manis tetradactyla (long-tailed pangolin),Animal Diversity Web,University of Michigan Museum of Zoology,https://animaldiversity.org/accounts/Manis_tetradactyla/,true
SRC_R23_B01_006,Ptilocercus lowii (pen-tailed tree shrew),Animal Diversity Web,University of Michigan Museum of Zoology,https://animaldiversity.org/accounts/Ptilocercus_lowii/,true
SRC_R23_B01_007,Scalopus aquaticus (eastern mole),Animal Diversity Web,University of Michigan Museum of Zoology,https://animaldiversity.org/accounts/Scalopus_aquaticus/,true
SRC_R23_B01_008,Solenodon cubanus (Cuban solenodon),Animal Diversity Web,University of Michigan Museum of Zoology,https://animaldiversity.org/accounts/Solenodon_cubanus/,true
SRC_R23_B01_009,Talpa europaea (European mole),Animal Diversity Web,University of Michigan Museum of Zoology,https://animaldiversity.org/accounts/Talpa_europaea/,true
SRC_R23_B01_010,Tupaia glis (common tree shrew),Animal Diversity Web,University of Michigan Museum of Zoology,https://animaldiversity.org/accounts/Tupaia_glis/,true
SRC_R23_B01_011,Sunda Colugo,BiodiversitySG,National Parks Board Singapore,https://biodiversitysg.nparks.gov.sg/our-biodiversity/mammals/other-mammals/sunda-colugo/,true
SRC_R23_B01_012,Adlet,Wikipedia contributors,Wikimedia Foundation,https://en.wikipedia.org/wiki/Adlet,true
SRC_R23_B01_013,Brown-throated sloth,Wikipedia contributors,Wikimedia Foundation,https://en.wikipedia.org/wiki/Brown-throated_sloth,true
SRC_R23_B01_014,Centaur,Wikipedia contributors,Wikimedia Foundation,https://en.wikipedia.org/wiki/Centaur,true
SRC_R23_B01_015,Common shrew,Wikipedia contributors,Wikimedia Foundation,https://en.wikipedia.org/wiki/Common_shrew,true
SRC_R23_B01_016,Eurasian water shrew,Wikipedia contributors,Wikimedia Foundation,https://en.wikipedia.org/wiki/Eurasian_water_shrew,true
SRC_R23_B01_017,Four-toed hedgehog,Wikipedia contributors,Wikimedia Foundation,https://en.wikipedia.org/wiki/Four-toed_hedgehog,true
SRC_R23_B01_018,Ground pangolin,Wikipedia contributors,Wikimedia Foundation,https://en.wikipedia.org/wiki/Ground_pangolin,true
SRC_R23_B01_019,Hispaniolan solenodon,Wikipedia contributors,Wikimedia Foundation,https://en.wikipedia.org/wiki/Hispaniolan_solenodon,true
SRC_R23_B01_020,Javan short-tailed gymnure,Wikipedia contributors,Wikimedia Foundation,https://en.wikipedia.org/wiki/Javan_short-tailed_gymnure,true
SRC_R23_B01_021,Linnaeus's two-toed sloth,Wikipedia contributors,Wikimedia Foundation,https://en.wikipedia.org/wiki/Linnaeus%27s_two-toed_sloth,true
SRC_R23_B01_022,Philippine flying lemur,Wikipedia contributors,Wikimedia Foundation,https://en.wikipedia.org/wiki/Philippine_flying_lemur,true
SRC_R23_B01_023,Pygmy three-toed sloth,Wikipedia contributors,Wikimedia Foundation,https://en.wikipedia.org/wiki/Pygmy_three-toed_sloth,true
SRC_R23_B01_024,Star-nosed mole,Wikipedia contributors,Wikimedia Foundation,https://en.wikipedia.org/wiki/Star-nosed_mole,true
SRC_R23_B01_025,Harpies,Encyclopaedia Britannica,Wikisource,https://en.wikisource.org/wiki/1911_Encyclop%C3%A6dia_Britannica/Harpies,true
SRC_R23_B01_026,Folktales of the Amazon,Florida State University,Greenwood Publishing Group,https://myweb.fsu.edu/jgaleano/pdf/FolktalesExcerpts_sm.pdf,true
SRC_R23_B01_027,Giant anteater,Smithsonian's National Zoo and Conservation Biology Institute,Smithsonian Institution,https://nationalzoo.si.edu/animals/giant-anteater,true
SRC_R23_B01_028,Screaming hairy armadillo,Smithsonian's National Zoo and Conservation Biology Institute,Smithsonian Institution,https://nationalzoo.si.edu/animals/screaming-hairy-armadillo,true
SRC_R23_B01_029,Southern tamandua,Smithsonian's National Zoo and Conservation Biology Institute,Smithsonian Institution,https://nationalzoo.si.edu/index.php/animals/southern-tamandua,true
SRC_R23_B01_030,Tikbalang: The Horse-Headed Trickster of Philippine Folklore,Enchanted Isles,Enchanted Isles,https://philippinefolklore.com/creatures/tikbalang/,true
SRC_R23_B01_031,Tactile guidance of prey capture in Etruscan shrews,National Library of Medicine,Proceedings of the National Academy of Sciences,https://pmc.ncbi.nlm.nih.gov/articles/PMC1621049/,true
SRC_R23_B01_032,Indigenous and Traditional Peoples and Protected Areas,World Commission on Protected Areas,IUCN,https://portals.iucn.org/library/sites/library/files/documents/PAG-004.pdf,true
SRC_R23_B01_033,Boitani et al (1984) hedgehog movement activity Mediterranean,People's Trust for Endangered Species,People's Trust for Endangered Species,https://ptes.org/hedgehog-papers/boitani-et-al-1984-hedgehog-movement-activity-mediterranean/,true
SRC_R23_B01_034,"Recent Acquisitions: A Selection, 1989-1990",The Metropolitan Museum of Art,The Metropolitan Museum of Art,https://resources.metmuseum.org/resources/metpublications/pdf/Recent_Acquisitions_A_Selection_1989_1990_The_Metropolitan_Museum_of_Art_Bulletin_v_48_no_2_Fall_1990.pdf,true
SRC_R23_B01_035,Chlamyphorus truncatus,"Sistema de Informacion de Biodiversidad, Administracion de Parques Nacionales",Argentina National Parks Administration,https://sib.gob.ar/especies/chlamyphorus-truncatus,true
SRC_R23_B01_036,Kinnara-Kinnari,Museum Sonobudoyo Yogyakarta,Government of Yogyakarta,https://sonobudoyo.jogjaprov.go.id/en/tulisan/read/kinnara-kinnari,true
SRC_R23_B01_037,Tiwanaku: Spiritual and Political Centre of the Tiwanaku Culture,UNESCO World Heritage Centre,UNESCO,https://whc.unesco.org/en/list/0567,true
SRC_R23_B01_038,Arachne challenged Minerva to a contest of skill in weaving,British Museum,British Museum,https://www.britishmuseum.org/collection/object/P_1875-0612-5,true
SRC_R23_B01_039,Species account of the Nine-banded Armadillo,Natural Science Research Laboratory,Texas Tech University,https://www.depts.ttu.edu/nsrl/mammals-of-texas-online-edition/Accounts_Cingulata/Dasypus_novemcinctus.php,true
SRC_R23_B01_040,Ancestral System of the Pehuenche mountain range,Food and Agriculture Organization of the United Nations,FAO,https://www.fao.org/giahs/giahs-around-the-world/chile-andean-pehuenche-system/en,true
SRC_R23_B01_041,"An Introduction to the Bestiary, Book of Beasts in the Medieval World",J. Paul Getty Trust,Getty,https://www.getty.edu/news/an-introduction-to-the-bestiary-book-of-beasts-in-the-medieval-world/,true
SRC_R23_B01_042,Masterpieces of the J. Paul Getty Museum: European Sculpture,J. Paul Getty Museum,Getty Publications,https://www.getty.edu/publications/resources/virtuallibrary/0892365137.pdf,true
SRC_R23_B01_043,Mask in the Shape of a Mountain Demon's Face,The Metropolitan Museum of Art,The Metropolitan Museum of Art,https://www.metmuseum.org/art/collection/search/24145,true
SRC_R23_B01_044,Terracotta pelike (jar),The Metropolitan Museum of Art,The Metropolitan Museum of Art,https://www.metmuseum.org/art/collection/search/254523,true
SRC_R23_B01_045,"Gold, Griffins, and Greeks: Scythian Art and Cultural Interactions in the Black Sea",The Metropolitan Museum of Art,The Metropolitan Museum of Art,https://www.metmuseum.org/en/essays/scythian-art,true
SRC_R23_B01_046,Dangerous Beauty: Medusa in Classical Art - Exhibition Gallery,The Metropolitan Museum of Art,The Metropolitan Museum of Art,https://www.metmuseum.org/exhibitions/listings/2018/dangerous-beauty/exhibition-gallery,true
SRC_R23_B01_047,"The face of the beast: Asterion, the Minotaur",National Archaeological Museum,Hellenic Ministry of Culture,https://www.namuseum.gr/en/monthly_artefact/the-face-of-the-beast-asterion-the-minotaur/,true
SRC_R23_B01_048,The Role of Giant Armadillos (Priodontes maximus) as Physical Ecosystem Engineers,Giant Armadillo Project,Biotropica,https://www.natural-research.org/application/files/5714/9129/8091/Desbiez__Kluyber_2013.pdf,true
SRC_R23_B01_049,Manis javanica,National Parks Board Singapore,Government of Singapore,https://www.nparks.gov.sg/florafaunaweb/fauna/2/1/212,true
SRC_R23_B01_050,Desman des Pyr�n�es,Parc national des Pyr�n�es,Parc national des Pyr�n�es,https://www.pyrenees-parcnational.fr/fr/node/13838/printable/print,true
SRC_R23_B01_051,Annual Report 2024/25,Shipibo Conibo Center,Shipibo Conibo Center,https://www.shipiboconibo.org/_files/ugd/54b19e_5e2a2713a77c48158764f4cd1985e300.pdf,true
SRC_R23_B01_052,Five Inka Road Achievements in Engineering,National Museum of the American Indian,Smithsonian Institution,https://www.si.edu/stories/five-inka-road-achievements-engineering,true
SRC_R23_B01_053,Cynocephali (Kynokephaloi),Theoi Project,Theoi Greek Mythology,https://www.theoi.com/Phylos/Kunokephaloi.html,true
SRC_R23_B01_054,Medusa and Gorgons,Theoi Project,Theoi Greek Mythology,https://www.theoi.com/Pontios/Gorgones.html,true
SRC_R23_B01_055,"Hesiod, Theogony",Theoi Classical Texts Library,Theoi Project,https://www.theoi.com/Text/HesiodTheogony.html,true
SRC_R23_B01_056,Scythian Dracaena (Drakaina Skythia),Theoi Project,Theoi Greek Mythology,https://www.theoi.com/Ther/DrakainaSkythia.html,true
SRC_R23_B01_057,Lamia,Theoi Project,Theoi Project,https://www.theoi.com/Ther/Lamia.html,true
SRC_R23_B01_058,The world's smallest anteater isn't afraid to put up a fight,World Wildlife Fund,World Wildlife Fund,https://www.worldwildlife.org/news/magazine/summer-2023/the-worlds-smallest-anteater-isnt-afraid-to-put-up-a-fight/,true
SRC_R23_B01_059,Southern three-banded armadillo,"IUCN SSC Anteater, Sloth and Armadillo Specialist Group",IUCN Species Survival Commission,https://xenarthrans.org/species/armadillos-2/southern-three-banded-armadillo/,true
SRC_R24_B01_001,Rescuing Neon Dragons,San Diego Zoo Wildlife Alliance,San Diego Zoo Wildlife Alliance,https://adminzoonooz.sandiegozoo.org/zoonooz/rescuing-neon-dragons/,true
SRC_R24_B01_002,Anolis carolinensis,University of Michigan Museum of Zoology,Animal Diversity Web,https://animaldiversity.org/accounts/Anolis_carolinensis/,true
SRC_R24_B01_003,Anolis equestris,University of Michigan Museum of Zoology,Animal Diversity Web,https://animaldiversity.org/accounts/Anolis_equestris/,true
SRC_R24_B01_004,Bipes biporus,University of Michigan Museum of Zoology,Animal Diversity Web,https://animaldiversity.org/accounts/Bipes_biporus/,true
SRC_R24_B01_005,Calumma parsonii,University of Michigan Museum of Zoology,Animal Diversity Web,https://animaldiversity.org/accounts/Calumma_parsonii/,true
SRC_R24_B01_006,Chlamydosaurus kingii,University of Michigan Museum of Zoology,Animal Diversity Web,https://animaldiversity.org/accounts/Chlamydosaurus_kingii/,true
SRC_R24_B01_007,Cyclura cornuta,University of Michigan Museum of Zoology,Animal Diversity Web,https://animaldiversity.org/accounts/Cyclura_cornuta/,true
SRC_R24_B01_008,Draco volans,University of Michigan Museum of Zoology,Animal Diversity Web,https://animaldiversity.org/accounts/Draco_volans/,true
SRC_R24_B01_009,Furcifer pardalis,University of Michigan Museum of Zoology,Animal Diversity Web,https://animaldiversity.org/accounts/Furcifer_pardalis/,true
SRC_R24_B01_010,Gekko gecko,University of Michigan Museum of Zoology,Animal Diversity Web,https://animaldiversity.org/accounts/Gekko_gecko/,true
SRC_R24_B01_011,Heloderma horridum,University of Michigan Museum of Zoology,Animal Diversity Web,https://animaldiversity.org/accounts/Heloderma_horridum/,true
SRC_R24_B01_012,Iguana iguana,University of Michigan Museum of Zoology,Animal Diversity Web,https://animaldiversity.org/accounts/Iguana_iguana/,true
SRC_R24_B01_013,Moloch horridus,University of Michigan Museum of Zoology,Animal Diversity Web,https://animaldiversity.org/accounts/Moloch_horridus/,true
SRC_R24_B01_014,Chameleon,San Diego Zoo Wildlife Alliance,San Diego Zoo Wildlife Alliance,https://animals.sandiegozoo.org/animals/chameleon,true
SRC_R24_B01_015,Eastern Blue-tongue Lizard,Australian Museum,Australian Museum,https://australian.museum/learn/animals/reptiles/eastern-blue-tongue-lizard/,true
SRC_R24_B01_016,Flexibility in feeding behaviour may compensate for morphological constraints of fossoriality in Blanus cinereus,Spanish National Research Council,Amphibia-Reptilia,https://brill.com/view/journals/amre/34/2/article-p241_9.pdf,true
SRC_R24_B01_017,Perentie Varanus giganteus,Government of South Australia,Department for Environment and Water South Australia,https://cdn.environment.sa.gov.au/landscape/docs/hf/perentie-bio-region-fact.pdf,true
SRC_R24_B01_018,homunculus,Miroslav Krleza Institute of Lexicography,Croatian Encyclopedia,https://enciklopedija.hr/clanak/homunculus,true
SRC_R24_B01_019,Six-Lined Racerunner,University of Nebraska-Lincoln,Herpetology of Nebraska,https://herpneb.unl.edu/six-lined-racerunner/,true
SRC_R24_B01_020,"Vocalization of the Crocodile Skink, Tribolonotus gracilis, and Evidence of Parental Care",Dallas Zoo Department of Herpetology and Lafayette College,Contemporary Herpetology,https://journals.ku.edu/ch/article/download/11956/11276/24254,true
SRC_R24_B01_021,Centro historico de la Ciudad de Mexico,Instituto Nacional de Antropologia e Historia,Government of Mexico,https://lugares.inah.gob.mx/en/node/4833,true
SRC_R24_B01_022,The Maya,National Museum of the American Indian,Smithsonian Institution,https://maya.nmai.si.edu/maya,true
SRC_R24_B01_023,Nile Monitor Varanus niloticus Species Profile,United States Geological Survey,United States Geological Survey,https://nas.er.usgs.gov/queries/FactSheet.aspx?speciesID=1085,true
SRC_R24_B01_024,Caiman lizard,Smithsonian's National Zoo and Conservation Biology Institute,Smithsonian Institution,https://nationalzoo.si.edu/animals/caiman-lizard,true
SRC_R24_B01_025,Emerald tree monitor,Smithsonian National Zoo and Conservation Biology Institute,Smithsonian Institution,https://nationalzoo.si.edu/animals/emerald-tree-monitor,true
SRC_R24_B01_026,Komodo dragon,Smithsonian National Zoo and Conservation Biology Institute,Smithsonian Institution,https://nationalzoo.si.edu/animals/komodo-dragon,true
SRC_R24_B01_027,Phantastic leaf-tailed gecko,Smithsonian National Zoo and Conservation Biology Institute,Smithsonian Institution,https://nationalzoo.si.edu/animals/phantastic-leaf-tailed-gecko,true
SRC_R24_B01_028,Prehensile-tailed skink,Smithsonian's National Zoo and Conservation Biology Institute,Smithsonian Institution,https://nationalzoo.si.edu/animals/prehensile-tailed-skink,true
SRC_R24_B01_029,Argentine Black and White Tegu,Potter Park Zoo,Potter Park Zoo,https://potterparkzoo.org/animals/argentine-black-and-white-tegu/,true
SRC_R24_B01_030,Eastern Glass Lizard (Ophisaurus ventralis),University of Georgia Savannah River Ecology Laboratory,University of Georgia,https://srelherp.uga.edu/lizards/eastern-glass-lizard/,true
SRC_R24_B01_031,Templo Mayor Museum Guide,Museo del Templo Mayor,Instituto Nacional de Antropologia e Historia,https://templomayor.inah.gob.mx/images/home/tripticos/museo_eng.pdf,true
SRC_R24_B01_032,An alchemist examining a urine-flask containing a homunculus,Wellcome Collection,Wellcome Trust,https://wellcomecollection.org/works/cxajvq6t,true
SRC_R24_B01_033,Historic Centre of Oaxaca and Archaeological Site of Monte Alban,UNESCO World Heritage Centre,UNESCO,https://whc.unesco.org/en/list/415,true
SRC_R24_B01_034,Egyptian Spiny-tailed Lizard,Environment Agency Abu Dhabi,Government of Abu Dhabi,https://www.ead.gov.ae/en/discover-our-biodiversity/amphibians-and-reptiles/egyptian-spiny-tailed-lizard,true
SRC_R24_B01_035,Biodiversity,Galapagos Conservancy,Galapagos Conservancy,https://www.galapagos.org/about_galapagos/biodiversity/,true
SRC_R24_B01_036,"Gargoyle, 13th century",Isabella Stewart Gardner Museum,Isabella Stewart Gardner Museum,https://www.gardnermuseum.org/experience/collection/11441,true
SRC_R24_B01_037,Etnografia del pueblo mixteco - Nuu Savi,Instituto Nacional de los Pueblos Indigenas,Government of Mexico,https://www.gob.mx/inpi/es/articulos/etnografia-del-pueblo-mixteco-nuu-savi?idiom=es&lt=,true
SRC_R24_B01_038,Scarecrows,Labayru Foundation,Labayru Foundation Basque Ethnography,https://www.labayru.eus/en/basque-ethnography-at-a-glance/scarecrows/,true
SRC_R24_B01_039,"Like Life: Sculpture, Color, and the Body",The Metropolitan Museum of Art,The Metropolitan Museum of Art,https://www.metmuseum.org/exhibitions/listings/2018/like-life/exhibition-galleries,true
SRC_R24_B01_040,Art in Motion,The Metropolitan Museum of Art,The Metropolitan Museum of Art,https://www.metmuseum.org/exhibitions/listings/2019/making-marvels-science-splendor/Art-in-Motion,true
SRC_R24_B01_041,Ptychozoon kuhli,National Parks Board Singapore,Government of Singapore,https://www.nparks.gov.sg/florafaunaweb/fauna/2/5/255,true
SRC_R24_B01_042,Caracterizacion biotica del Parque Nacional Natural Gorgona,Parques Nacionales Naturales de Colombia,Government of Colombia,https://www.parquesnacionales.gov.co/wp-content/uploads/2024/02/caracterizacion-biotica-pnn.pdf,true
SRC_R24_B01_043,Il cavaliere inesistente,Mondadori,Mondadori,https://www.ragazzimondadori.it/libri/il-cavaliere-inesistente-italo-calvino-2/,true
SRC_R24_B01_044,Sphenodon punctatus,New Zealand Herpetological Society,New Zealand Herpetological Society,https://www.reptiles.org.nz/herpetofauna/native/sphenodon-punctatus,true
SRC_R24_B01_045,Madagascar Giant Day Gecko,Sacramento Zoo,Sacramento Zoological Society,https://www.saczoo.org/madagascar-giant-day-gecko,true
SRC_R24_B01_046,"El Mirador, the Lost City of the Maya",Smithsonian Magazine,Smithsonian Institution,https://www.smithsonianmag.com/history/el-mirador-the-lost-city-of-the-maya-1741461/,true
SRC_R24_B01_047,"Who Were the Taino, the Original Inhabitants of Columbus Island Colonies?",Smithsonian Magazine,Smithsonian Institution,https://www.smithsonianmag.com/history/who-were-taino-original-inhabitants-columbus-island-73824867/,true
SRC_R24_B01_048,Slow worm (Anguis fragilis),Woodland Trust,Woodland Trust,https://www.woodlandtrust.org.uk/trees-woods-and-wildlife/animals/reptiles-and-amphibians/slow-worm/,true
SRC_R24_B01_049,Heloderma suspectum,University of Texas at Austin,Digital Morphology,https://www2.geo.utexas.edu/specimens/Heloderma_suspectum/adult/,true
SRC_R25_B01_001,Acrochordus javanicus,University of Michigan Museum of Zoology,Animal Diversity Web,https://animaldiversity.org/accounts/Acrochordus_javanicus/,true
SRC_R25_B01_002,Alpheus heterochaelis (bigclaw snapping shrimp),"Animal Diversity Web, University of Michigan",University of Michigan Museum of Zoology,https://animaldiversity.org/accounts/Alpheus_heterochaelis/,true
SRC_R25_B01_003,Attacus atlas,"Animal Diversity Web, University of Michigan",University of Michigan Museum of Zoology,https://animaldiversity.org/accounts/Attacus_atlas/,true
SRC_R25_B01_004,Boa constrictor,"Animal Diversity Web, University of Michigan",University of Michigan Museum of Zoology,https://animaldiversity.org/accounts/Boa_constrictor/,true
SRC_R25_B01_005,Bothriechis schlegelii (Eyelash Viper),"Animal Diversity Web, University of Michigan",University of Michigan Museum of Zoology,https://animaldiversity.org/accounts/Bothriechis_schlegelii/,true
SRC_R25_B01_006,Corallus caninus (Emerald Tree Boa),"Animal Diversity Web, University of Michigan",University of Michigan Museum of Zoology,https://animaldiversity.org/accounts/Corallus_caninus/,true
SRC_R25_B01_007,Crotalus atrox (Western Diamond-backed Rattlesnake),"Animal Diversity Web, University of Michigan",University of Michigan Museum of Zoology,https://animaldiversity.org/accounts/Crotalus_atrox/,true
SRC_R25_B01_008,Dendroaspis polylepis (Black Mamba),"Animal Diversity Web, University of Michigan",University of Michigan Museum of Zoology,https://animaldiversity.org/accounts/Dendroaspis_polylepis/,true
SRC_R25_B01_009,Dynastes hercules,"Animal Diversity Web, University of Michigan",University of Michigan Museum of Zoology,https://animaldiversity.org/accounts/Dynastes_hercules/,true
SRC_R25_B01_010,Epicrates cenchria (Rainbow Boa),"Animal Diversity Web, University of Michigan",University of Michigan Museum of Zoology,https://animaldiversity.org/accounts/Epicrates_cenchria/,true
SRC_R25_B01_011,Eunectes murinus (Green Anaconda),"Animal Diversity Web, University of Michigan",University of Michigan Museum of Zoology,https://animaldiversity.org/accounts/Eunectes_murinus/,true
SRC_R25_B01_012,Gasteracantha cancriformis,"Animal Diversity Web, University of Michigan",University of Michigan Museum of Zoology,https://animaldiversity.org/accounts/Gasteracantha_cancriformis/,true
SRC_R25_B01_013,Gonodactylus smithii,"Animal Diversity Web, University of Michigan",University of Michigan Museum of Zoology,https://animaldiversity.org/accounts/Gonodactylus_smithii/,true
SRC_R25_B01_014,Gromphadorhina portentosa,"Animal Diversity Web, University of Michigan",University of Michigan Museum of Zoology,https://animaldiversity.org/accounts/Gromphadorhina_portentosa/,true
SRC_R25_B01_015,Homarus americanus,"Animal Diversity Web, University of Michigan",University of Michigan Museum of Zoology,https://animaldiversity.org/accounts/Homarus_americanus/,true
SRC_R25_B01_016,Lampropeltis getula common kingsnake,"Animal Diversity Web, University of Michigan",University of Michigan Museum of Zoology,https://animaldiversity.org/accounts/Lampropeltis_getula/,true
SRC_R25_B01_017,Leiurus quinquestriatus deathstalker,"Animal Diversity Web, University of Michigan",University of Michigan Museum of Zoology,https://animaldiversity.org/accounts/Leiurus_quinquestriatus/,true
SRC_R25_B01_018,Macrocheira kaempferi Japanese spider crab,"Animal Diversity Web, University of Michigan",University of Michigan Museum of Zoology,https://animaldiversity.org/accounts/Macrocheira_kaempferi/,true
SRC_R25_B01_019,"House Cricket, Acheta domesticus",University of Florida Institute of Food and Agricultural Sciences,University of Florida,https://ask.ifas.ufl.edu/publication/IN220,true
SRC_R25_B01_020,"Wheel Bug, Arilus cristatus",UF/IFAS Entomology and Nematology,University of Florida,https://ask.ifas.ufl.edu/publication/IN243,true
SRC_R25_B01_021,"Luna Moth, Actias luna",UF/IFAS Entomology and Nematology,University of Florida,https://ask.ifas.ufl.edu/publication/IN737,true
SRC_R25_B01_022,Specimen of the Week 194: The Deaths-Head Hawkmoth,"Grant Museum of Zoology, University College London",University College London,https://blogs.ucl.ac.uk/museums/2015/06/29/specimen-of-the-week-194-the-deaths-head-hawkmoth/,true
SRC_R25_B01_023,The Habitats of 17-Year Periodical Cicadas,Ecological Monographs,Ecological Society of America,https://esajournals.onlinelibrary.wiley.com/doi/10.2307/2937032,true
SRC_R25_B01_024,Associations between the hermit crab Dardanus pedunculatus and its commensal sea anemone,University of California field research program,UC eScholarship,https://escholarship.org/uc/item/0b72h9z2,true
SRC_R25_B01_025,"Pythons of Peninsular Malaysia: biology, trade and management",Department of Wildlife and National Parks Peninsular Malaysia,Government of Malaysia,https://files.wildlife.gov.my/wildlife-wp-media/2025/09/14175642/Pythons.pdf,true
SRC_R25_B01_026,Apis mellifera,i5k Workspace at NAL,USDA National Agricultural Library,https://i5k.nal.usda.gov/apis-mellifera,true
SRC_R25_B01_027,Strike mechanics of an ambush predator: the spearing mantis shrimp,Journal of Experimental Biology,The Company of Biologists,https://journals.biologists.com/jeb/article/215/24/4374/11185/Strike-mechanics-of-an-ambush-predator-the,true
SRC_R25_B01_028,Rapid swimming and escape movements in the aquatic larvae and pupae of the phantom midge Chaoborus crystallinus,University of Cambridge research team,Journal of Experimental Biology,https://journals.biologists.com/jeb/article/217/14/2468/12119/Rapid-swimming-and-escape-movements-in-the-aquatic,true
SRC_R25_B01_029,Field Crickets,Missouri Department of Conservation,State of Missouri,https://mdc.mo.gov/discover-nature/field-guide/field-crickets,true
SRC_R25_B01_030,Biology of Hymenocera picta Dana,University of Guam,Micronesica,https://micronesica.org/sites/default/files/biology_of_hymenocera_picta_dana-micronesica_vol._9_no.2_dec._1973o.pdf,true
SRC_R25_B01_031,Green crab (Carcinus maenas) Species Profile,Nonindigenous Aquatic Species Program,U.S. Geological Survey,https://nas.er.usgs.gov/queries/factsheet.aspx?speciesid=190,true
SRC_R25_B01_032,Some observations on the spacing pattern of Anax imperator,Societas Internationalis Odonatologica,Odonatologica,https://natuurtijdschriften.nl/pub/591350,true
SRC_R25_B01_033,Aggregation behavior of Harmonia axyridis under non-wintering conditions,University of Liege,Insect Science,https://orbi.uliege.be/handle/2268/178694,true
SRC_R25_B01_034,Habitat-suitability models of the European mole cricket,European entomology research collaboration,Biodiversity Data Journal,https://pmc.ncbi.nlm.nih.gov/articles/PMC10147984/,true
SRC_R25_B01_035,Environmental variables driving horseshoe crab spawning behavior in a microtidal lagoon in Florida,Frontiers in Marine Science,Frontiers Media,https://pmc.ncbi.nlm.nih.gov/articles/PMC11168619/,true
SRC_R25_B01_036,Neuropeptides specify and reprogram division of labor in the leafcutter ant Atta cephalotes,Rockefeller University and collaborators,Nature Communications,https://pmc.ncbi.nlm.nih.gov/articles/PMC11581030/,true
SRC_R25_B01_037,"Daily activity rhythms, sleep, and pregnancy are fundamentally related in the Pacific beetle mimic cockroach",University of Cincinnati and collaborators,Journal of Experimental Biology,https://pmc.ncbi.nlm.nih.gov/articles/PMC11888445/,true
SRC_R25_B01_038,Molecular basis of the explosive defence response in the bombardier beetle Brachinus crepitans,Max Planck Institute and Justus Liebig University,Royal Society Open Science,https://pmc.ncbi.nlm.nih.gov/articles/PMC12092131/,true
SRC_R25_B01_039,"Pattern discrimination in a hawkmoth: innate preferences, learning performance and ecology",Proceedings of the Royal Society B,The Royal Society,https://pmc.ncbi.nlm.nih.gov/articles/PMC1691201/,true
SRC_R25_B01_040,Composite structure of silken threads and a proteinaceous hydrogel which form the diving bell wall,University of Bonn research team,SpringerPlus,https://pmc.ncbi.nlm.nih.gov/articles/PMC3667359/,true
SRC_R25_B01_041,"Biparental Care in Insects: Paternal Care, Life History, and the Function of the Nest",Annual Review synthesis hosted by PubMed Central,Oxford University Press,https://pmc.ncbi.nlm.nih.gov/articles/PMC4014040/,true
SRC_R25_B01_042,On the function of the ultimate legs of some Scolopendridae,Natural History Museum of Denmark and collaborators,ZooKeys,https://pmc.ncbi.nlm.nih.gov/articles/PMC4523778/,true
SRC_R25_B01_043,An ambusher's arsenal: chemical crypsis in the puff adder,University of the Witwatersrand and collaborators,Proceedings of the Royal Society B,https://pmc.ncbi.nlm.nih.gov/articles/PMC4707760/,true
SRC_R25_B01_044,A revision of dragon millipedes I: genus Desmoxytes,Chulalongkorn University and collaborators,ZooKeys,https://pmc.ncbi.nlm.nih.gov/articles/PMC5988806/,true
SRC_R25_B01_045,The behavior of adult Drosophila in the wild,University of Chile research team,PLoS ONE,https://pmc.ncbi.nlm.nih.gov/articles/PMC6312304/,true
SRC_R25_B01_046,Evolutionary history of burrowing asps with emphasis on fang evolution and prey selection,University of Texas at Arlington and collaborators,PLOS ONE,https://pmc.ncbi.nlm.nih.gov/articles/PMC6469773/,true
SRC_R25_B01_047,Sociality emerges from solitary behaviours and reproductive plasticity in the orchid bee Euglossa dilemma,University of Florida and collaborators,Proceedings of the Royal Society B,https://pmc.ncbi.nlm.nih.gov/articles/PMC6650703/,true
SRC_R25_B01_048,The cleaner shrimp Lysmata amboinensis adjusts its behaviour towards predatory versus non-predatory clients,Biology Letters,The Royal Society,https://pmc.ncbi.nlm.nih.gov/articles/PMC6769148/,true
SRC_R25_B01_049,Reproduction under light pollution: maladaptive response to spatial variation in artificial light in a glow-worm,Proceedings of the Royal Society B,The Royal Society,https://pmc.ncbi.nlm.nih.gov/articles/PMC7423653/,true
SRC_R25_B01_050,Water Is Needed to Exist: Habitat Preferences of Tiger Beetles in a Desert Country,University of Lodz and collaborators,Insects,https://pmc.ncbi.nlm.nih.gov/articles/PMC7698536/,true
SRC_R25_B01_051,Male mate-searching behaviour and female polymorphism in the damselfly Ischnura elegans,Scientific Reports,Nature Portfolio,https://pmc.ncbi.nlm.nih.gov/articles/PMC8093675/,true
SRC_R25_B01_052,Mistaken identity may explain why male sea snakes attack scuba divers,Macquarie University research team,Scientific Reports,https://pmc.ncbi.nlm.nih.gov/articles/PMC8376876/,true
SRC_R25_B01_053,Molecular underpinnings of division of labour among workers in a socially complex termite,Scientific Reports,Nature Portfolio,https://pmc.ncbi.nlm.nih.gov/articles/PMC8440649/,true
SRC_R25_B01_054,Fijian sea krait behavior relates to fine-scale environmental heterogeneity in old-growth coastal forest,Ecology and Evolution,Wiley,https://pmc.ncbi.nlm.nih.gov/articles/PMC9022443/,true
SRC_R25_B01_055,Bumblebees acquire alternative puzzle-box solutions via social learning,Queen Mary University of London,PLOS Biology,https://pmc.ncbi.nlm.nih.gov/articles/PMC9990933/,true
SRC_R25_B01_056,Population Dynamics and Seasonal Patterns of Chironomus plumosus in Shallow Lake Trasimeno,University of Perugia research team,Sustainability,https://portaledisinfestazione.org/wp-content/uploads/2024/11/sustainability-15-00851-chironomidi-2023.pdf,true
SRC_R25_B01_057,Getting the Most Out of Your Zombie,Vanderbilt University Department of Biological Sciences,"Brain, Behavior and Evolution",https://pubmed.ncbi.nlm.nih.gov/33130680/,true
SRC_R25_B01_058,On the ecology of Coenobita clypeatus in Curacao,Naturalis Biodiversity Center,Studies on the Fauna of Curacao,https://repository.naturalis.nl/pub/506107,true
SRC_R25_B01_059,On a collection of orthopteroid insects from Java,Smithsonian Institution,Proceedings of the United States National Museum,https://repository.si.edu/bitstreams/e7408ef8-13d2-41b7-af76-ef4cb0625906/download,true
SRC_R25_B01_060,Movements and activity patterns of Arafura filesnakes in tropical Australia,Macquarie University,Herpetologica,https://researchers.mq.edu.au/en/publications/movements-and-activity-patterns-of-arafura-filesnakes-serpentes-a/,true
SRC_R25_B01_061,Spatial dynamics and breeding ecology in the cicada Cystosoma saundersii,University of Canberra,Journal of Animal Ecology,https://researchprofiles.canberra.edu.au/en/publications/spatial-dynamics-and-breeding-ecology-in-the-cicada-cystosoma-sau/,true
SRC_R25_B01_062,Trapdoor spider burrows and ichnological implications,Jagiellonian University research collaboration,Rendiconti Lincei,https://ruj.uj.edu.pl/bitstreams/88b5a5c6-580c-4ce9-92f8-2c6be61239a6/download,true
SRC_R25_B01_063,Behavioral activities of the giant water bug Lethocerus indicus,VNUHCM Journal of Science and Technology Development,Vietnam National University Ho Chi Minh City,https://std.vnuhcmjournal.com.vn/index.php/std/article/view/3994,true
SRC_R25_B01_064,"The giant African millipede, Archispirostreptus gigas, a model species for ecophysiological studies","Institute of Soil Biology, Czech Academy of Sciences",Acta Societatis Zoologicae Bohemicae,https://www.aszb.cz/77-145/77-145.pdf,true
SRC_R25_B01_065,Life Cycle of Aedes Mosquitoes,National Center for Emerging and Zoonotic Infectious Diseases,Centers for Disease Control and Prevention,https://www.cdc.gov/mosquitoes/about/life-cycle-of-aedes-mosquitoes.html,true
SRC_R25_B01_066,Farming freshwater prawns: a manual for the culture of the giant river prawn,Food and Agriculture Organization of the United Nations,FAO,https://www.fao.org/4/y4100e/y4100e11a.htm,true
SRC_R25_B01_067,"Spatiotemporal structure of foraging and path integration errors by fiddler crabs, Leptuca pugilator",Frontiers in Marine Science,Frontiers Media,https://www.frontiersin.org/journals/marine-science/articles/10.3389/fmars.2024.1406753/full,true
SRC_R25_B01_068,Monarch (Danaus plexippus),U.S. Fish and Wildlife Service,U.S. Fish and Wildlife Service,https://www.fws.gov/species/monarch-danaus-plexippus,true
SRC_R25_B01_069,Pollinator Deception in the Orchid Mantis,The American Naturalist,University of Chicago Press,https://www.journals.uchicago.edu/doi/full/10.1086/673858,true
SRC_R25_B01_070,Family Glomeridae: Glomeris marginata,Cornell University natural history authors,Princeton University Press,https://www.jstor.org/stable/j.ctv1dp0twf.14,true
SRC_R25_B01_071,Tracking migration of the common green darner Anax junius,"Movebank, Max Planck Institute of Animal Behavior",Movebank Data Repository,"https://www.movebank.org/cms/webapp?gwt_fragment=page=studies,path=study291969256",true
SRC_R25_B01_072,The role of random nanostructures for the omnidirectional anti-reflection properties of the glasswing butterfly,Karlsruhe Institute of Technology,Nature Communications,https://www.nature.com/articles/ncomms7909,true
SRC_R25_B01_073,Golden King Crab Species Profile,Alaska Department of Fish and Game,State of Alaska,https://www.newsrelease.adfg.alaska.gov/index.cfm?adfg=goldenkingcrab.printerfriendly,true
SRC_R25_B01_074,Brahminy Blind Snake,National Parks Board Singapore,Government of Singapore,https://www.nparks.gov.sg/florafaunaweb/fauna/8/1/811,true
SRC_R25_B01_075,Arizona Bark Scorpion,National Park Service,U.S. National Park Service,https://www.nps.gov/articles/bark-scorpion.htm,true
SRC_R25_B01_076,Why does the only planktonic tetrapod dive?,James Cook University and collaborators,Animal Behaviour,https://www.sciencedirect.com/science/article/abs/pii/S0003347214003637,true
SRC_R25_B01_077,Habitat use patterns by the seven-spotted lady beetle,Michigan State University,Biological Control,https://www.sciencedirect.com/science/article/pii/104996449290040K,true
SRC_R25_B01_078,How a few help all: living pothole plugs speed prey delivery in the army ant Eciton burchellii,University of Bristol,Animal Behaviour,https://www.sciencedirect.com/science/article/pii/S0003347207000887,true
SRC_R25_B01_079,Consistent behavioural differences between migratory and resident hoverflies,University of Exeter research team,Animal Behaviour,https://www.sciencedirect.com/science/article/pii/S0003347217300878,true
SRC_R25_B01_080,"A review of the biology and ecology of the Robber Crab, Birgus latro",Crustacean ecology research collaboration,Zoologischer Anzeiger,https://www.sciencedirect.com/science/article/pii/S0044523110000094,true
SRC_R25_B02_001,Micrurus fulvius eastern coral snake,"Animal Diversity Web, University of Michigan",University of Michigan Museum of Zoology,https://animaldiversity.org/accounts/Micrurus_fulvius/,true
SRC_R25_B02_002,Morelia viridis green tree python,"Animal Diversity Web, University of Michigan",University of Michigan Museum of Zoology,https://animaldiversity.org/accounts/Morelia_viridis/,true
SRC_R25_B02_003,Naja naja Indian cobra,Animal Diversity Web,University of Michigan Museum of Zoology,https://animaldiversity.org/accounts/Naja_naja/,true
SRC_R25_B02_004,Odontodactylus scyllarus peacock mantis shrimp,Animal Diversity Web,University of Michigan Museum of Zoology,https://animaldiversity.org/accounts/Odontodactylus_scyllarus/,true
SRC_R25_B02_005,Pandinus imperator emperor scorpion,Animal Diversity Web,University of Michigan Museum of Zoology,https://animaldiversity.org/accounts/Pandinus_imperator/,true
SRC_R25_B02_006,Panulirus argus Caribbean spiny lobster,Animal Diversity Web,University of Michigan Museum of Zoology,https://animaldiversity.org/accounts/Panulirus_argus/,true
SRC_R25_B02_007,Papilio glaucus eastern tiger swallowtail,Animal Diversity Web,University of Michigan Museum of Zoology,https://animaldiversity.org/accounts/Papilio_glaucus/,true
SRC_R25_B02_008,Scutigera coleoptrata,Animal Diversity Web,University of Michigan Museum of Zoology,https://animaldiversity.org/accounts/Scutigera_coleoptrata/,true
SRC_R25_B02_009,Thamnophis sirtalis (Common Garter Snake),Animal Diversity Web,University of Michigan Museum of Zoology,https://animaldiversity.org/accounts/Thamnophis_sirtalis/,true
SRC_R25_B02_010,Vespa mandarinia,Animal Diversity Web,University of Michigan Museum of Zoology,https://animaldiversity.org/accounts/Vespa_mandarinia/,true
SRC_R25_B02_011,Colour change and habitat preferences in Mantis religiosa,Bulletin of Insectology,University of Bologna,https://archive.bulletinofinsectology.org/pdfarticles/vol63-2010-085-089battiston.pdf,true
SRC_R25_B02_012,"Eastern Lubber Grasshopper, Romalea microptera",UF/IFAS Extension,University of Florida,https://ask.ifas.ufl.edu/publication/IN132,true
SRC_R25_B02_013,"Thorn Bug, Umbonia crassicornis",UF/IFAS Extension,University of Florida,https://ask.ifas.ufl.edu/publication/IN332,true
SRC_R25_B02_014,"Golden Silk Spider, Trichonephila clavipes",UF/IFAS Extension,University of Florida,https://ask.ifas.ufl.edu/publication/IN467,true
SRC_R25_B02_015,Fringed Jumping Spider,Australian Museum,Australian Museum,https://australian.museum/learn/animals/spiders/fringed-jumping-spider/,true
SRC_R25_B02_016,Tarantulas - the truth behind their evil image,Australian Museum,Australian Museum,https://australian.museum/learn/animals/spiders/tarantulas-the-truth-behind-their-evil-image/,true
SRC_R25_B02_017,The Complexities of Wolf Spider Communication: Exploring Courtship Signal Function in Rabidosa rabida,University of Nebraska-Lincoln,University of Nebraska-Lincoln,https://digitalcommons.unl.edu/bioscidiss/31/,true
SRC_R25_B02_018,"Wild Burmese python nest site selection, thermogenesis, and brooding behaviors in the Greater Everglades Ecosystem",Ecosphere,Ecological Society of America,https://esajournals.onlinelibrary.wiley.com/doi/10.1002/ecs2.70271,true
SRC_R25_B02_019,Photuris versicolor,NatureServe Explorer,NatureServe,https://explorer.natureserve.org/Taxon/ELEMENT_GLOBAL.2.1147028/Photuris_versicolor,true
SRC_R25_B02_020,Cicadas: Dog-Day Cicadas,Illinois Extension,University of Illinois Urbana-Champaign,https://extension.illinois.edu/insects/cicadas,true
SRC_R25_B02_021,Ichneumonid wasp,University of Minnesota Extension,University of Minnesota,https://extension.umn.edu/yard-and-garden-insects/ichneumonid-wasp,true
SRC_R25_B02_022,Free to Be a Slave: Slavery as Metaphor in the Afro-Atlantic Religions,Journal of Religion in Africa,Brill,https://fds.duke.edu/db/attachment/1149,true
SRC_R25_B02_023,Katydids,Wisconsin Horticulture Extension,University of Wisconsin-Madison,https://hort.extension.wisc.edu/articles/katydids/,true
SRC_R25_B02_024,Megachile rotundata,National Agricultural Library,United States Department of Agriculture,https://i5k.nal.usda.gov/megachile-rotundata,true
SRC_R25_B02_025,Burmese Python (Python bivittatus) - Species Profile,U.S. Geological Survey,U.S. Geological Survey,https://nas.er.usgs.gov/queries/FactSheet.aspx?speciesID=2552,true
SRC_R25_B02_026,Red Swamp Crayfish (Procambarus clarkii) - Species Profile,U.S. Geological Survey,U.S. Geological Survey,https://nas.er.usgs.gov/queries/factsheet.aspx?speciesid=217,true
SRC_R25_B02_027,You are what you eat: ecological niche and microhabitat influence venom activity and composition in aquatic bugs,Proceedings of the Royal Society B,The Royal Society,https://pmc.ncbi.nlm.nih.gov/articles/PMC10031423/,true
SRC_R25_B02_028,Impacts of warmer temperatures on secondary seed dispersal by Phanaeus vindex dung beetles,Ecological Entomology,Wiley,https://pmc.ncbi.nlm.nih.gov/articles/PMC13050096/,true
SRC_R25_B02_029,Multifunctionality and mechanical origins: Ballistic jaw propulsion in trap-jaw ants,Proceedings of the National Academy of Sciences,National Academy of Sciences,https://pmc.ncbi.nlm.nih.gov/articles/PMC1568925/,true
SRC_R25_B02_030,Fog-basking behaviour and water collection efficiency in Namib Desert Darkling beetles,Frontiers in Zoology,BioMed Central,https://pmc.ncbi.nlm.nih.gov/articles/PMC2918599/,true
SRC_R25_B02_031,"Multi-Modal Courtship in the Peacock Spider, Maratus volans",PLoS ONE,Public Library of Science,https://pmc.ncbi.nlm.nih.gov/articles/PMC3181266/,true
SRC_R25_B02_032,Factors Affecting Infestation by Triatoma infestans in a Rural Area of the Humid Chaco in Argentina,PLOS Neglected Tropical Diseases,Public Library of Science,https://pmc.ncbi.nlm.nih.gov/articles/PMC3196485/,true
SRC_R25_B02_033,"The Effects of Sex-Ratio and Density on Locomotor Activity in the House Fly, Musca domestica",Journal of Insect Science,Oxford University Press,https://pmc.ncbi.nlm.nih.gov/articles/PMC3481554/,true
SRC_R25_B02_034,"A quantification of predation rates, indirect positive effects on plants, and foraging variation of the giant tropical ant, Paraponera clavata",Journal of Insect Science,Oxford University Press,https://pmc.ncbi.nlm.nih.gov/articles/PMC355916/,true
SRC_R25_B02_035,Novel Insights into the Ontogeny of Nestmate Recognition in Polistes Social Wasps,PLOS ONE,Public Library of Science,https://pmc.ncbi.nlm.nih.gov/articles/PMC4013106/,true
SRC_R25_B02_036,Nesting ecology and cuticular microbial loads in dampwood and drywood termites,Naturwissenschaften,Springer,https://pmc.ncbi.nlm.nih.gov/articles/PMC524670/,true
SRC_R25_B02_037,"Aggregation Site Choice by Gregarious Nymphs of the Desert Locust, Schistocerca gregaria, in the Sahara Desert of Mauritania",Insects,MDPI,https://pmc.ncbi.nlm.nih.gov/articles/PMC6165013/,true
SRC_R25_B02_038,Firefly genomes illuminate parallel origins of bioluminescence in beetles,eLife,eLife Sciences Publications,https://pmc.ncbi.nlm.nih.gov/articles/PMC6191289/,true
SRC_R25_B02_039,"The role of personality variation, plasticity and social facilitation in cockroach aggregation",Royal Society Open Science,The Royal Society,https://pmc.ncbi.nlm.nih.gov/articles/PMC6310888/,true
SRC_R25_B02_040,Local habitat conditions shaping the assemblages of vespid wasps in a post-agricultural landscape,Scientific Reports,Nature Portfolio,https://pmc.ncbi.nlm.nih.gov/articles/PMC6989692/,true
SRC_R25_B02_041,Who goes there? Social surveillance as a response to intergroup conflict in a primitive termite,Proceedings of the Royal Society B,The Royal Society,https://pmc.ncbi.nlm.nih.gov/articles/PMC7423038/,true
SRC_R25_B02_042,Convergent morphology and divergent phenology promote the coexistence of Morpho butterfly species,Communications Biology,Nature Portfolio,https://pmc.ncbi.nlm.nih.gov/articles/PMC8668891/,true
SRC_R25_B02_043,An experimental test of Lanchester's models of combat in the neotropical termite Nasutitermes corniger,Royal Society Open Science,The Royal Society,https://pmc.ncbi.nlm.nih.gov/articles/PMC9114941/,true
SRC_R25_B02_044,Aggressive mimicry in photuris fireflies: signal repertoires by femmes fatales,PubMed,U.S. National Library of Medicine,https://pubmed.ncbi.nlm.nih.gov/17835312/,true
SRC_R25_B02_045,"Ecology of a bolas spider, Mastophora hutchinsoni: phenology, hunting tactics, and evidence for aggressive chemical mimicry",Oecologia,Springer,https://pubmed.ncbi.nlm.nih.gov/28311758/,true
SRC_R25_B02_046,Energy and time optimal trajectories in exploratory jumps of the spider Phidippus regius,Scientific Reports,Nature Portfolio,https://pubmed.ncbi.nlm.nih.gov/29739977/,true
SRC_R25_B02_047,"Laboratory observations of aggregative behavior of garter snakes, Thamnophis sirtalis",Journal of Comparative and Physiological Psychology,American Psychological Association,https://pubmed.ncbi.nlm.nih.gov/7153391/,true
SRC_R25_B02_048,Eastern Ratsnakes and the Department of Defense,Department of Defense Partners in Amphibian and Reptile Conservation,United States Department of Defense,https://www.denix.osd.mil/dodparc/parc-resources/education-and-outreach/eastern-ratsnake-fact-sheet,true
SRC_R25_B02_049,Does one size suit all? Dung pad size and ball production by Scarabaeus sacer,European Journal of Entomology,"Institute of Entomology, Biology Centre CAS",https://www.eje.cz/artkey/eje-201601-0008_Does_one_size_suit_all_Dung_pad_size_and_ball_production_by_Scarabaeus_sacer_Coleoptera_Scarabaeidae_Scarab.php,true
SRC_R25_B02_050,Red King Crab,NOAA Fisheries,National Oceanic and Atmospheric Administration,https://www.fisheries.noaa.gov/species/red-king-crab,true
SRC_R25_B02_051,"The Burden within: The Energy Cost of Load Carriage in the Honeypot Ant, Myrmecocystus",Physiological Zoology,University of Chicago Press,https://www.journals.uchicago.edu/doi/10.1086/physzool.67.1.30163842,true
SRC_R25_B02_052,Monitoring spawning activity of the tri-spine horseshoe crab Tachypleus tridentatus using environmental DNA,Plankton and Benthos Research,The Plankton Society of Japan and Japanese Association of Benthology,https://www.jstage.jst.go.jp/article/pbr/17/2/17_B170204/_pdf,true
SRC_R25_B02_053,Male eyespan size is associated with meiotic drive in wild stalk-eyed flies (Teleopsis dalmanni),Heredity,Springer Nature,https://www.nature.com/articles/hdy2013131,true
SRC_R25_B02_054,"Predation by giant centipedes, Scolopendra gigantea, on three species of bats in a Venezuelan cave",Caribbean Journal of Science,University of Puerto Rico,https://www.researchgate.net/publication/228372837_Predation_by_giant_centipedes_Scolopendra_gigantea_on_three_species_of_bats_in_a_Venezuelan_cave,true
SRC_R25_B02_055,Aggregation in the haematophagous bug Triatoma infestans: Chemical signals and temporal pattern,Journal of Insect Physiology,Elsevier,https://www.sciencedirect.com/science/article/abs/pii/002219109490071X,true
SRC_R25_B02_056,Collective signals in treehopper broods provide predator localization cues to the defending mother,Animal Behaviour,Elsevier,https://www.sciencedirect.com/science/article/pii/S0003347209002784,true
SRC_R25_B02_057,Araneophagic jumping spiders discriminate between detour routes that do and do not lead to prey,Animal Behaviour,Elsevier,https://www.sciencedirect.com/science/article/pii/S0003347296903723,true
SRC_R25_B02_058,"Shelter competition in juvenile red swamp crayfish: the influences of sex differences, relative size, and prior residence",Aquaculture,Elsevier,https://www.sciencedirect.com/science/article/pii/S0044848699001143,true
SRC_R25_B02_059,Environmental DNA effectively reveals spatial patterns of benthos in a nursery habitat of the highly endangered Tachypleus tridentatus,Journal of Environmental Management,Elsevier,https://www.sciencedirect.com/science/article/pii/S0301479725023527,true
SRC_R25_B02_060,Danzas macabras,Base de Datos Digital de Iconografia Medieval,Universidad Complutense de Madrid,https://www.ucm.es/bdiconografiamedieval/danzas-macabras,true
SRC_R25_B02_061,Melanoplus femurrubrum red-legged grasshopper,"Department of Entomology, University of Wyoming",University of Wyoming,https://www.uwyo.edu/entomology/grasshoppers/colorado/fact-sheets/melanoplus-femurrubrum.html,true
