researchUnitId,unitType,populationKind,initialRegion,groupIds,breedIds,personalityId,terrainBroad,terrainSpecific,status,evidenceRefs,inheritedBreedCount,inheritedBreedIds
CLT_ABORIGINAL_AUSTRALIAN,HUMAN_CULTURE,HUMAN,R22,H03,BRD_HUMAN_ABORIGINAL_AUSTRALIAN_ABORIGINAL_AUSTRALIAN | BRD_HUMAN_ABORIGINAL_AUSTRALIAN_YOLNGU,BOUNDARIES_DOMAIN_BOUND_CONFLICT,GENERALIST,GENERALIST,SIMULATION_READY,EVD_JRN_R22_B01_CLT_ABORIGINAL_AUSTRALIAN_PERSONALITY_ID_001 | EVD_JRN_R22_B01_CLT_ABORIGINAL_AUSTRALIAN_TERRAIN_BROAD_001 | EVD_JRN_R22_B01_CLT_ABORIGINAL_AUSTRALIAN_TERRAIN_SPECIFIC_001,2,BRD_HUMAN_ABORIGINAL_AUSTRALIAN_ABORIGINAL_AUSTRALIAN | BRD_HUMAN_ABORIGINAL_AUSTRALIAN_YOLNGU
CLT_AFRICAN_AMERICAN,HUMAN_CULTURE,HUMAN,R17,H23,BRD_HUMAN_AFRICAN_AMERICAN_AFRICAN_AMERICAN | BRD_HUMAN_AFRICAN_AMERICAN_AMERICO_LIBERIAN,COLLECTIVE_MEMORY_LIVING_MEMORIAL_CONFLICT,BUILT_ENVIRONMENT | GRASSLAND | FOREST | COASTAL,CITY | VILLAGE | FARMLAND | FOREST_EDGE | COASTAL_CLIFF,SIMULATION_READY,EVD_JRN_R17_B01_CLT_AFRICAN_AMERICAN_PERSONALITY_ID_001 | EVD_JRN_R17_B01_CLT_AFRICAN_AMERICAN_TERRAIN_BROAD_001 | EVD_JRN_R17_B01_CLT_AFRICAN_AMERICAN_TERRAIN_SPECIFIC_001,2,BRD_HUMAN_AFRICAN_AMERICAN_AFRICAN_AMERICAN | BRD_HUMAN_AFRICAN_AMERICAN_AMERICO_LIBERIAN
CLT_AFRIKANER,HUMAN_CULTURE,HUMAN,R18,H22,BRD_HUMAN_AFRIKANER_AFRIKANER,COLLECTIVE_MEMORY_LIVING_MEMORIAL_CONFLICT,GRASSLAND | DESERT | MOUNTAIN | COASTAL | BUILT_ENVIRONMENT,FARMLAND | PRAIRIE | SCRUBLAND | PLATEAU | COASTAL_CLIFF | CITY | VILLAGE,SIMULATION_READY,EVD_JRN_R18_B01_CLT_AFRIKANER_PERSONALITY_ID_001 | EVD_JRN_R18_B01_CLT_AFRIKANER_TERRAIN_BROAD_001 | EVD_JRN_R18_B01_CLT_AFRIKANER_TERRAIN_SPECIFIC_001,1,BRD_HUMAN_AFRIKANER_AFRIKANER
CLT_AFRO_LATIN_AMERICAN_AFRO_BAHIAN,HUMAN_CULTURE,HUMAN,R17,H23,BRD_HUMAN_AFRO_LATIN_AMERICAN_AFRO_BAHIAN_AFRO_BAHIAN | BRD_HUMAN_AFRO_LATIN_AMERICAN_AFRO_BAHIAN_AFRO_COLOMBIAN | BRD_HUMAN_AFRO_LATIN_AMERICAN_AFRO_BAHIAN_AFRO_COSTA_RICAN | BRD_HUMAN_AFRO_LATIN_AMERICAN_AFRO_BAHIAN_AFRO_CUBAN | BRD_HUMAN_AFRO_LATIN_AMERICAN_AFRO_BAHIAN_AFRO_DOMINICAN | BRD_HUMAN_AFRO_LATIN_AMERICAN_AFRO_BAHIAN_AFRO_ECUADORIAN | BRD_HUMAN_AFRO_LATIN_AMERICAN_AFRO_BAHIAN_AFRO_PANAMANIAN | BRD_HUMAN_AFRO_LATIN_AMERICAN_AFRO_BAHIAN_AFRO_PUERTO_RICAN | BRD_HUMAN_AFRO_LATIN_AMERICAN_AFRO_BAHIAN_AFRO_TRINIDADIAN | BRD_HUMAN_AFRO_LATIN_AMERICAN_AFRO_BAHIAN_AFRO_URUGUAYAN | BRD_HUMAN_AFRO_LATIN_AMERICAN_AFRO_BAHIAN_AFRO_VENEZUELAN,POWER_COLONIAL_POWER_WOUND,COASTAL | OCEAN | BUILT_ENVIRONMENT,COASTAL_CLIFF | CITY,SIMULATION_READY,EVD_JRN_R17_B01_CLT_AFRO_LATIN_AMERICAN_AFRO_BAHIAN_PERSONALITY_ID_001 | EVD_JRN_R17_B01_CLT_AFRO_LATIN_AMERICAN_AFRO_BAHIAN_TERRAIN_BROAD_001 | EVD_JRN_R17_B01_CLT_AFRO_LATIN_AMERICAN_AFRO_BAHIAN_TERRAIN_SPECIFIC_001,11,BRD_HUMAN_AFRO_LATIN_AMERICAN_AFRO_BAHIAN_AFRO_BAHIAN | BRD_HUMAN_AFRO_LATIN_AMERICAN_AFRO_BAHIAN_AFRO_COLOMBIAN | BRD_HUMAN_AFRO_LATIN_AMERICAN_AFRO_BAHIAN_AFRO_COSTA_RICAN | BRD_HUMAN_AFRO_LATIN_AMERICAN_AFRO_BAHIAN_AFRO_CUBAN | BRD_HUMAN_AFRO_LATIN_AMERICAN_AFRO_BAHIAN_AFRO_DOMINICAN | BRD_HUMAN_AFRO_LATIN_AMERICAN_AFRO_BAHIAN_AFRO_ECUADORIAN | BRD_HUMAN_AFRO_LATIN_AMERICAN_AFRO_BAHIAN_AFRO_PANAMANIAN | BRD_HUMAN_AFRO_LATIN_AMERICAN_AFRO_BAHIAN_AFRO_PUERTO_RICAN | BRD_HUMAN_AFRO_LATIN_AMERICAN_AFRO_BAHIAN_AFRO_TRINIDADIAN | BRD_HUMAN_AFRO_LATIN_AMERICAN_AFRO_BAHIAN_AFRO_URUGUAYAN | BRD_HUMAN_AFRO_LATIN_AMERICAN_AFRO_BAHIAN_AFRO_VENEZUELAN
CLT_AINU,HUMAN_CULTURE,HUMAN,R08,H09,BRD_HUMAN_AINU_AINU,LAND_REMOVAL_WOUND,COASTAL | FOREST | MOUNTAIN,ISLAND | WOODLAND | ALPINE,SIMULATION_READY,EVD_JRN_R08_B01_CLT_AINU_PERSONALITY_ID_001 | EVD_JRN_R08_B01_CLT_AINU_TERRAIN_BROAD_001 | EVD_JRN_R08_B01_CLT_AINU_TERRAIN_SPECIFIC_001,1,BRD_HUMAN_AINU_AINU
CLT_ALBANIAN,HUMAN_CULTURE,HUMAN,R11,H01,BRD_HUMAN_ALBANIAN_ALBANIAN,COLLECTIVE_MEMORY_TECHNIQUE_TRADITION,BUILT_ENVIRONMENT,CITY | VILLAGE,SIMULATION_READY,EVD_JRN_R11_B01_CLT_ALBANIAN_PERSONALITY_ID_001 | EVD_JRN_R11_B01_CLT_ALBANIAN_TERRAIN_BROAD_001 | EVD_JRN_R11_B01_CLT_ALBANIAN_TERRAIN_SPECIFIC_001,1,BRD_HUMAN_ALBANIAN_ALBANIAN
CLT_AMAZIGH_BERBER,HUMAN_CULTURE,HUMAN,R11,H17,BRD_HUMAN_AMAZIGH_BERBER_AMAZIGH | BRD_HUMAN_AMAZIGH_BERBER_AMAZIGH_BERBER | BRD_HUMAN_AMAZIGH_BERBER_AMAZIGH_TUAREG | BRD_HUMAN_AMAZIGH_BERBER_TUAREG,COLLECTIVE_MEMORY_TECHNIQUE_TRADITION,MOUNTAIN | FOREST | GRASSLAND | FRESHWATER,ALPINE | WOODLAND | STEPPE | LAKE,SIMULATION_READY,EVD_JRN_R11_B01_CLT_AMAZIGH_BERBER_PERSONALITY_ID_001 | EVD_JRN_R11_B01_CLT_AMAZIGH_BERBER_TERRAIN_BROAD_001 | EVD_JRN_R11_B01_CLT_AMAZIGH_BERBER_TERRAIN_SPECIFIC_001,4,BRD_HUMAN_AMAZIGH_BERBER_AMAZIGH | BRD_HUMAN_AMAZIGH_BERBER_AMAZIGH_BERBER | BRD_HUMAN_AMAZIGH_BERBER_AMAZIGH_TUAREG | BRD_HUMAN_AMAZIGH_BERBER_TUAREG
CLT_AMAZONIAN_INDIGENOUS_MARAJOARA_SHIPIBO,HUMAN_CULTURE,HUMAN,R23,H19,BRD_HUMAN_AMAZONIAN_INDIGENOUS_MARAJOARA_SHIPIBO_AMAZONIAN | BRD_HUMAN_AMAZONIAN_INDIGENOUS_MARAJOARA_SHIPIBO_AMAZONIAN_INDIGENOUS | BRD_HUMAN_AMAZONIAN_INDIGENOUS_MARAJOARA_SHIPIBO_INDIGENOUS | BRD_HUMAN_AMAZONIAN_INDIGENOUS_MARAJOARA_SHIPIBO_INDIGENOUS_SURINAMESE | BRD_HUMAN_AMAZONIAN_INDIGENOUS_MARAJOARA_SHIPIBO_MARAJOARA | BRD_HUMAN_AMAZONIAN_INDIGENOUS_MARAJOARA_SHIPIBO_SHIPIBO_KONIBO,LOYALTY_GROUP_ALLEGIANCE_EXPRESSION,FOREST | FRESHWATER | BUILT_ENVIRONMENT,RAIN_FOREST | RIVER | FLOODPLAIN | VILLAGE,SIMULATION_READY,EVD_JRN_R23_B01_CLT_AMAZONIAN_INDIGENOUS_MARAJOARA_SHIPIBO_PERSONALITY_ID_001 | EVD_JRN_R23_B01_CLT_AMAZONIAN_INDIGENOUS_MARAJOARA_SHIPIBO_TERRAIN_BROAD_001 | EVD_JRN_R23_B01_CLT_AMAZONIAN_INDIGENOUS_MARAJOARA_SHIPIBO_TERRAIN_SPECIFIC_001,6,BRD_HUMAN_AMAZONIAN_INDIGENOUS_MARAJOARA_SHIPIBO_AMAZONIAN | BRD_HUMAN_AMAZONIAN_INDIGENOUS_MARAJOARA_SHIPIBO_AMAZONIAN_INDIGENOUS | BRD_HUMAN_AMAZONIAN_INDIGENOUS_MARAJOARA_SHIPIBO_INDIGENOUS | BRD_HUMAN_AMAZONIAN_INDIGENOUS_MARAJOARA_SHIPIBO_INDIGENOUS_SURINAMESE | BRD_HUMAN_AMAZONIAN_INDIGENOUS_MARAJOARA_SHIPIBO_MARAJOARA | BRD_HUMAN_AMAZONIAN_INDIGENOUS_MARAJOARA_SHIPIBO_SHIPIBO_KONIBO
CLT_ANCIENT_LEVANTINE_NABATAEAN_PHOENICIAN,HUMAN_CULTURE,HUMAN,R13,H13,BRD_HUMAN_ANCIENT_LEVANTINE_NABATAEAN_PHOENICIAN_NABATAEAN | BRD_HUMAN_ANCIENT_LEVANTINE_NABATAEAN_PHOENICIAN_PHOENICIAN_CARTHAGINIAN | BRD_HUMAN_ANCIENT_LEVANTINE_NABATAEAN_PHOENICIAN_TUNISIAN_ARAB,STEWARDSHIP_LIVING_SYSTEM_CONFLICT,DESERT | MOUNTAIN | BUILT_ENVIRONMENT,CANYON | PLATEAU | CITY | HOT_DESERT,SIMULATION_READY,EVD_JRN_R13_B01_CLT_ANCIENT_LEVANTINE_NABATAEAN_PHOENICIAN_PERSONALITY_ID_001 | EVD_JRN_R13_B01_CLT_ANCIENT_LEVANTINE_NABATAEAN_PHOENICIAN_TERRAIN_BROAD_001 | EVD_JRN_R13_B01_CLT_ANCIENT_LEVANTINE_NABATAEAN_PHOENICIAN_TERRAIN_SPECIFIC_001,3,BRD_HUMAN_ANCIENT_LEVANTINE_NABATAEAN_PHOENICIAN_NABATAEAN | BRD_HUMAN_ANCIENT_LEVANTINE_NABATAEAN_PHOENICIAN_PHOENICIAN_CARTHAGINIAN | BRD_HUMAN_ANCIENT_LEVANTINE_NABATAEAN_PHOENICIAN_TUNISIAN_ARAB
CLT_ANGLOPHONE_ATLANTIC_CREOLE_MAROON,HUMAN_CULTURE,HUMAN,R18,H22,BRD_HUMAN_ANGLOPHONE_ATLANTIC_CREOLE_MAROON_AFRO_GUYANESE | BRD_HUMAN_ANGLOPHONE_ATLANTIC_CREOLE_MAROON_AFRO_VIRGIN_ISLANDER | BRD_HUMAN_ANGLOPHONE_ATLANTIC_CREOLE_MAROON_ANGUILLAN | BRD_HUMAN_ANGLOPHONE_ATLANTIC_CREOLE_MAROON_ANTIGUAN_BARBUDAN | BRD_HUMAN_ANGLOPHONE_ATLANTIC_CREOLE_MAROON_BAHAMIAN | BRD_HUMAN_ANGLOPHONE_ATLANTIC_CREOLE_MAROON_BAJAN | BRD_HUMAN_ANGLOPHONE_ATLANTIC_CREOLE_MAROON_BELIZEAN_KRIOL | BRD_HUMAN_ANGLOPHONE_ATLANTIC_CREOLE_MAROON_BERMUDIAN | BRD_HUMAN_ANGLOPHONE_ATLANTIC_CREOLE_MAROON_BVI_CREOLE | BRD_HUMAN_ANGLOPHONE_ATLANTIC_CREOLE_MAROON_CAYMANIAN | BRD_HUMAN_ANGLOPHONE_ATLANTIC_CREOLE_MAROON_GRENADIAN | BRD_HUMAN_ANGLOPHONE_ATLANTIC_CREOLE_MAROON_JAMAICAN | BRD_HUMAN_ANGLOPHONE_ATLANTIC_CREOLE_MAROON_JAMAICAN_MAROON | BRD_HUMAN_ANGLOPHONE_ATLANTIC_CREOLE_MAROON_KITTITIAN_NEVISIAN | BRD_HUMAN_ANGLOPHONE_ATLANTIC_CREOLE_MAROON_KRIO | BRD_HUMAN_ANGLOPHONE_ATLANTIC_CREOLE_MAROON_MAROON | BRD_HUMAN_ANGLOPHONE_ATLANTIC_CREOLE_MAROON_MONTSERRATIAN | BRD_HUMAN_ANGLOPHONE_ATLANTIC_CREOLE_MAROON_NICARAGUAN_CREOLE | BRD_HUMAN_ANGLOPHONE_ATLANTIC_CREOLE_MAROON_SABAN_STATIAN | BRD_HUMAN_ANGLOPHONE_ATLANTIC_CREOLE_MAROON_SINT_MAARTENER | BRD_HUMAN_ANGLOPHONE_ATLANTIC_CREOLE_MAROON_SURINAMESE_CREOLE | BRD_HUMAN_ANGLOPHONE_ATLANTIC_CREOLE_MAROON_TURKS_CAICOS | BRD_HUMAN_ANGLOPHONE_ATLANTIC_CREOLE_MAROON_VINCENTIAN,AUTONOMY_ENSLAVEMENT_WOUND,MOUNTAIN | FOREST | FRESHWATER | COASTAL,MONTANE_FOREST | CLOUD_FOREST | RAIN_FOREST | RIVER | COASTAL_CLIFF,SIMULATION_READY,EVD_JRN_R18_B01_CLT_ANGLOPHONE_ATLANTIC_CREOLE_MAROON_PERSONALITY_ID_001 | EVD_JRN_R18_B01_CLT_ANGLOPHONE_ATLANTIC_CREOLE_MAROON_TERRAIN_BROAD_001 | EVD_JRN_R18_B01_CLT_ANGLOPHONE_ATLANTIC_CREOLE_MAROON_TERRAIN_SPECIFIC_001,23,BRD_HUMAN_ANGLOPHONE_ATLANTIC_CREOLE_MAROON_AFRO_GUYANESE | BRD_HUMAN_ANGLOPHONE_ATLANTIC_CREOLE_MAROON_AFRO_VIRGIN_ISLANDER | BRD_HUMAN_ANGLOPHONE_ATLANTIC_CREOLE_MAROON_ANGUILLAN | BRD_HUMAN_ANGLOPHONE_ATLANTIC_CREOLE_MAROON_ANTIGUAN_BARBUDAN | BRD_HUMAN_ANGLOPHONE_ATLANTIC_CREOLE_MAROON_BAHAMIAN | BRD_HUMAN_ANGLOPHONE_ATLANTIC_CREOLE_MAROON_BAJAN | BRD_HUMAN_ANGLOPHONE_ATLANTIC_CREOLE_MAROON_BELIZEAN_KRIOL | BRD_HUMAN_ANGLOPHONE_ATLANTIC_CREOLE_MAROON_BERMUDIAN | BRD_HUMAN_ANGLOPHONE_ATLANTIC_CREOLE_MAROON_BVI_CREOLE | BRD_HUMAN_ANGLOPHONE_ATLANTIC_CREOLE_MAROON_CAYMANIAN | BRD_HUMAN_ANGLOPHONE_ATLANTIC_CREOLE_MAROON_GRENADIAN | BRD_HUMAN_ANGLOPHONE_ATLANTIC_CREOLE_MAROON_JAMAICAN | BRD_HUMAN_ANGLOPHONE_ATLANTIC_CREOLE_MAROON_JAMAICAN_MAROON | BRD_HUMAN_ANGLOPHONE_ATLANTIC_CREOLE_MAROON_KITTITIAN_NEVISIAN | BRD_HUMAN_ANGLOPHONE_ATLANTIC_CREOLE_MAROON_KRIO | BRD_HUMAN_ANGLOPHONE_ATLANTIC_CREOLE_MAROON_MAROON | BRD_HUMAN_ANGLOPHONE_ATLANTIC_CREOLE_MAROON_MONTSERRATIAN | BRD_HUMAN_ANGLOPHONE_ATLANTIC_CREOLE_MAROON_NICARAGUAN_CREOLE | BRD_HUMAN_ANGLOPHONE_ATLANTIC_CREOLE_MAROON_SABAN_STATIAN | BRD_HUMAN_ANGLOPHONE_ATLANTIC_CREOLE_MAROON_SINT_MAARTENER | BRD_HUMAN_ANGLOPHONE_ATLANTIC_CREOLE_MAROON_SURINAMESE_CREOLE | BRD_HUMAN_ANGLOPHONE_ATLANTIC_CREOLE_MAROON_TURKS_CAICOS | BRD_HUMAN_ANGLOPHONE_ATLANTIC_CREOLE_MAROON_VINCENTIAN
CLT_ANISHINAABE,HUMAN_CULTURE,HUMAN,R01,H02,BRD_HUMAN_ANISHINAABE_ANISHINAABE,LAND_REMOVAL_WOUND,FRESHWATER | COASTAL,LAKE | DUNES | ISLAND,SIMULATION_READY,EVD_JRN_R01_B02_CLT_ANISHINAABE_PERSONALITY_ID_001 | EVD_JRN_R01_B02_CLT_ANISHINAABE_TERRAIN_BROAD_001 | EVD_JRN_R01_B02_CLT_ANISHINAABE_TERRAIN_SPECIFIC_001,1,BRD_HUMAN_ANISHINAABE_ANISHINAABE
CLT_ARABIAN_PENINSULA_ARAB,HUMAN_CULTURE,HUMAN,R13,H13,BRD_HUMAN_ARABIAN_PENINSULA_ARAB_ARABIAN_BEDOUIN | BRD_HUMAN_ARABIAN_PENINSULA_ARAB_ASIRI | BRD_HUMAN_ARABIAN_PENINSULA_ARAB_BAHRANI_ARAB | BRD_HUMAN_ARABIAN_PENINSULA_ARAB_BEDOUIN | BRD_HUMAN_ARABIAN_PENINSULA_ARAB_DHOFARI_ARAB | BRD_HUMAN_ARABIAN_PENINSULA_ARAB_EMIRATI_ARAB | BRD_HUMAN_ARABIAN_PENINSULA_ARAB_GULF_ARAB | BRD_HUMAN_ARABIAN_PENINSULA_ARAB_HADHRAMI | BRD_HUMAN_ARABIAN_PENINSULA_ARAB_HEJAZI | BRD_HUMAN_ARABIAN_PENINSULA_ARAB_KHUZESTANI_ARAB | BRD_HUMAN_ARABIAN_PENINSULA_ARAB_KUWAITI_ARAB | BRD_HUMAN_ARABIAN_PENINSULA_ARAB_NAJDI | BRD_HUMAN_ARABIAN_PENINSULA_ARAB_OMANI | BRD_HUMAN_ARABIAN_PENINSULA_ARAB_OMANI_ARAB | BRD_HUMAN_ARABIAN_PENINSULA_ARAB_QATARI_ARAB | BRD_HUMAN_ARABIAN_PENINSULA_ARAB_SOCOTRI | BRD_HUMAN_ARABIAN_PENINSULA_ARAB_YEMENI_ARAB | BRD_HUMAN_SAUDI,COLLECTIVE_MEMORY_TECHNIQUE_TRADITION,DESERT | FRESHWATER | BUILT_ENVIRONMENT,OASIS | FARMLAND | VILLAGE | CITY | HOT_DESERT,SIMULATION_READY,EVD_JRN_R13_B01_CLT_ARABIAN_PENINSULA_ARAB_PERSONALITY_ID_001 | EVD_JRN_R13_B01_CLT_ARABIAN_PENINSULA_ARAB_TERRAIN_BROAD_001 | EVD_JRN_R13_B01_CLT_ARABIAN_PENINSULA_ARAB_TERRAIN_SPECIFIC_001,18,BRD_HUMAN_ARABIAN_PENINSULA_ARAB_ARABIAN_BEDOUIN | BRD_HUMAN_ARABIAN_PENINSULA_ARAB_ASIRI | BRD_HUMAN_ARABIAN_PENINSULA_ARAB_BAHRANI_ARAB | BRD_HUMAN_ARABIAN_PENINSULA_ARAB_BEDOUIN | BRD_HUMAN_ARABIAN_PENINSULA_ARAB_DHOFARI_ARAB | BRD_HUMAN_ARABIAN_PENINSULA_ARAB_EMIRATI_ARAB | BRD_HUMAN_ARABIAN_PENINSULA_ARAB_GULF_ARAB | BRD_HUMAN_ARABIAN_PENINSULA_ARAB_HADHRAMI | BRD_HUMAN_ARABIAN_PENINSULA_ARAB_HEJAZI | BRD_HUMAN_ARABIAN_PENINSULA_ARAB_KHUZESTANI_ARAB | BRD_HUMAN_ARABIAN_PENINSULA_ARAB_KUWAITI_ARAB | BRD_HUMAN_ARABIAN_PENINSULA_ARAB_NAJDI | BRD_HUMAN_ARABIAN_PENINSULA_ARAB_OMANI | BRD_HUMAN_ARABIAN_PENINSULA_ARAB_OMANI_ARAB | BRD_HUMAN_ARABIAN_PENINSULA_ARAB_QATARI_ARAB | BRD_HUMAN_ARABIAN_PENINSULA_ARAB_SOCOTRI | BRD_HUMAN_ARABIAN_PENINSULA_ARAB_YEMENI_ARAB | BRD_HUMAN_SAUDI
CLT_ASSYRIAN_SYRIAC,HUMAN_CULTURE,HUMAN,R13,H13,BRD_HUMAN_ASSYRIAN_SYRIAC_ASSYRIAN_ARMENIAN | BRD_HUMAN_ASSYRIAN_SYRIAC_ASSYRIAN_SYRIAC | BRD_HUMAN_ASSYRIAN_SYRIAC_MARONITE_SYRIAC,COLLECTIVE_MEMORY_LIVING_MEMORIAL_CONFLICT,MOUNTAIN | GRASSLAND | BUILT_ENVIRONMENT,PLATEAU | VILLAGE | TEMPLE | FARMLAND,SIMULATION_READY,EVD_JRN_R13_B01_CLT_ASSYRIAN_SYRIAC_PERSONALITY_ID_001 | EVD_JRN_R13_B01_CLT_ASSYRIAN_SYRIAC_TERRAIN_BROAD_001 | EVD_JRN_R13_B01_CLT_ASSYRIAN_SYRIAC_TERRAIN_SPECIFIC_001,3,BRD_HUMAN_ASSYRIAN_SYRIAC_ASSYRIAN_ARMENIAN | BRD_HUMAN_ASSYRIAN_SYRIAC_ASSYRIAN_SYRIAC | BRD_HUMAN_ASSYRIAN_SYRIAC_MARONITE_SYRIAC
CLT_ATLANTIS,HUMAN_CULTURE,HUMAN,R21,H07,BRD_HUMAN_ATLANTIS_ATLANTIS,CONTROL_ENVIRONMENT_ENGINEERING_EXPRESSION,OCEAN | COASTAL | FRESHWATER | MOUNTAIN | BUILT_ENVIRONMENT,ISLAND | CITY | TEMPLE | PLATEAU | FARMLAND,SIMULATION_READY,EVD_JRN_R21_B01_CLT_ATLANTIS_PERSONALITY_ID_001 | EVD_JRN_R21_B01_CLT_ATLANTIS_TERRAIN_BROAD_001 | EVD_JRN_R21_B01_CLT_ATLANTIS_TERRAIN_SPECIFIC_001,1,BRD_HUMAN_ATLANTIS_ATLANTIS
CLT_AVALON,HUMAN_CULTURE,HUMAN,R21,H07,BRD_HUMAN_AVALON_AVALON | BRD_HUMAN_AVALON_CORNISH,COMPASSION_INJURY_AID_EXPRESSION,COASTAL | FOREST | GRASSLAND,ISLAND | WOODLAND | FARMLAND,SIMULATION_READY,EVD_JRN_R21_B01_CLT_AVALON_PERSONALITY_ID_001 | EVD_JRN_R21_B01_CLT_AVALON_TERRAIN_BROAD_001 | EVD_JRN_R21_B01_CLT_AVALON_TERRAIN_SPECIFIC_001,2,BRD_HUMAN_AVALON_AVALON | BRD_HUMAN_AVALON_CORNISH
CLT_AYMARA_TIWANAKU,HUMAN_CULTURE,HUMAN,R23,H19,BRD_HUMAN_AYMARA_TIWANAKU_AYMARA | BRD_HUMAN_AYMARA_TIWANAKU_TIWANAKU,CONTROL_ENVIRONMENT_ENGINEERING_EXPRESSION,MOUNTAIN | GRASSLAND | FRESHWATER | BUILT_ENVIRONMENT,PLATEAU | ALPINE | LAKE | FARMLAND | VILLAGE,SIMULATION_READY,EVD_JRN_R23_B01_CLT_AYMARA_TIWANAKU_PERSONALITY_ID_001 | EVD_JRN_R23_B01_CLT_AYMARA_TIWANAKU_TERRAIN_BROAD_001 | EVD_JRN_R23_B01_CLT_AYMARA_TIWANAKU_TERRAIN_SPECIFIC_001,2,BRD_HUMAN_AYMARA_TIWANAKU_AYMARA | BRD_HUMAN_AYMARA_TIWANAKU_TIWANAKU
CLT_BALINESE,HUMAN_CULTURE,HUMAN,R16,H15,BRD_HUMAN_BALINESE_BALINESE,CONTROL_ENVIRONMENT_ENGINEERING_EXPRESSION,MOUNTAIN | FOREST | FRESHWATER | BUILT_ENVIRONMENT,VOLCANIC | MONTANE_FOREST | RIVER | FARMLAND | TEMPLE | VILLAGE,SIMULATION_READY,EVD_JRN_R16_B01_CLT_BALINESE_PERSONALITY_ID_001 | EVD_JRN_R16_B01_CLT_BALINESE_TERRAIN_BROAD_001 | EVD_JRN_R16_B01_CLT_BALINESE_TERRAIN_SPECIFIC_001,1,BRD_HUMAN_BALINESE_BALINESE
CLT_BALTIC,HUMAN_CULTURE,HUMAN,R07,H21,BRD_HUMAN_BALTIC_LATVIAN | BRD_HUMAN_BALTIC_LITHUANIAN,COLLECTIVE_MEMORY_TECHNIQUE_TRADITION,BUILT_ENVIRONMENT,CITY,SIMULATION_READY,EVD_JRN_R07_B01_CLT_BALTIC_PERSONALITY_ID_001 | EVD_JRN_R07_B01_CLT_BALTIC_TERRAIN_BROAD_001 | EVD_JRN_R07_B01_CLT_BALTIC_TERRAIN_SPECIFIC_001,2,BRD_HUMAN_BALTIC_LATVIAN | BRD_HUMAN_BALTIC_LITHUANIAN
CLT_BASQUE,HUMAN_CULTURE,HUMAN,R07,H21,BRD_HUMAN_BASQUE_BASQUE,EXPRESSION_VOCAL_EXPRESSION,MOUNTAIN,ALPINE,SIMULATION_READY,EVD_JRN_R07_B01_CLT_BASQUE_PERSONALITY_ID_001 | EVD_JRN_R07_B01_CLT_BASQUE_TERRAIN_BROAD_001 | EVD_JRN_R07_B01_CLT_BASQUE_TERRAIN_SPECIFIC_001,1,BRD_HUMAN_BASQUE_BASQUE
CLT_BENGALI,HUMAN_CULTURE,HUMAN,R15,H20,BRD_HUMAN_BANGLADESHI | BRD_HUMAN_BENGALI_BENGALI,COLLECTIVE_MEMORY_TECHNIQUE_TRADITION,WETLAND | FRESHWATER | COASTAL | BUILT_ENVIRONMENT,DELTA | RIVER | FLOODPLAIN | CITY,SIMULATION_READY,EVD_JRN_R15_B01_CLT_BENGALI_PERSONALITY_ID_001 | EVD_JRN_R15_B01_CLT_BENGALI_TERRAIN_BROAD_001 | EVD_JRN_R15_B01_CLT_BENGALI_TERRAIN_SPECIFIC_001,2,BRD_HUMAN_BANGLADESHI | BRD_HUMAN_BENGALI_BENGALI
CLT_CARIBBEAN_INDIGENOUS_TAINO,HUMAN_CULTURE,HUMAN,R24,H16,BRD_HUMAN_CARIBBEAN_INDIGENOUS_TAINO_ARAWAK_CARIB | BRD_HUMAN_CARIBBEAN_INDIGENOUS_TAINO_BRIBRI_CABECAR | BRD_HUMAN_CARIBBEAN_INDIGENOUS_TAINO_GUNA_EMBERA | BRD_HUMAN_CARIBBEAN_INDIGENOUS_TAINO_MISKITO | BRD_HUMAN_CARIBBEAN_INDIGENOUS_TAINO_TAINO,STEWARDSHIP_FUTURE_SIGHT_CONFLICT,COASTAL | FOREST | SUBTERRANEAN | BUILT_ENVIRONMENT | GRASSLAND,ISLAND | CAVE | VILLAGE | FARMLAND | RAIN_FOREST,SIMULATION_READY,EVD_JRN_R24_B01_CLT_CARIBBEAN_INDIGENOUS_TAINO_PERSONALITY_ID_001 | EVD_JRN_R24_B01_CLT_CARIBBEAN_INDIGENOUS_TAINO_TERRAIN_BROAD_001 | EVD_JRN_R24_B01_CLT_CARIBBEAN_INDIGENOUS_TAINO_TERRAIN_SPECIFIC_001,5,BRD_HUMAN_CARIBBEAN_INDIGENOUS_TAINO_ARAWAK_CARIB | BRD_HUMAN_CARIBBEAN_INDIGENOUS_TAINO_BRIBRI_CABECAR | BRD_HUMAN_CARIBBEAN_INDIGENOUS_TAINO_GUNA_EMBERA | BRD_HUMAN_CARIBBEAN_INDIGENOUS_TAINO_MISKITO | BRD_HUMAN_CARIBBEAN_INDIGENOUS_TAINO_TAINO
CLT_CATALAN,HUMAN_CULTURE,HUMAN,R11,H01,BRD_HUMAN_CATALAN_CATALAN,COOPERATION_CIRCLE_DEPENDENT_POWER_CONFLICT,BUILT_ENVIRONMENT,CITY | VILLAGE,SIMULATION_READY,EVD_JRN_R11_B01_CLT_CATALAN_PERSONALITY_ID_001 | EVD_JRN_R11_B01_CLT_CATALAN_TERRAIN_BROAD_001 | EVD_JRN_R11_B01_CLT_CATALAN_TERRAIN_SPECIFIC_001,1,BRD_HUMAN_CATALAN_CATALAN
CLT_CAUCASUS_HIGHLAND_GEORGIAN_NORTH_CAUCASIAN,HUMAN_CULTURE,HUMAN,R15,H04,BRD_HUMAN_CAUCASUS_HIGHLAND_GEORGIAN_NORTH_CAUCASIAN_GEORGIAN | BRD_HUMAN_CAUCASUS_HIGHLAND_GEORGIAN_NORTH_CAUCASIAN_LAZ_GEORGIAN | BRD_HUMAN_CAUCASUS_HIGHLAND_GEORGIAN_NORTH_CAUCASIAN_LEZGIN | BRD_HUMAN_CAUCASUS_HIGHLAND_GEORGIAN_NORTH_CAUCASIAN_NORTH_CAUCASIAN,BOUNDARIES_LAND_BOUNDARY_WOUND,MOUNTAIN | FOREST | GRASSLAND,ALPINE | MONTANE_FOREST | PLATEAU,SIMULATION_READY,EVD_JRN_R15_B01_CLT_CAUCASUS_HIGHLAND_GEORGIAN_NORTH_CAUCASIAN_PERSONALITY_ID_001 | EVD_JRN_R15_B01_CLT_CAUCASUS_HIGHLAND_GEORGIAN_NORTH_CAUCASIAN_TERRAIN_BROAD_001 | EVD_JRN_R15_B01_CLT_CAUCASUS_HIGHLAND_GEORGIAN_NORTH_CAUCASIAN_TERRAIN_SPECIFIC_001,4,BRD_HUMAN_CAUCASUS_HIGHLAND_GEORGIAN_NORTH_CAUCASIAN_GEORGIAN | BRD_HUMAN_CAUCASUS_HIGHLAND_GEORGIAN_NORTH_CAUCASIAN_LAZ_GEORGIAN | BRD_HUMAN_CAUCASUS_HIGHLAND_GEORGIAN_NORTH_CAUCASIAN_LEZGIN | BRD_HUMAN_CAUCASUS_HIGHLAND_GEORGIAN_NORTH_CAUCASIAN_NORTH_CAUCASIAN
CLT_CENTRAL_AND_GREAT_LAKES_AFRICAN_KONGO_BANTU_TWA,HUMAN_CULTURE,HUMAN,R17,H05,BRD_HUMAN_CENTRAL_AND_GREAT_LAKES_AFRICAN_KONGO_BANTU_TWA_BAGANDA | BRD_HUMAN_CENTRAL_AND_GREAT_LAKES_AFRICAN_KONGO_BANTU_TWA_BAKONGO | BRD_HUMAN_CENTRAL_AND_GREAT_LAKES_AFRICAN_KONGO_BANTU_TWA_BAMILEKE | BRD_HUMAN_CENTRAL_AND_GREAT_LAKES_AFRICAN_KONGO_BANTU_TWA_BANYANKOLE_BUNYORO | BRD_HUMAN_CENTRAL_AND_GREAT_LAKES_AFRICAN_KONGO_BANTU_TWA_BETI_FANG | BRD_HUMAN_CENTRAL_AND_GREAT_LAKES_AFRICAN_KONGO_BANTU_TWA_BUBI | BRD_HUMAN_CENTRAL_AND_GREAT_LAKES_AFRICAN_KONGO_BANTU_TWA_EQUATORIAN_BANTU | BRD_HUMAN_CENTRAL_AND_GREAT_LAKES_AFRICAN_KONGO_BANTU_TWA_FANG | BRD_HUMAN_CENTRAL_AND_GREAT_LAKES_AFRICAN_KONGO_BANTU_TWA_FOREST_PEOPLES | BRD_HUMAN_CENTRAL_AND_GREAT_LAKES_AFRICAN_KONGO_BANTU_TWA_GBAYA_BANDA | BRD_HUMAN_CENTRAL_AND_GREAT_LAKES_AFRICAN_KONGO_BANTU_TWA_HUTU_TUTSI | BRD_HUMAN_CENTRAL_AND_GREAT_LAKES_AFRICAN_KONGO_BANTU_TWA_KINYARWANDA_KIRUNDI | BRD_HUMAN_CENTRAL_AND_GREAT_LAKES_AFRICAN_KONGO_BANTU_TWA_KONGO | BRD_HUMAN_CENTRAL_AND_GREAT_LAKES_AFRICAN_KONGO_BANTU_TWA_KONGO_TEKE | BRD_HUMAN_CENTRAL_AND_GREAT_LAKES_AFRICAN_KONGO_BANTU_TWA_LUBA_LUNDA | BRD_HUMAN_CENTRAL_AND_GREAT_LAKES_AFRICAN_KONGO_BANTU_TWA_MBUNDU_OVIMBUNDU | BRD_HUMAN_CENTRAL_AND_GREAT_LAKES_AFRICAN_KONGO_BANTU_TWA_MYENE | BRD_HUMAN_CENTRAL_AND_GREAT_LAKES_AFRICAN_KONGO_BANTU_TWA_TWA | BRD_HUMAN_CONGOLESE,COLLECTIVE_MEMORY_LIVING_MEMORIAL_CONFLICT,MOUNTAIN | GRASSLAND | FRESHWATER | BUILT_ENVIRONMENT,PLATEAU | SAVANNA | CITY | TEMPLE | RIVER,SIMULATION_READY,EVD_JRN_R17_B01_CLT_CENTRAL_AND_GREAT_LAKES_AFRICAN_KONGO_BANTU_TWA_PERSONALITY_ID_001 | EVD_JRN_R17_B01_CLT_CENTRAL_AND_GREAT_LAKES_AFRICAN_KONGO_BANTU_TWA_TERRAIN_BROAD_001 | EVD_JRN_R17_B01_CLT_CENTRAL_AND_GREAT_LAKES_AFRICAN_KONGO_BANTU_TWA_TERRAIN_SPECIFIC_001,19,BRD_HUMAN_CENTRAL_AND_GREAT_LAKES_AFRICAN_KONGO_BANTU_TWA_BAGANDA | BRD_HUMAN_CENTRAL_AND_GREAT_LAKES_AFRICAN_KONGO_BANTU_TWA_BAKONGO | BRD_HUMAN_CENTRAL_AND_GREAT_LAKES_AFRICAN_KONGO_BANTU_TWA_BAMILEKE | BRD_HUMAN_CENTRAL_AND_GREAT_LAKES_AFRICAN_KONGO_BANTU_TWA_BANYANKOLE_BUNYORO | BRD_HUMAN_CENTRAL_AND_GREAT_LAKES_AFRICAN_KONGO_BANTU_TWA_BETI_FANG | BRD_HUMAN_CENTRAL_AND_GREAT_LAKES_AFRICAN_KONGO_BANTU_TWA_BUBI | BRD_HUMAN_CENTRAL_AND_GREAT_LAKES_AFRICAN_KONGO_BANTU_TWA_EQUATORIAN_BANTU | BRD_HUMAN_CENTRAL_AND_GREAT_LAKES_AFRICAN_KONGO_BANTU_TWA_FANG | BRD_HUMAN_CENTRAL_AND_GREAT_LAKES_AFRICAN_KONGO_BANTU_TWA_FOREST_PEOPLES | BRD_HUMAN_CENTRAL_AND_GREAT_LAKES_AFRICAN_KONGO_BANTU_TWA_GBAYA_BANDA | BRD_HUMAN_CENTRAL_AND_GREAT_LAKES_AFRICAN_KONGO_BANTU_TWA_HUTU_TUTSI | BRD_HUMAN_CENTRAL_AND_GREAT_LAKES_AFRICAN_KONGO_BANTU_TWA_KINYARWANDA_KIRUNDI | BRD_HUMAN_CENTRAL_AND_GREAT_LAKES_AFRICAN_KONGO_BANTU_TWA_KONGO | BRD_HUMAN_CENTRAL_AND_GREAT_LAKES_AFRICAN_KONGO_BANTU_TWA_KONGO_TEKE | BRD_HUMAN_CENTRAL_AND_GREAT_LAKES_AFRICAN_KONGO_BANTU_TWA_LUBA_LUNDA | BRD_HUMAN_CENTRAL_AND_GREAT_LAKES_AFRICAN_KONGO_BANTU_TWA_MBUNDU_OVIMBUNDU | BRD_HUMAN_CENTRAL_AND_GREAT_LAKES_AFRICAN_KONGO_BANTU_TWA_MYENE | BRD_HUMAN_CENTRAL_AND_GREAT_LAKES_AFRICAN_KONGO_BANTU_TWA_TWA | BRD_HUMAN_CONGOLESE
CLT_CENTRAL_SAHARA_TOUBOU_TEBU,HUMAN_CULTURE,HUMAN,R11,H17,BRD_HUMAN_CENTRAL_SAHARA_TOUBOU_TEBU_TEBU | BRD_HUMAN_CENTRAL_SAHARA_TOUBOU_TEBU_TOUBOU,EXILE_NOMADIC_CONTINUITY_EXPRESSION,DESERT | MOUNTAIN,HOT_DESERT | OASIS | PLATEAU,SIMULATION_READY,EVD_JRN_R11_B01_CLT_CENTRAL_SAHARA_TOUBOU_TEBU_PERSONALITY_ID_001 | EVD_JRN_R11_B01_CLT_CENTRAL_SAHARA_TOUBOU_TEBU_TERRAIN_BROAD_001 | EVD_JRN_R11_B01_CLT_CENTRAL_SAHARA_TOUBOU_TEBU_TERRAIN_SPECIFIC_001,2,BRD_HUMAN_CENTRAL_SAHARA_TOUBOU_TEBU_TEBU | BRD_HUMAN_CENTRAL_SAHARA_TOUBOU_TEBU_TOUBOU
CLT_CHAD_SUDAN_INTERIOR,HUMAN_CULTURE,HUMAN,R14,H11,BRD_HUMAN_CHAD_SUDAN_INTERIOR_CHADIAN_ARAB | BRD_HUMAN_CHAD_SUDAN_INTERIOR_FUR_ZAGHAWA | BRD_HUMAN_CHAD_SUDAN_INTERIOR_SARA | BRD_HUMAN_CHAD_SUDAN_INTERIOR_SUDANESE_ARAB,BOUNDARIES_LAND_BOUNDARY_WOUND,DESERT | GRASSLAND | WETLAND | FRESHWATER,HOT_DESERT | STEPPE | SAVANNA | LAKE | RIVER | FLOODPLAIN,SIMULATION_READY,EVD_JRN_R14_B02_CLT_CHAD_SUDAN_INTERIOR_PERSONALITY_ID_001 | EVD_JRN_R14_B02_CLT_CHAD_SUDAN_INTERIOR_TERRAIN_BROAD_001 | EVD_JRN_R14_B02_CLT_CHAD_SUDAN_INTERIOR_TERRAIN_SPECIFIC_001,4,BRD_HUMAN_CHAD_SUDAN_INTERIOR_CHADIAN_ARAB | BRD_HUMAN_CHAD_SUDAN_INTERIOR_FUR_ZAGHAWA | BRD_HUMAN_CHAD_SUDAN_INTERIOR_SARA | BRD_HUMAN_CHAD_SUDAN_INTERIOR_SUDANESE_ARAB
CLT_DINE_NAVAJO,HUMAN_CULTURE,HUMAN,R01,H02,BRD_HUMAN_DINE_NAVAJO_DINE | BRD_HUMAN_DINE_NAVAJO_DINE_NAVAJO,EXILE_FORCED_MIGRATION_WOUND,DESERT | MOUNTAIN,PLATEAU | WOODLAND,SIMULATION_READY,EVD_JRN_R01_B02_CLT_DINE_NAVAJO_PERSONALITY_ID_001 | EVD_JRN_R01_B02_CLT_DINE_NAVAJO_TERRAIN_BROAD_001 | EVD_JRN_R01_B02_CLT_DINE_NAVAJO_TERRAIN_SPECIFIC_001,2,BRD_HUMAN_DINE_NAVAJO_DINE | BRD_HUMAN_DINE_NAVAJO_DINE_NAVAJO
CLT_EAST_AFRICAN_BANTU_SWAHILI_COMORIAN,HUMAN_CULTURE,HUMAN,R04,H08,BRD_HUMAN_EAST_AFRICAN_BANTU_SWAHILI_COMORIAN_CHAGA | BRD_HUMAN_EAST_AFRICAN_BANTU_SWAHILI_COMORIAN_COMORIAN | BRD_HUMAN_EAST_AFRICAN_BANTU_SWAHILI_COMORIAN_KIKUYU_KAMBA | BRD_HUMAN_EAST_AFRICAN_BANTU_SWAHILI_COMORIAN_MAHORAN | BRD_HUMAN_EAST_AFRICAN_BANTU_SWAHILI_COMORIAN_SUKUMA_NYAMWEZI | BRD_HUMAN_EAST_AFRICAN_BANTU_SWAHILI_COMORIAN_SWAHILI | BRD_HUMAN_EAST_AFRICAN_BANTU_SWAHILI_COMORIAN_SWAHILI_COAST,CONTROL_ENVIRONMENT_ENGINEERING_EXPRESSION,COASTAL | OCEAN | FOREST | BUILT_ENVIRONMENT,CITY | RUINS | FOREST_EDGE,SIMULATION_READY,EVD_JRN_R04_B01_CLT_EAST_AFRICAN_BANTU_SWAHILI_COMORIAN_PERSONALITY_ID_001 | EVD_JRN_R04_B01_CLT_EAST_AFRICAN_BANTU_SWAHILI_COMORIAN_TERRAIN_BROAD_001 | EVD_JRN_R04_B01_CLT_EAST_AFRICAN_BANTU_SWAHILI_COMORIAN_TERRAIN_SPECIFIC_001,7,BRD_HUMAN_EAST_AFRICAN_BANTU_SWAHILI_COMORIAN_CHAGA | BRD_HUMAN_EAST_AFRICAN_BANTU_SWAHILI_COMORIAN_COMORIAN | BRD_HUMAN_EAST_AFRICAN_BANTU_SWAHILI_COMORIAN_KIKUYU_KAMBA | BRD_HUMAN_EAST_AFRICAN_BANTU_SWAHILI_COMORIAN_MAHORAN | BRD_HUMAN_EAST_AFRICAN_BANTU_SWAHILI_COMORIAN_SUKUMA_NYAMWEZI | BRD_HUMAN_EAST_AFRICAN_BANTU_SWAHILI_COMORIAN_SWAHILI | BRD_HUMAN_EAST_AFRICAN_BANTU_SWAHILI_COMORIAN_SWAHILI_COAST
CLT_EDO_BENIN_NIGER_DELTA,HUMAN_CULTURE,HUMAN,R17,H05,BRD_HUMAN_EDO_BENIN_NIGER_DELTA_EDO | BRD_HUMAN_EDO_BENIN_NIGER_DELTA_EDO_BENIN | BRD_HUMAN_EDO_BENIN_NIGER_DELTA_NIGER_DELTA | BRD_HUMAN_NIGERIAN,CONTROL_ENVIRONMENT_ENGINEERING_EXPRESSION,FOREST | WETLAND | FRESHWATER | BUILT_ENVIRONMENT,RAIN_FOREST | SWAMP | DELTA | CITY | VILLAGE | SOIL,SIMULATION_READY,EVD_JRN_R17_B01_CLT_EDO_BENIN_NIGER_DELTA_PERSONALITY_ID_001 | EVD_JRN_R17_B01_CLT_EDO_BENIN_NIGER_DELTA_TERRAIN_BROAD_001 | EVD_JRN_R17_B01_CLT_EDO_BENIN_NIGER_DELTA_TERRAIN_SPECIFIC_001,4,BRD_HUMAN_EDO_BENIN_NIGER_DELTA_EDO | BRD_HUMAN_EDO_BENIN_NIGER_DELTA_EDO_BENIN | BRD_HUMAN_EDO_BENIN_NIGER_DELTA_NIGER_DELTA | BRD_HUMAN_NIGERIAN
CLT_EGYPTIAN_COPTIC,HUMAN_CULTURE,HUMAN,R11,H17,BRD_HUMAN_EGYPTIAN | BRD_HUMAN_EGYPTIAN_COPTIC_COPTIC | BRD_HUMAN_EGYPTIAN_COPTIC_EGYPTIAN_ARAB | BRD_HUMAN_EGYPTIAN_COPTIC_EGYPTIAN_COPTIC,COLLECTIVE_MEMORY_LIVING_MEMORIAL_CONFLICT,DESERT | BUILT_ENVIRONMENT,HOT_DESERT | TEMPLE | RUINS | CITY,SIMULATION_READY,EVD_JRN_R11_B01_CLT_EGYPTIAN_COPTIC_PERSONALITY_ID_001 | EVD_JRN_R11_B01_CLT_EGYPTIAN_COPTIC_TERRAIN_BROAD_001 | EVD_JRN_R11_B01_CLT_EGYPTIAN_COPTIC_TERRAIN_SPECIFIC_001,4,BRD_HUMAN_EGYPTIAN | BRD_HUMAN_EGYPTIAN_COPTIC_COPTIC | BRD_HUMAN_EGYPTIAN_COPTIC_EGYPTIAN_ARAB | BRD_HUMAN_EGYPTIAN_COPTIC_EGYPTIAN_COPTIC
CLT_ENGLISH_ANGLO,HUMAN_CULTURE,HUMAN,R03,H24,BRD_HUMAN_AMERICAN | BRD_HUMAN_AUSTRALIAN | BRD_HUMAN_CANADIAN | BRD_HUMAN_ENGLISH_ANGLO_ANGLO_AMERICAN | BRD_HUMAN_ENGLISH_ANGLO_ANGLO_AUSTRALIAN | BRD_HUMAN_ENGLISH_ANGLO_ANGLO_SOUTH_AFRICAN | BRD_HUMAN_ENGLISH_ANGLO_ASCENSION_ISLANDER | BRD_HUMAN_ENGLISH_ANGLO_ENGLISH | BRD_HUMAN_ENGLISH_ANGLO_ENGLISH_CANADIAN | BRD_HUMAN_ENGLISH_ANGLO_FALKLAND_ISLANDER | BRD_HUMAN_ENGLISH_ANGLO_GUERNSEY_ENGLISH | BRD_HUMAN_ENGLISH_ANGLO_JERSEY_ENGLISH | BRD_HUMAN_ENGLISH_ANGLO_PAKEHA | BRD_HUMAN_ENGLISH_ANGLO_SAINT_HELENIAN | BRD_HUMAN_ENGLISH_ANGLO_TRISTANIAN | BRD_HUMAN_NEW_ZEALANDER,CONTROL_ENVIRONMENT_ENGINEERING_EXPRESSION,FRESHWATER | BUILT_ENVIRONMENT,RIVER | MINE | WORKSHOP,SIMULATION_READY,EVD_JRN_R03_B01_CLT_ENGLISH_ANGLO_PERSONALITY_ID_001 | EVD_JRN_R03_B01_CLT_ENGLISH_ANGLO_TERRAIN_BROAD_001 | EVD_JRN_R03_B01_CLT_ENGLISH_ANGLO_TERRAIN_SPECIFIC_001,16,BRD_HUMAN_AMERICAN | BRD_HUMAN_AUSTRALIAN | BRD_HUMAN_CANADIAN | BRD_HUMAN_ENGLISH_ANGLO_ANGLO_AMERICAN | BRD_HUMAN_ENGLISH_ANGLO_ANGLO_AUSTRALIAN | BRD_HUMAN_ENGLISH_ANGLO_ANGLO_SOUTH_AFRICAN | BRD_HUMAN_ENGLISH_ANGLO_ASCENSION_ISLANDER | BRD_HUMAN_ENGLISH_ANGLO_ENGLISH | BRD_HUMAN_ENGLISH_ANGLO_ENGLISH_CANADIAN | BRD_HUMAN_ENGLISH_ANGLO_FALKLAND_ISLANDER | BRD_HUMAN_ENGLISH_ANGLO_GUERNSEY_ENGLISH | BRD_HUMAN_ENGLISH_ANGLO_JERSEY_ENGLISH | BRD_HUMAN_ENGLISH_ANGLO_PAKEHA | BRD_HUMAN_ENGLISH_ANGLO_SAINT_HELENIAN | BRD_HUMAN_ENGLISH_ANGLO_TRISTANIAN | BRD_HUMAN_NEW_ZEALANDER
CLT_ETHIOPIAN_ERITREAN_HIGHLANDS_AND_SOUTH,HUMAN_CULTURE,HUMAN,R04,H08,BRD_HUMAN_ETHIOPIAN | BRD_HUMAN_ETHIOPIAN_ERITREAN_HIGHLANDS_AND_SOUTH_AMHARA_TIGRAYAN | BRD_HUMAN_ETHIOPIAN_ERITREAN_HIGHLANDS_AND_SOUTH_HABESHA_ETHIOPIAN_HIGHLAND | BRD_HUMAN_ETHIOPIAN_ERITREAN_HIGHLANDS_AND_SOUTH_OMOTIC_SIDAMA | BRD_HUMAN_ETHIOPIAN_ERITREAN_HIGHLANDS_AND_SOUTH_TIGRE | BRD_HUMAN_ETHIOPIAN_ERITREAN_HIGHLANDS_AND_SOUTH_TIGRINYA,COLLECTIVE_MEMORY_TECHNIQUE_TRADITION,MOUNTAIN | FOREST | FRESHWATER | GRASSLAND,MONTANE_FOREST | FARMLAND | PLATEAU | RIVER,SIMULATION_READY,EVD_JRN_R04_B01_CLT_ETHIOPIAN_ERITREAN_HIGHLANDS_AND_SOUTH_PERSONALITY_ID_001 | EVD_JRN_R04_B01_CLT_ETHIOPIAN_ERITREAN_HIGHLANDS_AND_SOUTH_TERRAIN_BROAD_001 | EVD_JRN_R04_B01_CLT_ETHIOPIAN_ERITREAN_HIGHLANDS_AND_SOUTH_TERRAIN_SPECIFIC_001,6,BRD_HUMAN_ETHIOPIAN | BRD_HUMAN_ETHIOPIAN_ERITREAN_HIGHLANDS_AND_SOUTH_AMHARA_TIGRAYAN | BRD_HUMAN_ETHIOPIAN_ERITREAN_HIGHLANDS_AND_SOUTH_HABESHA_ETHIOPIAN_HIGHLAND | BRD_HUMAN_ETHIOPIAN_ERITREAN_HIGHLANDS_AND_SOUTH_OMOTIC_SIDAMA | BRD_HUMAN_ETHIOPIAN_ERITREAN_HIGHLANDS_AND_SOUTH_TIGRE | BRD_HUMAN_ETHIOPIAN_ERITREAN_HIGHLANDS_AND_SOUTH_TIGRINYA
CLT_FINNIC,HUMAN_CULTURE,HUMAN,R07,H21,BRD_HUMAN_FINNIC_ESTONIAN | BRD_HUMAN_FINNIC_FINNISH | BRD_HUMAN_FINNIC_SWEDISH_FINN | BRD_HUMAN_FINNIC_TORNEDALIAN,COLLECTIVE_MEMORY_TECHNIQUE_TRADITION,GENERALIST,GENERALIST,SIMULATION_READY,EVD_JRN_R07_B01_CLT_FINNIC_PERSONALITY_ID_001 | EVD_JRN_R07_B01_CLT_FINNIC_TERRAIN_BROAD_001 | EVD_JRN_R07_B01_CLT_FINNIC_TERRAIN_SPECIFIC_001,4,BRD_HUMAN_FINNIC_ESTONIAN | BRD_HUMAN_FINNIC_FINNISH | BRD_HUMAN_FINNIC_SWEDISH_FINN | BRD_HUMAN_FINNIC_TORNEDALIAN
CLT_FRANCOPHONE_CARIBBEAN_CREOLE,HUMAN_CULTURE,HUMAN,R17,H23,BRD_HUMAN_FRANCOPHONE_CARIBBEAN_CREOLE_DOMINICAN_CREOLE | BRD_HUMAN_FRANCOPHONE_CARIBBEAN_CREOLE_FRENCH_CREOLE | BRD_HUMAN_FRANCOPHONE_CARIBBEAN_CREOLE_GUADELOUPEAN_CREOLE | BRD_HUMAN_FRANCOPHONE_CARIBBEAN_CREOLE_GUIANESE_CREOLE | BRD_HUMAN_FRANCOPHONE_CARIBBEAN_CREOLE_HAITIAN | BRD_HUMAN_FRANCOPHONE_CARIBBEAN_CREOLE_HAITIAN_KREYOL | BRD_HUMAN_FRANCOPHONE_CARIBBEAN_CREOLE_MARTINICAN_CREOLE | BRD_HUMAN_FRANCOPHONE_CARIBBEAN_CREOLE_SAINT_LUCIAN | BRD_HUMAN_FRANCOPHONE_CARIBBEAN_CREOLE_SAINT_MARTINOIS,POWER_COLONIAL_POWER_WOUND,MOUNTAIN | COASTAL | FOREST | BUILT_ENVIRONMENT,CLIFF | MONTANE_FOREST | COASTAL_CLIFF | CITY | CASTLE | RUINS,SIMULATION_READY,EVD_JRN_R17_B01_CLT_FRANCOPHONE_CARIBBEAN_CREOLE_PERSONALITY_ID_001 | EVD_JRN_R17_B01_CLT_FRANCOPHONE_CARIBBEAN_CREOLE_TERRAIN_BROAD_001 | EVD_JRN_R17_B01_CLT_FRANCOPHONE_CARIBBEAN_CREOLE_TERRAIN_SPECIFIC_001,9,BRD_HUMAN_FRANCOPHONE_CARIBBEAN_CREOLE_DOMINICAN_CREOLE | BRD_HUMAN_FRANCOPHONE_CARIBBEAN_CREOLE_FRENCH_CREOLE | BRD_HUMAN_FRANCOPHONE_CARIBBEAN_CREOLE_GUADELOUPEAN_CREOLE | BRD_HUMAN_FRANCOPHONE_CARIBBEAN_CREOLE_GUIANESE_CREOLE | BRD_HUMAN_FRANCOPHONE_CARIBBEAN_CREOLE_HAITIAN | BRD_HUMAN_FRANCOPHONE_CARIBBEAN_CREOLE_HAITIAN_KREYOL | BRD_HUMAN_FRANCOPHONE_CARIBBEAN_CREOLE_MARTINICAN_CREOLE | BRD_HUMAN_FRANCOPHONE_CARIBBEAN_CREOLE_SAINT_LUCIAN | BRD_HUMAN_FRANCOPHONE_CARIBBEAN_CREOLE_SAINT_MARTINOIS
CLT_FRENCH_FRANCOPHONE,HUMAN_CULTURE,HUMAN,R03,H24,BRD_HUMAN_FRENCH_FRANCOPHONE_CALDOCHE | BRD_HUMAN_FRENCH_FRANCOPHONE_FRENCH | BRD_HUMAN_FRENCH_FRANCOPHONE_GUERNESIAIS | BRD_HUMAN_FRENCH_FRANCOPHONE_JERRIAIS | BRD_HUMAN_FRENCH_FRANCOPHONE_LOUISIANA_CREOLE_CAJUN | BRD_HUMAN_FRENCH_FRANCOPHONE_MONEGASQUE | BRD_HUMAN_FRENCH_FRANCOPHONE_OCCITAN | BRD_HUMAN_FRENCH_FRANCOPHONE_QUEBECOIS_ACADIAN | BRD_HUMAN_FRENCH_FRANCOPHONE_SAINT_PIERRAIS | BRD_HUMAN_FRENCH_FRANCOPHONE_SWISS_FRENCH | BRD_HUMAN_FRENCH_FRANCOPHONE_WALLOON,COLLECTIVE_MEMORY_TECHNIQUE_TRADITION,MOUNTAIN | GRASSLAND,FARMLAND | VILLAGE,SIMULATION_READY,EVD_JRN_R03_B01_CLT_FRENCH_FRANCOPHONE_PERSONALITY_ID_001 | EVD_JRN_R03_B01_CLT_FRENCH_FRANCOPHONE_TERRAIN_BROAD_001 | EVD_JRN_R03_B01_CLT_FRENCH_FRANCOPHONE_TERRAIN_SPECIFIC_001,11,BRD_HUMAN_FRENCH_FRANCOPHONE_CALDOCHE | BRD_HUMAN_FRENCH_FRANCOPHONE_FRENCH | BRD_HUMAN_FRENCH_FRANCOPHONE_GUERNESIAIS | BRD_HUMAN_FRENCH_FRANCOPHONE_JERRIAIS | BRD_HUMAN_FRENCH_FRANCOPHONE_LOUISIANA_CREOLE_CAJUN | BRD_HUMAN_FRENCH_FRANCOPHONE_MONEGASQUE | BRD_HUMAN_FRENCH_FRANCOPHONE_OCCITAN | BRD_HUMAN_FRENCH_FRANCOPHONE_QUEBECOIS_ACADIAN | BRD_HUMAN_FRENCH_FRANCOPHONE_SAINT_PIERRAIS | BRD_HUMAN_FRENCH_FRANCOPHONE_SWISS_FRENCH | BRD_HUMAN_FRENCH_FRANCOPHONE_WALLOON
CLT_GARIFUNA,HUMAN_CULTURE,HUMAN,R21,H07,BRD_HUMAN_GARIFUNA_GARIFUNA,COLLECTIVE_MEMORY_TECHNIQUE_TRADITION,COASTAL | OCEAN | GRASSLAND | BUILT_ENVIRONMENT,ISLAND | PELAGIC | FARMLAND | VILLAGE,SIMULATION_READY,EVD_JRN_R21_B01_CLT_GARIFUNA_PERSONALITY_ID_001 | EVD_JRN_R21_B01_CLT_GARIFUNA_TERRAIN_BROAD_001 | EVD_JRN_R21_B01_CLT_GARIFUNA_TERRAIN_SPECIFIC_001,1,BRD_HUMAN_GARIFUNA_GARIFUNA
CLT_GERMAN_DUTCH_FLEMISH_CONTINENTAL_WEST_GERMANIC,HUMAN_CULTURE,HUMAN,R07,H21,BRD_HUMAN_BELGIAN | BRD_HUMAN_GERMAN_DUTCH_FLEMISH_CONTINENTAL_WEST_GERMANIC_AFRIKANER_GERMAN | BRD_HUMAN_GERMAN_DUTCH_FLEMISH_CONTINENTAL_WEST_GERMANIC_ALEMANNIC | BRD_HUMAN_GERMAN_DUTCH_FLEMISH_CONTINENTAL_WEST_GERMANIC_ALSATIAN | BRD_HUMAN_GERMAN_DUTCH_FLEMISH_CONTINENTAL_WEST_GERMANIC_AUSTRIAN | BRD_HUMAN_GERMAN_DUTCH_FLEMISH_CONTINENTAL_WEST_GERMANIC_BAVARIAN | BRD_HUMAN_GERMAN_DUTCH_FLEMISH_CONTINENTAL_WEST_GERMANIC_CARINTHIAN | BRD_HUMAN_GERMAN_DUTCH_FLEMISH_CONTINENTAL_WEST_GERMANIC_DUTCH | BRD_HUMAN_GERMAN_DUTCH_FLEMISH_CONTINENTAL_WEST_GERMANIC_FLEMISH | BRD_HUMAN_GERMAN_DUTCH_FLEMISH_CONTINENTAL_WEST_GERMANIC_FLEMISH_DUTCH_LOW_COUNTRIES | BRD_HUMAN_GERMAN_DUTCH_FLEMISH_CONTINENTAL_WEST_GERMANIC_FRANCONIAN | BRD_HUMAN_GERMAN_DUTCH_FLEMISH_CONTINENTAL_WEST_GERMANIC_FRISIAN | BRD_HUMAN_GERMAN_DUTCH_FLEMISH_CONTINENTAL_WEST_GERMANIC_GERMAN | BRD_HUMAN_GERMAN_DUTCH_FLEMISH_CONTINENTAL_WEST_GERMANIC_GERMAN_BELGIAN | BRD_HUMAN_GERMAN_DUTCH_FLEMISH_CONTINENTAL_WEST_GERMANIC_GERMAN_SAXON | BRD_HUMAN_GERMAN_DUTCH_FLEMISH_CONTINENTAL_WEST_GERMANIC_LIECHTENSTEINER | BRD_HUMAN_GERMAN_DUTCH_FLEMISH_CONTINENTAL_WEST_GERMANIC_LIMBURGISH | BRD_HUMAN_GERMAN_DUTCH_FLEMISH_CONTINENTAL_WEST_GERMANIC_LOW_GERMAN | BRD_HUMAN_GERMAN_DUTCH_FLEMISH_CONTINENTAL_WEST_GERMANIC_LUXEMBOURGISH | BRD_HUMAN_GERMAN_DUTCH_FLEMISH_CONTINENTAL_WEST_GERMANIC_MENNONITE | BRD_HUMAN_GERMAN_DUTCH_FLEMISH_CONTINENTAL_WEST_GERMANIC_RHINELANDER | BRD_HUMAN_GERMAN_DUTCH_FLEMISH_CONTINENTAL_WEST_GERMANIC_SAXON_THURINGIAN | BRD_HUMAN_GERMAN_DUTCH_FLEMISH_CONTINENTAL_WEST_GERMANIC_SOUTH_TYROLEAN | BRD_HUMAN_GERMAN_DUTCH_FLEMISH_CONTINENTAL_WEST_GERMANIC_STYRIAN | BRD_HUMAN_GERMAN_DUTCH_FLEMISH_CONTINENTAL_WEST_GERMANIC_SWABIAN | BRD_HUMAN_GERMAN_DUTCH_FLEMISH_CONTINENTAL_WEST_GERMANIC_SWISS_GERMAN | BRD_HUMAN_GERMAN_DUTCH_FLEMISH_CONTINENTAL_WEST_GERMANIC_TYROLEAN | BRD_HUMAN_GERMAN_DUTCH_FLEMISH_CONTINENTAL_WEST_GERMANIC_VIENNESE | BRD_HUMAN_GERMAN_DUTCH_FLEMISH_CONTINENTAL_WEST_GERMANIC_VORARLBERGER,AMBIGUITY_CONTEXT_SHIFTING_SIGNAL_EXPRESSION,GENERALIST,GENERALIST,SIMULATION_READY,EVD_JRN_R07_B01_CLT_GERMAN_DUTCH_FLEMISH_CONTINENTAL_WEST_GERMANIC_PERSONALITY_ID_001 | EVD_JRN_R07_B01_CLT_GERMAN_DUTCH_FLEMISH_CONTINENTAL_WEST_GERMANIC_TERRAIN_BROAD_001 | EVD_JRN_R07_B01_CLT_GERMAN_DUTCH_FLEMISH_CONTINENTAL_WEST_GERMANIC_TERRAIN_SPECIFIC_001,29,BRD_HUMAN_BELGIAN | BRD_HUMAN_GERMAN_DUTCH_FLEMISH_CONTINENTAL_WEST_GERMANIC_AFRIKANER_GERMAN | BRD_HUMAN_GERMAN_DUTCH_FLEMISH_CONTINENTAL_WEST_GERMANIC_ALEMANNIC | BRD_HUMAN_GERMAN_DUTCH_FLEMISH_CONTINENTAL_WEST_GERMANIC_ALSATIAN | BRD_HUMAN_GERMAN_DUTCH_FLEMISH_CONTINENTAL_WEST_GERMANIC_AUSTRIAN | BRD_HUMAN_GERMAN_DUTCH_FLEMISH_CONTINENTAL_WEST_GERMANIC_BAVARIAN | BRD_HUMAN_GERMAN_DUTCH_FLEMISH_CONTINENTAL_WEST_GERMANIC_CARINTHIAN | BRD_HUMAN_GERMAN_DUTCH_FLEMISH_CONTINENTAL_WEST_GERMANIC_DUTCH | BRD_HUMAN_GERMAN_DUTCH_FLEMISH_CONTINENTAL_WEST_GERMANIC_FLEMISH | BRD_HUMAN_GERMAN_DUTCH_FLEMISH_CONTINENTAL_WEST_GERMANIC_FLEMISH_DUTCH_LOW_COUNTRIES | BRD_HUMAN_GERMAN_DUTCH_FLEMISH_CONTINENTAL_WEST_GERMANIC_FRANCONIAN | BRD_HUMAN_GERMAN_DUTCH_FLEMISH_CONTINENTAL_WEST_GERMANIC_FRISIAN | BRD_HUMAN_GERMAN_DUTCH_FLEMISH_CONTINENTAL_WEST_GERMANIC_GERMAN | BRD_HUMAN_GERMAN_DUTCH_FLEMISH_CONTINENTAL_WEST_GERMANIC_GERMAN_BELGIAN | BRD_HUMAN_GERMAN_DUTCH_FLEMISH_CONTINENTAL_WEST_GERMANIC_GERMAN_SAXON | BRD_HUMAN_GERMAN_DUTCH_FLEMISH_CONTINENTAL_WEST_GERMANIC_LIECHTENSTEINER | BRD_HUMAN_GERMAN_DUTCH_FLEMISH_CONTINENTAL_WEST_GERMANIC_LIMBURGISH | BRD_HUMAN_GERMAN_DUTCH_FLEMISH_CONTINENTAL_WEST_GERMANIC_LOW_GERMAN | BRD_HUMAN_GERMAN_DUTCH_FLEMISH_CONTINENTAL_WEST_GERMANIC_LUXEMBOURGISH | BRD_HUMAN_GERMAN_DUTCH_FLEMISH_CONTINENTAL_WEST_GERMANIC_MENNONITE | BRD_HUMAN_GERMAN_DUTCH_FLEMISH_CONTINENTAL_WEST_GERMANIC_RHINELANDER | BRD_HUMAN_GERMAN_DUTCH_FLEMISH_CONTINENTAL_WEST_GERMANIC_SAXON_THURINGIAN | BRD_HUMAN_GERMAN_DUTCH_FLEMISH_CONTINENTAL_WEST_GERMANIC_SOUTH_TYROLEAN | BRD_HUMAN_GERMAN_DUTCH_FLEMISH_CONTINENTAL_WEST_GERMANIC_STYRIAN | BRD_HUMAN_GERMAN_DUTCH_FLEMISH_CONTINENTAL_WEST_GERMANIC_SWABIAN | BRD_HUMAN_GERMAN_DUTCH_FLEMISH_CONTINENTAL_WEST_GERMANIC_SWISS_GERMAN | BRD_HUMAN_GERMAN_DUTCH_FLEMISH_CONTINENTAL_WEST_GERMANIC_TYROLEAN | BRD_HUMAN_GERMAN_DUTCH_FLEMISH_CONTINENTAL_WEST_GERMANIC_VIENNESE | BRD_HUMAN_GERMAN_DUTCH_FLEMISH_CONTINENTAL_WEST_GERMANIC_VORARLBERGER
CLT_GREEK_AEGEAN_BYZANTINE,HUMAN_CULTURE,HUMAN,R11,H01,BRD_HUMAN_GREEK_AEGEAN_BYZANTINE_AEGEAN_GREEK | BRD_HUMAN_GREEK_AEGEAN_BYZANTINE_ANCIENT_GREEK_AEGEAN | BRD_HUMAN_GREEK_AEGEAN_BYZANTINE_BYZANTINE_ROMAN | BRD_HUMAN_GREEK_AEGEAN_BYZANTINE_GREEK | BRD_HUMAN_GREEK_AEGEAN_BYZANTINE_GREEK_CYPRIOT | BRD_HUMAN_GREEK_AEGEAN_BYZANTINE_PONTIC_GREEK,COLLECTIVE_MEMORY_TECHNIQUE_TRADITION,COASTAL | MOUNTAIN | BUILT_ENVIRONMENT,ISLAND | TEMPLE,SIMULATION_READY,EVD_JRN_R11_B01_CLT_GREEK_AEGEAN_BYZANTINE_PERSONALITY_ID_001 | EVD_JRN_R11_B01_CLT_GREEK_AEGEAN_BYZANTINE_TERRAIN_BROAD_001 | EVD_JRN_R11_B01_CLT_GREEK_AEGEAN_BYZANTINE_TERRAIN_SPECIFIC_001,6,BRD_HUMAN_GREEK_AEGEAN_BYZANTINE_AEGEAN_GREEK | BRD_HUMAN_GREEK_AEGEAN_BYZANTINE_ANCIENT_GREEK_AEGEAN | BRD_HUMAN_GREEK_AEGEAN_BYZANTINE_BYZANTINE_ROMAN | BRD_HUMAN_GREEK_AEGEAN_BYZANTINE_GREEK | BRD_HUMAN_GREEK_AEGEAN_BYZANTINE_GREEK_CYPRIOT | BRD_HUMAN_GREEK_AEGEAN_BYZANTINE_PONTIC_GREEK
CLT_GUARANI_CHACO,HUMAN_CULTURE,HUMAN,R23,H19,BRD_HUMAN_GUARANI_CHACO_CHACO_INDIGENOUS | BRD_HUMAN_GUARANI_CHACO_GUARANI,LOYALTY_GROUP_ALLEGIANCE_EXPRESSION,GRASSLAND | FOREST | WETLAND | BUILT_ENVIRONMENT,SAVANNA | SCRUBLAND | WOODLAND | SWAMP | VILLAGE,SIMULATION_READY,EVD_JRN_R23_B01_CLT_GUARANI_CHACO_PERSONALITY_ID_001 | EVD_JRN_R23_B01_CLT_GUARANI_CHACO_TERRAIN_BROAD_001 | EVD_JRN_R23_B01_CLT_GUARANI_CHACO_TERRAIN_SPECIFIC_001,2,BRD_HUMAN_GUARANI_CHACO_CHACO_INDIGENOUS | BRD_HUMAN_GUARANI_CHACO_GUARANI
CLT_GUJARATI,HUMAN_CULTURE,HUMAN,R15,H20,BRD_HUMAN_GUJARATI_GUJARATI | BRD_HUMAN_GUJARATI_GUJARATI_MUSLIM,RECIPROCITY_FOOD_SHARING_EXPRESSION,COASTAL | DESERT | GRASSLAND | BUILT_ENVIRONMENT,ESTUARY | HOT_DESERT | SCRUBLAND | CITY,SIMULATION_READY,EVD_JRN_R15_B01_CLT_GUJARATI_PERSONALITY_ID_001 | EVD_JRN_R15_B01_CLT_GUJARATI_TERRAIN_BROAD_001 | EVD_JRN_R15_B01_CLT_GUJARATI_TERRAIN_SPECIFIC_001,2,BRD_HUMAN_GUJARATI_GUJARATI | BRD_HUMAN_GUJARATI_GUJARATI_MUSLIM
CLT_GULF_VOLTA_WEST_AFRICAN_AKAN_GBE_GUR,HUMAN_CULTURE,HUMAN,R17,H05,BRD_HUMAN_GULF_VOLTA_WEST_AFRICAN_AKAN_GBE_GUR_AKAN_ASANTE | BRD_HUMAN_GULF_VOLTA_WEST_AFRICAN_AKAN_GBE_GUR_AKAN_BAOULE | BRD_HUMAN_GULF_VOLTA_WEST_AFRICAN_AKAN_GBE_GUR_BARIBA | BRD_HUMAN_GULF_VOLTA_WEST_AFRICAN_AKAN_GBE_GUR_EWE | BRD_HUMAN_GULF_VOLTA_WEST_AFRICAN_AKAN_GBE_GUR_FON_AJA | BRD_HUMAN_GULF_VOLTA_WEST_AFRICAN_AKAN_GBE_GUR_GA_ADANGBE | BRD_HUMAN_GULF_VOLTA_WEST_AFRICAN_AKAN_GBE_GUR_KABYE | BRD_HUMAN_GULF_VOLTA_WEST_AFRICAN_AKAN_GBE_GUR_MOLE_DAGBANI | BRD_HUMAN_GULF_VOLTA_WEST_AFRICAN_AKAN_GBE_GUR_MOSSI_GUR,COLLECTIVE_MEMORY_TECHNIQUE_TRADITION,FOREST | GRASSLAND | BUILT_ENVIRONMENT,RAIN_FOREST | SAVANNA | VILLAGE | TEMPLE | FARMLAND,SIMULATION_READY,EVD_JRN_R17_B01_CLT_GULF_VOLTA_WEST_AFRICAN_AKAN_GBE_GUR_PERSONALITY_ID_001 | EVD_JRN_R17_B01_CLT_GULF_VOLTA_WEST_AFRICAN_AKAN_GBE_GUR_TERRAIN_BROAD_001 | EVD_JRN_R17_B01_CLT_GULF_VOLTA_WEST_AFRICAN_AKAN_GBE_GUR_TERRAIN_SPECIFIC_001,9,BRD_HUMAN_GULF_VOLTA_WEST_AFRICAN_AKAN_GBE_GUR_AKAN_ASANTE | BRD_HUMAN_GULF_VOLTA_WEST_AFRICAN_AKAN_GBE_GUR_AKAN_BAOULE | BRD_HUMAN_GULF_VOLTA_WEST_AFRICAN_AKAN_GBE_GUR_BARIBA | BRD_HUMAN_GULF_VOLTA_WEST_AFRICAN_AKAN_GBE_GUR_EWE | BRD_HUMAN_GULF_VOLTA_WEST_AFRICAN_AKAN_GBE_GUR_FON_AJA | BRD_HUMAN_GULF_VOLTA_WEST_AFRICAN_AKAN_GBE_GUR_GA_ADANGBE | BRD_HUMAN_GULF_VOLTA_WEST_AFRICAN_AKAN_GBE_GUR_KABYE | BRD_HUMAN_GULF_VOLTA_WEST_AFRICAN_AKAN_GBE_GUR_MOLE_DAGBANI | BRD_HUMAN_GULF_VOLTA_WEST_AFRICAN_AKAN_GBE_GUR_MOSSI_GUR
CLT_GULLAH_GEECHEE,HUMAN_CULTURE,HUMAN,R17,H23,BRD_HUMAN_GULLAH_GEECHEE_GULLAH_GEECHEE,COLLECTIVE_MEMORY_TECHNIQUE_TRADITION,COASTAL | OCEAN | WETLAND | BUILT_ENVIRONMENT,ISLAND | MARSH | FARMLAND | VILLAGE,SIMULATION_READY,EVD_JRN_R17_B01_CLT_GULLAH_GEECHEE_PERSONALITY_ID_001 | EVD_JRN_R17_B01_CLT_GULLAH_GEECHEE_TERRAIN_BROAD_001 | EVD_JRN_R17_B01_CLT_GULLAH_GEECHEE_TERRAIN_SPECIFIC_001,1,BRD_HUMAN_GULLAH_GEECHEE_GULLAH_GEECHEE
CLT_HAUDENOSAUNEE,HUMAN_CULTURE,HUMAN,R01,H02,BRD_HUMAN_HAUDENOSAUNEE_HAUDENOSAUNEE,REPAIR_DESTROYED_INFRASTRUCTURE_WOUND,FRESHWATER,RIVER | LAKE,SIMULATION_READY,EVD_JRN_R01_B02_CLT_HAUDENOSAUNEE_PERSONALITY_ID_001 | EVD_JRN_R01_B02_CLT_HAUDENOSAUNEE_TERRAIN_BROAD_001 | EVD_JRN_R01_B02_CLT_HAUDENOSAUNEE_TERRAIN_SPECIFIC_001,1,BRD_HUMAN_HAUDENOSAUNEE_HAUDENOSAUNEE
CLT_HAUSA_KANURI_SAHEL,HUMAN_CULTURE,HUMAN,R14,H11,BRD_HUMAN_HAUSA_KANURI_SAHEL_HAUSA | BRD_HUMAN_HAUSA_KANURI_SAHEL_HAUSA_KANURI | BRD_HUMAN_HAUSA_KANURI_SAHEL_KANURI,COLLECTIVE_MEMORY_TECHNIQUE_TRADITION,DESERT | GRASSLAND | WETLAND | FRESHWATER | BUILT_ENVIRONMENT,STEPPE | SAVANNA | LAKE | RIVER | CITY | FARMLAND,SIMULATION_READY,EVD_JRN_R14_B02_CLT_HAUSA_KANURI_SAHEL_PERSONALITY_ID_001 | EVD_JRN_R14_B02_CLT_HAUSA_KANURI_SAHEL_TERRAIN_BROAD_001 | EVD_JRN_R14_B02_CLT_HAUSA_KANURI_SAHEL_TERRAIN_SPECIFIC_001,3,BRD_HUMAN_HAUSA_KANURI_SAHEL_HAUSA | BRD_HUMAN_HAUSA_KANURI_SAHEL_HAUSA_KANURI | BRD_HUMAN_HAUSA_KANURI_SAHEL_KANURI
CLT_HISPANIC_AMERICAN_MESTIZO,HUMAN_CULTURE,HUMAN,R21,H07,BRD_HUMAN_COLOMBIAN | BRD_HUMAN_CUBAN | BRD_HUMAN_HISPANIC_AMERICAN_MESTIZO_ANDEAN | BRD_HUMAN_HISPANIC_AMERICAN_MESTIZO_ARGENTINE | BRD_HUMAN_HISPANIC_AMERICAN_MESTIZO_CHILEAN | BRD_HUMAN_HISPANIC_AMERICAN_MESTIZO_COLOMBIAN_MESTIZO | BRD_HUMAN_HISPANIC_AMERICAN_MESTIZO_COSTA_RICAN | BRD_HUMAN_HISPANIC_AMERICAN_MESTIZO_CUBAN | BRD_HUMAN_HISPANIC_AMERICAN_MESTIZO_DOMINICAN | BRD_HUMAN_HISPANIC_AMERICAN_MESTIZO_ECUADORIAN_MESTIZO | BRD_HUMAN_HISPANIC_AMERICAN_MESTIZO_LADINO_MESTIZO | BRD_HUMAN_HISPANIC_AMERICAN_MESTIZO_MESTIZO | BRD_HUMAN_HISPANIC_AMERICAN_MESTIZO_MEXICAN_AMERICAN | BRD_HUMAN_HISPANIC_AMERICAN_MESTIZO_NICARAGUAN_MESTIZO | BRD_HUMAN_HISPANIC_AMERICAN_MESTIZO_PANAMANIAN_MESTIZO | BRD_HUMAN_HISPANIC_AMERICAN_MESTIZO_PUERTO_RICAN | BRD_HUMAN_HISPANIC_AMERICAN_MESTIZO_URUGUAYAN | BRD_HUMAN_HISPANIC_AMERICAN_MESTIZO_VENEZUELAN_MESTIZO | BRD_HUMAN_MEXICAN,AMBIGUITY_BETWEEN_STATES_CONFLICT,GENERALIST,GENERALIST,SIMULATION_READY,EVD_JRN_R21_B01_CLT_HISPANIC_AMERICAN_MESTIZO_PERSONALITY_ID_001 | EVD_JRN_R21_B01_CLT_HISPANIC_AMERICAN_MESTIZO_TERRAIN_BROAD_001 | EVD_JRN_R21_B01_CLT_HISPANIC_AMERICAN_MESTIZO_TERRAIN_SPECIFIC_001,19,BRD_HUMAN_COLOMBIAN | BRD_HUMAN_CUBAN | BRD_HUMAN_HISPANIC_AMERICAN_MESTIZO_ANDEAN | BRD_HUMAN_HISPANIC_AMERICAN_MESTIZO_ARGENTINE | BRD_HUMAN_HISPANIC_AMERICAN_MESTIZO_CHILEAN | BRD_HUMAN_HISPANIC_AMERICAN_MESTIZO_COLOMBIAN_MESTIZO | BRD_HUMAN_HISPANIC_AMERICAN_MESTIZO_COSTA_RICAN | BRD_HUMAN_HISPANIC_AMERICAN_MESTIZO_CUBAN | BRD_HUMAN_HISPANIC_AMERICAN_MESTIZO_DOMINICAN | BRD_HUMAN_HISPANIC_AMERICAN_MESTIZO_ECUADORIAN_MESTIZO | BRD_HUMAN_HISPANIC_AMERICAN_MESTIZO_LADINO_MESTIZO | BRD_HUMAN_HISPANIC_AMERICAN_MESTIZO_MESTIZO | BRD_HUMAN_HISPANIC_AMERICAN_MESTIZO_MEXICAN_AMERICAN | BRD_HUMAN_HISPANIC_AMERICAN_MESTIZO_NICARAGUAN_MESTIZO | BRD_HUMAN_HISPANIC_AMERICAN_MESTIZO_PANAMANIAN_MESTIZO | BRD_HUMAN_HISPANIC_AMERICAN_MESTIZO_PUERTO_RICAN | BRD_HUMAN_HISPANIC_AMERICAN_MESTIZO_URUGUAYAN | BRD_HUMAN_HISPANIC_AMERICAN_MESTIZO_VENEZUELAN_MESTIZO | BRD_HUMAN_MEXICAN
CLT_HOPI,HUMAN_CULTURE,HUMAN,R01,H02,BRD_HUMAN_HOPI_HOPI | BRD_HUMAN_HOPI_HOPI_PUEBLO,AUTHENTICITY_ASSIMILATION_WOUND,DESERT | GRASSLAND | FOREST,PLATEAU | WOODLAND,SIMULATION_READY,EVD_JRN_R01_B02_CLT_HOPI_PERSONALITY_ID_001 | EVD_JRN_R01_B02_CLT_HOPI_TERRAIN_BROAD_001 | EVD_JRN_R01_B02_CLT_HOPI_TERRAIN_SPECIFIC_001,2,BRD_HUMAN_HOPI_HOPI | BRD_HUMAN_HOPI_HOPI_PUEBLO
CLT_HUNGARIAN_MAGYAR,HUMAN_CULTURE,HUMAN,R15,H04,BRD_HUMAN_HUNGARIAN_MAGYAR_BURGENLAND_HUNGARIAN | BRD_HUMAN_HUNGARIAN_MAGYAR_HUNGARIAN | BRD_HUMAN_HUNGARIAN_MAGYAR_HUNGARIAN_MAGYAR | BRD_HUMAN_HUNGARIAN_MAGYAR_SZEKELY_HUNGARIAN,COLLECTIVE_MEMORY_LIVING_MEMORIAL_CONFLICT,GRASSLAND | FRESHWATER | BUILT_ENVIRONMENT,STEPPE | RIVER | FLOODPLAIN | CITY,SIMULATION_READY,EVD_JRN_R15_B01_CLT_HUNGARIAN_MAGYAR_PERSONALITY_ID_001 | EVD_JRN_R15_B01_CLT_HUNGARIAN_MAGYAR_TERRAIN_BROAD_001 | EVD_JRN_R15_B01_CLT_HUNGARIAN_MAGYAR_TERRAIN_SPECIFIC_001,4,BRD_HUMAN_HUNGARIAN_MAGYAR_BURGENLAND_HUNGARIAN | BRD_HUMAN_HUNGARIAN_MAGYAR_HUNGARIAN | BRD_HUMAN_HUNGARIAN_MAGYAR_HUNGARIAN_MAGYAR | BRD_HUMAN_HUNGARIAN_MAGYAR_SZEKELY_HUNGARIAN
CLT_IBERIAN_ATLANTIC_PORTUGUESE_CREOLE,HUMAN_CULTURE,HUMAN,R21,H07,BRD_HUMAN_BRAZILIAN | BRD_HUMAN_IBERIAN_ATLANTIC_PORTUGUESE_CREOLE_ANGOLAR | BRD_HUMAN_IBERIAN_ATLANTIC_PORTUGUESE_CREOLE_ANNOBONESE | BRD_HUMAN_IBERIAN_ATLANTIC_PORTUGUESE_CREOLE_ARUBAN | BRD_HUMAN_IBERIAN_ATLANTIC_PORTUGUESE_CREOLE_AZOREAN | BRD_HUMAN_IBERIAN_ATLANTIC_PORTUGUESE_CREOLE_BISSAU_KRIOL | BRD_HUMAN_IBERIAN_ATLANTIC_PORTUGUESE_CREOLE_BONAIREAN | BRD_HUMAN_IBERIAN_ATLANTIC_PORTUGUESE_CREOLE_CABO_VERDEAN | BRD_HUMAN_IBERIAN_ATLANTIC_PORTUGUESE_CREOLE_CURACAOAN | BRD_HUMAN_IBERIAN_ATLANTIC_PORTUGUESE_CREOLE_FORRO | BRD_HUMAN_IBERIAN_ATLANTIC_PORTUGUESE_CREOLE_GALICIAN | BRD_HUMAN_IBERIAN_ATLANTIC_PORTUGUESE_CREOLE_LUSO_BRAZILIAN | BRD_HUMAN_IBERIAN_ATLANTIC_PORTUGUESE_CREOLE_MACANESE_CREOLE | BRD_HUMAN_IBERIAN_ATLANTIC_PORTUGUESE_CREOLE_MADEIRAN | BRD_HUMAN_IBERIAN_ATLANTIC_PORTUGUESE_CREOLE_PORTUGUESE | BRD_HUMAN_IBERIAN_ATLANTIC_PORTUGUESE_CREOLE_PORTUGUESE_ATLANTIC,AMBIGUITY_CONTEXT_SHIFTING_SIGNAL_EXPRESSION,COASTAL | OCEAN | BUILT_ENVIRONMENT,ISLAND | CITY | VILLAGE,SIMULATION_READY,EVD_JRN_R21_B01_CLT_IBERIAN_ATLANTIC_PORTUGUESE_CREOLE_PERSONALITY_ID_001 | EVD_JRN_R21_B01_CLT_IBERIAN_ATLANTIC_PORTUGUESE_CREOLE_TERRAIN_BROAD_001 | EVD_JRN_R21_B01_CLT_IBERIAN_ATLANTIC_PORTUGUESE_CREOLE_TERRAIN_SPECIFIC_001,16,BRD_HUMAN_BRAZILIAN | BRD_HUMAN_IBERIAN_ATLANTIC_PORTUGUESE_CREOLE_ANGOLAR | BRD_HUMAN_IBERIAN_ATLANTIC_PORTUGUESE_CREOLE_ANNOBONESE | BRD_HUMAN_IBERIAN_ATLANTIC_PORTUGUESE_CREOLE_ARUBAN | BRD_HUMAN_IBERIAN_ATLANTIC_PORTUGUESE_CREOLE_AZOREAN | BRD_HUMAN_IBERIAN_ATLANTIC_PORTUGUESE_CREOLE_BISSAU_KRIOL | BRD_HUMAN_IBERIAN_ATLANTIC_PORTUGUESE_CREOLE_BONAIREAN | BRD_HUMAN_IBERIAN_ATLANTIC_PORTUGUESE_CREOLE_CABO_VERDEAN | BRD_HUMAN_IBERIAN_ATLANTIC_PORTUGUESE_CREOLE_CURACAOAN | BRD_HUMAN_IBERIAN_ATLANTIC_PORTUGUESE_CREOLE_FORRO | BRD_HUMAN_IBERIAN_ATLANTIC_PORTUGUESE_CREOLE_GALICIAN | BRD_HUMAN_IBERIAN_ATLANTIC_PORTUGUESE_CREOLE_LUSO_BRAZILIAN | BRD_HUMAN_IBERIAN_ATLANTIC_PORTUGUESE_CREOLE_MACANESE_CREOLE | BRD_HUMAN_IBERIAN_ATLANTIC_PORTUGUESE_CREOLE_MADEIRAN | BRD_HUMAN_IBERIAN_ATLANTIC_PORTUGUESE_CREOLE_PORTUGUESE | BRD_HUMAN_IBERIAN_ATLANTIC_PORTUGUESE_CREOLE_PORTUGUESE_ATLANTIC
CLT_IGBO,HUMAN_CULTURE,HUMAN,R17,H05,BRD_HUMAN_IGBO_IGBO,COOPERATION_CIRCLE_DEPENDENT_POWER_CONFLICT,FOREST | FRESHWATER | BUILT_ENVIRONMENT,RAIN_FOREST | RIVER | FARMLAND | VILLAGE | CITY,SIMULATION_READY,EVD_JRN_R17_B01_CLT_IGBO_PERSONALITY_ID_001 | EVD_JRN_R17_B01_CLT_IGBO_TERRAIN_BROAD_001 | EVD_JRN_R17_B01_CLT_IGBO_TERRAIN_SPECIFIC_001,1,BRD_HUMAN_IGBO_IGBO
CLT_INDIAN_OCEAN_CREOLE,HUMAN_CULTURE,HUMAN,R04,H08,BRD_HUMAN_INDIAN_OCEAN_CREOLE_CHAGOSSIAN | BRD_HUMAN_INDIAN_OCEAN_CREOLE_MAURITIAN_CREOLE | BRD_HUMAN_INDIAN_OCEAN_CREOLE_REUNION_CREOLE | BRD_HUMAN_INDIAN_OCEAN_CREOLE_SEYCHELLOIS_CREOLE,COLLECTIVE_MEMORY_TECHNIQUE_TRADITION,COASTAL | OCEAN | BUILT_ENVIRONMENT,ISLAND,SIMULATION_READY,EVD_JRN_R04_B01_CLT_INDIAN_OCEAN_CREOLE_PERSONALITY_ID_001 | EVD_JRN_R04_B01_CLT_INDIAN_OCEAN_CREOLE_TERRAIN_BROAD_001 | EVD_JRN_R04_B01_CLT_INDIAN_OCEAN_CREOLE_TERRAIN_SPECIFIC_001,4,BRD_HUMAN_INDIAN_OCEAN_CREOLE_CHAGOSSIAN | BRD_HUMAN_INDIAN_OCEAN_CREOLE_MAURITIAN_CREOLE | BRD_HUMAN_INDIAN_OCEAN_CREOLE_REUNION_CREOLE | BRD_HUMAN_INDIAN_OCEAN_CREOLE_SEYCHELLOIS_CREOLE
CLT_INDIAN_OCEAN_MUSLIM_CAPE_MALAY_MALDIVIAN,HUMAN_CULTURE,HUMAN,R16,H14,BRD_HUMAN_INDIAN_OCEAN_MUSLIM_CAPE_MALAY_MALDIVIAN_CAPE_MALAY | BRD_HUMAN_INDIAN_OCEAN_MUSLIM_CAPE_MALAY_MALDIVIAN_INDO_TRINIDADIAN | BRD_HUMAN_INDIAN_OCEAN_MUSLIM_CAPE_MALAY_MALDIVIAN_LANKAN_MOOR | BRD_HUMAN_INDIAN_OCEAN_MUSLIM_CAPE_MALAY_MALDIVIAN_MALDIVIAN,POWER_COLONIAL_POWER_WOUND,COASTAL | OCEAN | BUILT_ENVIRONMENT,ISLAND | PELAGIC | CITY | VILLAGE,SIMULATION_READY,EVD_JRN_R16_B01_CLT_INDIAN_OCEAN_MUSLIM_CAPE_MALAY_MALDIVIAN_PERSONALITY_ID_001 | EVD_JRN_R16_B01_CLT_INDIAN_OCEAN_MUSLIM_CAPE_MALAY_MALDIVIAN_TERRAIN_BROAD_001 | EVD_JRN_R16_B01_CLT_INDIAN_OCEAN_MUSLIM_CAPE_MALAY_MALDIVIAN_TERRAIN_SPECIFIC_001,4,BRD_HUMAN_INDIAN_OCEAN_MUSLIM_CAPE_MALAY_MALDIVIAN_CAPE_MALAY | BRD_HUMAN_INDIAN_OCEAN_MUSLIM_CAPE_MALAY_MALDIVIAN_INDO_TRINIDADIAN | BRD_HUMAN_INDIAN_OCEAN_MUSLIM_CAPE_MALAY_MALDIVIAN_LANKAN_MOOR | BRD_HUMAN_INDIAN_OCEAN_MUSLIM_CAPE_MALAY_MALDIVIAN_MALDIVIAN
CLT_INUIT_YUPIK,HUMAN_CULTURE,HUMAN,R09,H10,BRD_HUMAN_INUIT_YUPIK_GREENLANDIC_INUIT | BRD_HUMAN_INUIT_YUPIK_INUIT | BRD_HUMAN_INUIT_YUPIK_INUIT_YUPIK,LAND_REMOVAL_WOUND,POLAR_ICE | COASTAL,TUNDRA | ISLAND,SIMULATION_READY,EVD_JRN_R09_B01_CLT_INUIT_YUPIK_PERSONALITY_ID_001 | EVD_JRN_R09_B01_CLT_INUIT_YUPIK_TERRAIN_BROAD_001 | EVD_JRN_R09_B01_CLT_INUIT_YUPIK_TERRAIN_SPECIFIC_001,3,BRD_HUMAN_INUIT_YUPIK_GREENLANDIC_INUIT | BRD_HUMAN_INUIT_YUPIK_INUIT | BRD_HUMAN_INUIT_YUPIK_INUIT_YUPIK
CLT_IRISH_GAELIC,HUMAN_CULTURE,HUMAN,R03,H24,BRD_HUMAN_IRISH_GAELIC_GAELTACHT_IRISH | BRD_HUMAN_IRISH_GAELIC_HIGHLAND_SCOTS | BRD_HUMAN_IRISH_GAELIC_IRISH | BRD_HUMAN_IRISH_GAELIC_IRISH_GAELIC | BRD_HUMAN_IRISH_GAELIC_MANX,COLLECTIVE_MEMORY_TECHNIQUE_TRADITION,MOUNTAIN | FRESHWATER | SUBTERRANEAN,FJORD | KARST | CAVE,SIMULATION_READY,EVD_JRN_R03_B01_CLT_IRISH_GAELIC_PERSONALITY_ID_001 | EVD_JRN_R03_B01_CLT_IRISH_GAELIC_TERRAIN_BROAD_001 | EVD_JRN_R03_B01_CLT_IRISH_GAELIC_TERRAIN_SPECIFIC_001,5,BRD_HUMAN_IRISH_GAELIC_GAELTACHT_IRISH | BRD_HUMAN_IRISH_GAELIC_HIGHLAND_SCOTS | BRD_HUMAN_IRISH_GAELIC_IRISH | BRD_HUMAN_IRISH_GAELIC_IRISH_GAELIC | BRD_HUMAN_IRISH_GAELIC_MANX
CLT_ITALIAN_CENTRAL_MEDITERRANEAN,HUMAN_CULTURE,HUMAN,R11,H01,BRD_HUMAN_ITALIAN_CENTRAL_MEDITERRANEAN_CORSICAN | BRD_HUMAN_ITALIAN_CENTRAL_MEDITERRANEAN_DALMATIAN_ISTRIAN | BRD_HUMAN_ITALIAN_CENTRAL_MEDITERRANEAN_ISTRIAN | BRD_HUMAN_ITALIAN_CENTRAL_MEDITERRANEAN_ITALIAN | BRD_HUMAN_ITALIAN_CENTRAL_MEDITERRANEAN_MALTESE | BRD_HUMAN_ITALIAN_CENTRAL_MEDITERRANEAN_ROMANSH | BRD_HUMAN_ITALIAN_CENTRAL_MEDITERRANEAN_ROMAN_IMPERIAL | BRD_HUMAN_ITALIAN_CENTRAL_MEDITERRANEAN_ROMAN_LAZIALE | BRD_HUMAN_ITALIAN_CENTRAL_MEDITERRANEAN_SAMMARINESE | BRD_HUMAN_ITALIAN_CENTRAL_MEDITERRANEAN_SARDINIAN | BRD_HUMAN_ITALIAN_CENTRAL_MEDITERRANEAN_SOUTHERN_ITALIAN | BRD_HUMAN_ITALIAN_CENTRAL_MEDITERRANEAN_TICINESE | BRD_HUMAN_ITALIAN_CENTRAL_MEDITERRANEAN_VENETIAN,RECIPROCITY_FOOD_SHARING_EXPRESSION,COASTAL | BUILT_ENVIRONMENT,FARMLAND | CITY | VILLAGE,SIMULATION_READY,EVD_JRN_R11_B01_CLT_ITALIAN_CENTRAL_MEDITERRANEAN_PERSONALITY_ID_001 | EVD_JRN_R11_B01_CLT_ITALIAN_CENTRAL_MEDITERRANEAN_TERRAIN_BROAD_001 | EVD_JRN_R11_B01_CLT_ITALIAN_CENTRAL_MEDITERRANEAN_TERRAIN_SPECIFIC_001,13,BRD_HUMAN_ITALIAN_CENTRAL_MEDITERRANEAN_CORSICAN | BRD_HUMAN_ITALIAN_CENTRAL_MEDITERRANEAN_DALMATIAN_ISTRIAN | BRD_HUMAN_ITALIAN_CENTRAL_MEDITERRANEAN_ISTRIAN | BRD_HUMAN_ITALIAN_CENTRAL_MEDITERRANEAN_ITALIAN | BRD_HUMAN_ITALIAN_CENTRAL_MEDITERRANEAN_MALTESE | BRD_HUMAN_ITALIAN_CENTRAL_MEDITERRANEAN_ROMAN_IMPERIAL | BRD_HUMAN_ITALIAN_CENTRAL_MEDITERRANEAN_ROMAN_LAZIALE | BRD_HUMAN_ITALIAN_CENTRAL_MEDITERRANEAN_ROMANSH | BRD_HUMAN_ITALIAN_CENTRAL_MEDITERRANEAN_SAMMARINESE | BRD_HUMAN_ITALIAN_CENTRAL_MEDITERRANEAN_SARDINIAN | BRD_HUMAN_ITALIAN_CENTRAL_MEDITERRANEAN_SOUTHERN_ITALIAN | BRD_HUMAN_ITALIAN_CENTRAL_MEDITERRANEAN_TICINESE | BRD_HUMAN_ITALIAN_CENTRAL_MEDITERRANEAN_VENETIAN
CLT_JAPANESE,HUMAN_CULTURE,HUMAN,R08,H09,BRD_HUMAN_JAPANESE_JAPANESE | BRD_HUMAN_JAPANESE_RYUKYUAN | BRD_HUMAN_JAPANESE_YAMATO_JAPANESE,COLLECTIVE_MEMORY_TECHNIQUE_TRADITION,COASTAL | MOUNTAIN | GRASSLAND,ISLAND | ALPINE | FARMLAND,SIMULATION_READY,EVD_JRN_R08_B01_CLT_JAPANESE_PERSONALITY_ID_001 | EVD_JRN_R08_B01_CLT_JAPANESE_TERRAIN_BROAD_001 | EVD_JRN_R08_B01_CLT_JAPANESE_TERRAIN_SPECIFIC_001,3,BRD_HUMAN_JAPANESE_JAPANESE | BRD_HUMAN_JAPANESE_RYUKYUAN | BRD_HUMAN_JAPANESE_YAMATO_JAPANESE
CLT_JAVA_JAVANESE_SUNDANESE,HUMAN_CULTURE,HUMAN,R16,H15,BRD_HUMAN_JAVA_JAVANESE_SUNDANESE_JAVANESE | BRD_HUMAN_JAVA_JAVANESE_SUNDANESE_SUNDANESE,COLLECTIVE_MEMORY_LIVING_MEMORIAL_CONFLICT,MOUNTAIN | FOREST | COASTAL | FRESHWATER | BUILT_ENVIRONMENT,VOLCANIC | MONTANE_FOREST | FARMLAND | COASTAL_CLIFF | CITY,SIMULATION_READY,EVD_JRN_R16_B01_CLT_JAVA_JAVANESE_SUNDANESE_PERSONALITY_ID_001 | EVD_JRN_R16_B01_CLT_JAVA_JAVANESE_SUNDANESE_TERRAIN_BROAD_001 | EVD_JRN_R16_B01_CLT_JAVA_JAVANESE_SUNDANESE_TERRAIN_SPECIFIC_001,2,BRD_HUMAN_JAVA_JAVANESE_SUNDANESE_JAVANESE | BRD_HUMAN_JAVA_JAVANESE_SUNDANESE_SUNDANESE
CLT_JEWISH_DIASPORA,HUMAN_CULTURE,HUMAN,R21,H07,BRD_HUMAN_JEWISH_DIASPORA_ISRAELI_JEWISH | BRD_HUMAN_JEWISH_DIASPORA_JEWISH_AMERICAN | BRD_HUMAN_JEWISH_DIASPORA_JEWISH_DIASPORA,COLLECTIVE_MEMORY_TECHNIQUE_TRADITION,GENERALIST,GENERALIST,SIMULATION_READY,EVD_JRN_R21_B01_CLT_JEWISH_DIASPORA_PERSONALITY_ID_001 | EVD_JRN_R21_B01_CLT_JEWISH_DIASPORA_TERRAIN_BROAD_001 | EVD_JRN_R21_B01_CLT_JEWISH_DIASPORA_TERRAIN_SPECIFIC_001,3,BRD_HUMAN_JEWISH_DIASPORA_ISRAELI_JEWISH | BRD_HUMAN_JEWISH_DIASPORA_JEWISH_AMERICAN | BRD_HUMAN_JEWISH_DIASPORA_JEWISH_DIASPORA
CLT_KANAKA_MAOLI_HAWAIIAN,HUMAN_CULTURE,HUMAN,R19,H18,BRD_HUMAN_KANAKA_MAOLI_HAWAIIAN_KANAKA_MAOLI_HAWAIIAN | BRD_HUMAN_KANAKA_MAOLI_HAWAIIAN_NATIVE_HAWAIIAN,LAND_ROOTEDNESS_VERSUS_FREEDOM_CONFLICT,OCEAN | COASTAL | GRASSLAND | BUILT_ENVIRONMENT,PELAGIC | CORAL_REEF | ISLAND | DUNES | TEMPLE,SIMULATION_READY,EVD_JRN_R19_B01_CLT_KANAKA_MAOLI_HAWAIIAN_PERSONALITY_ID_001 | EVD_JRN_R19_B01_CLT_KANAKA_MAOLI_HAWAIIAN_TERRAIN_BROAD_001 | EVD_JRN_R19_B01_CLT_KANAKA_MAOLI_HAWAIIAN_TERRAIN_SPECIFIC_001,2,BRD_HUMAN_KANAKA_MAOLI_HAWAIIAN_KANAKA_MAOLI_HAWAIIAN | BRD_HUMAN_KANAKA_MAOLI_HAWAIIAN_NATIVE_HAWAIIAN
CLT_KHMER,HUMAN_CULTURE,HUMAN,R16,H14,BRD_HUMAN_KHMER_KHMER | BRD_HUMAN_KHMER_KHMER_KROM,CONTROL_ENVIRONMENT_ENGINEERING_EXPRESSION,FOREST | WETLAND | FRESHWATER | BUILT_ENVIRONMENT,RAIN_FOREST | LAKE | RIVER | SWAMP | FARMLAND | CITY | TEMPLE,SIMULATION_READY,EVD_JRN_R16_B01_CLT_KHMER_PERSONALITY_ID_001 | EVD_JRN_R16_B01_CLT_KHMER_TERRAIN_BROAD_001 | EVD_JRN_R16_B01_CLT_KHMER_TERRAIN_SPECIFIC_001,2,BRD_HUMAN_KHMER_KHMER | BRD_HUMAN_KHMER_KHMER_KROM
CLT_KIPCHAK_AND_NORTHERN_TURKIC,HUMAN_CULTURE,HUMAN,R02,H06,BRD_HUMAN_KIPCHAK_AND_NORTHERN_TURKIC_KARAKALPAK | BRD_HUMAN_KIPCHAK_AND_NORTHERN_TURKIC_KAZAKH | BRD_HUMAN_KIPCHAK_AND_NORTHERN_TURKIC_KYRGYZ | BRD_HUMAN_KIPCHAK_AND_NORTHERN_TURKIC_SIBERIAN_TURKIC | BRD_HUMAN_KIPCHAK_AND_NORTHERN_TURKIC_TATAR_BASHKIR,EXILE_NOMADIC_CONTINUITY_EXPRESSION,GRASSLAND,STEPPE,SIMULATION_READY,EVD_JRN_R02_B02_CLT_KIPCHAK_AND_NORTHERN_TURKIC_PERSONALITY_ID_001 | EVD_JRN_R02_B02_CLT_KIPCHAK_AND_NORTHERN_TURKIC_TERRAIN_BROAD_001 | EVD_JRN_R02_B02_CLT_KIPCHAK_AND_NORTHERN_TURKIC_TERRAIN_SPECIFIC_001,5,BRD_HUMAN_KIPCHAK_AND_NORTHERN_TURKIC_KARAKALPAK | BRD_HUMAN_KIPCHAK_AND_NORTHERN_TURKIC_KAZAKH | BRD_HUMAN_KIPCHAK_AND_NORTHERN_TURKIC_KYRGYZ | BRD_HUMAN_KIPCHAK_AND_NORTHERN_TURKIC_SIBERIAN_TURKIC | BRD_HUMAN_KIPCHAK_AND_NORTHERN_TURKIC_TATAR_BASHKIR
CLT_KOREAN,HUMAN_CULTURE,HUMAN,R08,H09,BRD_HUMAN_KOREAN_KOREAN,COLLECTIVE_MEMORY_TECHNIQUE_TRADITION,GENERALIST,GENERALIST,SIMULATION_READY,EVD_JRN_R08_B01_CLT_KOREAN_PERSONALITY_ID_001 | EVD_JRN_R08_B01_CLT_KOREAN_TERRAIN_BROAD_001 | EVD_JRN_R08_B01_CLT_KOREAN_TERRAIN_SPECIFIC_001,1,BRD_HUMAN_KOREAN_KOREAN
CLT_KURDISH,HUMAN_CULTURE,HUMAN,R06,H12,BRD_HUMAN_KURDISH_KURDISH,MEANING_RITUAL_ACTION_EXPRESSION,MOUNTAIN | FRESHWATER,RIVER,SIMULATION_READY,EVD_JRN_R06_B01_CLT_KURDISH_PERSONALITY_ID_001 | EVD_JRN_R06_B01_CLT_KURDISH_TERRAIN_BROAD_001 | EVD_JRN_R06_B01_CLT_KURDISH_TERRAIN_SPECIFIC_001,1,BRD_HUMAN_KURDISH_KURDISH
CLT_LEVANTINE_ARAB,HUMAN_CULTURE,HUMAN,R13,H13,BRD_HUMAN_LEBANESE | BRD_HUMAN_LEVANTINE_ARAB_DRUZE | BRD_HUMAN_LEVANTINE_ARAB_HATAY_ARAB | BRD_HUMAN_LEVANTINE_ARAB_JORDANIAN_PALESTINIAN | BRD_HUMAN_LEVANTINE_ARAB_LEBANESE_ARAB | BRD_HUMAN_LEVANTINE_ARAB_LEVANTINE_ARAB | BRD_HUMAN_LEVANTINE_ARAB_PALESTINIAN | BRD_HUMAN_LEVANTINE_ARAB_PALESTINIAN_ARAB | BRD_HUMAN_LEVANTINE_ARAB_SYRIAN_ARAB,BOUNDARIES_LAND_BOUNDARY_WOUND,MOUNTAIN | FRESHWATER | BUILT_ENVIRONMENT | GRASSLAND,CANYON | FARMLAND | VILLAGE,SIMULATION_READY,EVD_JRN_R13_B01_CLT_LEVANTINE_ARAB_PERSONALITY_ID_001 | EVD_JRN_R13_B01_CLT_LEVANTINE_ARAB_TERRAIN_BROAD_001 | EVD_JRN_R13_B01_CLT_LEVANTINE_ARAB_TERRAIN_SPECIFIC_001,9,BRD_HUMAN_LEBANESE | BRD_HUMAN_LEVANTINE_ARAB_DRUZE | BRD_HUMAN_LEVANTINE_ARAB_HATAY_ARAB | BRD_HUMAN_LEVANTINE_ARAB_JORDANIAN_PALESTINIAN | BRD_HUMAN_LEVANTINE_ARAB_LEBANESE_ARAB | BRD_HUMAN_LEVANTINE_ARAB_LEVANTINE_ARAB | BRD_HUMAN_LEVANTINE_ARAB_PALESTINIAN | BRD_HUMAN_LEVANTINE_ARAB_PALESTINIAN_ARAB | BRD_HUMAN_LEVANTINE_ARAB_SYRIAN_ARAB
CLT_LOWLAND_FILIPINO_TAGALOG_VISAYAN,HUMAN_CULTURE,HUMAN,R16,H15,BRD_HUMAN_LOWLAND_FILIPINO_TAGALOG_VISAYAN_FILIPINO | BRD_HUMAN_LOWLAND_FILIPINO_TAGALOG_VISAYAN_TAGALOG | BRD_HUMAN_LOWLAND_FILIPINO_TAGALOG_VISAYAN_TAGALOG_LOWLAND_FILIPINO | BRD_HUMAN_LOWLAND_FILIPINO_TAGALOG_VISAYAN_VISAYAN,COLLECTIVE_MEMORY_LIVING_MEMORIAL_CONFLICT,COASTAL | OCEAN | FRESHWATER | FOREST | BUILT_ENVIRONMENT,ISLAND | PELAGIC | RIVER | FARMLAND | CITY | VILLAGE,SIMULATION_READY,EVD_JRN_R16_B01_CLT_LOWLAND_FILIPINO_TAGALOG_VISAYAN_PERSONALITY_ID_001 | EVD_JRN_R16_B01_CLT_LOWLAND_FILIPINO_TAGALOG_VISAYAN_TERRAIN_BROAD_001 | EVD_JRN_R16_B01_CLT_LOWLAND_FILIPINO_TAGALOG_VISAYAN_TERRAIN_SPECIFIC_001,4,BRD_HUMAN_LOWLAND_FILIPINO_TAGALOG_VISAYAN_FILIPINO | BRD_HUMAN_LOWLAND_FILIPINO_TAGALOG_VISAYAN_TAGALOG | BRD_HUMAN_LOWLAND_FILIPINO_TAGALOG_VISAYAN_TAGALOG_LOWLAND_FILIPINO | BRD_HUMAN_LOWLAND_FILIPINO_TAGALOG_VISAYAN_VISAYAN
CLT_MAASAI_NILOTIC_EAST_AFRICA,HUMAN_CULTURE,HUMAN,R04,H08,BRD_HUMAN_MAASAI_NILOTIC_EAST_AFRICA_ACHOLI_LANGO | BRD_HUMAN_MAASAI_NILOTIC_EAST_AFRICA_DINKA_NUER | BRD_HUMAN_MAASAI_NILOTIC_EAST_AFRICA_KARAMOJONG | BRD_HUMAN_MAASAI_NILOTIC_EAST_AFRICA_LUO | BRD_HUMAN_MAASAI_NILOTIC_EAST_AFRICA_MAASAI | BRD_HUMAN_MAASAI_NILOTIC_EAST_AFRICA_MAASAI_KALENJIN,STEWARDSHIP_HABITAT_ENGINEERING_EXPRESSION,GRASSLAND | DESERT | FOREST | MOUNTAIN | FRESHWATER,SAVANNA | HOT_DESERT | WOODLAND | LAKE | VOLCANIC,SIMULATION_READY,EVD_JRN_R04_B01_CLT_MAASAI_NILOTIC_EAST_AFRICA_PERSONALITY_ID_001 | EVD_JRN_R04_B01_CLT_MAASAI_NILOTIC_EAST_AFRICA_TERRAIN_BROAD_001 | EVD_JRN_R04_B01_CLT_MAASAI_NILOTIC_EAST_AFRICA_TERRAIN_SPECIFIC_001,6,BRD_HUMAN_MAASAI_NILOTIC_EAST_AFRICA_ACHOLI_LANGO | BRD_HUMAN_MAASAI_NILOTIC_EAST_AFRICA_DINKA_NUER | BRD_HUMAN_MAASAI_NILOTIC_EAST_AFRICA_KARAMOJONG | BRD_HUMAN_MAASAI_NILOTIC_EAST_AFRICA_LUO | BRD_HUMAN_MAASAI_NILOTIC_EAST_AFRICA_MAASAI | BRD_HUMAN_MAASAI_NILOTIC_EAST_AFRICA_MAASAI_KALENJIN
CLT_MAGHREBI_ARAB,HUMAN_CULTURE,HUMAN,R11,H17,BRD_HUMAN_MAGHREBI_ARAB_ALGERIAN_ARAB | BRD_HUMAN_MAGHREBI_ARAB_HARATIN | BRD_HUMAN_MAGHREBI_ARAB_HASSANIYA_MOOR | BRD_HUMAN_MAGHREBI_ARAB_LIBYAN_ARAB | BRD_HUMAN_MAGHREBI_ARAB_MOROCCAN_ARAB | BRD_HUMAN_MAGHREBI_ARAB_SAHRAWI | BRD_HUMAN_MOROCCAN,COLLECTIVE_MEMORY_LIVING_MEMORIAL_CONFLICT,COASTAL | BUILT_ENVIRONMENT | MOUNTAIN,CITY | COASTAL_CLIFF,SIMULATION_READY,EVD_JRN_R11_B01_CLT_MAGHREBI_ARAB_PERSONALITY_ID_001 | EVD_JRN_R11_B01_CLT_MAGHREBI_ARAB_TERRAIN_BROAD_001 | EVD_JRN_R11_B01_CLT_MAGHREBI_ARAB_TERRAIN_SPECIFIC_001,7,BRD_HUMAN_MAGHREBI_ARAB_ALGERIAN_ARAB | BRD_HUMAN_MAGHREBI_ARAB_HARATIN | BRD_HUMAN_MAGHREBI_ARAB_HASSANIYA_MOOR | BRD_HUMAN_MAGHREBI_ARAB_LIBYAN_ARAB | BRD_HUMAN_MAGHREBI_ARAB_MOROCCAN_ARAB | BRD_HUMAN_MAGHREBI_ARAB_SAHRAWI | BRD_HUMAN_MOROCCAN
CLT_MALAGASY,HUMAN_CULTURE,HUMAN,R04,H08,BRD_HUMAN_MALAGASY_MALAGASY | BRD_HUMAN_MALAGASY_MALAGASY_HIGHLAND | BRD_HUMAN_MALAGASY_MERINA,COLLECTIVE_MEMORY_TECHNIQUE_TRADITION,MOUNTAIN | FOREST | FRESHWATER | BUILT_ENVIRONMENT,CITY | MONTANE_FOREST | FARMLAND | LAKE,SIMULATION_READY,EVD_JRN_R04_B01_CLT_MALAGASY_PERSONALITY_ID_001 | EVD_JRN_R04_B01_CLT_MALAGASY_TERRAIN_BROAD_001 | EVD_JRN_R04_B01_CLT_MALAGASY_TERRAIN_SPECIFIC_001,3,BRD_HUMAN_MALAGASY_MALAGASY | BRD_HUMAN_MALAGASY_MALAGASY_HIGHLAND | BRD_HUMAN_MALAGASY_MERINA
CLT_MAORI,HUMAN_CULTURE,HUMAN,R19,H18,BRD_HUMAN_MAORI_COOK_MAORI | BRD_HUMAN_MAORI_MAORI | BRD_HUMAN_NEW_ZEALANDER_PAKEHA_MAORI_MIXED,LAND_ROOTEDNESS_VERSUS_FREEDOM_CONFLICT,MOUNTAIN | FOREST | FRESHWATER | BUILT_ENVIRONMENT,VOLCANIC | ALPINE | LAKE | MONTANE_FOREST | ROAD,SIMULATION_READY,EVD_JRN_R19_B01_CLT_MAORI_PERSONALITY_ID_001 | EVD_JRN_R19_B01_CLT_MAORI_TERRAIN_BROAD_001 | EVD_JRN_R19_B01_CLT_MAORI_TERRAIN_SPECIFIC_001,3,BRD_HUMAN_MAORI_COOK_MAORI | BRD_HUMAN_MAORI_MAORI | BRD_HUMAN_NEW_ZEALANDER_PAKEHA_MAORI_MIXED
CLT_MAPUCHE,HUMAN_CULTURE,HUMAN,R23,H19,BRD_HUMAN_MAPUCHE_MAPUCHE,LOYALTY_GROUP_ALLEGIANCE_EXPRESSION,MOUNTAIN | FOREST | GRASSLAND | FRESHWATER | BUILT_ENVIRONMENT,ALPINE | MONTANE_FOREST | WOODLAND | MEADOW | RIVER | FARMLAND | VILLAGE,SIMULATION_READY,EVD_JRN_R23_B01_CLT_MAPUCHE_PERSONALITY_ID_001 | EVD_JRN_R23_B01_CLT_MAPUCHE_TERRAIN_BROAD_001 | EVD_JRN_R23_B01_CLT_MAPUCHE_TERRAIN_SPECIFIC_001,1,BRD_HUMAN_MAPUCHE_MAPUCHE
CLT_MARITIME_AUSTRONESIAN_MALAYIC_BORNEAN_TIMORESE,HUMAN_CULTURE,HUMAN,R16,H15,BRD_HUMAN_MARITIME_AUSTRONESIAN_MALAYIC_BORNEAN_TIMORESE_BORNEAN_INDIGENOUS | BRD_HUMAN_MARITIME_AUSTRONESIAN_MALAYIC_BORNEAN_TIMORESE_BRUNEI_MALAY | BRD_HUMAN_MARITIME_AUSTRONESIAN_MALAYIC_BORNEAN_TIMORESE_COCOS_MALAY | BRD_HUMAN_MARITIME_AUSTRONESIAN_MALAYIC_BORNEAN_TIMORESE_DAYAK | BRD_HUMAN_MARITIME_AUSTRONESIAN_MALAYIC_BORNEAN_TIMORESE_LUSO_TIMORESE | BRD_HUMAN_MARITIME_AUSTRONESIAN_MALAYIC_BORNEAN_TIMORESE_MALAY | BRD_HUMAN_MARITIME_AUSTRONESIAN_MALAYIC_BORNEAN_TIMORESE_MALAY_ACEHNESE | BRD_HUMAN_MARITIME_AUSTRONESIAN_MALAYIC_BORNEAN_TIMORESE_MALAY_MUSLIM | BRD_HUMAN_MARITIME_AUSTRONESIAN_MALAYIC_BORNEAN_TIMORESE_MINANGKABAU | BRD_HUMAN_MARITIME_AUSTRONESIAN_MALAYIC_BORNEAN_TIMORESE_MORO | BRD_HUMAN_MARITIME_AUSTRONESIAN_MALAYIC_BORNEAN_TIMORESE_SINGAPOREAN_MALAY | BRD_HUMAN_MARITIME_AUSTRONESIAN_MALAYIC_BORNEAN_TIMORESE_TAIWANESE_INDIGENOUS | BRD_HUMAN_MARITIME_AUSTRONESIAN_MALAYIC_BORNEAN_TIMORESE_TETUM,COLLECTIVE_MEMORY_TECHNIQUE_TRADITION,OCEAN | COASTAL | FOREST | BUILT_ENVIRONMENT,PELAGIC | ISLAND | MANGROVE | RAIN_FOREST | VILLAGE | CITY,SIMULATION_READY,EVD_JRN_R16_B01_CLT_MARITIME_AUSTRONESIAN_MALAYIC_BORNEAN_TIMORESE_PERSONALITY_ID_001 | EVD_JRN_R16_B01_CLT_MARITIME_AUSTRONESIAN_MALAYIC_BORNEAN_TIMORESE_TERRAIN_BROAD_001 | EVD_JRN_R16_B01_CLT_MARITIME_AUSTRONESIAN_MALAYIC_BORNEAN_TIMORESE_TERRAIN_SPECIFIC_001,13,BRD_HUMAN_MARITIME_AUSTRONESIAN_MALAYIC_BORNEAN_TIMORESE_BORNEAN_INDIGENOUS | BRD_HUMAN_MARITIME_AUSTRONESIAN_MALAYIC_BORNEAN_TIMORESE_BRUNEI_MALAY | BRD_HUMAN_MARITIME_AUSTRONESIAN_MALAYIC_BORNEAN_TIMORESE_COCOS_MALAY | BRD_HUMAN_MARITIME_AUSTRONESIAN_MALAYIC_BORNEAN_TIMORESE_DAYAK | BRD_HUMAN_MARITIME_AUSTRONESIAN_MALAYIC_BORNEAN_TIMORESE_LUSO_TIMORESE | BRD_HUMAN_MARITIME_AUSTRONESIAN_MALAYIC_BORNEAN_TIMORESE_MALAY | BRD_HUMAN_MARITIME_AUSTRONESIAN_MALAYIC_BORNEAN_TIMORESE_MALAY_ACEHNESE | BRD_HUMAN_MARITIME_AUSTRONESIAN_MALAYIC_BORNEAN_TIMORESE_MALAY_MUSLIM | BRD_HUMAN_MARITIME_AUSTRONESIAN_MALAYIC_BORNEAN_TIMORESE_MINANGKABAU | BRD_HUMAN_MARITIME_AUSTRONESIAN_MALAYIC_BORNEAN_TIMORESE_MORO | BRD_HUMAN_MARITIME_AUSTRONESIAN_MALAYIC_BORNEAN_TIMORESE_SINGAPOREAN_MALAY | BRD_HUMAN_MARITIME_AUSTRONESIAN_MALAYIC_BORNEAN_TIMORESE_TAIWANESE_INDIGENOUS | BRD_HUMAN_MARITIME_AUSTRONESIAN_MALAYIC_BORNEAN_TIMORESE_TETUM
CLT_MAYA_CULTURAL_CONTINUUM,HUMAN_CULTURE,HUMAN,R24,H16,BRD_HUMAN_MAYA_CULTURAL_CONTINUUM_MAYA | BRD_HUMAN_MAYA_CULTURAL_CONTINUUM_MAYA_CULTURAL_CONTINUUM | BRD_HUMAN_MAYA_CULTURAL_CONTINUUM_YUCATEC_MAYA,STEWARDSHIP_HABITAT_ENGINEERING_EXPRESSION,FOREST | FRESHWATER | WETLAND | MOUNTAIN | BUILT_ENVIRONMENT,RAIN_FOREST | CITY | TEMPLE | LAKE | SWAMP | FARMLAND | PLATEAU,SIMULATION_READY,EVD_JRN_R24_B01_CLT_MAYA_CULTURAL_CONTINUUM_PERSONALITY_ID_001 | EVD_JRN_R24_B01_CLT_MAYA_CULTURAL_CONTINUUM_TERRAIN_BROAD_001 | EVD_JRN_R24_B01_CLT_MAYA_CULTURAL_CONTINUUM_TERRAIN_SPECIFIC_001,3,BRD_HUMAN_MAYA_CULTURAL_CONTINUUM_MAYA | BRD_HUMAN_MAYA_CULTURAL_CONTINUUM_MAYA_CULTURAL_CONTINUUM | BRD_HUMAN_MAYA_CULTURAL_CONTINUUM_YUCATEC_MAYA
CLT_MELANESIAN_PAPUAN,HUMAN_CULTURE,HUMAN,R19,H18,BRD_HUMAN_MELANESIAN_PAPUAN_ITAUKEI | BRD_HUMAN_MELANESIAN_PAPUAN_KANAK | BRD_HUMAN_MELANESIAN_PAPUAN_MELANESIAN | BRD_HUMAN_MELANESIAN_PAPUAN_NI_VANUATU | BRD_HUMAN_MELANESIAN_PAPUAN_PAPUAN | BRD_HUMAN_MELANESIAN_PAPUAN_SOLOMON_ISLANDER | BRD_HUMAN_MELANESIAN_PAPUAN_TORRES_ISLANDER,CONTROL_ENVIRONMENT_ENGINEERING_EXPRESSION,MOUNTAIN | FOREST | COASTAL | BUILT_ENVIRONMENT,VOLCANIC | PLATEAU | SOIL | FARMLAND | VILLAGE | ISLAND,SIMULATION_READY,EVD_JRN_R19_B01_CLT_MELANESIAN_PAPUAN_PERSONALITY_ID_001 | EVD_JRN_R19_B01_CLT_MELANESIAN_PAPUAN_TERRAIN_BROAD_001 | EVD_JRN_R19_B01_CLT_MELANESIAN_PAPUAN_TERRAIN_SPECIFIC_001,7,BRD_HUMAN_MELANESIAN_PAPUAN_ITAUKEI | BRD_HUMAN_MELANESIAN_PAPUAN_KANAK | BRD_HUMAN_MELANESIAN_PAPUAN_MELANESIAN | BRD_HUMAN_MELANESIAN_PAPUAN_NI_VANUATU | BRD_HUMAN_MELANESIAN_PAPUAN_PAPUAN | BRD_HUMAN_MELANESIAN_PAPUAN_SOLOMON_ISLANDER | BRD_HUMAN_MELANESIAN_PAPUAN_TORRES_ISLANDER
CLT_MESOPOTAMIAN_SUMERIAN_BABYLONIAN,HUMAN_CULTURE,HUMAN,R13,H13,BRD_HUMAN_MESOPOTAMIAN_SUMERIAN_BABYLONIAN_BABYLONIAN | BRD_HUMAN_MESOPOTAMIAN_SUMERIAN_BABYLONIAN_IRAQI_ARAB | BRD_HUMAN_MESOPOTAMIAN_SUMERIAN_BABYLONIAN_MARSH_ARAB | BRD_HUMAN_MESOPOTAMIAN_SUMERIAN_BABYLONIAN_SUMERIAN,COLLECTIVE_MEMORY_LIVING_MEMORIAL_CONFLICT,WETLAND | FRESHWATER | DESERT | BUILT_ENVIRONMENT,MARSH | DELTA | RIVER | RUINS | CITY,SIMULATION_READY,EVD_JRN_R13_B01_CLT_MESOPOTAMIAN_SUMERIAN_BABYLONIAN_PERSONALITY_ID_001 | EVD_JRN_R13_B01_CLT_MESOPOTAMIAN_SUMERIAN_BABYLONIAN_TERRAIN_BROAD_001 | EVD_JRN_R13_B01_CLT_MESOPOTAMIAN_SUMERIAN_BABYLONIAN_TERRAIN_SPECIFIC_001,4,BRD_HUMAN_MESOPOTAMIAN_SUMERIAN_BABYLONIAN_BABYLONIAN | BRD_HUMAN_MESOPOTAMIAN_SUMERIAN_BABYLONIAN_IRAQI_ARAB | BRD_HUMAN_MESOPOTAMIAN_SUMERIAN_BABYLONIAN_MARSH_ARAB | BRD_HUMAN_MESOPOTAMIAN_SUMERIAN_BABYLONIAN_SUMERIAN
CLT_METIS,HUMAN_CULTURE,HUMAN,R21,H07,BRD_HUMAN_AMERICAN_SETTLER_INDIGENOUS_MIXED | BRD_HUMAN_CANADIAN_SETTLER_INDIGENOUS_MIXED | BRD_HUMAN_METIS_METIS,COOPERATION_COOPERATIVE_HUNTING_EXPRESSION,GRASSLAND | FRESHWATER | BUILT_ENVIRONMENT,PRAIRIE | RIVER | VILLAGE | FARMLAND,SIMULATION_READY,EVD_JRN_R21_B01_CLT_METIS_PERSONALITY_ID_001 | EVD_JRN_R21_B01_CLT_METIS_TERRAIN_BROAD_001 | EVD_JRN_R21_B01_CLT_METIS_TERRAIN_SPECIFIC_001,3,BRD_HUMAN_AMERICAN_SETTLER_INDIGENOUS_MIXED | BRD_HUMAN_CANADIAN_SETTLER_INDIGENOUS_MIXED | BRD_HUMAN_METIS_METIS
CLT_MEXICA_AZTEC,HUMAN_CULTURE,HUMAN,R24,H16,BRD_HUMAN_MEXICA_AZTEC_MESTIZO_NAHUA | BRD_HUMAN_MEXICA_AZTEC_MESTIZO_PIPIL | BRD_HUMAN_MEXICA_AZTEC_MEXICA_AZTEC,COOPERATION_CIRCLE_DEPENDENT_POWER_CONFLICT,FRESHWATER | WETLAND | BUILT_ENVIRONMENT,LAKE | ISLAND | CITY | TEMPLE | FARMLAND,SIMULATION_READY,EVD_JRN_R24_B01_CLT_MEXICA_AZTEC_PERSONALITY_ID_001 | EVD_JRN_R24_B01_CLT_MEXICA_AZTEC_TERRAIN_BROAD_001 | EVD_JRN_R24_B01_CLT_MEXICA_AZTEC_TERRAIN_SPECIFIC_001,3,BRD_HUMAN_MEXICA_AZTEC_MESTIZO_NAHUA | BRD_HUMAN_MEXICA_AZTEC_MESTIZO_PIPIL | BRD_HUMAN_MEXICA_AZTEC_MEXICA_AZTEC
CLT_MICRONESIAN,HUMAN_CULTURE,HUMAN,R19,H18,BRD_HUMAN_MICRONESIAN_CAROLINIAN | BRD_HUMAN_MICRONESIAN_CHAMORRO | BRD_HUMAN_MICRONESIAN_CHAMORRO_CAROLINIAN | BRD_HUMAN_MICRONESIAN_I_KIRIBATI | BRD_HUMAN_MICRONESIAN_MARSHALLESE | BRD_HUMAN_MICRONESIAN_NAURUAN | BRD_HUMAN_MICRONESIAN_PALAUAN,COLLECTIVE_MEMORY_TECHNIQUE_TRADITION,OCEAN | COASTAL | BUILT_ENVIRONMENT,ISLAND | CORAL_REEF | PELAGIC | VILLAGE | WORKSHOP,SIMULATION_READY,EVD_JRN_R19_B01_CLT_MICRONESIAN_PERSONALITY_ID_001 | EVD_JRN_R19_B01_CLT_MICRONESIAN_TERRAIN_BROAD_001 | EVD_JRN_R19_B01_CLT_MICRONESIAN_TERRAIN_SPECIFIC_001,7,BRD_HUMAN_MICRONESIAN_CAROLINIAN | BRD_HUMAN_MICRONESIAN_CHAMORRO | BRD_HUMAN_MICRONESIAN_CHAMORRO_CAROLINIAN | BRD_HUMAN_MICRONESIAN_I_KIRIBATI | BRD_HUMAN_MICRONESIAN_MARSHALLESE | BRD_HUMAN_MICRONESIAN_NAURUAN | BRD_HUMAN_MICRONESIAN_PALAUAN
CLT_MISSISSIPPIAN_EASTERN_WOODLANDS,HUMAN_CULTURE,HUMAN,R01,H02,BRD_HUMAN_MISSISSIPPIAN_EASTERN_WOODLANDS_MISSISSIPPIAN_CAHOKIAN | BRD_HUMAN_MISSISSIPPIAN_EASTERN_WOODLANDS_MISSISSIPPI_INDIGENOUS,COLLECTIVE_MEMORY_TECHNIQUE_TRADITION,FRESHWATER,RIVER | FLOODPLAIN,SIMULATION_READY,EVD_JRN_R01_B02_CLT_MISSISSIPPIAN_EASTERN_WOODLANDS_PERSONALITY_ID_001 | EVD_JRN_R01_B02_CLT_MISSISSIPPIAN_EASTERN_WOODLANDS_TERRAIN_BROAD_001 | EVD_JRN_R01_B02_CLT_MISSISSIPPIAN_EASTERN_WOODLANDS_TERRAIN_SPECIFIC_001,2,BRD_HUMAN_MISSISSIPPIAN_EASTERN_WOODLANDS_MISSISSIPPI_INDIGENOUS | BRD_HUMAN_MISSISSIPPIAN_EASTERN_WOODLANDS_MISSISSIPPIAN_CAHOKIAN
CLT_MIXTEC_NUU_SAVI,HUMAN_CULTURE,HUMAN,R24,H16,BRD_HUMAN_MIXTEC_NUU_SAVI_MIXTEC_NUU_SAVI | BRD_HUMAN_MIXTEC_NUU_SAVI_NUU_SAVI,COLLECTIVE_MEMORY_LIVING_MEMORIAL_CONFLICT,MOUNTAIN | COASTAL | GRASSLAND | FRESHWATER | BUILT_ENVIRONMENT,PLATEAU | CANYON | VILLAGE | CITY | FARMLAND | RIVER,SIMULATION_READY,EVD_JRN_R24_B01_CLT_MIXTEC_NUU_SAVI_PERSONALITY_ID_001 | EVD_JRN_R24_B01_CLT_MIXTEC_NUU_SAVI_TERRAIN_BROAD_001 | EVD_JRN_R24_B01_CLT_MIXTEC_NUU_SAVI_TERRAIN_SPECIFIC_001,2,BRD_HUMAN_MIXTEC_NUU_SAVI_MIXTEC_NUU_SAVI | BRD_HUMAN_MIXTEC_NUU_SAVI_NUU_SAVI
CLT_MOCHE,HUMAN_CULTURE,HUMAN,R22,H03,BRD_HUMAN_MOCHE_COASTAL_PERUVIAN | BRD_HUMAN_MOCHE_MOCHE,CONTROL_ENVIRONMENT_ENGINEERING_EXPRESSION,COASTAL | DESERT | OCEAN | FRESHWATER | BUILT_ENVIRONMENT,COASTAL_CLIFF | HOT_DESERT | FARMLAND | RIVER | CITY,SIMULATION_READY,EVD_JRN_R22_B01_CLT_MOCHE_PERSONALITY_ID_001 | EVD_JRN_R22_B01_CLT_MOCHE_TERRAIN_BROAD_001 | EVD_JRN_R22_B01_CLT_MOCHE_TERRAIN_SPECIFIC_001,2,BRD_HUMAN_MOCHE_COASTAL_PERUVIAN | BRD_HUMAN_MOCHE_MOCHE
CLT_MONGOL,HUMAN_CULTURE,HUMAN,R02,H06,BRD_HUMAN_MONGOL_BURYAT_KALMYK | BRD_HUMAN_MONGOL_MONGOL,COLLECTIVE_MEMORY_TECHNIQUE_TRADITION,GRASSLAND | FRESHWATER,STEPPE | RIVER,SIMULATION_READY,EVD_JRN_R02_B02_CLT_MONGOL_PERSONALITY_ID_001 | EVD_JRN_R02_B02_CLT_MONGOL_TERRAIN_BROAD_001 | EVD_JRN_R02_B02_CLT_MONGOL_TERRAIN_SPECIFIC_001,2,BRD_HUMAN_MONGOL_BURYAT_KALMYK | BRD_HUMAN_MONGOL_MONGOL
CLT_MUISCA,HUMAN_CULTURE,HUMAN,R22,H03,BRD_HUMAN_MUISCA_MUISCA,CONTROL_ENVIRONMENT_ENGINEERING_EXPRESSION,MOUNTAIN | GRASSLAND | FRESHWATER | BUILT_ENVIRONMENT,PLATEAU | FLOODPLAIN | FARMLAND | VILLAGE,SIMULATION_READY,EVD_JRN_R22_B01_CLT_MUISCA_PERSONALITY_ID_001 | EVD_JRN_R22_B01_CLT_MUISCA_TERRAIN_BROAD_001 | EVD_JRN_R22_B01_CLT_MUISCA_TERRAIN_SPECIFIC_001,1,BRD_HUMAN_MUISCA_MUISCA
CLT_MYANMAR_MAINLAND_SOUTHEAST_ASIAN_HIGHLAND,HUMAN_CULTURE,HUMAN,R16,H14,BRD_HUMAN_MYANMAR_MAINLAND_SOUTHEAST_ASIAN_HIGHLAND_BAMAR | BRD_HUMAN_MYANMAR_MAINLAND_SOUTHEAST_ASIAN_HIGHLAND_BAMAR_BURMESE | BRD_HUMAN_MYANMAR_MAINLAND_SOUTHEAST_ASIAN_HIGHLAND_HIGHLAND_INDIGENOUS | BRD_HUMAN_MYANMAR_MAINLAND_SOUTHEAST_ASIAN_HIGHLAND_HILL_PEOPLES | BRD_HUMAN_MYANMAR_MAINLAND_SOUTHEAST_ASIAN_HIGHLAND_HMONG | BRD_HUMAN_MYANMAR_MAINLAND_SOUTHEAST_ASIAN_HIGHLAND_KAREN_KACHIN_CHIN | BRD_HUMAN_MYANMAR_MAINLAND_SOUTHEAST_ASIAN_HIGHLAND_RAKHINE | BRD_HUMAN_MYANMAR_MAINLAND_SOUTHEAST_ASIAN_HIGHLAND_ROHINGYA,BOUNDARIES_LAND_BOUNDARY_WOUND,MOUNTAIN | FOREST | GRASSLAND | FRESHWATER | BUILT_ENVIRONMENT,MONTANE_FOREST | RAIN_FOREST | PLATEAU | RIVER | FLOODPLAIN | FARMLAND | CITY,SIMULATION_READY,EVD_JRN_R16_B01_CLT_MYANMAR_MAINLAND_SOUTHEAST_ASIAN_HIGHLAND_PERSONALITY_ID_001 | EVD_JRN_R16_B01_CLT_MYANMAR_MAINLAND_SOUTHEAST_ASIAN_HIGHLAND_TERRAIN_BROAD_001 | EVD_JRN_R16_B01_CLT_MYANMAR_MAINLAND_SOUTHEAST_ASIAN_HIGHLAND_TERRAIN_SPECIFIC_001,8,BRD_HUMAN_MYANMAR_MAINLAND_SOUTHEAST_ASIAN_HIGHLAND_BAMAR | BRD_HUMAN_MYANMAR_MAINLAND_SOUTHEAST_ASIAN_HIGHLAND_BAMAR_BURMESE | BRD_HUMAN_MYANMAR_MAINLAND_SOUTHEAST_ASIAN_HIGHLAND_HIGHLAND_INDIGENOUS | BRD_HUMAN_MYANMAR_MAINLAND_SOUTHEAST_ASIAN_HIGHLAND_HILL_PEOPLES | BRD_HUMAN_MYANMAR_MAINLAND_SOUTHEAST_ASIAN_HIGHLAND_HMONG | BRD_HUMAN_MYANMAR_MAINLAND_SOUTHEAST_ASIAN_HIGHLAND_KAREN_KACHIN_CHIN | BRD_HUMAN_MYANMAR_MAINLAND_SOUTHEAST_ASIAN_HIGHLAND_RAKHINE | BRD_HUMAN_MYANMAR_MAINLAND_SOUTHEAST_ASIAN_HIGHLAND_ROHINGYA
CLT_NEPAL_BHUTAN_HIMALAYAN_NEWAR,HUMAN_CULTURE,HUMAN,R09,H10,BRD_HUMAN_NEPAL_BHUTAN_HIMALAYAN_NEWAR_GILGIT_BALTISTANI | BRD_HUMAN_NEPAL_BHUTAN_HIMALAYAN_NEWAR_KASHMIRI_HIMALAYAN | BRD_HUMAN_NEPAL_BHUTAN_HIMALAYAN_NEWAR_KHAS_PAHARI | BRD_HUMAN_NEPAL_BHUTAN_HIMALAYAN_NEWAR_LHOTSHAMPA | BRD_HUMAN_NEPAL_BHUTAN_HIMALAYAN_NEWAR_NEWAR | BRD_HUMAN_NEPAL_BHUTAN_HIMALAYAN_NEWAR_NORTHEAST_INDIGENOUS | BRD_HUMAN_NEPAL_BHUTAN_HIMALAYAN_NEWAR_SHARCHOP | BRD_HUMAN_NEPAL_BHUTAN_HIMALAYAN_NEWAR_SHERPA_TAMANG,COLLECTIVE_MEMORY_TECHNIQUE_TRADITION,MOUNTAIN | FOREST | GRASSLAND | FRESHWATER | POLAR_ICE,ALPINE | PLATEAU | MONTANE_FOREST | GLACIER | RIVER | VILLAGE,SIMULATION_READY,EVD_JRN_R09_B01_CLT_NEPAL_BHUTAN_HIMALAYAN_NEWAR_PERSONALITY_ID_001 | EVD_JRN_R09_B01_CLT_NEPAL_BHUTAN_HIMALAYAN_NEWAR_TERRAIN_BROAD_001 | EVD_JRN_R09_B01_CLT_NEPAL_BHUTAN_HIMALAYAN_NEWAR_TERRAIN_SPECIFIC_001,8,BRD_HUMAN_NEPAL_BHUTAN_HIMALAYAN_NEWAR_GILGIT_BALTISTANI | BRD_HUMAN_NEPAL_BHUTAN_HIMALAYAN_NEWAR_KASHMIRI_HIMALAYAN | BRD_HUMAN_NEPAL_BHUTAN_HIMALAYAN_NEWAR_KHAS_PAHARI | BRD_HUMAN_NEPAL_BHUTAN_HIMALAYAN_NEWAR_LHOTSHAMPA | BRD_HUMAN_NEPAL_BHUTAN_HIMALAYAN_NEWAR_NEWAR | BRD_HUMAN_NEPAL_BHUTAN_HIMALAYAN_NEWAR_NORTHEAST_INDIGENOUS | BRD_HUMAN_NEPAL_BHUTAN_HIMALAYAN_NEWAR_SHARCHOP | BRD_HUMAN_NEPAL_BHUTAN_HIMALAYAN_NEWAR_SHERPA_TAMANG
CLT_NORDIC,HUMAN_CULTURE,HUMAN,R07,H21,BRD_HUMAN_NORDIC_ALAND_SWEDISH | BRD_HUMAN_NORDIC_DANISH | BRD_HUMAN_NORDIC_FAROESE | BRD_HUMAN_NORDIC_ICELANDIC | BRD_HUMAN_NORDIC_NORSE_VIKING_AGE | BRD_HUMAN_NORDIC_NORTHERN_SCOTS | BRD_HUMAN_NORDIC_NORWEGIAN | BRD_HUMAN_NORDIC_SVALBARD_NORWEGIAN | BRD_HUMAN_NORDIC_SWEDISH,COOPERATION_SOLIDARITY_FRACTURE_WOUND,GENERALIST,GENERALIST,SIMULATION_READY,EVD_JRN_R07_B01_CLT_NORDIC_PERSONALITY_ID_001 | EVD_JRN_R07_B01_CLT_NORDIC_TERRAIN_BROAD_001 | EVD_JRN_R07_B01_CLT_NORDIC_TERRAIN_SPECIFIC_001,9,BRD_HUMAN_NORDIC_ALAND_SWEDISH | BRD_HUMAN_NORDIC_DANISH | BRD_HUMAN_NORDIC_FAROESE | BRD_HUMAN_NORDIC_ICELANDIC | BRD_HUMAN_NORDIC_NORSE_VIKING_AGE | BRD_HUMAN_NORDIC_NORTHERN_SCOTS | BRD_HUMAN_NORDIC_NORWEGIAN | BRD_HUMAN_NORDIC_SVALBARD_NORWEGIAN | BRD_HUMAN_NORDIC_SWEDISH
CLT_NORTH_AND_WEST_INDIAN_INDUS_GANGETIC,HUMAN_CULTURE,HUMAN,R15,H20,BRD_HUMAN_INDIAN | BRD_HUMAN_NORTH_AND_WEST_INDIAN_INDUS_GANGETIC_HINDI | BRD_HUMAN_NORTH_AND_WEST_INDIAN_INDUS_GANGETIC_HINDUSTANI | BRD_HUMAN_NORTH_AND_WEST_INDIAN_INDUS_GANGETIC_INDIAN_SOUTH_AFRICAN | BRD_HUMAN_NORTH_AND_WEST_INDIAN_INDUS_GANGETIC_INDO_FIJIAN | BRD_HUMAN_NORTH_AND_WEST_INDIAN_INDUS_GANGETIC_INDO_GUYANESE | BRD_HUMAN_NORTH_AND_WEST_INDIAN_INDUS_GANGETIC_INDO_MAURITIAN | BRD_HUMAN_NORTH_AND_WEST_INDIAN_INDUS_GANGETIC_INDUS_HARAPPAN | BRD_HUMAN_NORTH_AND_WEST_INDIAN_INDUS_GANGETIC_KASHMIRI | BRD_HUMAN_NORTH_AND_WEST_INDIAN_INDUS_GANGETIC_MADHESI | BRD_HUMAN_NORTH_AND_WEST_INDIAN_INDUS_GANGETIC_MARATHI_GOAN | BRD_HUMAN_NORTH_AND_WEST_INDIAN_INDUS_GANGETIC_MUHAJIR | BRD_HUMAN_NORTH_AND_WEST_INDIAN_INDUS_GANGETIC_SINDHI,CONTROL_RESOURCE_CONTROL_EXPRESSION,MOUNTAIN | GRASSLAND | DESERT | FRESHWATER | BUILT_ENVIRONMENT,ALPINE | PLATEAU | FLOODPLAIN | RIVER | HOT_DESERT | CITY,SIMULATION_READY,EVD_JRN_R15_B01_CLT_NORTH_AND_WEST_INDIAN_INDUS_GANGETIC_PERSONALITY_ID_001 | EVD_JRN_R15_B01_CLT_NORTH_AND_WEST_INDIAN_INDUS_GANGETIC_TERRAIN_BROAD_001 | EVD_JRN_R15_B01_CLT_NORTH_AND_WEST_INDIAN_INDUS_GANGETIC_TERRAIN_SPECIFIC_001,13,BRD_HUMAN_INDIAN | BRD_HUMAN_NORTH_AND_WEST_INDIAN_INDUS_GANGETIC_HINDI | BRD_HUMAN_NORTH_AND_WEST_INDIAN_INDUS_GANGETIC_HINDUSTANI | BRD_HUMAN_NORTH_AND_WEST_INDIAN_INDUS_GANGETIC_INDIAN_SOUTH_AFRICAN | BRD_HUMAN_NORTH_AND_WEST_INDIAN_INDUS_GANGETIC_INDO_FIJIAN | BRD_HUMAN_NORTH_AND_WEST_INDIAN_INDUS_GANGETIC_INDO_GUYANESE | BRD_HUMAN_NORTH_AND_WEST_INDIAN_INDUS_GANGETIC_INDO_MAURITIAN | BRD_HUMAN_NORTH_AND_WEST_INDIAN_INDUS_GANGETIC_INDUS_HARAPPAN | BRD_HUMAN_NORTH_AND_WEST_INDIAN_INDUS_GANGETIC_KASHMIRI | BRD_HUMAN_NORTH_AND_WEST_INDIAN_INDUS_GANGETIC_MADHESI | BRD_HUMAN_NORTH_AND_WEST_INDIAN_INDUS_GANGETIC_MARATHI_GOAN | BRD_HUMAN_NORTH_AND_WEST_INDIAN_INDUS_GANGETIC_MUHAJIR | BRD_HUMAN_NORTH_AND_WEST_INDIAN_INDUS_GANGETIC_SINDHI
CLT_NORTHERN_HAN_CHINESE,HUMAN_CULTURE,HUMAN,R08,H09,BRD_HUMAN_CHINESE | BRD_HUMAN_NORTHERN_HAN_CHINESE_HAN_CHINESE | BRD_HUMAN_NORTHERN_HAN_CHINESE_NORTHERN_CHINESE_COURTYARD | BRD_HUMAN_NORTHERN_HAN_CHINESE_PENGLAI | BRD_HUMAN_NORTHERN_HAN_CHINESE_SHANDONG_CHINESE,COOPERATION_SOLIDARITY_FRACTURE_WOUND,FRESHWATER | GRASSLAND,RIVER | FLOODPLAIN,SIMULATION_READY,EVD_JRN_R08_B01_CLT_NORTHERN_HAN_CHINESE_PERSONALITY_ID_001 | EVD_JRN_R08_B01_CLT_NORTHERN_HAN_CHINESE_TERRAIN_BROAD_001 | EVD_JRN_R08_B01_CLT_NORTHERN_HAN_CHINESE_TERRAIN_SPECIFIC_001,5,BRD_HUMAN_CHINESE | BRD_HUMAN_NORTHERN_HAN_CHINESE_HAN_CHINESE | BRD_HUMAN_NORTHERN_HAN_CHINESE_NORTHERN_CHINESE_COURTYARD | BRD_HUMAN_NORTHERN_HAN_CHINESE_PENGLAI | BRD_HUMAN_NORTHERN_HAN_CHINESE_SHANDONG_CHINESE
CLT_NUBIAN,HUMAN_CULTURE,HUMAN,R11,H17,BRD_HUMAN_NUBIAN_NUBIAN,LAND_REMOVAL_WOUND,FRESHWATER | DESERT | BUILT_ENVIRONMENT,RIVER | HOT_DESERT | VILLAGE,SIMULATION_READY,EVD_JRN_R11_B01_CLT_NUBIAN_PERSONALITY_ID_001 | EVD_JRN_R11_B01_CLT_NUBIAN_TERRAIN_BROAD_001 | EVD_JRN_R11_B01_CLT_NUBIAN_TERRAIN_SPECIFIC_001,1,BRD_HUMAN_NUBIAN_NUBIAN
CLT_OGHUZ_TURKIC,HUMAN_CULTURE,HUMAN,R02,H06,BRD_HUMAN_OGHUZ_TURKIC_AZERBAIJANI | BRD_HUMAN_OGHUZ_TURKIC_CRIMEAN_TATAR | BRD_HUMAN_OGHUZ_TURKIC_GAGAUZ | BRD_HUMAN_OGHUZ_TURKIC_IRAQI_TURKMEN | BRD_HUMAN_OGHUZ_TURKIC_OTTOMAN_TURKISH | BRD_HUMAN_OGHUZ_TURKIC_RUMELIAN_TURKISH | BRD_HUMAN_OGHUZ_TURKIC_TURKISH | BRD_HUMAN_OGHUZ_TURKIC_TURKISH_CYPRIOT | BRD_HUMAN_OGHUZ_TURKIC_TURKMEN,EXILE_NOMADIC_CONTINUITY_EXPRESSION,GRASSLAND | FRESHWATER,STEPPE | LAKE | RIVER,SIMULATION_READY,EVD_JRN_R02_B02_CLT_OGHUZ_TURKIC_PERSONALITY_ID_001 | EVD_JRN_R02_B02_CLT_OGHUZ_TURKIC_TERRAIN_BROAD_001 | EVD_JRN_R02_B02_CLT_OGHUZ_TURKIC_TERRAIN_SPECIFIC_001,9,BRD_HUMAN_OGHUZ_TURKIC_AZERBAIJANI | BRD_HUMAN_OGHUZ_TURKIC_CRIMEAN_TATAR | BRD_HUMAN_OGHUZ_TURKIC_GAGAUZ | BRD_HUMAN_OGHUZ_TURKIC_IRAQI_TURKMEN | BRD_HUMAN_OGHUZ_TURKIC_OTTOMAN_TURKISH | BRD_HUMAN_OGHUZ_TURKIC_RUMELIAN_TURKISH | BRD_HUMAN_OGHUZ_TURKIC_TURKISH | BRD_HUMAN_OGHUZ_TURKIC_TURKISH_CYPRIOT | BRD_HUMAN_OGHUZ_TURKIC_TURKMEN
CLT_OLMEC,HUMAN_CULTURE,HUMAN,R22,H03,BRD_HUMAN_OLMEC_GULF_MEXICAN | BRD_HUMAN_OLMEC_OLMEC,CONTROL_ENVIRONMENT_ENGINEERING_EXPRESSION,COASTAL | WETLAND | FOREST | BUILT_ENVIRONMENT,FLOODPLAIN | SWAMP | RAIN_FOREST | CITY | TEMPLE,SIMULATION_READY,EVD_JRN_R22_B01_CLT_OLMEC_PERSONALITY_ID_001 | EVD_JRN_R22_B01_CLT_OLMEC_TERRAIN_BROAD_001 | EVD_JRN_R22_B01_CLT_OLMEC_TERRAIN_SPECIFIC_001,2,BRD_HUMAN_OLMEC_GULF_MEXICAN | BRD_HUMAN_OLMEC_OLMEC
CLT_PASHTUN,HUMAN_CULTURE,HUMAN,R06,H12,BRD_HUMAN_AFGHAN | BRD_HUMAN_PASHTUN_PASHTUN,LOYALTY_GROUP_ALLEGIANCE_EXPRESSION,GENERALIST,GENERALIST,SIMULATION_READY,EVD_JRN_R06_B01_CLT_PASHTUN_PERSONALITY_ID_001 | EVD_JRN_R06_B01_CLT_PASHTUN_TERRAIN_BROAD_001 | EVD_JRN_R06_B01_CLT_PASHTUN_TERRAIN_SPECIFIC_001,2,BRD_HUMAN_AFGHAN | BRD_HUMAN_PASHTUN_PASHTUN
CLT_PERSIAN_IRANIAN,HUMAN_CULTURE,HUMAN,R06,H12,BRD_HUMAN_IRANIAN | BRD_HUMAN_PERSIAN_IRANIAN_BALOCH | BRD_HUMAN_PERSIAN_IRANIAN_HAZARA | BRD_HUMAN_PERSIAN_IRANIAN_LUR_BAKHTIARI | BRD_HUMAN_PERSIAN_IRANIAN_PAMIRI | BRD_HUMAN_PERSIAN_IRANIAN_PERSIAN | BRD_HUMAN_PERSIAN_IRANIAN_PERSIAN_IRANIAN | BRD_HUMAN_PERSIAN_IRANIAN_TALYSH,COLLECTIVE_MEMORY_TECHNIQUE_TRADITION,GENERALIST,GENERALIST,SIMULATION_READY,EVD_JRN_R06_B01_CLT_PERSIAN_IRANIAN_PERSONALITY_ID_001 | EVD_JRN_R06_B01_CLT_PERSIAN_IRANIAN_TERRAIN_BROAD_001 | EVD_JRN_R06_B01_CLT_PERSIAN_IRANIAN_TERRAIN_SPECIFIC_001,8,BRD_HUMAN_IRANIAN | BRD_HUMAN_PERSIAN_IRANIAN_BALOCH | BRD_HUMAN_PERSIAN_IRANIAN_HAZARA | BRD_HUMAN_PERSIAN_IRANIAN_LUR_BAKHTIARI | BRD_HUMAN_PERSIAN_IRANIAN_PAMIRI | BRD_HUMAN_PERSIAN_IRANIAN_PERSIAN | BRD_HUMAN_PERSIAN_IRANIAN_PERSIAN_IRANIAN | BRD_HUMAN_PERSIAN_IRANIAN_TALYSH
CLT_POLYNESIAN_ISLANDS,HUMAN_CULTURE,HUMAN,R19,H18,BRD_HUMAN_POLYNESIAN_ISLANDS_MARQUESAN_TUAMOTUAN | BRD_HUMAN_POLYNESIAN_ISLANDS_NIUEAN | BRD_HUMAN_POLYNESIAN_ISLANDS_PITCAIRN_DESCENDED | BRD_HUMAN_POLYNESIAN_ISLANDS_PITCAIRN_ISLANDER | BRD_HUMAN_POLYNESIAN_ISLANDS_RAPA_NUI | BRD_HUMAN_POLYNESIAN_ISLANDS_SAMOAN | BRD_HUMAN_POLYNESIAN_ISLANDS_TAHITIAN | BRD_HUMAN_POLYNESIAN_ISLANDS_TOKELAUAN | BRD_HUMAN_POLYNESIAN_ISLANDS_TONGAN | BRD_HUMAN_POLYNESIAN_ISLANDS_TUVALUAN | BRD_HUMAN_POLYNESIAN_ISLANDS_WALLISIAN_FUTUNAN,COLLECTIVE_MEMORY_TECHNIQUE_TRADITION,OCEAN | COASTAL | MOUNTAIN | FOREST | FRESHWATER | BUILT_ENVIRONMENT,ISLAND | VOLCANIC | RAIN_FOREST | RIVER | VILLAGE | FARMLAND | CAVE | TEMPLE | ROAD,SIMULATION_READY,EVD_JRN_R19_B01_CLT_POLYNESIAN_ISLANDS_PERSONALITY_ID_001 | EVD_JRN_R19_B01_CLT_POLYNESIAN_ISLANDS_TERRAIN_BROAD_001 | EVD_JRN_R19_B01_CLT_POLYNESIAN_ISLANDS_TERRAIN_SPECIFIC_001,11,BRD_HUMAN_POLYNESIAN_ISLANDS_MARQUESAN_TUAMOTUAN | BRD_HUMAN_POLYNESIAN_ISLANDS_NIUEAN | BRD_HUMAN_POLYNESIAN_ISLANDS_PITCAIRN_DESCENDED | BRD_HUMAN_POLYNESIAN_ISLANDS_PITCAIRN_ISLANDER | BRD_HUMAN_POLYNESIAN_ISLANDS_RAPA_NUI | BRD_HUMAN_POLYNESIAN_ISLANDS_SAMOAN | BRD_HUMAN_POLYNESIAN_ISLANDS_TAHITIAN | BRD_HUMAN_POLYNESIAN_ISLANDS_TOKELAUAN | BRD_HUMAN_POLYNESIAN_ISLANDS_TONGAN | BRD_HUMAN_POLYNESIAN_ISLANDS_TUVALUAN | BRD_HUMAN_POLYNESIAN_ISLANDS_WALLISIAN_FUTUNAN
CLT_PUNJABI_SIKH,HUMAN_CULTURE,HUMAN,R06,H12,BRD_HUMAN_PUNJABI_SIKH_PUNJABI | BRD_HUMAN_PUNJABI_SIKH_PUNJABI_SIKH,MEANING_RITUAL_ACTION_EXPRESSION,BUILT_ENVIRONMENT,TEMPLE,SIMULATION_READY,EVD_JRN_R06_B01_CLT_PUNJABI_SIKH_PERSONALITY_ID_001 | EVD_JRN_R06_B01_CLT_PUNJABI_SIKH_TERRAIN_BROAD_001 | EVD_JRN_R06_B01_CLT_PUNJABI_SIKH_TERRAIN_SPECIFIC_001,2,BRD_HUMAN_PUNJABI_SIKH_PUNJABI | BRD_HUMAN_PUNJABI_SIKH_PUNJABI_SIKH
CLT_PUREPECHA,HUMAN_CULTURE,HUMAN,R22,H03,BRD_HUMAN_PUREPECHA_PUREPECHA,COLLECTIVE_MEMORY_TECHNIQUE_TRADITION,MOUNTAIN | FRESHWATER | WETLAND | BUILT_ENVIRONMENT,MONTANE_FOREST | LAKE | MARSH | VILLAGE,SIMULATION_READY,EVD_JRN_R22_B01_CLT_PUREPECHA_PERSONALITY_ID_001 | EVD_JRN_R22_B01_CLT_PUREPECHA_TERRAIN_BROAD_001 | EVD_JRN_R22_B01_CLT_PUREPECHA_TERRAIN_SPECIFIC_001,1,BRD_HUMAN_PUREPECHA_PUREPECHA
CLT_QUECHUA_INCA_CONTINUUM,HUMAN_CULTURE,HUMAN,R23,H19,BRD_HUMAN_QUECHUA_INCA_CONTINUUM_KICHWA | BRD_HUMAN_QUECHUA_INCA_CONTINUUM_QUECHUA | BRD_HUMAN_QUECHUA_INCA_CONTINUUM_QUECHUA_INCA_CONTINUUM,CONTROL_ENVIRONMENT_ENGINEERING_EXPRESSION,MOUNTAIN | FOREST | DESERT | GRASSLAND | FRESHWATER | BUILT_ENVIRONMENT,ALPINE | PLATEAU | RAIN_FOREST | HOT_DESERT | MEADOW | RIVER | FARMLAND | VILLAGE,SIMULATION_READY,EVD_JRN_R23_B01_CLT_QUECHUA_INCA_CONTINUUM_PERSONALITY_ID_001 | EVD_JRN_R23_B01_CLT_QUECHUA_INCA_CONTINUUM_TERRAIN_BROAD_001 | EVD_JRN_R23_B01_CLT_QUECHUA_INCA_CONTINUUM_TERRAIN_SPECIFIC_001,3,BRD_HUMAN_QUECHUA_INCA_CONTINUUM_KICHWA | BRD_HUMAN_QUECHUA_INCA_CONTINUUM_QUECHUA | BRD_HUMAN_QUECHUA_INCA_CONTINUUM_QUECHUA_INCA_CONTINUUM
CLT_RAJASTHANI,HUMAN_CULTURE,HUMAN,R06,H12,BRD_HUMAN_RAJASTHANI_RAJASTHANI,STEWARDSHIP_HABITAT_ENGINEERING_EXPRESSION,MOUNTAIN | DESERT | FOREST | FRESHWATER | BUILT_ENVIRONMENT,CASTLE | CITY | RIVER,SIMULATION_READY,EVD_JRN_R06_B01_CLT_RAJASTHANI_PERSONALITY_ID_001 | EVD_JRN_R06_B01_CLT_RAJASTHANI_TERRAIN_BROAD_001 | EVD_JRN_R06_B01_CLT_RAJASTHANI_TERRAIN_SPECIFIC_001,1,BRD_HUMAN_RAJASTHANI_RAJASTHANI
CLT_ROMANI,HUMAN_CULTURE,HUMAN,R21,H07,BRD_HUMAN_ROMANI_ROMA | BRD_HUMAN_ROMANI_ROMANI,EXILE_FORCED_MIGRATION_WOUND,GENERALIST,GENERALIST,SIMULATION_READY,EVD_JRN_R21_B01_CLT_ROMANI_PERSONALITY_ID_001 | EVD_JRN_R21_B01_CLT_ROMANI_TERRAIN_BROAD_001 | EVD_JRN_R21_B01_CLT_ROMANI_TERRAIN_SPECIFIC_001,2,BRD_HUMAN_ROMANI_ROMA | BRD_HUMAN_ROMANI_ROMANI
CLT_ROMANIAN_MOLDOVAN,HUMAN_CULTURE,HUMAN,R15,H04,BRD_HUMAN_ROMANIAN_MOLDOVAN_MOLDOVAN_ROMANIAN | BRD_HUMAN_ROMANIAN_MOLDOVAN_ROMANIAN | BRD_HUMAN_ROMANIAN_MOLDOVAN_ROMANIAN_MOLDOVAN,BOUNDARIES_LAND_BOUNDARY_WOUND,MOUNTAIN | FOREST | FRESHWATER | BUILT_ENVIRONMENT,ALPINE | MONTANE_FOREST | RIVER | FLOODPLAIN | CITY,SIMULATION_READY,EVD_JRN_R15_B01_CLT_ROMANIAN_MOLDOVAN_PERSONALITY_ID_001 | EVD_JRN_R15_B01_CLT_ROMANIAN_MOLDOVAN_TERRAIN_BROAD_001 | EVD_JRN_R15_B01_CLT_ROMANIAN_MOLDOVAN_TERRAIN_SPECIFIC_001,3,BRD_HUMAN_ROMANIAN_MOLDOVAN_MOLDOVAN_ROMANIAN | BRD_HUMAN_ROMANIAN_MOLDOVAN_ROMANIAN | BRD_HUMAN_ROMANIAN_MOLDOVAN_ROMANIAN_MOLDOVAN
CLT_RUSSIAN_EASTERN_EUROPEAN,HUMAN_CULTURE,HUMAN,R15,H04,BRD_HUMAN_RUSSIAN_EASTERN_EUROPEAN_ARMENIAN | BRD_HUMAN_RUSSIAN_EASTERN_EUROPEAN_BARENTSBURG_RUSSIAN | BRD_HUMAN_RUSSIAN_EASTERN_EUROPEAN_BELARUSIAN | BRD_HUMAN_RUSSIAN_EASTERN_EUROPEAN_CZECH_MORAVIAN | BRD_HUMAN_RUSSIAN_EASTERN_EUROPEAN_JAVAKHETI_ARMENIAN | BRD_HUMAN_RUSSIAN_EASTERN_EUROPEAN_KASHUBIAN_SILESIAN | BRD_HUMAN_RUSSIAN_EASTERN_EUROPEAN_POLISH | BRD_HUMAN_RUSSIAN_EASTERN_EUROPEAN_POLISH_RUSSIAN | BRD_HUMAN_RUSSIAN_EASTERN_EUROPEAN_RUSSIAN | BRD_HUMAN_RUSSIAN_EASTERN_EUROPEAN_RUSSIAN_SLAVIC | BRD_HUMAN_RUSSIAN_EASTERN_EUROPEAN_RUSSIAN_UKRAINIAN | BRD_HUMAN_RUSSIAN_EASTERN_EUROPEAN_SILESIAN | BRD_HUMAN_RUSSIAN_EASTERN_EUROPEAN_SLOVAK | BRD_HUMAN_RUSSIAN_EASTERN_EUROPEAN_SORBIAN | BRD_HUMAN_RUSSIAN_EASTERN_EUROPEAN_UKRAINIAN,BOUNDARIES_LAND_BOUNDARY_WOUND,FOREST | GRASSLAND | FRESHWATER | BUILT_ENVIRONMENT,BOREAL_FOREST | STEPPE | RIVER | LAKE | CITY,SIMULATION_READY,EVD_JRN_R15_B01_CLT_RUSSIAN_EASTERN_EUROPEAN_PERSONALITY_ID_001 | EVD_JRN_R15_B01_CLT_RUSSIAN_EASTERN_EUROPEAN_TERRAIN_BROAD_001 | EVD_JRN_R15_B01_CLT_RUSSIAN_EASTERN_EUROPEAN_TERRAIN_SPECIFIC_001,15,BRD_HUMAN_RUSSIAN_EASTERN_EUROPEAN_ARMENIAN | BRD_HUMAN_RUSSIAN_EASTERN_EUROPEAN_BARENTSBURG_RUSSIAN | BRD_HUMAN_RUSSIAN_EASTERN_EUROPEAN_BELARUSIAN | BRD_HUMAN_RUSSIAN_EASTERN_EUROPEAN_CZECH_MORAVIAN | BRD_HUMAN_RUSSIAN_EASTERN_EUROPEAN_JAVAKHETI_ARMENIAN | BRD_HUMAN_RUSSIAN_EASTERN_EUROPEAN_KASHUBIAN_SILESIAN | BRD_HUMAN_RUSSIAN_EASTERN_EUROPEAN_POLISH | BRD_HUMAN_RUSSIAN_EASTERN_EUROPEAN_POLISH_RUSSIAN | BRD_HUMAN_RUSSIAN_EASTERN_EUROPEAN_RUSSIAN | BRD_HUMAN_RUSSIAN_EASTERN_EUROPEAN_RUSSIAN_SLAVIC | BRD_HUMAN_RUSSIAN_EASTERN_EUROPEAN_RUSSIAN_UKRAINIAN | BRD_HUMAN_RUSSIAN_EASTERN_EUROPEAN_SILESIAN | BRD_HUMAN_RUSSIAN_EASTERN_EUROPEAN_SLOVAK | BRD_HUMAN_RUSSIAN_EASTERN_EUROPEAN_SORBIAN | BRD_HUMAN_RUSSIAN_EASTERN_EUROPEAN_UKRAINIAN
CLT_SAMI_ARCTIC_URALIC,HUMAN_CULTURE,HUMAN,R09,H10,BRD_HUMAN_SAMI_ARCTIC_URALIC_SAMI | BRD_HUMAN_SAMI_ARCTIC_URALIC_SAMI_NENETS,COLLECTIVE_MEMORY_TECHNIQUE_TRADITION,MOUNTAIN | FOREST | WETLAND | FRESHWATER | POLAR_ICE,ALPINE | BOREAL_FOREST | MARSH | LAKE | RIVER | TUNDRA | GLACIER | VILLAGE,SIMULATION_READY,EVD_JRN_R09_B01_CLT_SAMI_ARCTIC_URALIC_PERSONALITY_ID_001 | EVD_JRN_R09_B01_CLT_SAMI_ARCTIC_URALIC_TERRAIN_BROAD_001 | EVD_JRN_R09_B01_CLT_SAMI_ARCTIC_URALIC_TERRAIN_SPECIFIC_001,2,BRD_HUMAN_SAMI_ARCTIC_URALIC_SAMI | BRD_HUMAN_SAMI_ARCTIC_URALIC_SAMI_NENETS
CLT_SAN_KHOEKHOE,HUMAN_CULTURE,HUMAN,R18,H22,BRD_HUMAN_SAN_KHOEKHOE_NAMA_SAN | BRD_HUMAN_SAN_KHOEKHOE_SAN | BRD_HUMAN_SAN_KHOEKHOE_SAN_KHOEKHOE | BRD_HUMAN_SAN_KHOEKHOE_SAN_TSHWA,COLLECTIVE_MEMORY_TECHNIQUE_TRADITION,DESERT | GRASSLAND | FRESHWATER | BUILT_ENVIRONMENT,HOT_DESERT | DUNES | SCRUBLAND | SAVANNA | RIVER | VILLAGE,SIMULATION_READY,EVD_JRN_R18_B01_CLT_SAN_KHOEKHOE_PERSONALITY_ID_001 | EVD_JRN_R18_B01_CLT_SAN_KHOEKHOE_TERRAIN_BROAD_001 | EVD_JRN_R18_B01_CLT_SAN_KHOEKHOE_TERRAIN_SPECIFIC_001,4,BRD_HUMAN_SAN_KHOEKHOE_NAMA_SAN | BRD_HUMAN_SAN_KHOEKHOE_SAN | BRD_HUMAN_SAN_KHOEKHOE_SAN_KHOEKHOE | BRD_HUMAN_SAN_KHOEKHOE_SAN_TSHWA
CLT_SCOTS_ULSTER_SCOTS,HUMAN_CULTURE,HUMAN,R03,H24,BRD_HUMAN_SCOTS_ULSTER_SCOTS_LOWLAND_SCOTS | BRD_HUMAN_SCOTS_ULSTER_SCOTS_ULSTER_SCOTS | BRD_HUMAN_SCOTTISH,COLLECTIVE_MEMORY_TECHNIQUE_TRADITION,MOUNTAIN | FRESHWATER | COASTAL | WETLAND,LAKE | RIVER | CLIFF | DUNES | MUDFLAT | MARSH,SIMULATION_READY,EVD_JRN_R03_B01_CLT_SCOTS_ULSTER_SCOTS_PERSONALITY_ID_001 | EVD_JRN_R03_B01_CLT_SCOTS_ULSTER_SCOTS_TERRAIN_BROAD_001 | EVD_JRN_R03_B01_CLT_SCOTS_ULSTER_SCOTS_TERRAIN_SPECIFIC_001,3,BRD_HUMAN_SCOTS_ULSTER_SCOTS_LOWLAND_SCOTS | BRD_HUMAN_SCOTS_ULSTER_SCOTS_ULSTER_SCOTS | BRD_HUMAN_SCOTTISH
CLT_SENEGAMBIAN_FULANI_WOLOF_SERER,HUMAN_CULTURE,HUMAN,R14,H11,BRD_HUMAN_SENEGAMBIAN_FULANI_WOLOF_SERER_FULA | BRD_HUMAN_SENEGAMBIAN_FULANI_WOLOF_SERER_FULANI | BRD_HUMAN_SENEGAMBIAN_FULANI_WOLOF_SERER_FULANI_TOUCOULEUR | BRD_HUMAN_SENEGAMBIAN_FULANI_WOLOF_SERER_MBORORO | BRD_HUMAN_SENEGAMBIAN_FULANI_WOLOF_SERER_SONINKE_WOLOF | BRD_HUMAN_SENEGAMBIAN_FULANI_WOLOF_SERER_WOLOF_SERER,RISK_SOCIAL_RISK_SHARING_EXPRESSION,COASTAL | GRASSLAND | WETLAND | FRESHWATER | BUILT_ENVIRONMENT,ESTUARY | SAVANNA | RIVER | FLOODPLAIN | FARMLAND | CITY,SIMULATION_READY,EVD_JRN_R14_B02_CLT_SENEGAMBIAN_FULANI_WOLOF_SERER_PERSONALITY_ID_001 | EVD_JRN_R14_B02_CLT_SENEGAMBIAN_FULANI_WOLOF_SERER_TERRAIN_BROAD_001 | EVD_JRN_R14_B02_CLT_SENEGAMBIAN_FULANI_WOLOF_SERER_TERRAIN_SPECIFIC_001,6,BRD_HUMAN_SENEGAMBIAN_FULANI_WOLOF_SERER_FULA | BRD_HUMAN_SENEGAMBIAN_FULANI_WOLOF_SERER_FULANI | BRD_HUMAN_SENEGAMBIAN_FULANI_WOLOF_SERER_FULANI_TOUCOULEUR | BRD_HUMAN_SENEGAMBIAN_FULANI_WOLOF_SERER_MBORORO | BRD_HUMAN_SENEGAMBIAN_FULANI_WOLOF_SERER_SONINKE_WOLOF | BRD_HUMAN_SENEGAMBIAN_FULANI_WOLOF_SERER_WOLOF_SERER
CLT_SHAMBHALA,HUMAN_CULTURE,HUMAN,R21,H07,BRD_HUMAN_SHAMBHALA_SHAMBHALA,BOUNDARIES_DOMAIN_BOUND_CONFLICT,MOUNTAIN | GRASSLAND | FRESHWATER | BUILT_ENVIRONMENT,ALPINE | PLATEAU | RIVER | CITY | TEMPLE,SIMULATION_READY,EVD_JRN_R21_B01_CLT_SHAMBHALA_PERSONALITY_ID_001 | EVD_JRN_R21_B01_CLT_SHAMBHALA_TERRAIN_BROAD_001 | EVD_JRN_R21_B01_CLT_SHAMBHALA_TERRAIN_SPECIFIC_001,1,BRD_HUMAN_SHAMBHALA_SHAMBHALA
CLT_SINHALESE,HUMAN_CULTURE,HUMAN,R15,H20,BRD_HUMAN_SINHALESE_SINHALESE,CONTROL_ENVIRONMENT_ENGINEERING_EXPRESSION,FOREST | MOUNTAIN | COASTAL | FRESHWATER | BUILT_ENVIRONMENT,RAIN_FOREST | MONTANE_FOREST | RIVER | FARMLAND | CITY,SIMULATION_READY,EVD_JRN_R15_B01_CLT_SINHALESE_PERSONALITY_ID_001 | EVD_JRN_R15_B01_CLT_SINHALESE_TERRAIN_BROAD_001 | EVD_JRN_R15_B01_CLT_SINHALESE_TERRAIN_SPECIFIC_001,1,BRD_HUMAN_SINHALESE_SINHALESE
CLT_SOMALI_CUSHITIC_HORN,HUMAN_CULTURE,HUMAN,R14,H11,BRD_HUMAN_SOMALI_CUSHITIC_HORN_AFAR | BRD_HUMAN_SOMALI_CUSHITIC_HORN_AFAR_SAHO | BRD_HUMAN_SOMALI_CUSHITIC_HORN_BEJA | BRD_HUMAN_SOMALI_CUSHITIC_HORN_OROMO | BRD_HUMAN_SOMALI_CUSHITIC_HORN_SOMALI | BRD_HUMAN_SOMALI_CUSHITIC_HORN_SOMALI_ISSA,AMBIGUITY_BETWEEN_STATES_CONFLICT,DESERT | GRASSLAND | COASTAL | MOUNTAIN | BUILT_ENVIRONMENT,HOT_DESERT | STEPPE | SAVANNA | PLATEAU | COASTAL_CLIFF | CITY,SIMULATION_READY,EVD_JRN_R14_B02_CLT_SOMALI_CUSHITIC_HORN_PERSONALITY_ID_001 | EVD_JRN_R14_B02_CLT_SOMALI_CUSHITIC_HORN_TERRAIN_BROAD_001 | EVD_JRN_R14_B02_CLT_SOMALI_CUSHITIC_HORN_TERRAIN_SPECIFIC_001,6,BRD_HUMAN_SOMALI_CUSHITIC_HORN_AFAR | BRD_HUMAN_SOMALI_CUSHITIC_HORN_AFAR_SAHO | BRD_HUMAN_SOMALI_CUSHITIC_HORN_BEJA | BRD_HUMAN_SOMALI_CUSHITIC_HORN_OROMO | BRD_HUMAN_SOMALI_CUSHITIC_HORN_SOMALI | BRD_HUMAN_SOMALI_CUSHITIC_HORN_SOMALI_ISSA
CLT_SONGHAI,HUMAN_CULTURE,HUMAN,R14,H11,BRD_HUMAN_SONGHAI_SONGHAI | BRD_HUMAN_SONGHAI_SONGHAI_ZARMA,CONTROL_RESOURCE_CONTROL_EXPRESSION,GRASSLAND | FRESHWATER | WETLAND | DESERT | BUILT_ENVIRONMENT,RIVER | FLOODPLAIN | STEPPE | CITY | FARMLAND,SIMULATION_READY,EVD_JRN_R14_B02_CLT_SONGHAI_PERSONALITY_ID_001 | EVD_JRN_R14_B02_CLT_SONGHAI_TERRAIN_BROAD_001 | EVD_JRN_R14_B02_CLT_SONGHAI_TERRAIN_SPECIFIC_001,2,BRD_HUMAN_SONGHAI_SONGHAI | BRD_HUMAN_SONGHAI_SONGHAI_ZARMA
CLT_SOUTH_INDIAN_DRAVIDIAN,HUMAN_CULTURE,HUMAN,R15,H20,BRD_HUMAN_SOUTH_INDIAN_DRAVIDIAN_LANKAN_TAMIL | BRD_HUMAN_SOUTH_INDIAN_DRAVIDIAN_MALAYALI | BRD_HUMAN_SOUTH_INDIAN_DRAVIDIAN_MALAYALI_KERALA | BRD_HUMAN_SOUTH_INDIAN_DRAVIDIAN_MALAYSIAN_TAMIL | BRD_HUMAN_SOUTH_INDIAN_DRAVIDIAN_SINGAPOREAN_TAMIL | BRD_HUMAN_SOUTH_INDIAN_DRAVIDIAN_SOUTH_INDIAN | BRD_HUMAN_SOUTH_INDIAN_DRAVIDIAN_TAMIL | BRD_HUMAN_SOUTH_INDIAN_DRAVIDIAN_TAMIL_MALBAR | BRD_HUMAN_SOUTH_INDIAN_DRAVIDIAN_TELUGU_KANNADA,COLLECTIVE_MEMORY_TECHNIQUE_TRADITION,COASTAL | FOREST | MOUNTAIN | FRESHWATER | BUILT_ENVIRONMENT,RAIN_FOREST | MONTANE_FOREST | RIVER | FARMLAND | CITY,SIMULATION_READY,EVD_JRN_R15_B01_CLT_SOUTH_INDIAN_DRAVIDIAN_PERSONALITY_ID_001 | EVD_JRN_R15_B01_CLT_SOUTH_INDIAN_DRAVIDIAN_TERRAIN_BROAD_001 | EVD_JRN_R15_B01_CLT_SOUTH_INDIAN_DRAVIDIAN_TERRAIN_SPECIFIC_001,9,BRD_HUMAN_SOUTH_INDIAN_DRAVIDIAN_LANKAN_TAMIL | BRD_HUMAN_SOUTH_INDIAN_DRAVIDIAN_MALAYALI | BRD_HUMAN_SOUTH_INDIAN_DRAVIDIAN_MALAYALI_KERALA | BRD_HUMAN_SOUTH_INDIAN_DRAVIDIAN_MALAYSIAN_TAMIL | BRD_HUMAN_SOUTH_INDIAN_DRAVIDIAN_SINGAPOREAN_TAMIL | BRD_HUMAN_SOUTH_INDIAN_DRAVIDIAN_SOUTH_INDIAN | BRD_HUMAN_SOUTH_INDIAN_DRAVIDIAN_TAMIL | BRD_HUMAN_SOUTH_INDIAN_DRAVIDIAN_TAMIL_MALBAR | BRD_HUMAN_SOUTH_INDIAN_DRAVIDIAN_TELUGU_KANNADA
CLT_SOUTH_SLAVIC,HUMAN_CULTURE,HUMAN,R15,H04,BRD_HUMAN_SOUTH_SLAVIC_BOSNIAK | BRD_HUMAN_SOUTH_SLAVIC_BULGARIAN | BRD_HUMAN_SOUTH_SLAVIC_BURGENLAND_CROAT | BRD_HUMAN_SOUTH_SLAVIC_CARINTHIAN_SLOVENE | BRD_HUMAN_SOUTH_SLAVIC_CROAT | BRD_HUMAN_SOUTH_SLAVIC_CROATIAN | BRD_HUMAN_SOUTH_SLAVIC_MACEDONIAN | BRD_HUMAN_SOUTH_SLAVIC_MONTENEGRIN_SERB | BRD_HUMAN_SOUTH_SLAVIC_SERB | BRD_HUMAN_SOUTH_SLAVIC_SERBIAN | BRD_HUMAN_SOUTH_SLAVIC_SLOVENE,BOUNDARIES_LAND_BOUNDARY_WOUND,MOUNTAIN | FOREST | COASTAL | FRESHWATER | BUILT_ENVIRONMENT,ALPINE | MONTANE_FOREST | COASTAL_CLIFF | RIVER | CITY,SIMULATION_READY,EVD_JRN_R15_B01_CLT_SOUTH_SLAVIC_PERSONALITY_ID_001 | EVD_JRN_R15_B01_CLT_SOUTH_SLAVIC_TERRAIN_BROAD_001 | EVD_JRN_R15_B01_CLT_SOUTH_SLAVIC_TERRAIN_SPECIFIC_001,11,BRD_HUMAN_SOUTH_SLAVIC_BOSNIAK | BRD_HUMAN_SOUTH_SLAVIC_BULGARIAN | BRD_HUMAN_SOUTH_SLAVIC_BURGENLAND_CROAT | BRD_HUMAN_SOUTH_SLAVIC_CARINTHIAN_SLOVENE | BRD_HUMAN_SOUTH_SLAVIC_CROAT | BRD_HUMAN_SOUTH_SLAVIC_CROATIAN | BRD_HUMAN_SOUTH_SLAVIC_MACEDONIAN | BRD_HUMAN_SOUTH_SLAVIC_MONTENEGRIN_SERB | BRD_HUMAN_SOUTH_SLAVIC_SERB | BRD_HUMAN_SOUTH_SLAVIC_SERBIAN | BRD_HUMAN_SOUTH_SLAVIC_SLOVENE
CLT_SOUTHERN_AFRICAN_BANTU_NGUNI_SOTHO_TSWANA,HUMAN_CULTURE,HUMAN,R18,H22,BRD_HUMAN_BLACK_SOUTH_AFRICAN | BRD_HUMAN_SOUTHERN_AFRICAN_BANTU_NGUNI_SOTHO_TSWANA_BASOTHO | BRD_HUMAN_SOUTHERN_AFRICAN_BANTU_NGUNI_SOTHO_TSWANA_HERERO | BRD_HUMAN_SOUTHERN_AFRICAN_BANTU_NGUNI_SOTHO_TSWANA_NDEBELE | BRD_HUMAN_SOUTHERN_AFRICAN_BANTU_NGUNI_SOTHO_TSWANA_OVAMBO | BRD_HUMAN_SOUTHERN_AFRICAN_BANTU_NGUNI_SOTHO_TSWANA_SOTHO_TSWANA | BRD_HUMAN_SOUTHERN_AFRICAN_BANTU_NGUNI_SOTHO_TSWANA_SWAZI | BRD_HUMAN_SOUTHERN_AFRICAN_BANTU_NGUNI_SOTHO_TSWANA_TSWANA | BRD_HUMAN_SOUTHERN_AFRICAN_BANTU_NGUNI_SOTHO_TSWANA_XHOSA | BRD_HUMAN_SOUTHERN_AFRICAN_BANTU_NGUNI_SOTHO_TSWANA_ZULU,COLLECTIVE_MEMORY_LIVING_MEMORIAL_CONFLICT,GRASSLAND | FRESHWATER | MOUNTAIN | BUILT_ENVIRONMENT,SAVANNA | RIVER | FLOODPLAIN | PLATEAU | CITY | VILLAGE | RUINS,SIMULATION_READY,EVD_JRN_R18_B01_CLT_SOUTHERN_AFRICAN_BANTU_NGUNI_SOTHO_TSWANA_PERSONALITY_ID_001 | EVD_JRN_R18_B01_CLT_SOUTHERN_AFRICAN_BANTU_NGUNI_SOTHO_TSWANA_TERRAIN_BROAD_001 | EVD_JRN_R18_B01_CLT_SOUTHERN_AFRICAN_BANTU_NGUNI_SOTHO_TSWANA_TERRAIN_SPECIFIC_001,10,BRD_HUMAN_BLACK_SOUTH_AFRICAN | BRD_HUMAN_SOUTHERN_AFRICAN_BANTU_NGUNI_SOTHO_TSWANA_BASOTHO | BRD_HUMAN_SOUTHERN_AFRICAN_BANTU_NGUNI_SOTHO_TSWANA_HERERO | BRD_HUMAN_SOUTHERN_AFRICAN_BANTU_NGUNI_SOTHO_TSWANA_NDEBELE | BRD_HUMAN_SOUTHERN_AFRICAN_BANTU_NGUNI_SOTHO_TSWANA_OVAMBO | BRD_HUMAN_SOUTHERN_AFRICAN_BANTU_NGUNI_SOTHO_TSWANA_SOTHO_TSWANA | BRD_HUMAN_SOUTHERN_AFRICAN_BANTU_NGUNI_SOTHO_TSWANA_SWAZI | BRD_HUMAN_SOUTHERN_AFRICAN_BANTU_NGUNI_SOTHO_TSWANA_TSWANA | BRD_HUMAN_SOUTHERN_AFRICAN_BANTU_NGUNI_SOTHO_TSWANA_XHOSA | BRD_HUMAN_SOUTHERN_AFRICAN_BANTU_NGUNI_SOTHO_TSWANA_ZULU
CLT_SOUTHERN_HAN_CHINESE_WU_MIN_YUE_HAKKA,HUMAN_CULTURE,HUMAN,R08,H09,BRD_HUMAN_SOUTHERN_HAN_CHINESE_WU_MIN_YUE_HAKKA_CANTONESE | BRD_HUMAN_SOUTHERN_HAN_CHINESE_WU_MIN_YUE_HAKKA_CHINESE | BRD_HUMAN_SOUTHERN_HAN_CHINESE_WU_MIN_YUE_HAKKA_HAKKA | BRD_HUMAN_SOUTHERN_HAN_CHINESE_WU_MIN_YUE_HAKKA_HOKLO_TAIWANESE | BRD_HUMAN_SOUTHERN_HAN_CHINESE_WU_MIN_YUE_HAKKA_JIANGNAN_CHINESE | BRD_HUMAN_SOUTHERN_HAN_CHINESE_WU_MIN_YUE_HAKKA_MACANESE_CHINESE | BRD_HUMAN_SOUTHERN_HAN_CHINESE_WU_MIN_YUE_HAKKA_MAINLAND_CHINESE | BRD_HUMAN_SOUTHERN_HAN_CHINESE_WU_MIN_YUE_HAKKA_MALAYSIAN_CHINESE | BRD_HUMAN_SOUTHERN_HAN_CHINESE_WU_MIN_YUE_HAKKA_MIN_CHINESE | BRD_HUMAN_SOUTHERN_HAN_CHINESE_WU_MIN_YUE_HAKKA_PERANAKAN | BRD_HUMAN_SOUTHERN_HAN_CHINESE_WU_MIN_YUE_HAKKA_SINGAPOREAN_CHINESE | BRD_HUMAN_SOUTHERN_HAN_CHINESE_WU_MIN_YUE_HAKKA_SINO_MAURITIAN | BRD_HUMAN_SOUTHERN_HAN_CHINESE_WU_MIN_YUE_HAKKA_WU_CHINESE,COLLECTIVE_MEMORY_TECHNIQUE_TRADITION,FRESHWATER | BUILT_ENVIRONMENT | COASTAL,RIVER | DELTA | FLOODPLAIN | CITY,SIMULATION_READY,EVD_JRN_R08_B01_CLT_SOUTHERN_HAN_CHINESE_WU_MIN_YUE_HAKKA_PERSONALITY_ID_001 | EVD_JRN_R08_B01_CLT_SOUTHERN_HAN_CHINESE_WU_MIN_YUE_HAKKA_TERRAIN_BROAD_001 | EVD_JRN_R08_B01_CLT_SOUTHERN_HAN_CHINESE_WU_MIN_YUE_HAKKA_TERRAIN_SPECIFIC_001,13,BRD_HUMAN_SOUTHERN_HAN_CHINESE_WU_MIN_YUE_HAKKA_CANTONESE | BRD_HUMAN_SOUTHERN_HAN_CHINESE_WU_MIN_YUE_HAKKA_CHINESE | BRD_HUMAN_SOUTHERN_HAN_CHINESE_WU_MIN_YUE_HAKKA_HAKKA | BRD_HUMAN_SOUTHERN_HAN_CHINESE_WU_MIN_YUE_HAKKA_HOKLO_TAIWANESE | BRD_HUMAN_SOUTHERN_HAN_CHINESE_WU_MIN_YUE_HAKKA_JIANGNAN_CHINESE | BRD_HUMAN_SOUTHERN_HAN_CHINESE_WU_MIN_YUE_HAKKA_MACANESE_CHINESE | BRD_HUMAN_SOUTHERN_HAN_CHINESE_WU_MIN_YUE_HAKKA_MAINLAND_CHINESE | BRD_HUMAN_SOUTHERN_HAN_CHINESE_WU_MIN_YUE_HAKKA_MALAYSIAN_CHINESE | BRD_HUMAN_SOUTHERN_HAN_CHINESE_WU_MIN_YUE_HAKKA_MIN_CHINESE | BRD_HUMAN_SOUTHERN_HAN_CHINESE_WU_MIN_YUE_HAKKA_PERANAKAN | BRD_HUMAN_SOUTHERN_HAN_CHINESE_WU_MIN_YUE_HAKKA_SINGAPOREAN_CHINESE | BRD_HUMAN_SOUTHERN_HAN_CHINESE_WU_MIN_YUE_HAKKA_SINO_MAURITIAN | BRD_HUMAN_SOUTHERN_HAN_CHINESE_WU_MIN_YUE_HAKKA_WU_CHINESE
CLT_SPANISH_CASTILIAN,HUMAN_CULTURE,HUMAN,R11,H01,BRD_HUMAN_SPANISH | BRD_HUMAN_SPANISH_CASTILIAN_ANDALUSIAN | BRD_HUMAN_SPANISH_CASTILIAN_CANARIAN | BRD_HUMAN_SPANISH_CASTILIAN_CASTILIAN | BRD_HUMAN_SPANISH_CASTILIAN_GIBRALTARIAN,COLLECTIVE_MEMORY_LIVING_MEMORIAL_CONFLICT,MOUNTAIN | FOREST | BUILT_ENVIRONMENT,ALPINE | WOODLAND | CITY | TEMPLE | FARMLAND,SIMULATION_READY,EVD_JRN_R11_B01_CLT_SPANISH_CASTILIAN_PERSONALITY_ID_001 | EVD_JRN_R11_B01_CLT_SPANISH_CASTILIAN_TERRAIN_BROAD_001 | EVD_JRN_R11_B01_CLT_SPANISH_CASTILIAN_TERRAIN_SPECIFIC_001,5,BRD_HUMAN_SPANISH | BRD_HUMAN_SPANISH_CASTILIAN_ANDALUSIAN | BRD_HUMAN_SPANISH_CASTILIAN_CANARIAN | BRD_HUMAN_SPANISH_CASTILIAN_CASTILIAN | BRD_HUMAN_SPANISH_CASTILIAN_GIBRALTARIAN
CLT_TAI_THAI_LAO_LANNA,HUMAN_CULTURE,HUMAN,R16,H14,BRD_HUMAN_TAI_THAI_LAO_LANNA_ISAN_LAO | BRD_HUMAN_TAI_THAI_LAO_LANNA_LANNA | BRD_HUMAN_TAI_THAI_LAO_LANNA_LAO | BRD_HUMAN_TAI_THAI_LAO_LANNA_SHAN | BRD_HUMAN_TAI_THAI_LAO_LANNA_TAI | BRD_HUMAN_TAI_THAI_LAO_LANNA_THAI | BRD_HUMAN_TAI_THAI_LAO_LANNA_ZHUANG_DAI,LAND_ROOTEDNESS_VERSUS_FREEDOM_CONFLICT,MOUNTAIN | GRASSLAND | FRESHWATER | BUILT_ENVIRONMENT,PLATEAU | MONTANE_FOREST | RIVER | FLOODPLAIN | FARMLAND | CITY | VILLAGE,SIMULATION_READY,EVD_JRN_R16_B01_CLT_TAI_THAI_LAO_LANNA_PERSONALITY_ID_001 | EVD_JRN_R16_B01_CLT_TAI_THAI_LAO_LANNA_TERRAIN_BROAD_001 | EVD_JRN_R16_B01_CLT_TAI_THAI_LAO_LANNA_TERRAIN_SPECIFIC_001,7,BRD_HUMAN_TAI_THAI_LAO_LANNA_ISAN_LAO | BRD_HUMAN_TAI_THAI_LAO_LANNA_LANNA | BRD_HUMAN_TAI_THAI_LAO_LANNA_LAO | BRD_HUMAN_TAI_THAI_LAO_LANNA_SHAN | BRD_HUMAN_TAI_THAI_LAO_LANNA_TAI | BRD_HUMAN_TAI_THAI_LAO_LANNA_THAI | BRD_HUMAN_TAI_THAI_LAO_LANNA_ZHUANG_DAI
CLT_TAJIK_SOGDIAN,HUMAN_CULTURE,HUMAN,R02,H06,BRD_HUMAN_TAJIK_SOGDIAN_TAJIK | BRD_HUMAN_TAJIK_SOGDIAN_TAJIK_SOGDIAN,COLLECTIVE_MEMORY_TECHNIQUE_TRADITION,MOUNTAIN | GRASSLAND | DESERT | FRESHWATER,STEPPE | OASIS | RIVER,SIMULATION_READY,EVD_JRN_R02_B02_CLT_TAJIK_SOGDIAN_PERSONALITY_ID_001 | EVD_JRN_R02_B02_CLT_TAJIK_SOGDIAN_TERRAIN_BROAD_001 | EVD_JRN_R02_B02_CLT_TAJIK_SOGDIAN_TERRAIN_SPECIFIC_001,2,BRD_HUMAN_TAJIK_SOGDIAN_TAJIK | BRD_HUMAN_TAJIK_SOGDIAN_TAJIK_SOGDIAN
CLT_TIBETAN,HUMAN_CULTURE,HUMAN,R09,H10,BRD_HUMAN_TIBETAN_HIMALAYAN_TIBETAN | BRD_HUMAN_TIBETAN_LADAKHI | BRD_HUMAN_TIBETAN_NGALOP | BRD_HUMAN_TIBETAN_TIBETAN,COLLECTIVE_MEMORY_TECHNIQUE_TRADITION,MOUNTAIN | GRASSLAND | FRESHWATER | BUILT_ENVIRONMENT,ALPINE | PLATEAU | MEADOW | RIVER | VILLAGE | FARMLAND,SIMULATION_READY,EVD_JRN_R09_B01_CLT_TIBETAN_PERSONALITY_ID_001 | EVD_JRN_R09_B01_CLT_TIBETAN_TERRAIN_BROAD_001 | EVD_JRN_R09_B01_CLT_TIBETAN_TERRAIN_SPECIFIC_001,4,BRD_HUMAN_TIBETAN_HIMALAYAN_TIBETAN | BRD_HUMAN_TIBETAN_LADAKHI | BRD_HUMAN_TIBETAN_NGALOP | BRD_HUMAN_TIBETAN_TIBETAN
CLT_TLINGIT,HUMAN_CULTURE,HUMAN,R09,H10,BRD_HUMAN_TLINGIT_TLINGIT,COLLECTIVE_MEMORY_TECHNIQUE_TRADITION,COASTAL | MOUNTAIN | FRESHWATER | POLAR_ICE,GLACIER | FJORD | COASTAL_CLIFF | RIVER,SIMULATION_READY,EVD_JRN_R09_B01_CLT_TLINGIT_PERSONALITY_ID_001 | EVD_JRN_R09_B01_CLT_TLINGIT_TERRAIN_BROAD_001 | EVD_JRN_R09_B01_CLT_TLINGIT_TERRAIN_SPECIFIC_001,1,BRD_HUMAN_TLINGIT_TLINGIT
CLT_UPLAND_FILIPINO_IFUGAO_CORDILLERAN_LUMAD,HUMAN_CULTURE,HUMAN,R16,H15,BRD_HUMAN_UPLAND_FILIPINO_IFUGAO_CORDILLERAN_LUMAD_IFUGAO | BRD_HUMAN_UPLAND_FILIPINO_IFUGAO_CORDILLERAN_LUMAD_LUMAD,COLLECTIVE_MEMORY_TECHNIQUE_TRADITION,MOUNTAIN | FOREST | FRESHWATER | BUILT_ENVIRONMENT,MONTANE_FOREST | FARMLAND | RIVER | VILLAGE,SIMULATION_READY,EVD_JRN_R16_B01_CLT_UPLAND_FILIPINO_IFUGAO_CORDILLERAN_LUMAD_PERSONALITY_ID_001 | EVD_JRN_R16_B01_CLT_UPLAND_FILIPINO_IFUGAO_CORDILLERAN_LUMAD_TERRAIN_BROAD_001 | EVD_JRN_R16_B01_CLT_UPLAND_FILIPINO_IFUGAO_CORDILLERAN_LUMAD_TERRAIN_SPECIFIC_001,2,BRD_HUMAN_UPLAND_FILIPINO_IFUGAO_CORDILLERAN_LUMAD_IFUGAO | BRD_HUMAN_UPLAND_FILIPINO_IFUGAO_CORDILLERAN_LUMAD_LUMAD
CLT_UPPER_GUINEA_MANDE_KRU_TEMNE,HUMAN_CULTURE,HUMAN,R17,H23,BRD_HUMAN_UPPER_GUINEA_MANDE_KRU_TEMNE_BALANTA_MANJACO | BRD_HUMAN_UPPER_GUINEA_MANDE_KRU_TEMNE_BAMBARA_MANDE | BRD_HUMAN_UPPER_GUINEA_MANDE_KRU_TEMNE_KRU_BETE | BRD_HUMAN_UPPER_GUINEA_MANDE_KRU_TEMNE_LIBERIAN_INDIGENOUS | BRD_HUMAN_UPPER_GUINEA_MANDE_KRU_TEMNE_MANDE | BRD_HUMAN_UPPER_GUINEA_MANDE_KRU_TEMNE_MANDE_MALIAN | BRD_HUMAN_UPPER_GUINEA_MANDE_KRU_TEMNE_MANDINKA | BRD_HUMAN_UPPER_GUINEA_MANDE_KRU_TEMNE_MANDINKA_MANDE | BRD_HUMAN_UPPER_GUINEA_MANDE_KRU_TEMNE_MENDE | BRD_HUMAN_UPPER_GUINEA_MANDE_KRU_TEMNE_SUSU | BRD_HUMAN_UPPER_GUINEA_MANDE_KRU_TEMNE_TEMNE,COLLECTIVE_MEMORY_LIVING_MEMORIAL_CONFLICT,FOREST | MOUNTAIN | COASTAL | OCEAN | FRESHWATER | BUILT_ENVIRONMENT,RAIN_FOREST | MONTANE_FOREST | COASTAL_CLIFF | ISLAND | RIVER | CITY,SIMULATION_READY,EVD_JRN_R17_B01_CLT_UPPER_GUINEA_MANDE_KRU_TEMNE_PERSONALITY_ID_001 | EVD_JRN_R17_B01_CLT_UPPER_GUINEA_MANDE_KRU_TEMNE_TERRAIN_BROAD_001 | EVD_JRN_R17_B01_CLT_UPPER_GUINEA_MANDE_KRU_TEMNE_TERRAIN_SPECIFIC_001,11,BRD_HUMAN_UPPER_GUINEA_MANDE_KRU_TEMNE_BALANTA_MANJACO | BRD_HUMAN_UPPER_GUINEA_MANDE_KRU_TEMNE_BAMBARA_MANDE | BRD_HUMAN_UPPER_GUINEA_MANDE_KRU_TEMNE_KRU_BETE | BRD_HUMAN_UPPER_GUINEA_MANDE_KRU_TEMNE_LIBERIAN_INDIGENOUS | BRD_HUMAN_UPPER_GUINEA_MANDE_KRU_TEMNE_MANDE | BRD_HUMAN_UPPER_GUINEA_MANDE_KRU_TEMNE_MANDE_MALIAN | BRD_HUMAN_UPPER_GUINEA_MANDE_KRU_TEMNE_MANDINKA | BRD_HUMAN_UPPER_GUINEA_MANDE_KRU_TEMNE_MANDINKA_MANDE | BRD_HUMAN_UPPER_GUINEA_MANDE_KRU_TEMNE_MENDE | BRD_HUMAN_UPPER_GUINEA_MANDE_KRU_TEMNE_SUSU | BRD_HUMAN_UPPER_GUINEA_MANDE_KRU_TEMNE_TEMNE
CLT_UZBEK_TIMURID,HUMAN_CULTURE,HUMAN,R02,H06,BRD_HUMAN_UZBEK_TIMURID_UYGHUR | BRD_HUMAN_UZBEK_TIMURID_UZBEK | BRD_HUMAN_UZBEK_TIMURID_UZBEK_TIMURID,COLLECTIVE_MEMORY_TECHNIQUE_TRADITION,FRESHWATER,OASIS | RIVER,SIMULATION_READY,EVD_JRN_R02_B02_CLT_UZBEK_TIMURID_PERSONALITY_ID_001 | EVD_JRN_R02_B02_CLT_UZBEK_TIMURID_TERRAIN_BROAD_001 | EVD_JRN_R02_B02_CLT_UZBEK_TIMURID_TERRAIN_SPECIFIC_001,3,BRD_HUMAN_UZBEK_TIMURID_UYGHUR | BRD_HUMAN_UZBEK_TIMURID_UZBEK | BRD_HUMAN_UZBEK_TIMURID_UZBEK_TIMURID
CLT_VIETNAMESE,HUMAN_CULTURE,HUMAN,R16,H14,BRD_HUMAN_VIETNAMESE_VIETNAMESE,CONTROL_ENVIRONMENT_ENGINEERING_EXPRESSION,COASTAL | FRESHWATER | MOUNTAIN | FOREST | BUILT_ENVIRONMENT,DELTA | RIVER | FLOODPLAIN | FARMLAND | MONTANE_FOREST | CITY | VILLAGE,SIMULATION_READY,EVD_JRN_R16_B01_CLT_VIETNAMESE_PERSONALITY_ID_001 | EVD_JRN_R16_B01_CLT_VIETNAMESE_TERRAIN_BROAD_001 | EVD_JRN_R16_B01_CLT_VIETNAMESE_TERRAIN_SPECIFIC_001,1,BRD_HUMAN_VIETNAMESE_VIETNAMESE
CLT_WELSH_BRITTONIC_CELTIC,HUMAN_CULTURE,HUMAN,R03,H24,BRD_HUMAN_WELSH_BRITTONIC_CELTIC_WELSH,CONTROL_ENVIRONMENT_ENGINEERING_EXPRESSION,MOUNTAIN | COASTAL | SUBTERRANEAN | BUILT_ENVIRONMENT,MINE,SIMULATION_READY,EVD_JRN_R03_B01_CLT_WELSH_BRITTONIC_CELTIC_PERSONALITY_ID_001 | EVD_JRN_R03_B01_CLT_WELSH_BRITTONIC_CELTIC_TERRAIN_BROAD_001 | EVD_JRN_R03_B01_CLT_WELSH_BRITTONIC_CELTIC_TERRAIN_SPECIFIC_001,1,BRD_HUMAN_WELSH_BRITTONIC_CELTIC_WELSH
CLT_YORUBA,HUMAN_CULTURE,HUMAN,R17,H05,BRD_HUMAN_YORUBA_YORUBA,COLLECTIVE_MEMORY_TECHNIQUE_TRADITION,FOREST | FRESHWATER | BUILT_ENVIRONMENT,RAIN_FOREST | RIVER | TEMPLE | CITY,SIMULATION_READY,EVD_JRN_R17_B01_CLT_YORUBA_PERSONALITY_ID_001 | EVD_JRN_R17_B01_CLT_YORUBA_TERRAIN_BROAD_001 | EVD_JRN_R17_B01_CLT_YORUBA_TERRAIN_SPECIFIC_001,1,BRD_HUMAN_YORUBA_YORUBA
CLT_YS,HUMAN_CULTURE,HUMAN,R21,H07,BRD_HUMAN_YS_BRETON | BRD_HUMAN_YS_YS,REPAIR_DESTROYED_INFRASTRUCTURE_WOUND,COASTAL | OCEAN | BUILT_ENVIRONMENT,CITY | ROAD,SIMULATION_READY,EVD_JRN_R21_B01_CLT_YS_PERSONALITY_ID_001 | EVD_JRN_R21_B01_CLT_YS_TERRAIN_BROAD_001 | EVD_JRN_R21_B01_CLT_YS_TERRAIN_SPECIFIC_001,2,BRD_HUMAN_YS_BRETON | BRD_HUMAN_YS_YS
CLT_ZAMBEZI_ZIMBABWE_MOZAMBIQUE_BANTU,HUMAN_CULTURE,HUMAN,R18,H22,BRD_HUMAN_ZAMBEZI_ZIMBABWE_MOZAMBIQUE_BANTU_BEMBA | BRD_HUMAN_ZAMBEZI_ZIMBABWE_MOZAMBIQUE_BANTU_CHEWA | BRD_HUMAN_ZAMBEZI_ZIMBABWE_MOZAMBIQUE_BANTU_MAKHUWA | BRD_HUMAN_ZAMBEZI_ZIMBABWE_MOZAMBIQUE_BANTU_SHONA | BRD_HUMAN_ZAMBEZI_ZIMBABWE_MOZAMBIQUE_BANTU_SHONA_GREAT_ZIMBABWE | BRD_HUMAN_ZAMBEZI_ZIMBABWE_MOZAMBIQUE_BANTU_SHONA_SENA_TSONGA | BRD_HUMAN_ZAMBEZI_ZIMBABWE_MOZAMBIQUE_BANTU_TONGA_LOZI | BRD_HUMAN_ZAMBEZI_ZIMBABWE_MOZAMBIQUE_BANTU_YAO,COLLECTIVE_MEMORY_TECHNIQUE_TRADITION,MOUNTAIN | GRASSLAND | BUILT_ENVIRONMENT,PLATEAU | SAVANNA | CITY | VILLAGE | RUINS | TEMPLE,SIMULATION_READY,EVD_JRN_R18_B01_CLT_ZAMBEZI_ZIMBABWE_MOZAMBIQUE_BANTU_PERSONALITY_ID_001 | EVD_JRN_R18_B01_CLT_ZAMBEZI_ZIMBABWE_MOZAMBIQUE_BANTU_TERRAIN_BROAD_001 | EVD_JRN_R18_B01_CLT_ZAMBEZI_ZIMBABWE_MOZAMBIQUE_BANTU_TERRAIN_SPECIFIC_001,8,BRD_HUMAN_ZAMBEZI_ZIMBABWE_MOZAMBIQUE_BANTU_BEMBA | BRD_HUMAN_ZAMBEZI_ZIMBABWE_MOZAMBIQUE_BANTU_CHEWA | BRD_HUMAN_ZAMBEZI_ZIMBABWE_MOZAMBIQUE_BANTU_MAKHUWA | BRD_HUMAN_ZAMBEZI_ZIMBABWE_MOZAMBIQUE_BANTU_SHONA | BRD_HUMAN_ZAMBEZI_ZIMBABWE_MOZAMBIQUE_BANTU_SHONA_GREAT_ZIMBABWE | BRD_HUMAN_ZAMBEZI_ZIMBABWE_MOZAMBIQUE_BANTU_SHONA_SENA_TSONGA | BRD_HUMAN_ZAMBEZI_ZIMBABWE_MOZAMBIQUE_BANTU_TONGA_LOZI | BRD_HUMAN_ZAMBEZI_ZIMBABWE_MOZAMBIQUE_BANTU_YAO
CLT_ZAPOTEC,HUMAN_CULTURE,HUMAN,R24,H16,BRD_HUMAN_ZAPOTEC_ZAPOTEC,STEWARDSHIP_HABITAT_ENGINEERING_EXPRESSION,MOUNTAIN | FRESHWATER | BUILT_ENVIRONMENT | GRASSLAND,PLATEAU | CITY | TEMPLE | FARMLAND | CANYON,SIMULATION_READY,EVD_JRN_R24_B01_CLT_ZAPOTEC_PERSONALITY_ID_001 | EVD_JRN_R24_B01_CLT_ZAPOTEC_TERRAIN_BROAD_001 | EVD_JRN_R24_B01_CLT_ZAPOTEC_TERRAIN_SPECIFIC_001,1,BRD_HUMAN_ZAPOTEC_ZAPOTEC
SPC_ACHERONTIA_ATROPOS,BEAST_SPECIES,BEAST,R25,B02,BRD_DEATH_S_HEAD_HAWKMOTH,TRUTH_CAMOUFLAGE_EXPRESSION,GRASSLAND | FOREST | BUILT_ENVIRONMENT,SCRUBLAND | MEADOW | FARMLAND | VILLAGE,SIMULATION_READY,EVD_JRN_R25_B01_SPC_ACHERONTIA_ATROPOS_PERSONALITY_ID_001 | EVD_JRN_R25_B01_SPC_ACHERONTIA_ATROPOS_TERRAIN_BROAD_001 | EVD_JRN_R25_B01_SPC_ACHERONTIA_ATROPOS_TERRAIN_SPECIFIC_001,1,BRD_DEATH_S_HEAD_HAWKMOTH
SPC_ACHETA_DOMESTICUS,BEAST_SPECIES,BEAST,R25,B02,BRD_HOUSE_CRICKET,EXPRESSION_VOCAL_EXPRESSION,BUILT_ENVIRONMENT | GRASSLAND | FOREST,CITY | VILLAGE | FARMLAND | MEADOW | PRAIRIE | WOODLAND | ROAD,SIMULATION_READY,EVD_JRN_R25_B01_SPC_ACHETA_DOMESTICUS_PERSONALITY_ID_001 | EVD_JRN_R25_B01_SPC_ACHETA_DOMESTICUS_TERRAIN_BROAD_001 | EVD_JRN_R25_B01_SPC_ACHETA_DOMESTICUS_TERRAIN_SPECIFIC_001,1,BRD_HOUSE_CRICKET
SPC_ACINONYX_JUBATUS,BEAST_SPECIES,BEAST,R02,B05,BRD_CHEETAH,COOPERATION_COOPERATIVE_HUNTING_EXPRESSION,GRASSLAND | MOUNTAIN,SAVANNA,SIMULATION_READY,EVD_JRN_R02_B01_SPC_ACINONYX_JUBATUS_PERSONALITY_ID_001 | EVD_JRN_R02_B01_SPC_ACINONYX_JUBATUS_TERRAIN_BROAD_001 | EVD_JRN_R02_B01_SPC_ACINONYX_JUBATUS_TERRAIN_SPECIFIC_001,1,BRD_CHEETAH
SPC_ACRIDOTHERES_TRISTIS,BEAST_SPECIES,BEAST,R08,B21,BRD_COMMON_MYNA,CURIOSITY_PROBLEM_SOLVING_EXPRESSION,GRASSLAND | BUILT_ENVIRONMENT,FARMLAND | CITY,SIMULATION_READY,EVD_JRN_R08_B01_SPC_ACRIDOTHERES_TRISTIS_PERSONALITY_ID_001 | EVD_JRN_R08_B01_SPC_ACRIDOTHERES_TRISTIS_TERRAIN_BROAD_001 | EVD_JRN_R08_B01_SPC_ACRIDOTHERES_TRISTIS_TERRAIN_SPECIFIC_001,1,BRD_COMMON_MYNA
SPC_ACROCHORDUS_ARAFURAE,BEAST_SPECIES,BEAST,R25,B20,BRD_ARAFURA_FILE_SNAKE,EXILE_NOMADIC_CONTINUITY_EXPRESSION,FRESHWATER | WETLAND,RIVER | LAKE | MARSH | FLOODPLAIN,SIMULATION_READY,EVD_JRN_R25_B01_SPC_ACROCHORDUS_ARAFURAE_PERSONALITY_ID_001 | EVD_JRN_R25_B01_SPC_ACROCHORDUS_ARAFURAE_TERRAIN_BROAD_001 | EVD_JRN_R25_B01_SPC_ACROCHORDUS_ARAFURAE_TERRAIN_SPECIFIC_001,1,BRD_ARAFURA_FILE_SNAKE
SPC_ACROCHORDUS_JAVANICUS,BEAST_SPECIES,BEAST,R25,B20,BRD_ELEPHANT_TRUNK_SNAKE,PATIENCE_AMBUSH_PATIENCE_EXPRESSION,FRESHWATER | WETLAND | COASTAL | OCEAN,RIVER | LAKE | ESTUARY | MANGROVE | COASTAL_CLIFF,SIMULATION_READY,EVD_JRN_R25_B01_SPC_ACROCHORDUS_JAVANICUS_PERSONALITY_ID_001 | EVD_JRN_R25_B01_SPC_ACROCHORDUS_JAVANICUS_TERRAIN_BROAD_001 | EVD_JRN_R25_B01_SPC_ACROCHORDUS_JAVANICUS_TERRAIN_SPECIFIC_001,1,BRD_ELEPHANT_TRUNK_SNAKE
SPC_ACRYLLIUM_VULTURINUM,BEAST_SPECIES,BEAST,R17,B15,BRD_VULTURINE_GUINEAFOWL,COOPERATION_GROUP_DEFENSE_EXPRESSION,GRASSLAND | FOREST,SAVANNA | SCRUBLAND | WOODLAND,SIMULATION_READY,EVD_JRN_R17_B01_SPC_ACRYLLIUM_VULTURINUM_PERSONALITY_ID_001 | EVD_JRN_R17_B01_SPC_ACRYLLIUM_VULTURINUM_TERRAIN_BROAD_001 | EVD_JRN_R17_B01_SPC_ACRYLLIUM_VULTURINUM_TERRAIN_SPECIFIC_001,1,BRD_VULTURINE_GUINEAFOWL
SPC_ACTIAS_LUNA,BEAST_SPECIES,BEAST,R25,B02,BRD_LUNA_MOTH,FEAR_DEFENSIVE_DISPLAY_EXPRESSION,FOREST,WOODLAND | FOREST_EDGE | FOREST_FLOOR,SIMULATION_READY,EVD_JRN_R25_B01_SPC_ACTIAS_LUNA_PERSONALITY_ID_001 | EVD_JRN_R25_B01_SPC_ACTIAS_LUNA_TERRAIN_BROAD_001 | EVD_JRN_R25_B01_SPC_ACTIAS_LUNA_TERRAIN_SPECIFIC_001,1,BRD_LUNA_MOTH
SPC_AEDES_AEGYPTI,BEAST_SPECIES,BEAST,R25,B02,BRD_YELLOW_FEVER_MOSQUITO,PERSEVERANCE_DROUGHT_OR_COLD_ENDURANCE_EXPRESSION,BUILT_ENVIRONMENT | FRESHWATER,CITY | VILLAGE | POND,SIMULATION_READY,EVD_JRN_R25_B01_SPC_AEDES_AEGYPTI_PERSONALITY_ID_001 | EVD_JRN_R25_B01_SPC_AEDES_AEGYPTI_TERRAIN_BROAD_001 | EVD_JRN_R25_B01_SPC_AEDES_AEGYPTI_TERRAIN_SPECIFIC_001,1,BRD_YELLOW_FEVER_MOSQUITO
SPC_AEGOLIUS_ACADICUS,BEAST_SPECIES,BEAST,R18,B17,BRD_NORTHERN_SAW_WHET_OWL,PATIENCE_AMBUSH_PATIENCE_EXPRESSION,FOREST | WETLAND,BOREAL_FOREST | WOODLAND | FOREST_EDGE | SWAMP,SIMULATION_READY,EVD_JRN_R18_B01_SPC_AEGOLIUS_ACADICUS_PERSONALITY_ID_001 | EVD_JRN_R18_B01_SPC_AEGOLIUS_ACADICUS_TERRAIN_BROAD_001 | EVD_JRN_R18_B01_SPC_AEGOLIUS_ACADICUS_TERRAIN_SPECIFIC_001,1,BRD_NORTHERN_SAW_WHET_OWL
SPC_AEPYCEROS_MELAMPUS,BEAST_SPECIES,BEAST,R02,B08,BRD_IMPALA,RISK_LEAP_OR_DIVE_EXPRESSION,GRASSLAND | FOREST,SAVANNA | FOREST_EDGE | WOODLAND,SIMULATION_READY,EVD_JRN_R02_B01_SPC_AEPYCEROS_MELAMPUS_PERSONALITY_ID_001 | EVD_JRN_R02_B01_SPC_AEPYCEROS_MELAMPUS_TERRAIN_BROAD_001 | EVD_JRN_R02_B01_SPC_AEPYCEROS_MELAMPUS_TERRAIN_SPECIFIC_001,1,BRD_IMPALA
SPC_AETOBATUS_NARINARI,BEAST_SPECIES,BEAST,R12,B19,BRD_SPOTTED_EAGLE_RAY,CONFORMITY_MOVEMENT_SYNCHRONY_EXPRESSION,OCEAN | COASTAL,CORAL_REEF | MUDFLAT,SIMULATION_READY,EVD_JRN_R12_B01_SPC_AETOBATUS_NARINARI_PERSONALITY_ID_001 | EVD_JRN_R12_B01_SPC_AETOBATUS_NARINARI_TERRAIN_BROAD_001 | EVD_JRN_R12_B01_SPC_AETOBATUS_NARINARI_TERRAIN_SPECIFIC_001,1,BRD_SPOTTED_EAGLE_RAY
SPC_AFROPAVO_CONGENSIS,BEAST_SPECIES,BEAST,R17,B15,BRD_CONGO_PEAFOWL,ATTACHMENT_LIFELONG_BOND_EXPRESSION,FOREST | FRESHWATER,RAIN_FOREST | FOREST_FLOOR | RIVER,SIMULATION_READY,EVD_JRN_R17_B01_SPC_AFROPAVO_CONGENSIS_PERSONALITY_ID_001 | EVD_JRN_R17_B01_SPC_AFROPAVO_CONGENSIS_TERRAIN_BROAD_001 | EVD_JRN_R17_B01_SPC_AFROPAVO_CONGENSIS_TERRAIN_SPECIFIC_001,1,BRD_CONGO_PEAFOWL
SPC_AGALYCHNIS_CALLIDRYAS,BEAST_SPECIES,BEAST,R13,B01,BRD_RED_EYED_TREE_FROG,TRUTH_CAMOUFLAGE_EXPRESSION,FOREST | WETLAND | FRESHWATER,RAIN_FOREST | CANOPY | POND,SIMULATION_READY,EVD_JRN_R13_B01_SPC_AGALYCHNIS_CALLIDRYAS_PERSONALITY_ID_001 | EVD_JRN_R13_B01_SPC_AGALYCHNIS_CALLIDRYAS_TERRAIN_BROAD_001 | EVD_JRN_R13_B01_SPC_AGALYCHNIS_CALLIDRYAS_TERRAIN_SPECIFIC_001,1,BRD_RED_EYED_TREE_FROG
SPC_AILUROPODA_MELANOLEUCA,BEAST_SPECIES,BEAST,R02,B05,BRD_GIANT_PANDA,BOUNDARIES_TERRITORIAL_MARKING_EXPRESSION,MOUNTAIN | FOREST,MONTANE_FOREST,SIMULATION_READY,EVD_JRN_R02_B01_SPC_AILUROPODA_MELANOLEUCA_PERSONALITY_ID_001 | EVD_JRN_R02_B01_SPC_AILUROPODA_MELANOLEUCA_TERRAIN_BROAD_001 | EVD_JRN_R02_B01_SPC_AILUROPODA_MELANOLEUCA_TERRAIN_SPECIFIC_001,1,BRD_GIANT_PANDA
SPC_AILURUS_FULGENS,BEAST_SPECIES,BEAST,R02,B05,BRD_RED_PANDA,BOUNDARIES_TERRITORIAL_MARKING_EXPRESSION,MOUNTAIN | FOREST,MONTANE_FOREST | CANOPY,SIMULATION_READY,EVD_JRN_R02_B01_SPC_AILURUS_FULGENS_PERSONALITY_ID_001 | EVD_JRN_R02_B01_SPC_AILURUS_FULGENS_TERRAIN_BROAD_001 | EVD_JRN_R02_B01_SPC_AILURUS_FULGENS_TERRAIN_SPECIFIC_001,1,BRD_RED_PANDA
SPC_AIPYSURUS_LAEVIS,BEAST_SPECIES,BEAST,R25,B20,BRD_OLIVE_SEA_SNAKE,DESIRE_COMPELLED_ATTRACTION_CONFLICT,OCEAN | COASTAL,CORAL_REEF | SEAGRASS_BED | PELAGIC,SIMULATION_READY,EVD_JRN_R25_B01_SPC_AIPYSURUS_LAEVIS_PERSONALITY_ID_001 | EVD_JRN_R25_B01_SPC_AIPYSURUS_LAEVIS_TERRAIN_BROAD_001 | EVD_JRN_R25_B01_SPC_AIPYSURUS_LAEVIS_TERRAIN_SPECIFIC_001,1,BRD_OLIVE_SEA_SNAKE
SPC_AIX_GALERICULATA,BEAST_SPECIES,BEAST,R01,B23,BRD_MANDARIN_DUCK,EXPRESSION_VISUAL_EXPRESSION,FOREST | FRESHWATER,WOODLAND | LAKE | RIVER,SIMULATION_READY,EVD_JRN_R01_B01_SPC_AIX_GALERICULATA_PERSONALITY_ID_001 | EVD_JRN_R01_B01_SPC_AIX_GALERICULATA_TERRAIN_BROAD_001 | EVD_JRN_R01_B01_SPC_AIX_GALERICULATA_TERRAIN_SPECIFIC_001,1,BRD_MANDARIN_DUCK
SPC_ALAEMON_ALAUDIPES,BEAST_SPECIES,BEAST,R08,B21,BRD_GREATER_HOOPOE_LARK,PERSEVERANCE_DROUGHT_OR_COLD_ENDURANCE_EXPRESSION,DESERT,HOT_DESERT | DUNES,SIMULATION_READY,EVD_JRN_R08_B01_SPC_ALAEMON_ALAUDIPES_PERSONALITY_ID_001 | EVD_JRN_R08_B01_SPC_ALAEMON_ALAUDIPES_TERRAIN_BROAD_001 | EVD_JRN_R08_B01_SPC_ALAEMON_ALAUDIPES_TERRAIN_SPECIFIC_001,1,BRD_GREATER_HOOPOE_LARK
SPC_ALAUDA_ARVENSIS,BEAST_SPECIES,BEAST,R08,B21,BRD_EURASIAN_SKYLARK,EXPRESSION_VOCAL_EXPRESSION,GRASSLAND | COASTAL,FARMLAND | MEADOW | DUNES,SIMULATION_READY,EVD_JRN_R08_B01_SPC_ALAUDA_ARVENSIS_PERSONALITY_ID_001 | EVD_JRN_R08_B01_SPC_ALAUDA_ARVENSIS_TERRAIN_BROAD_001 | EVD_JRN_R08_B01_SPC_ALAUDA_ARVENSIS_TERRAIN_SPECIFIC_001,1,BRD_EURASIAN_SKYLARK
SPC_ALCA_TORDA,BEAST_SPECIES,BEAST,R01,B23,BRD_RAZORBILL,INTIMACY_GROOMING_INTIMACY_EXPRESSION,COASTAL,COASTAL_CLIFF,SIMULATION_READY,EVD_JRN_R01_B01_SPC_ALCA_TORDA_PERSONALITY_001 | EVD_JRN_R01_B01_SPC_ALCA_TORDA_TERRAIN_BROAD_001 | EVD_JRN_R01_B01_SPC_ALCA_TORDA_TERRAIN_SPECIFIC_001,1,BRD_RAZORBILL
SPC_ALCEDO_ATTHIS,BEAST_SPECIES,BEAST,R22,B13,BRD_COMMON_KINGFISHER,BOUNDARIES_TERRITORIAL_MARKING_EXPRESSION,FRESHWATER | COASTAL | WETLAND,RIVER | LAKE | ESTUARY | MANGROVE,SIMULATION_READY,EVD_JRN_R22_B01_SPC_ALCEDO_ATTHIS_PERSONALITY_ID_001 | EVD_JRN_R22_B01_SPC_ALCEDO_ATTHIS_TERRAIN_BROAD_001 | EVD_JRN_R22_B01_SPC_ALCEDO_ATTHIS_TERRAIN_SPECIFIC_001,1,BRD_COMMON_KINGFISHER
SPC_ALCES_ALCES,BEAST_SPECIES,BEAST,R02,B08,BRD_MOOSE,PURPOSE_MIGRATION_PURPOSE_EXPRESSION,FOREST | FRESHWATER,PLATEAU | RIVER | POND,SIMULATION_READY,EVD_JRN_R02_B01_SPC_ALCES_ALCES_PERSONALITY_ID_001 | EVD_JRN_R02_B01_SPC_ALCES_ALCES_TERRAIN_BROAD_001 | EVD_JRN_R02_B01_SPC_ALCES_ALCES_TERRAIN_SPECIFIC_001,1,BRD_MOOSE
SPC_ALECTURA_LATHAMI,BEAST_SPECIES,BEAST,R17,B15,BRD_AUSTRALIAN_BRUSH_TURKEY,CONTROL_ENVIRONMENT_ENGINEERING_EXPRESSION,FOREST | BUILT_ENVIRONMENT,RAIN_FOREST | FOREST_FLOOR | SOIL,SIMULATION_READY,EVD_JRN_R17_B01_SPC_ALECTURA_LATHAMI_PERSONALITY_ID_001 | EVD_JRN_R17_B01_SPC_ALECTURA_LATHAMI_TERRAIN_BROAD_001 | EVD_JRN_R17_B01_SPC_ALECTURA_LATHAMI_TERRAIN_SPECIFIC_001,1,BRD_AUSTRALIAN_BRUSH_TURKEY
SPC_ALFAR_VARIABILIS,MYTHOS_SPECIES,MYTHOS,R08,M09,BRD_ELVES_DARK | BRD_ELVES_HIGH | BRD_ELVES_SEA | BRD_ELVES_SNOW | BRD_ELVES_WOOD,BELONGING_TWO_WORLD_CONFLICT,GENERALIST,GENERALIST,SIMULATION_READY,EVD_JRN_R08_B01_SPC_ALFAR_VARIABILIS_PERSONALITY_ID_001 | EVD_JRN_R08_B01_SPC_ALFAR_VARIABILIS_TERRAIN_BROAD_001 | EVD_JRN_R08_B01_SPC_ALFAR_VARIABILIS_TERRAIN_SPECIFIC_001,5,BRD_ELVES_DARK | BRD_ELVES_HIGH | BRD_ELVES_SEA | BRD_ELVES_SNOW | BRD_ELVES_WOOD
SPC_ALIPES_GRANDIDIERI,BEAST_SPECIES,BEAST,R25,B02,BRD_FEATHER_TAIL_CENTIPEDE,FEAR_DEFENSIVE_DISPLAY_EXPRESSION,GENERALIST,GENERALIST,SIMULATION_READY,EVD_JRN_R25_B01_SPC_ALIPES_GRANDIDIERI_PERSONALITY_ID_001 | EVD_JRN_R25_B01_SPC_ALIPES_GRANDIDIERI_TERRAIN_BROAD_001 | EVD_JRN_R25_B01_SPC_ALIPES_GRANDIDIERI_TERRAIN_SPECIFIC_001,1,BRD_FEATHER_TAIL_CENTIPEDE
SPC_ALLIGATOR_MISSISSIPPIENSIS,BEAST_SPECIES,BEAST,R04,B22,BRD_AMERICAN_ALLIGATOR,STEWARDSHIP_HABITAT_ENGINEERING_EXPRESSION,FRESHWATER | WETLAND | SUBTERRANEAN,LAKE | RIVER | SWAMP | BURROW,SIMULATION_READY,EVD_JRN_R04_B01_SPC_ALLIGATOR_MISSISSIPPIENSIS_PERSONALITY_ID_001 | EVD_JRN_R04_B01_SPC_ALLIGATOR_MISSISSIPPIENSIS_TERRAIN_BROAD_001 | EVD_JRN_R04_B01_SPC_ALLIGATOR_MISSISSIPPIENSIS_TERRAIN_SPECIFIC_001,1,BRD_AMERICAN_ALLIGATOR
SPC_ALLIGATOR_SINENSIS,BEAST_SPECIES,BEAST,R04,B22,BRD_CHINESE_ALLIGATOR,CONTROL_ENVIRONMENT_ENGINEERING_EXPRESSION,FRESHWATER | WETLAND | SUBTERRANEAN | BUILT_ENVIRONMENT,RIVER | LAKE | POND | SWAMP | TUNNEL | FARMLAND,SIMULATION_READY,EVD_JRN_R04_B01_SPC_ALLIGATOR_SINENSIS_PERSONALITY_ID_001 | EVD_JRN_R04_B01_SPC_ALLIGATOR_SINENSIS_TERRAIN_BROAD_001 | EVD_JRN_R04_B01_SPC_ALLIGATOR_SINENSIS_TERRAIN_SPECIFIC_001,1,BRD_CHINESE_ALLIGATOR
SPC_ALOPEX_LAGOPUS,BEAST_SPECIES,BEAST,R02,B05,BRD_ARCTIC_FOX,PURPOSE_MIGRATION_PURPOSE_EXPRESSION,POLAR_ICE | COASTAL | SUBTERRANEAN,TUNDRA | PACK_ICE | BURROW | RIVER,SIMULATION_READY,EVD_JRN_R02_B01_SPC_ALOPEX_LAGOPUS_PERSONALITY_ID_001 | EVD_JRN_R02_B01_SPC_ALOPEX_LAGOPUS_TERRAIN_BROAD_001 | EVD_JRN_R02_B01_SPC_ALOPEX_LAGOPUS_TERRAIN_SPECIFIC_001,1,BRD_ARCTIC_FOX
SPC_ALOPIAS_VULPINUS,BEAST_SPECIES,BEAST,R12,B19,BRD_COMMON_THRESHER_SHARK,EMBODIMENT_WEAPON_BODY_CONFLICT,OCEAN | COASTAL,PELAGIC,SIMULATION_READY,EVD_JRN_R12_B01_SPC_ALOPIAS_VULPINUS_PERSONALITY_ID_001 | EVD_JRN_R12_B01_SPC_ALOPIAS_VULPINUS_TERRAIN_BROAD_001 | EVD_JRN_R12_B01_SPC_ALOPIAS_VULPINUS_TERRAIN_SPECIFIC_001,1,BRD_COMMON_THRESHER_SHARK
SPC_ALOUATTA_PALLIATA,BEAST_SPECIES,BEAST,R15,B16,BRD_MANTLED_HOWLER_MONKEY,EXPRESSION_VOCAL_EXPRESSION,FOREST,RAIN_FOREST | CANOPY | FOREST_EDGE,SIMULATION_READY,EVD_JRN_R15_B01_SPC_ALOUATTA_PALLIATA_PERSONALITY_ID_001 | EVD_JRN_R15_B01_SPC_ALOUATTA_PALLIATA_TERRAIN_BROAD_001 | EVD_JRN_R15_B01_SPC_ALOUATTA_PALLIATA_TERRAIN_SPECIFIC_001,1,BRD_MANTLED_HOWLER_MONKEY
SPC_ALPHEUS_HETEROCHAELIS,BEAST_SPECIES,BEAST,R25,B02,BRD_BIGCLAW_SNAPPING_SHRIMP,ANGER_THREAT_DISPLAY_EXPRESSION,OCEAN | COASTAL,ESTUARY | CORAL_REEF | SEAGRASS_BED,SIMULATION_READY,EVD_JRN_R25_B01_SPC_ALPHEUS_HETEROCHAELIS_PERSONALITY_ID_001 | EVD_JRN_R25_B01_SPC_ALPHEUS_HETEROCHAELIS_TERRAIN_BROAD_001 | EVD_JRN_R25_B01_SPC_ALPHEUS_HETEROCHAELIS_TERRAIN_SPECIFIC_001,1,BRD_BIGCLAW_SNAPPING_SHRIMP
SPC_AMAZONA_ORATRIX,BEAST_SPECIES,BEAST,R19,B14,BRD_YELLOW_HEADED_AMAZON,BELONGING_HERDING_EXPRESSION,FOREST | WETLAND | FRESHWATER | COASTAL,RAIN_FOREST | FOREST_EDGE | MANGROVE | RIVER,SIMULATION_READY,EVD_JRN_R19_B01_SPC_AMAZONA_ORATRIX_PERSONALITY_ID_001 | EVD_JRN_R19_B01_SPC_AMAZONA_ORATRIX_TERRAIN_BROAD_001 | EVD_JRN_R19_B01_SPC_AMAZONA_ORATRIX_TERRAIN_SPECIFIC_001,1,BRD_YELLOW_HEADED_AMAZON
SPC_AMBLYRHYNCHUS_CRISTATUS,BEAST_SPECIES,BEAST,R24,B09,BRD_MARINE_IGUANA,BELONGING_COLONY_EXPRESSION,OCEAN | COASTAL,PELAGIC | ISLAND | COASTAL_CLIFF,SIMULATION_READY,EVD_JRN_R24_B01_SPC_AMBLYRHYNCHUS_CRISTATUS_PERSONALITY_ID_001 | EVD_JRN_R24_B01_SPC_AMBLYRHYNCHUS_CRISTATUS_TERRAIN_BROAD_001 | EVD_JRN_R24_B01_SPC_AMBLYRHYNCHUS_CRISTATUS_TERRAIN_SPECIFIC_001,1,BRD_MARINE_IGUANA
SPC_AMBLYSTOMA_TIGRINUM,BEAST_SPECIES,BEAST,R13,B01,BRD_TIGER_SALAMANDER,LAND_SPAWNING_SITE_DEPENDENCE,FOREST | GRASSLAND | SUBTERRANEAN | WETLAND | FRESHWATER,WOODLAND | BURROW | SOIL | POND | SWAMP,SIMULATION_READY,EVD_JRN_R13_B01_SPC_AMBLYSTOMA_TIGRINUM_PERSONALITY_ID_001 | EVD_JRN_R13_B01_SPC_AMBLYSTOMA_TIGRINUM_TERRAIN_BROAD_001 | EVD_JRN_R13_B01_SPC_AMBLYSTOMA_TIGRINUM_TERRAIN_SPECIFIC_001,1,BRD_TIGER_SALAMANDER
SPC_AMBYSTOMA_MEXICANUM,BEAST_SPECIES,BEAST,R13,B01,BRD_AXOLOTL_BEAST,CHANGE_DEVELOPMENTAL_PLASTICITY_EXPRESSION,FRESHWATER,LAKE,SIMULATION_READY,EVD_JRN_R13_B01_SPC_AMBYSTOMA_MEXICANUM_PERSONALITY_ID_001 | EVD_JRN_R13_B01_SPC_AMBYSTOMA_MEXICANUM_TERRAIN_BROAD_001 | EVD_JRN_R13_B01_SPC_AMBYSTOMA_MEXICANUM_TERRAIN_SPECIFIC_001,1,BRD_AXOLOTL_BEAST
SPC_AMBYSTOMA_OPACUM,BEAST_SPECIES,BEAST,R13,B01,BRD_MARBLED_SALAMANDER,DUTY_NEST_DUTY_EXPRESSION,FOREST | WETLAND | SUBTERRANEAN,WOODLAND | POND | SOIL,SIMULATION_READY,EVD_JRN_R13_B01_SPC_AMBYSTOMA_OPACUM_PERSONALITY_ID_001 | EVD_JRN_R13_B01_SPC_AMBYSTOMA_OPACUM_TERRAIN_BROAD_001 | EVD_JRN_R13_B01_SPC_AMBYSTOMA_OPACUM_TERRAIN_SPECIFIC_001,1,BRD_MARBLED_SALAMANDER
SPC_AMMOTRAGUS_LERVIA,BEAST_SPECIES,BEAST,R02,B08,BRD_BARBARY_SHEEP,ANGER_THREAT_DISPLAY_EXPRESSION,MOUNTAIN | DESERT | GRASSLAND,HOT_DESERT | SAVANNA,SIMULATION_READY,EVD_JRN_R02_B01_SPC_AMMOTRAGUS_LERVIA_PERSONALITY_ID_001 | EVD_JRN_R02_B01_SPC_AMMOTRAGUS_LERVIA_TERRAIN_BROAD_001 | EVD_JRN_R02_B01_SPC_AMMOTRAGUS_LERVIA_TERRAIN_SPECIFIC_001,1,BRD_BARBARY_SHEEP
SPC_AMPHIOCTOPUS_MARGINATUS,BEAST_SPECIES,BEAST,R14,B11,BRD_COCONUT_OCTOPUS,COLLECTIVE_MEMORY_TECHNIQUE_TRADITION,OCEAN | COASTAL,CORAL_REEF | MUDFLAT,SIMULATION_READY,EVD_JRN_R14_B01_SPC_AMPHIOCTOPUS_MARGINATUS_PERSONALITY_ID_001 | EVD_JRN_R14_B01_SPC_AMPHIOCTOPUS_MARGINATUS_TERRAIN_BROAD_001 | EVD_JRN_R14_B01_SPC_AMPHIOCTOPUS_MARGINATUS_TERRAIN_SPECIFIC_001,1,BRD_COCONUT_OCTOPUS
SPC_AMPHIPRION_OCELLARIS,BEAST_SPECIES,BEAST,R14,B04,BRD_OCELLARIS_CLOWNFISH,HOSPITALITY_HOST_VERSUS_REALM_CONFLICT,OCEAN | COASTAL,CORAL_REEF,SIMULATION_READY,EVD_JRN_R14_B01_SPC_AMPHIPRION_OCELLARIS_PERSONALITY_ID_001 | EVD_JRN_R14_B01_SPC_AMPHIPRION_OCELLARIS_TERRAIN_BROAD_001 | EVD_JRN_R14_B01_SPC_AMPHIPRION_OCELLARIS_TERRAIN_SPECIFIC_001,1,BRD_OCELLARIS_CLOWNFISH
SPC_AMPHIUMA_MEANS,BEAST_SPECIES,BEAST,R13,B01,BRD_TWO_TOED_AMPHIUMA,PATIENCE_AMBUSH_PATIENCE_EXPRESSION,WETLAND | FRESHWATER | SUBTERRANEAN,SWAMP | POND | BURROW | SOIL,SIMULATION_READY,EVD_JRN_R13_B01_SPC_AMPHIUMA_MEANS_PERSONALITY_ID_001 | EVD_JRN_R13_B01_SPC_AMPHIUMA_MEANS_TERRAIN_BROAD_001 | EVD_JRN_R13_B01_SPC_AMPHIUMA_MEANS_TERRAIN_SPECIFIC_001,1,BRD_TWO_TOED_AMPHIUMA
SPC_AMPULEX_COMPRESSA,BEAST_SPECIES,BEAST,R25,B02,BRD_EMERALD_COCKROACH_WASP,CONTROL_RESOURCE_CONTROL_EXPRESSION,BUILT_ENVIRONMENT | SUBTERRANEAN,VILLAGE | CITY | BURROW,SIMULATION_READY,EVD_JRN_R25_B01_SPC_AMPULEX_COMPRESSA_PERSONALITY_ID_001 | EVD_JRN_R25_B01_SPC_AMPULEX_COMPRESSA_TERRAIN_BROAD_001 | EVD_JRN_R25_B01_SPC_AMPULEX_COMPRESSA_TERRAIN_SPECIFIC_001,1,BRD_EMERALD_COCKROACH_WASP
SPC_AMYNTHAS_AGRESTIS,BEAST_SPECIES,BEAST,R14,B11,BRD_ASIAN_JUMPING_WORM,CONTROL_ENVIRONMENT_ENGINEERING_EXPRESSION,FOREST | SUBTERRANEAN,FOREST_FLOOR | SOIL,SIMULATION_READY,EVD_JRN_R14_B01_SPC_AMYNTHAS_AGRESTIS_PERSONALITY_ID_001 | EVD_JRN_R14_B01_SPC_AMYNTHAS_AGRESTIS_TERRAIN_BROAD_001 | EVD_JRN_R14_B01_SPC_AMYNTHAS_AGRESTIS_TERRAIN_SPECIFIC_001,1,BRD_ASIAN_JUMPING_WORM
SPC_ANABLEPS_ANABLEPS,BEAST_SPECIES,BEAST,R14,B04,BRD_LARGESCALE_FOUR_EYES,EMBODIMENT_FUNCTIONAL_BODY_EXPRESSION,COASTAL | WETLAND,MANGROVE | ESTUARY | MUDFLAT,SIMULATION_READY,EVD_JRN_R14_B01_SPC_ANABLEPS_ANABLEPS_PERSONALITY_ID_001 | EVD_JRN_R14_B01_SPC_ANABLEPS_ANABLEPS_TERRAIN_BROAD_001 | EVD_JRN_R14_B01_SPC_ANABLEPS_ANABLEPS_TERRAIN_SPECIFIC_001,1,BRD_LARGESCALE_FOUR_EYES
SPC_ANABLEPS_DOWEI,BEAST_SPECIES,BEAST,R14,B04,BRD_PACIFIC_FOUR_EYED_FISH,EMBODIMENT_FUNCTIONAL_BODY_EXPRESSION,COASTAL | WETLAND,MANGROVE | ESTUARY | MUDFLAT,SIMULATION_READY,EVD_JRN_R14_B01_SPC_ANABLEPS_DOWEI_PERSONALITY_ID_001 | EVD_JRN_R14_B01_SPC_ANABLEPS_DOWEI_TERRAIN_BROAD_001 | EVD_JRN_R14_B01_SPC_ANABLEPS_DOWEI_TERRAIN_SPECIFIC_001,1,BRD_PACIFIC_FOUR_EYED_FISH
SPC_ANAS_PLATYRHYNCHOS,BEAST_SPECIES,BEAST,R01,B23,BRD_MALLARD,PURPOSE_MIGRATION_PURPOSE_EXPRESSION,WETLAND | FRESHWATER | COASTAL,LAKE | POND | RIVER,SIMULATION_READY,EVD_JRN_R01_B01_SPC_ANAS_PLATYRHYNCHOS_PERSONALITY_ID_001 | EVD_JRN_R01_B01_SPC_ANAS_PLATYRHYNCHOS_TERRAIN_BROAD_001 | EVD_JRN_R01_B01_SPC_ANAS_PLATYRHYNCHOS_TERRAIN_SPECIFIC_001,1,BRD_MALLARD
SPC_ANAX_IMPERATOR,BEAST_SPECIES,BEAST,R25,B02,BRD_EMPEROR_DRAGONFLY,BOUNDARIES_TERRITORIAL_MARKING_EXPRESSION,FRESHWATER | WETLAND,POND | LAKE | MARSH,SIMULATION_READY,EVD_JRN_R25_B01_SPC_ANAX_IMPERATOR_PERSONALITY_ID_001 | EVD_JRN_R25_B01_SPC_ANAX_IMPERATOR_TERRAIN_BROAD_001 | EVD_JRN_R25_B01_SPC_ANAX_IMPERATOR_TERRAIN_SPECIFIC_001,1,BRD_EMPEROR_DRAGONFLY
SPC_ANAX_JUNIUS,BEAST_SPECIES,BEAST,R25,B02,BRD_COMMON_GREEN_DARNER,PURPOSE_MIGRATION_PURPOSE_EXPRESSION,FRESHWATER | WETLAND | GRASSLAND,POND | LAKE | MARSH | MEADOW,SIMULATION_READY,EVD_JRN_R25_B01_SPC_ANAX_JUNIUS_PERSONALITY_ID_001 | EVD_JRN_R25_B01_SPC_ANAX_JUNIUS_TERRAIN_BROAD_001 | EVD_JRN_R25_B01_SPC_ANAX_JUNIUS_TERRAIN_SPECIFIC_001,1,BRD_COMMON_GREEN_DARNER
SPC_ANDRIAS_DAVIDIANUS,BEAST_SPECIES,BEAST,R13,B01,BRD_CHINESE_GIANT_SALAMANDER,DUTY_NEST_DUTY_EXPRESSION,FRESHWATER | MOUNTAIN | SUBTERRANEAN | FOREST,RIVER | LAKE | CAVE | MONTANE_FOREST,SIMULATION_READY,EVD_JRN_R13_B01_SPC_ANDRIAS_DAVIDIANUS_PERSONALITY_ID_001 | EVD_JRN_R13_B01_SPC_ANDRIAS_DAVIDIANUS_TERRAIN_BROAD_001 | EVD_JRN_R13_B01_SPC_ANDRIAS_DAVIDIANUS_TERRAIN_SPECIFIC_001,1,BRD_CHINESE_GIANT_SALAMANDER
SPC_ANDRIAS_JAPONICUS,BEAST_SPECIES,BEAST,R13,B01,BRD_JAPANESE_GIANT_SALAMANDER,DUTY_NEST_DUTY_EXPRESSION,FRESHWATER | MOUNTAIN | SUBTERRANEAN,RIVER | CAVE,SIMULATION_READY,EVD_JRN_R13_B01_SPC_ANDRIAS_JAPONICUS_PERSONALITY_ID_001 | EVD_JRN_R13_B01_SPC_ANDRIAS_JAPONICUS_TERRAIN_BROAD_001 | EVD_JRN_R13_B01_SPC_ANDRIAS_JAPONICUS_TERRAIN_SPECIFIC_001,1,BRD_JAPANESE_GIANT_SALAMANDER
SPC_ANGUILLA_ANGUILLA,BEAST_SPECIES,BEAST,R14,B04,BRD_EUROPEAN_EEL,LAND_SPAWNING_SITE_DEPENDENCE,FRESHWATER | COASTAL | OCEAN,RIVER | LAKE | ESTUARY | PELAGIC,SIMULATION_READY,EVD_JRN_R14_B01_SPC_ANGUILLA_ANGUILLA_PERSONALITY_ID_001 | EVD_JRN_R14_B01_SPC_ANGUILLA_ANGUILLA_TERRAIN_BROAD_001 | EVD_JRN_R14_B01_SPC_ANGUILLA_ANGUILLA_TERRAIN_SPECIFIC_001,1,BRD_EUROPEAN_EEL
SPC_ANGUILLA_MARMORATA,BEAST_SPECIES,BEAST,R14,B04,BRD_GIANT_MOTTLED_EEL,LAND_SPAWNING_SITE_DEPENDENCE,FRESHWATER | COASTAL | OCEAN,RIVER | LAKE | ESTUARY | PELAGIC,SIMULATION_READY,EVD_JRN_R14_B01_SPC_ANGUILLA_MARMORATA_PERSONALITY_ID_001 | EVD_JRN_R14_B01_SPC_ANGUILLA_MARMORATA_TERRAIN_BROAD_001 | EVD_JRN_R14_B01_SPC_ANGUILLA_MARMORATA_TERRAIN_SPECIFIC_001,1,BRD_GIANT_MOTTLED_EEL
SPC_ANGUILLA_ROSTRATA,BEAST_SPECIES,BEAST,R14,B04,BRD_AMERICAN_EEL,LAND_SPAWNING_SITE_DEPENDENCE,FRESHWATER | COASTAL | OCEAN,RIVER | LAKE | ESTUARY | PELAGIC,SIMULATION_READY,EVD_JRN_R14_B01_SPC_ANGUILLA_ROSTRATA_PERSONALITY_ID_001 | EVD_JRN_R14_B01_SPC_ANGUILLA_ROSTRATA_TERRAIN_BROAD_001 | EVD_JRN_R14_B01_SPC_ANGUILLA_ROSTRATA_TERRAIN_SPECIFIC_001,1,BRD_AMERICAN_EEL
SPC_ANGUIS_FRAGILIS,BEAST_SPECIES,BEAST,R24,B09,BRD_SLOW_WORM,PERSEVERANCE_DROUGHT_OR_COLD_ENDURANCE_EXPRESSION,FOREST | GRASSLAND | SUBTERRANEAN,WOODLAND | MEADOW | BURROW,SIMULATION_READY,EVD_JRN_R24_B01_SPC_ANGUIS_FRAGILIS_PERSONALITY_ID_001 | EVD_JRN_R24_B01_SPC_ANGUIS_FRAGILIS_TERRAIN_BROAD_001 | EVD_JRN_R24_B01_SPC_ANGUIS_FRAGILIS_TERRAIN_SPECIFIC_001,1,BRD_SLOW_WORM
SPC_ANHIMA_CORNUTA,BEAST_SPECIES,BEAST,R01,B23,BRD_HORNED_SCREAMER,COOPERATION_GROUP_DEFENSE_EXPRESSION,FRESHWATER | WETLAND | GRASSLAND,LAKE | POND | RIVER | MARSH | SWAMP | SAVANNA,SIMULATION_READY,EVD_JRN_R01_B01_SPC_ANHIMA_CORNUTA_PERSONALITY_ID_001 | EVD_JRN_R01_B01_SPC_ANHIMA_CORNUTA_TERRAIN_BROAD_001 | EVD_JRN_R01_B01_SPC_ANHIMA_CORNUTA_TERRAIN_SPECIFIC_001,1,BRD_HORNED_SCREAMER
SPC_ANHINGA_ANHINGA,BEAST_SPECIES,BEAST,R01,B23,BRD_ANHINGA,DUTY_NEST_DUTY_EXPRESSION,FRESHWATER | WETLAND | COASTAL,LAKE | MARSH | SWAMP | MANGROVE | ESTUARY,SIMULATION_READY,EVD_JRN_R01_B01_SPC_ANHINGA_ANHINGA_PERSONALITY_001 | EVD_JRN_R01_B01_SPC_ANHINGA_ANHINGA_TERRAIN_BROAD_001 | EVD_JRN_R01_B01_SPC_ANHINGA_ANHINGA_TERRAIN_SPECIFIC_001,1,BRD_ANHINGA
SPC_ANODORHYNCHUS_HYACINTHINUS,BEAST_SPECIES,BEAST,R19,B14,BRD_HYACINTH_MACAW,ATTACHMENT_LIFELONG_BOND_EXPRESSION,FOREST | GRASSLAND | WETLAND | FRESHWATER,WOODLAND | SAVANNA | SCRUBLAND | SWAMP | RIVER,SIMULATION_READY,EVD_JRN_R19_B01_SPC_ANODORHYNCHUS_HYACINTHINUS_PERSONALITY_ID_001 | EVD_JRN_R19_B01_SPC_ANODORHYNCHUS_HYACINTHINUS_TERRAIN_BROAD_001 | EVD_JRN_R19_B01_SPC_ANODORHYNCHUS_HYACINTHINUS_TERRAIN_SPECIFIC_001,1,BRD_HYACINTH_MACAW
SPC_ANOLIS_CAROLINENSIS,BEAST_SPECIES,BEAST,R24,B09,BRD_GREEN_ANOLE,BOUNDARIES_TERRITORIAL_MARKING_EXPRESSION,FOREST | GRASSLAND | BUILT_ENVIRONMENT | COASTAL,WOODLAND | SAVANNA | CITY,SIMULATION_READY,EVD_JRN_R24_B01_SPC_ANOLIS_CAROLINENSIS_PERSONALITY_ID_001 | EVD_JRN_R24_B01_SPC_ANOLIS_CAROLINENSIS_TERRAIN_BROAD_001 | EVD_JRN_R24_B01_SPC_ANOLIS_CAROLINENSIS_TERRAIN_SPECIFIC_001,1,BRD_GREEN_ANOLE
SPC_ANOLIS_EQUESTRIS,BEAST_SPECIES,BEAST,R24,B09,BRD_KNIGHT_ANOLE,FEAR_DEFENSIVE_DISPLAY_EXPRESSION,FOREST,CANOPY | WOODLAND,SIMULATION_READY,EVD_JRN_R24_B01_SPC_ANOLIS_EQUESTRIS_PERSONALITY_ID_001 | EVD_JRN_R24_B01_SPC_ANOLIS_EQUESTRIS_TERRAIN_BROAD_001 | EVD_JRN_R24_B01_SPC_ANOLIS_EQUESTRIS_TERRAIN_SPECIFIC_001,1,BRD_KNIGHT_ANOLE
SPC_ANOLIS_GORGONAE,BEAST_SPECIES,BEAST,R24,B09,BRD_BLUE_ANOLE,SECRECY_ROUTE_SECRECY_EXPRESSION,FOREST | WETLAND | COASTAL,RAIN_FOREST | CANOPY | ISLAND,SIMULATION_READY,EVD_JRN_R24_B01_SPC_ANOLIS_GORGONAE_PERSONALITY_ID_001 | EVD_JRN_R24_B01_SPC_ANOLIS_GORGONAE_TERRAIN_BROAD_001 | EVD_JRN_R24_B01_SPC_ANOLIS_GORGONAE_TERRAIN_SPECIFIC_001,1,BRD_BLUE_ANOLE
SPC_ANSER_ANSER,BEAST_SPECIES,BEAST,R01,B23,BRD_GREYLAG_GOOSE,CONFORMITY_MOVEMENT_SYNCHRONY_EXPRESSION,WETLAND | COASTAL,MARSH | SWAMP | ESTUARY | ISLAND,SIMULATION_READY,EVD_JRN_R01_B01_SPC_ANSER_ANSER_PERSONALITY_001 | EVD_JRN_R01_B01_SPC_ANSER_ANSER_TERRAIN_BROAD_001 | EVD_JRN_R01_B01_SPC_ANSER_ANSER_TERRAIN_SPECIFIC_001,1,BRD_GREYLAG_GOOSE
SPC_ANSER_CANAGICUS,BEAST_SPECIES,BEAST,R01,B23,BRD_EMPEROR_GOOSE,EXPRESSION_SILENCE_EXPRESSION,COASTAL,MUDFLAT | ISLAND,SIMULATION_READY,EVD_JRN_R01_B01_SPC_ANSER_CANAGICUS_PERSONALITY_001 | EVD_JRN_R01_B01_SPC_ANSER_CANAGICUS_TERRAIN_BROAD_001 | EVD_JRN_R01_B01_SPC_ANSER_CANAGICUS_TERRAIN_SPECIFIC_001,1,BRD_EMPEROR_GOOSE
SPC_ANSER_INDICUS,BEAST_SPECIES,BEAST,R01,B23,BRD_BAR_HEADED_GOOSE,CONFORMITY_MOVEMENT_SYNCHRONY_EXPRESSION,MOUNTAIN | FRESHWATER,ALPINE | LAKE | RIVER,SIMULATION_READY,EVD_JRN_R01_B01_SPC_ANSER_INDICUS_PERSONALITY_001 | EVD_JRN_R01_B01_SPC_ANSER_INDICUS_TERRAIN_BROAD_001 | EVD_JRN_R01_B01_SPC_ANSER_INDICUS_TERRAIN_SPECIFIC_001,1,BRD_BAR_HEADED_GOOSE
SPC_ANTENNARIUS_STRIATUS,BEAST_SPECIES,BEAST,R14,B04,BRD_HAIRY_FROGFISH,APPETITE_AMBUSH_FEEDING_EXPRESSION,OCEAN | COASTAL,CORAL_REEF | SEAGRASS_BED | MUDFLAT,SIMULATION_READY,EVD_JRN_R14_B01_SPC_ANTENNARIUS_STRIATUS_PERSONALITY_ID_001 | EVD_JRN_R14_B01_SPC_ANTENNARIUS_STRIATUS_TERRAIN_BROAD_001 | EVD_JRN_R14_B01_SPC_ANTENNARIUS_STRIATUS_TERRAIN_SPECIFIC_001,1,BRD_HAIRY_FROGFISH
SPC_ANTHROPOIDES_VIRGO,BEAST_SPECIES,BEAST,R01,B23,BRD_DEMOISELLE_CRANE,EXPRESSION_VOCAL_EXPRESSION,GRASSLAND | MOUNTAIN | DESERT | FRESHWATER,SAVANNA | STEPPE | PLATEAU | RIVER,SIMULATION_READY,EVD_JRN_R01_B01_SPC_ANTHROPOIDES_VIRGO_PERSONALITY_001 | EVD_JRN_R01_B01_SPC_ANTHROPOIDES_VIRGO_TERRAIN_BROAD_001 | EVD_JRN_R01_B01_SPC_ANTHROPOIDES_VIRGO_TERRAIN_SPECIFIC_001,1,BRD_DEMOISELLE_CRANE
SPC_ANTHUS_PRATENSIS,BEAST_SPECIES,BEAST,R08,B21,BRD_MEADOW_PIPIT,EXPRESSION_VOCAL_EXPRESSION,GRASSLAND | WETLAND,BOG | MEADOW | MARSH,SIMULATION_READY,EVD_JRN_R08_B01_SPC_ANTHUS_PRATENSIS_PERSONALITY_ID_001 | EVD_JRN_R08_B01_SPC_ANTHUS_PRATENSIS_TERRAIN_BROAD_001 | EVD_JRN_R08_B01_SPC_ANTHUS_PRATENSIS_TERRAIN_SPECIFIC_001,1,BRD_MEADOW_PIPIT
SPC_ANTIGONE_ANTIGONE,BEAST_SPECIES,BEAST,R01,B23,BRD_SARUS_CRANE,DUTY_NEST_DUTY_EXPRESSION,WETLAND | GRASSLAND,MARSH | SAVANNA,SIMULATION_READY,EVD_JRN_R01_B01_SPC_ANTIGONE_ANTIGONE_PERSONALITY_001 | EVD_JRN_R01_B01_SPC_ANTIGONE_ANTIGONE_TERRAIN_BROAD_001 | EVD_JRN_R01_B01_SPC_ANTIGONE_ANTIGONE_TERRAIN_SPECIFIC_001,1,BRD_SARUS_CRANE
SPC_ANTIGONE_CANADENSIS,BEAST_SPECIES,BEAST,R01,B23,BRD_SANDHILL_CRANE,COOPERATION_GROUP_DEFENSE_EXPRESSION,GRASSLAND | WETLAND,MEADOW | MARSH | BOG,SIMULATION_READY,EVD_JRN_R01_B01_SPC_ANTIGONE_CANADENSIS_PERSONALITY_001 | EVD_JRN_R01_B01_SPC_ANTIGONE_CANADENSIS_TERRAIN_BROAD_001 | EVD_JRN_R01_B01_SPC_ANTIGONE_CANADENSIS_TERRAIN_SPECIFIC_001,1,BRD_SANDHILL_CRANE
SPC_ANTILOCAPRA_AMERICANA,BEAST_SPECIES,BEAST,R02,B08,BRD_PRONGHORN,EXPRESSION_CHEMICAL_EXPRESSION,GRASSLAND | DESERT,PRAIRIE | SCRUBLAND,SIMULATION_READY,EVD_JRN_R02_B01_SPC_ANTILOCAPRA_AMERICANA_PERSONALITY_ID_001 | EVD_JRN_R02_B01_SPC_ANTILOCAPRA_AMERICANA_TERRAIN_BROAD_001 | EVD_JRN_R02_B01_SPC_ANTILOCAPRA_AMERICANA_TERRAIN_SPECIFIC_001,1,BRD_PRONGHORN
SPC_APALONE_SPINIFERA,BEAST_SPECIES,BEAST,R04,B22,BRD_SPINY_SOFTSHELL_TURTLE,FEAR_DEFENSIVE_DISPLAY_EXPRESSION,FRESHWATER | WETLAND | BUILT_ENVIRONMENT,RIVER | LAKE | MUDFLAT,SIMULATION_READY,EVD_JRN_R04_B01_SPC_APALONE_SPINIFERA_PERSONALITY_ID_001 | EVD_JRN_R04_B01_SPC_APALONE_SPINIFERA_TERRAIN_BROAD_001 | EVD_JRN_R04_B01_SPC_APALONE_SPINIFERA_TERRAIN_SPECIFIC_001,1,BRD_SPINY_SOFTSHELL_TURTLE
SPC_APIS_MELLIFERA,BEAST_SPECIES,BEAST,R25,B02,BRD_WESTERN_HONEY_BEE,EXPRESSION_TACTILE_EXPRESSION,GRASSLAND | FOREST | BUILT_ENVIRONMENT,MEADOW | FLOWERING_HABITAT | FOREST_EDGE | FARMLAND | VILLAGE,SIMULATION_READY,EVD_JRN_R25_B01_SPC_APIS_MELLIFERA_PERSONALITY_ID_001 | EVD_JRN_R25_B01_SPC_APIS_MELLIFERA_TERRAIN_BROAD_001 | EVD_JRN_R25_B01_SPC_APIS_MELLIFERA_TERRAIN_SPECIFIC_001,1,BRD_WESTERN_HONEY_BEE
SPC_APTENODYTES_FORSTERI,BEAST_SPECIES,BEAST,R01,B23,BRD_EMPEROR_PENGUIN,COOPERATION_COOPERATIVE_HUNTING_EXPRESSION,POLAR_ICE | OCEAN | COASTAL,PACK_ICE | GLACIER | PELAGIC,SIMULATION_READY,EVD_JRN_R01_B01_SPC_APTENODYTES_FORSTERI_PERSONALITY_001 | EVD_JRN_R01_B01_SPC_APTENODYTES_FORSTERI_TERRAIN_BROAD_001 | EVD_JRN_R01_B01_SPC_APTENODYTES_FORSTERI_TERRAIN_SPECIFIC_001,1,BRD_EMPEROR_PENGUIN
SPC_APTENODYTES_PATAGONICUS,BEAST_SPECIES,BEAST,R01,B23,BRD_KING_PENGUIN,COOPERATION_GROUP_DEFENSE_EXPRESSION,COASTAL | OCEAN | POLAR_ICE,ISLAND | PELAGIC | TUNDRA,SIMULATION_READY,EVD_JRN_R01_B01_SPC_APTENODYTES_PATAGONICUS_PERSONALITY_001 | EVD_JRN_R01_B01_SPC_APTENODYTES_PATAGONICUS_TERRAIN_BROAD_001 | EVD_JRN_R01_B01_SPC_APTENODYTES_PATAGONICUS_TERRAIN_SPECIFIC_001,1,BRD_KING_PENGUIN
SPC_APTERONOTUS_ALBIFRONS,BEAST_SPECIES,BEAST,R14,B04,BRD_BLACK_GHOST_KNIFEFISH,EMBODIMENT_FUNCTIONAL_BODY_EXPRESSION,FRESHWATER,RIVER | FLOODPLAIN,SIMULATION_READY,EVD_JRN_R14_B01_SPC_APTERONOTUS_ALBIFRONS_PERSONALITY_ID_001 | EVD_JRN_R14_B01_SPC_APTERONOTUS_ALBIFRONS_TERRAIN_BROAD_001 | EVD_JRN_R14_B01_SPC_APTERONOTUS_ALBIFRONS_TERRAIN_SPECIFIC_001,1,BRD_BLACK_GHOST_KNIFEFISH
SPC_APTERYX_HAASTII,BEAST_SPECIES,BEAST,R17,B15,BRD_GREAT_SPOTTED_KIWI,ATTACHMENT_LIFELONG_BOND_EXPRESSION,MOUNTAIN | FOREST | SUBTERRANEAN,MONTANE_FOREST | FOREST_FLOOR | BURROW,SIMULATION_READY,EVD_JRN_R17_B01_SPC_APTERYX_HAASTII_PERSONALITY_ID_001 | EVD_JRN_R17_B01_SPC_APTERYX_HAASTII_TERRAIN_BROAD_001 | EVD_JRN_R17_B01_SPC_APTERYX_HAASTII_TERRAIN_SPECIFIC_001,1,BRD_GREAT_SPOTTED_KIWI
SPC_APTERYX_MANTELLI,BEAST_SPECIES,BEAST,R17,B15,BRD_NORTH_ISLAND_BROWN_KIWI,CARE_PROVISIONING_EXPRESSION,FOREST | GRASSLAND | COASTAL | SUBTERRANEAN,FOREST_FLOOR | WOODLAND | DUNES | FARMLAND | BURROW,SIMULATION_READY,EVD_JRN_R17_B01_SPC_APTERYX_MANTELLI_PERSONALITY_ID_001 | EVD_JRN_R17_B01_SPC_APTERYX_MANTELLI_TERRAIN_BROAD_001 | EVD_JRN_R17_B01_SPC_APTERYX_MANTELLI_TERRAIN_SPECIFIC_001,1,BRD_NORTH_ISLAND_BROWN_KIWI
SPC_APTERYX_OWENII,BEAST_SPECIES,BEAST,R17,B15,BRD_LITTLE_SPOTTED_KIWI,ATTACHMENT_LIFELONG_BOND_EXPRESSION,FOREST | GRASSLAND | COASTAL | SUBTERRANEAN,FOREST_FLOOR | SCRUBLAND | ISLAND | BURROW,SIMULATION_READY,EVD_JRN_R17_B01_SPC_APTERYX_OWENII_PERSONALITY_ID_001 | EVD_JRN_R17_B01_SPC_APTERYX_OWENII_TERRAIN_BROAD_001 | EVD_JRN_R17_B01_SPC_APTERYX_OWENII_TERRAIN_SPECIFIC_001,1,BRD_LITTLE_SPOTTED_KIWI
SPC_APUS_APUS,BEAST_SPECIES,BEAST,R22,B13,BRD_COMMON_SWIFT,CHANGE_MIGRATION_CHANGE_WOUND,BUILT_ENVIRONMENT | MOUNTAIN,CITY | CLIFF,SIMULATION_READY,EVD_JRN_R22_B01_SPC_APUS_APUS_PERSONALITY_ID_001 | EVD_JRN_R22_B01_SPC_APUS_APUS_TERRAIN_BROAD_001 | EVD_JRN_R22_B01_SPC_APUS_APUS_TERRAIN_SPECIFIC_001,1,BRD_COMMON_SWIFT
SPC_AQUASPIRITUS_ADARO,MYTHOS_SPECIES,MYTHOS,R04,M24,BRD_ADARO,ANGER_THREAT_DISPLAY_EXPRESSION,OCEAN | COASTAL,PELAGIC | CORAL_REEF,SIMULATION_READY,EVD_JRN_R04_B01_SPC_AQUASPIRITUS_ADARO_PERSONALITY_ID_001 | EVD_JRN_R04_B01_SPC_AQUASPIRITUS_ADARO_TERRAIN_BROAD_001 | EVD_JRN_R04_B01_SPC_AQUASPIRITUS_ADARO_TERRAIN_SPECIFIC_001,1,BRD_ADARO
SPC_AQUASPIRITUS_KAPPA,MYTHOS_SPECIES,MYTHOS,R04,M24,BRD_KAPPA,PLEASURE_PLAY_EXPRESSION,FRESHWATER,RIVER | POND,SIMULATION_READY,EVD_JRN_R04_B01_SPC_AQUASPIRITUS_KAPPA_PERSONALITY_ID_001 | EVD_JRN_R04_B01_SPC_AQUASPIRITUS_KAPPA_TERRAIN_BROAD_001 | EVD_JRN_R04_B01_SPC_AQUASPIRITUS_KAPPA_TERRAIN_SPECIFIC_001,1,BRD_KAPPA
SPC_AQUASPIRITUS_KELPIE,MYTHOS_SPECIES,MYTHOS,R04,M24,BRD_KELPIE,TRUTH_CAMOUFLAGE_EXPRESSION,FRESHWATER,LAKE | POND | RIVER,SIMULATION_READY,EVD_JRN_R04_B01_SPC_AQUASPIRITUS_KELPIE_PERSONALITY_ID_001 | EVD_JRN_R04_B01_SPC_AQUASPIRITUS_KELPIE_TERRAIN_BROAD_001 | EVD_JRN_R04_B01_SPC_AQUASPIRITUS_KELPIE_TERRAIN_SPECIFIC_001,1,BRD_KELPIE
SPC_AQUASPIRITUS_NAIAD,MYTHOS_SPECIES,MYTHOS,R04,M24,BRD_NAIAD,CONTROL_RESOURCE_CONTROL_EXPRESSION,FRESHWATER | WETLAND,RIVER | LAKE | MARSH,SIMULATION_READY,EVD_JRN_R04_B01_SPC_AQUASPIRITUS_NAIAD_PERSONALITY_ID_001 | EVD_JRN_R04_B01_SPC_AQUASPIRITUS_NAIAD_TERRAIN_BROAD_001 | EVD_JRN_R04_B01_SPC_AQUASPIRITUS_NAIAD_TERRAIN_SPECIFIC_001,1,BRD_NAIAD
SPC_AQUASPIRITUS_RUSALKA,MYTHOS_SPECIES,MYTHOS,R04,M24,BRD_RUSALKA,GRIEF_GHOST_BOND_CONFLICT,FRESHWATER | FOREST | GRASSLAND,RIVER | FOREST_EDGE,SIMULATION_READY,EVD_JRN_R04_B01_SPC_AQUASPIRITUS_RUSALKA_PERSONALITY_ID_001 | EVD_JRN_R04_B01_SPC_AQUASPIRITUS_RUSALKA_TERRAIN_BROAD_001 | EVD_JRN_R04_B01_SPC_AQUASPIRITUS_RUSALKA_TERRAIN_SPECIFIC_001,1,BRD_RUSALKA
SPC_AQUASPIRITUS_UNDINE,MYTHOS_SPECIES,MYTHOS,R04,M24,BRD_UNDINE,DESIRE_HUNGER_VERSUS_LOVE_CONFLICT,OCEAN | FRESHWATER,PELAGIC | RIVER | LAKE,SIMULATION_READY,EVD_JRN_R04_B01_SPC_AQUASPIRITUS_UNDINE_PERSONALITY_ID_001 | EVD_JRN_R04_B01_SPC_AQUASPIRITUS_UNDINE_TERRAIN_BROAD_001 | EVD_JRN_R04_B01_SPC_AQUASPIRITUS_UNDINE_TERRAIN_SPECIFIC_001,1,BRD_UNDINE
SPC_AQUASPIRITUS_VODYANOY,MYTHOS_SPECIES,MYTHOS,R04,M24,BRD_VODYANOY,CONTROL_RESOURCE_CONTROL_EXPRESSION,FRESHWATER | BUILT_ENVIRONMENT,RIVER | LAKE | WORKSHOP,SIMULATION_READY,EVD_JRN_R04_B01_SPC_AQUASPIRITUS_VODYANOY_PERSONALITY_ID_001 | EVD_JRN_R04_B01_SPC_AQUASPIRITUS_VODYANOY_TERRAIN_BROAD_001 | EVD_JRN_R04_B01_SPC_AQUASPIRITUS_VODYANOY_TERRAIN_SPECIFIC_001,1,BRD_VODYANOY
SPC_AQUILA_CHRYSAETOS,BEAST_SPECIES,BEAST,R18,B17,BRD_GOLDEN_EAGLE,ATTACHMENT_LIFELONG_BOND_EXPRESSION,MOUNTAIN | GRASSLAND | FOREST | DESERT,CLIFF | ALPINE | STEPPE | PRAIRIE | SCRUBLAND | HOT_DESERT,SIMULATION_READY,EVD_JRN_R18_B01_SPC_AQUILA_CHRYSAETOS_PERSONALITY_ID_001 | EVD_JRN_R18_B01_SPC_AQUILA_CHRYSAETOS_TERRAIN_BROAD_001 | EVD_JRN_R18_B01_SPC_AQUILA_CHRYSAETOS_TERRAIN_SPECIFIC_001,1,BRD_GOLDEN_EAGLE
SPC_ARA_MACAO,BEAST_SPECIES,BEAST,R19,B14,BRD_SCARLET_MACAW,ATTACHMENT_LIFELONG_BOND_EXPRESSION,FOREST | GRASSLAND | FRESHWATER | WETLAND | COASTAL,RAIN_FOREST | CANOPY | WOODLAND | RIVER | SAVANNA | MANGROVE,SIMULATION_READY,EVD_JRN_R19_B01_SPC_ARA_MACAO_PERSONALITY_ID_001 | EVD_JRN_R19_B01_SPC_ARA_MACAO_TERRAIN_BROAD_001 | EVD_JRN_R19_B01_SPC_ARA_MACAO_TERRAIN_SPECIFIC_001,1,BRD_SCARLET_MACAW
SPC_ARCHILOCHUS_COLUBRIS,BEAST_SPECIES,BEAST,R22,B13,BRD_RUBY_THROATED_HUMMINGBIRD,PURPOSE_MIGRATION_PURPOSE_EXPRESSION,FOREST | GRASSLAND | BUILT_ENVIRONMENT,WOODLAND | FOREST_EDGE | FLOWERING_HABITAT | CITY,SIMULATION_READY,EVD_JRN_R22_B01_SPC_ARCHILOCHUS_COLUBRIS_PERSONALITY_ID_001 | EVD_JRN_R22_B01_SPC_ARCHILOCHUS_COLUBRIS_TERRAIN_BROAD_001 | EVD_JRN_R22_B01_SPC_ARCHILOCHUS_COLUBRIS_TERRAIN_SPECIFIC_001,1,BRD_RUBY_THROATED_HUMMINGBIRD
SPC_ARCHISPIROSTREPTUS_GIGAS,BEAST_SPECIES,BEAST,R25,B02,BRD_GIANT_AFRICAN_MILLIPEDE,STEWARDSHIP_WASTE_RECYCLING_EXPRESSION,FOREST | COASTAL,RAIN_FOREST | FOREST_FLOOR | COASTAL_CLIFF,SIMULATION_READY,EVD_JRN_R25_B01_SPC_ARCHISPIROSTREPTUS_GIGAS_PERSONALITY_ID_001 | EVD_JRN_R25_B01_SPC_ARCHISPIROSTREPTUS_GIGAS_TERRAIN_BROAD_001 | EVD_JRN_R25_B01_SPC_ARCHISPIROSTREPTUS_GIGAS_TERRAIN_SPECIFIC_001,1,BRD_GIANT_AFRICAN_MILLIPEDE
SPC_ARCHITEUTHIS_DUX,BEAST_SPECIES,BEAST,R14,B11,BRD_GIANT_SQUID,EMBODIMENT_FUNCTIONAL_BODY_EXPRESSION,OCEAN,PELAGIC,SIMULATION_READY,EVD_JRN_R14_B01_SPC_ARCHITEUTHIS_DUX_PERSONALITY_ID_001 | EVD_JRN_R14_B01_SPC_ARCHITEUTHIS_DUX_TERRAIN_BROAD_001 | EVD_JRN_R14_B01_SPC_ARCHITEUTHIS_DUX_TERRAIN_SPECIFIC_001,1,BRD_GIANT_SQUID
SPC_ARCTICTIS_BINTURONG,BEAST_SPECIES,BEAST,R02,B05,BRD_ARCTICTIS_BINTURONG_BINTURONG,EXPRESSION_CHEMICAL_EXPRESSION,FOREST,RAIN_FOREST | CANOPY,SIMULATION_READY,EVD_JRN_R02_B01_SPC_ARCTICTIS_BINTURONG_PERSONALITY_ID_001 | EVD_JRN_R02_B01_SPC_ARCTICTIS_BINTURONG_TERRAIN_BROAD_001 | EVD_JRN_R02_B01_SPC_ARCTICTIS_BINTURONG_TERRAIN_SPECIFIC_001,1,BRD_ARCTICTIS_BINTURONG_BINTURONG
SPC_ARCTOCEPHALUS_GAZELLA,BEAST_SPECIES,BEAST,R02,B05,BRD_ANTARCTIC_FUR_SEAL,CARE_PROVISIONING_EXPRESSION,OCEAN | COASTAL,ISLAND | PELAGIC,SIMULATION_READY,EVD_JRN_R02_B01_SPC_ARCTOCEPHALUS_GAZELLA_PERSONALITY_ID_001 | EVD_JRN_R02_B01_SPC_ARCTOCEPHALUS_GAZELLA_TERRAIN_BROAD_001 | EVD_JRN_R02_B01_SPC_ARCTOCEPHALUS_GAZELLA_TERRAIN_SPECIFIC_001,1,BRD_ANTARCTIC_FUR_SEAL
SPC_ARDEA_ALBA,BEAST_SPECIES,BEAST,R01,B23,BRD_GREAT_EGRET,PATIENCE_AMBUSH_PATIENCE_EXPRESSION,FRESHWATER | WETLAND | COASTAL,RIVER | LAKE | POND | MUDFLAT | MARSH | SWAMP | BOG | ESTUARY,SIMULATION_READY,EVD_JRN_R01_B01_SPC_ARDEA_ALBA_PERSONALITY_001 | EVD_JRN_R01_B01_SPC_ARDEA_ALBA_TERRAIN_BROAD_001 | EVD_JRN_R01_B01_SPC_ARDEA_ALBA_TERRAIN_SPECIFIC_001,1,BRD_GREAT_EGRET
SPC_ARDEA_HERODIAS,BEAST_SPECIES,BEAST,R01,B23,BRD_ARDEA_HERODIAS_GREAT_BLUE_HERON,PATIENCE_STALKING_PATIENCE_EXPRESSION,FRESHWATER | WETLAND | COASTAL,RIVER | LAKE | MARSH | SWAMP,SIMULATION_READY,EVD_JRN_R01_B01_SPC_ARDEA_HERODIAS_PERSONALITY_001 | EVD_JRN_R01_B01_SPC_ARDEA_HERODIAS_TERRAIN_BROAD_001 | EVD_JRN_R01_B01_SPC_ARDEA_HERODIAS_TERRAIN_SPECIFIC_001,1,BRD_ARDEA_HERODIAS_GREAT_BLUE_HERON
SPC_ARDENNA_GRISEA,BEAST_SPECIES,BEAST,R01,B23,BRD_SOOTY_SHEARWATER,PURPOSE_MIGRATION_PURPOSE_EXPRESSION,OCEAN | SUBTERRANEAN,PELAGIC | BURROW,SIMULATION_READY,EVD_JRN_R01_B01_SPC_ARDENNA_GRISEA_PERSONALITY_001 | EVD_JRN_R01_B01_SPC_ARDENNA_GRISEA_TERRAIN_BROAD_001 | EVD_JRN_R01_B01_SPC_ARDENNA_GRISEA_TERRAIN_SPECIFIC_001,1,BRD_SOOTY_SHEARWATER
SPC_ARDEOTIS_KORI,BEAST_SPECIES,BEAST,R17,B15,BRD_KORI_BUSTARD,RECOGNITION_COURTSHIP_DISPLAY_EXPRESSION,GRASSLAND | DESERT,SAVANNA | SCRUBLAND | HOT_DESERT,SIMULATION_READY,EVD_JRN_R17_B01_SPC_ARDEOTIS_KORI_PERSONALITY_ID_001 | EVD_JRN_R17_B01_SPC_ARDEOTIS_KORI_TERRAIN_BROAD_001 | EVD_JRN_R17_B01_SPC_ARDEOTIS_KORI_TERRAIN_SPECIFIC_001,1,BRD_KORI_BUSTARD
SPC_ARGYRONETA_AQUATICA,BEAST_SPECIES,BEAST,R25,B02,BRD_DIVING_BELL_SPIDER,CONTROL_ENVIRONMENT_ENGINEERING_EXPRESSION,FRESHWATER | WETLAND,POND | LAKE | MARSH,SIMULATION_READY,EVD_JRN_R25_B01_SPC_ARGYRONETA_AQUATICA_PERSONALITY_ID_001 | EVD_JRN_R25_B01_SPC_ARGYRONETA_AQUATICA_TERRAIN_BROAD_001 | EVD_JRN_R25_B01_SPC_ARGYRONETA_AQUATICA_TERRAIN_SPECIFIC_001,1,BRD_DIVING_BELL_SPIDER
SPC_ARILUS_CRISTATUS,BEAST_SPECIES,BEAST,R25,B02,BRD_WHEEL_BUG,IMPULSE_STRIKE_FIRST_EXPRESSION,FOREST | BUILT_ENVIRONMENT,WOODLAND | FOREST_EDGE | VILLAGE,SIMULATION_READY,EVD_JRN_R25_B01_SPC_ARILUS_CRISTATUS_PERSONALITY_ID_001 | EVD_JRN_R25_B01_SPC_ARILUS_CRISTATUS_TERRAIN_BROAD_001 | EVD_JRN_R25_B01_SPC_ARILUS_CRISTATUS_TERRAIN_SPECIFIC_001,1,BRD_WHEEL_BUG
SPC_ARIOLIMAX_COLUMBIANUS,BEAST_SPECIES,BEAST,R14,B11,BRD_PACIFIC_BANANA_SLUG,EXPRESSION_CHEMICAL_EXPRESSION,FOREST | WETLAND,OLD_GROWTH_FOREST | FOREST_FLOOR,SIMULATION_READY,EVD_JRN_R14_B01_SPC_ARIOLIMAX_COLUMBIANUS_PERSONALITY_ID_001 | EVD_JRN_R14_B01_SPC_ARIOLIMAX_COLUMBIANUS_TERRAIN_BROAD_001 | EVD_JRN_R14_B01_SPC_ARIOLIMAX_COLUMBIANUS_TERRAIN_SPECIFIC_001,1,BRD_PACIFIC_BANANA_SLUG
SPC_AROTHRON_STELLATUS,BEAST_SPECIES,BEAST,R14,B04,BRD_STARRY_PUFFER,EMBODIMENT_PROTECTED_BODY_EXPRESSION,OCEAN | COASTAL,CORAL_REEF | SEAGRASS_BED | MUDFLAT,SIMULATION_READY,EVD_JRN_R14_B01_SPC_AROTHRON_STELLATUS_PERSONALITY_ID_001 | EVD_JRN_R14_B01_SPC_AROTHRON_STELLATUS_TERRAIN_BROAD_001 | EVD_JRN_R14_B01_SPC_AROTHRON_STELLATUS_TERRAIN_SPECIFIC_001,1,BRD_STARRY_PUFFER
SPC_ASCAROSEPION_APAMA,BEAST_SPECIES,BEAST,R14,B11,BRD_GIANT_AUSTRALIAN_CUTTLEFISH,DESIRE_COURTSHIP_DISPLAY_EXPRESSION,OCEAN | COASTAL,CORAL_REEF | SEAGRASS_BED | COASTAL_CLIFF,SIMULATION_READY,EVD_JRN_R14_B01_SPC_ASCAROSEPION_APAMA_PERSONALITY_ID_001 | EVD_JRN_R14_B01_SPC_ASCAROSEPION_APAMA_TERRAIN_BROAD_001 | EVD_JRN_R14_B01_SPC_ASCAROSEPION_APAMA_TERRAIN_SPECIFIC_001,1,BRD_GIANT_AUSTRALIAN_CUTTLEFISH
SPC_ASCAROSEPION_PFEFFERI,BEAST_SPECIES,BEAST,R14,B11,BRD_FLAMBOYANT_CUTTLEFISH,EXPRESSION_VISUAL_EXPRESSION,OCEAN | COASTAL,CORAL_REEF | MUDFLAT,SIMULATION_READY,EVD_JRN_R14_B01_SPC_ASCAROSEPION_PFEFFERI_PERSONALITY_ID_001 | EVD_JRN_R14_B01_SPC_ASCAROSEPION_PFEFFERI_TERRAIN_BROAD_001 | EVD_JRN_R14_B01_SPC_ASCAROSEPION_PFEFFERI_TERRAIN_SPECIFIC_001,1,BRD_FLAMBOYANT_CUTTLEFISH
SPC_ASPIDOSCELIS_SEXLINEATUS,BEAST_SPECIES,BEAST,R24,B09,BRD_SIX_LINED_RACERUNNER,RISK_OPEN_FORAGING_EXPRESSION,GRASSLAND | FOREST | FRESHWATER | DESERT,PRAIRIE | FOREST_EDGE | RIVER | DUNES,SIMULATION_READY,EVD_JRN_R24_B01_SPC_ASPIDOSCELIS_SEXLINEATUS_PERSONALITY_ID_001 | EVD_JRN_R24_B01_SPC_ASPIDOSCELIS_SEXLINEATUS_TERRAIN_BROAD_001 | EVD_JRN_R24_B01_SPC_ASPIDOSCELIS_SEXLINEATUS_TERRAIN_SPECIFIC_001,1,BRD_SIX_LINED_RACERUNNER
SPC_ASTROCHELYS_RADIATA,BEAST_SPECIES,BEAST,R04,B22,BRD_RADIATED_TORTOISE,APPETITE_GRAZING_EXPRESSION,FOREST | GRASSLAND | DESERT,WOODLAND | SCRUBLAND,SIMULATION_READY,EVD_JRN_R04_B01_SPC_ASTROCHELYS_RADIATA_PERSONALITY_ID_001 | EVD_JRN_R04_B01_SPC_ASTROCHELYS_RADIATA_TERRAIN_BROAD_001 | EVD_JRN_R04_B01_SPC_ASTROCHELYS_RADIATA_TERRAIN_SPECIFIC_001,1,BRD_RADIATED_TORTOISE
SPC_ATELERIX_ALBIVENTRIS,BEAST_SPECIES,BEAST,R23,B24,BRD_FOUR_TOED_HEDGEHOG,EXPRESSION_CHEMICAL_EXPRESSION,GRASSLAND | FOREST,SAVANNA | WOODLAND,SIMULATION_READY,EVD_JRN_R23_B01_SPC_ATELERIX_ALBIVENTRIS_PERSONALITY_ID_001 | EVD_JRN_R23_B01_SPC_ATELERIX_ALBIVENTRIS_TERRAIN_BROAD_001 | EVD_JRN_R23_B01_SPC_ATELERIX_ALBIVENTRIS_TERRAIN_SPECIFIC_001,1,BRD_FOUR_TOED_HEDGEHOG
SPC_ATELES_GEOFFROYI,BEAST_SPECIES,BEAST,R15,B16,BRD_GEOFFROY_S_SPIDER_MONKEY,EMBODIMENT_FUNCTIONAL_BODY_EXPRESSION,FOREST,RAIN_FOREST | CANOPY | FOREST_EDGE,SIMULATION_READY,EVD_JRN_R15_B01_SPC_ATELES_GEOFFROYI_PERSONALITY_ID_001 | EVD_JRN_R15_B01_SPC_ATELES_GEOFFROYI_TERRAIN_BROAD_001 | EVD_JRN_R15_B01_SPC_ATELES_GEOFFROYI_TERRAIN_SPECIFIC_001,1,BRD_GEOFFROY_S_SPIDER_MONKEY
SPC_ATELES_PANISCUS,BEAST_SPECIES,BEAST,R15,B16,BRD_RED_FACED_SPIDER_MONKEY,EMBODIMENT_FUNCTIONAL_BODY_EXPRESSION,FOREST,RAIN_FOREST | CANOPY,SIMULATION_READY,EVD_JRN_R15_B01_SPC_ATELES_PANISCUS_PERSONALITY_ID_001 | EVD_JRN_R15_B01_SPC_ATELES_PANISCUS_TERRAIN_BROAD_001 | EVD_JRN_R15_B01_SPC_ATELES_PANISCUS_TERRAIN_SPECIFIC_001,1,BRD_RED_FACED_SPIDER_MONKEY
SPC_ATHENE_CUNICULARIA,BEAST_SPECIES,BEAST,R18,B17,BRD_BURROWING_OWL,DUTY_WATCH_DUTY_EXPRESSION,GRASSLAND | DESERT | SUBTERRANEAN | BUILT_ENVIRONMENT,PRAIRIE | SAVANNA | HOT_DESERT | BURROW | FARMLAND,SIMULATION_READY,EVD_JRN_R18_B01_SPC_ATHENE_CUNICULARIA_PERSONALITY_ID_001 | EVD_JRN_R18_B01_SPC_ATHENE_CUNICULARIA_TERRAIN_BROAD_001 | EVD_JRN_R18_B01_SPC_ATHENE_CUNICULARIA_TERRAIN_SPECIFIC_001,1,BRD_BURROWING_OWL
SPC_ATHERURUS_AFRICANUS,BEAST_SPECIES,BEAST,R20,B18,BRD_AFRICAN_BRUSH_TAILED_PORCUPINE,ATTACHMENT_LIFELONG_BOND_EXPRESSION,FOREST | MOUNTAIN | SUBTERRANEAN,RAIN_FOREST | MONTANE_FOREST | CAVE | BURROW,SIMULATION_READY,EVD_JRN_R20_B01_SPC_ATHERURUS_AFRICANUS_PERSONALITY_ID_001 | EVD_JRN_R20_B01_SPC_ATHERURUS_AFRICANUS_TERRAIN_BROAD_001 | EVD_JRN_R20_B01_SPC_ATHERURUS_AFRICANUS_TERRAIN_SPECIFIC_001,1,BRD_AFRICAN_BRUSH_TAILED_PORCUPINE
SPC_ATRACTASPIS_BIBRONII,BEAST_SPECIES,BEAST,R25,B20,BRD_SOUTHERN_STILETTO_SNAKE,FORCE_BITE_OR_STING_EXPRESSION,DESERT | GRASSLAND | FOREST | SUBTERRANEAN,HOT_DESERT | SAVANNA | WOODLAND | BURROW,SIMULATION_READY,EVD_JRN_R25_B01_SPC_ATRACTASPIS_BIBRONII_PERSONALITY_ID_001 | EVD_JRN_R25_B01_SPC_ATRACTASPIS_BIBRONII_TERRAIN_BROAD_001 | EVD_JRN_R25_B01_SPC_ATRACTASPIS_BIBRONII_TERRAIN_SPECIFIC_001,1,BRD_SOUTHERN_STILETTO_SNAKE
SPC_ATRACTASPIS_MICROLEPIDOTA,BEAST_SPECIES,BEAST,R25,B20,BRD_SMALL_SCALED_BURROWING_ASP,PATIENCE_AMBUSH_PATIENCE_EXPRESSION,DESERT | GRASSLAND | FOREST | SUBTERRANEAN,HOT_DESERT | SAVANNA | WOODLAND | BURROW,SIMULATION_READY,EVD_JRN_R25_B01_SPC_ATRACTASPIS_MICROLEPIDOTA_PERSONALITY_ID_001 | EVD_JRN_R25_B01_SPC_ATRACTASPIS_MICROLEPIDOTA_TERRAIN_BROAD_001 | EVD_JRN_R25_B01_SPC_ATRACTASPIS_MICROLEPIDOTA_TERRAIN_SPECIFIC_001,1,BRD_SMALL_SCALED_BURROWING_ASP
SPC_ATTA_CEPHALOTES,BEAST_SPECIES,BEAST,R25,B02,BRD_LEAFCUTTER_ANT,HIERARCHY_REPRODUCTIVE_CASTE_EXPRESSION,FOREST | GRASSLAND | BUILT_ENVIRONMENT | SUBTERRANEAN,RAIN_FOREST | FOREST_FLOOR | FARMLAND | CITY | BURROW,SIMULATION_READY,EVD_JRN_R25_B01_SPC_ATTA_CEPHALOTES_PERSONALITY_ID_001 | EVD_JRN_R25_B01_SPC_ATTA_CEPHALOTES_TERRAIN_BROAD_001 | EVD_JRN_R25_B01_SPC_ATTA_CEPHALOTES_TERRAIN_SPECIFIC_001,1,BRD_LEAFCUTTER_ANT
SPC_ATTACUS_ATLAS,BEAST_SPECIES,BEAST,R25,B02,BRD_ATLAS_MOTH,MORTALITY_BRIEF_LIFE_EXPRESSION,FOREST,RAIN_FOREST | CANOPY | FOREST_EDGE,SIMULATION_READY,EVD_JRN_R25_B01_SPC_ATTACUS_ATLAS_PERSONALITY_ID_001 | EVD_JRN_R25_B01_SPC_ATTACUS_ATLAS_TERRAIN_BROAD_001 | EVD_JRN_R25_B01_SPC_ATTACUS_ATLAS_TERRAIN_SPECIFIC_001,1,BRD_ATLAS_MOTH
SPC_AUTOMATON_GARGOYLE,MYTHOS_SPECIES,MYTHOS,R24,M02,BRD_GARGOYLE | BRD_GARGOYLE_TWO_HEADED,STEWARDSHIP_HABITAT_ENGINEERING_EXPRESSION,BUILT_ENVIRONMENT,TEMPLE | CASTLE | CITY,SIMULATION_READY,EVD_JRN_R24_B01_SPC_AUTOMATON_GARGOYLE_PERSONALITY_ID_001 | EVD_JRN_R24_B01_SPC_AUTOMATON_GARGOYLE_TERRAIN_BROAD_001 | EVD_JRN_R24_B01_SPC_AUTOMATON_GARGOYLE_TERRAIN_SPECIFIC_001,2,BRD_GARGOYLE | BRD_GARGOYLE_TWO_HEADED
SPC_AUTOMATON_HOMUNCULUS,MYTHOS_SPECIES,MYTHOS,R24,M02,BRD_HOMUNCULUS,AUTHENTICITY_MADE_PURPOSE_CONFLICT,BUILT_ENVIRONMENT,WORKSHOP,SIMULATION_READY,EVD_JRN_R24_B01_SPC_AUTOMATON_HOMUNCULUS_PERSONALITY_ID_001 | EVD_JRN_R24_B01_SPC_AUTOMATON_HOMUNCULUS_TERRAIN_BROAD_001 | EVD_JRN_R24_B01_SPC_AUTOMATON_HOMUNCULUS_TERRAIN_SPECIFIC_001,1,BRD_HOMUNCULUS
SPC_AUTOMATON_HOROLOGICUM,MYTHOS_SPECIES,MYTHOS,R24,M02,BRD_CLOCKWORK_AUTOMATON,DISCIPLINE_COMMANDED_DISCIPLINE_CONFLICT,BUILT_ENVIRONMENT,WORKSHOP | CASTLE | CITY,SIMULATION_READY,EVD_JRN_R24_B01_SPC_AUTOMATON_HOROLOGICUM_PERSONALITY_ID_001 | EVD_JRN_R24_B01_SPC_AUTOMATON_HOROLOGICUM_TERRAIN_BROAD_001 | EVD_JRN_R24_B01_SPC_AUTOMATON_HOROLOGICUM_TERRAIN_SPECIFIC_001,1,BRD_CLOCKWORK_AUTOMATON
SPC_AUTOMATON_LORICATUM,MYTHOS_SPECIES,MYTHOS,R24,M02,BRD_LIVING_ARMOR,AUTHENTICITY_SHAPE_WITHOUT_SELF_CONFLICT,BUILT_ENVIRONMENT,CASTLE | ROAD | WORKSHOP,SIMULATION_READY,EVD_JRN_R24_B01_SPC_AUTOMATON_LORICATUM_PERSONALITY_ID_001 | EVD_JRN_R24_B01_SPC_AUTOMATON_LORICATUM_TERRAIN_BROAD_001 | EVD_JRN_R24_B01_SPC_AUTOMATON_LORICATUM_TERRAIN_SPECIFIC_001,1,BRD_LIVING_ARMOR
SPC_AUTOMATON_SIMULACRUM,MYTHOS_SPECIES,MYTHOS,R24,M02,BRD_ANIMATED_STATUE,AUTHENTICITY_MADE_PURPOSE_CONFLICT,BUILT_ENVIRONMENT,WORKSHOP | TEMPLE | CITY,SIMULATION_READY,EVD_JRN_R24_B01_SPC_AUTOMATON_SIMULACRUM_PERSONALITY_ID_001 | EVD_JRN_R24_B01_SPC_AUTOMATON_SIMULACRUM_TERRAIN_BROAD_001 | EVD_JRN_R24_B01_SPC_AUTOMATON_SIMULACRUM_TERRAIN_SPECIFIC_001,1,BRD_ANIMATED_STATUE
SPC_AUTOMATON_STRAMENTARIUM,MYTHOS_SPECIES,MYTHOS,R24,M02,BRD_SCARECROW,DUTY_WATCH_DUTY_EXPRESSION,GRASSLAND | BUILT_ENVIRONMENT,FARMLAND | MEADOW | VILLAGE,SIMULATION_READY,EVD_JRN_R24_B01_SPC_AUTOMATON_STRAMENTARIUM_PERSONALITY_ID_001 | EVD_JRN_R24_B01_SPC_AUTOMATON_STRAMENTARIUM_TERRAIN_BROAD_001 | EVD_JRN_R24_B01_SPC_AUTOMATON_STRAMENTARIUM_TERRAIN_SPECIFIC_001,1,BRD_SCARECROW
SPC_BABYROUSA_CELEBENSIS,BEAST_SPECIES,BEAST,R02,B08,BRD_NORTH_SULAWESI_BABIRUSA,BELONGING_HERDING_EXPRESSION,FOREST | WETLAND | FRESHWATER,RAIN_FOREST | SWAMP | RIVER,SIMULATION_READY,EVD_JRN_R02_B01_SPC_BABYROUSA_CELEBENSIS_PERSONALITY_ID_001 | EVD_JRN_R02_B01_SPC_BABYROUSA_CELEBENSIS_TERRAIN_BROAD_001 | EVD_JRN_R02_B01_SPC_BABYROUSA_CELEBENSIS_TERRAIN_SPECIFIC_001,1,BRD_NORTH_SULAWESI_BABIRUSA
SPC_BALAENA_MYSTICETUS,BEAST_SPECIES,BEAST,R01,B06,BRD_BOWHEAD_WHALE,EXPRESSION_VOCAL_EXPRESSION,POLAR_ICE | OCEAN,PACK_ICE | PELAGIC,SIMULATION_READY,EVD_JRN_R01_B01_SPC_BALAENA_MYSTICETUS_PERSONALITY_001 | EVD_JRN_R01_B01_SPC_BALAENA_MYSTICETUS_TERRAIN_BROAD_001 | EVD_JRN_R01_B01_SPC_BALAENA_MYSTICETUS_TERRAIN_SPECIFIC_001,1,BRD_BOWHEAD_WHALE
SPC_BALAENICEPS_REX,BEAST_SPECIES,BEAST,R01,B23,BRD_SHOEBILL,PATIENCE_AMBUSH_PATIENCE_EXPRESSION,WETLAND,SWAMP | MARSH | FLOODPLAIN,SIMULATION_READY,EVD_JRN_R01_B01_SPC_BALAENICEPS_REX_PERSONALITY_001 | EVD_JRN_R01_B01_SPC_BALAENICEPS_REX_TERRAIN_BROAD_001 | EVD_JRN_R01_B01_SPC_BALAENICEPS_REX_TERRAIN_SPECIFIC_001,1,BRD_SHOEBILL
SPC_BALAENOPTERA_ACUTOROSTRATA,BEAST_SPECIES,BEAST,R01,B06,BRD_COMMON_MINKE_WHALE,EXPRESSION_VOCAL_EXPRESSION,OCEAN,PELAGIC,SIMULATION_READY,EVD_JRN_R01_B01_SPC_BALAENOPTERA_ACUTOROSTRATA_PERSONALITY_001 | EVD_JRN_R01_B01_SPC_BALAENOPTERA_ACUTOROSTRATA_TERRAIN_BROAD_001 | EVD_JRN_R01_B01_SPC_BALAENOPTERA_ACUTOROSTRATA_TERRAIN_SPECIFIC_001,1,BRD_COMMON_MINKE_WHALE
SPC_BALAENOPTERA_MUSCULUS,BEAST_SPECIES,BEAST,R01,B06,BRD_BLUE_WHALE,EXPRESSION_VOCAL_EXPRESSION,OCEAN,PELAGIC,SIMULATION_READY,EVD_JRN_R01_B01_SPC_BALAENOPTERA_MUSCULUS_PERSONALITY_001 | EVD_JRN_R01_B01_SPC_BALAENOPTERA_MUSCULUS_TERRAIN_BROAD_001 | EVD_JRN_R01_B01_SPC_BALAENOPTERA_MUSCULUS_TERRAIN_SPECIFIC_001,1,BRD_BLUE_WHALE
SPC_BALEARICA_REGULORUM,BEAST_SPECIES,BEAST,R01,B23,BRD_GRAY_CROWNED_CRANE,INTIMACY_GROOMING_INTIMACY_EXPRESSION,GRASSLAND | WETLAND | FRESHWATER,SAVANNA | LAKE | MARSH,SIMULATION_READY,EVD_JRN_R01_B01_SPC_BALEARICA_REGULORUM_PERSONALITY_001 | EVD_JRN_R01_B01_SPC_BALEARICA_REGULORUM_TERRAIN_BROAD_001 | EVD_JRN_R01_B01_SPC_BALEARICA_REGULORUM_TERRAIN_SPECIFIC_001,1,BRD_GRAY_CROWNED_CRANE
SPC_BALISTOIDES_VIRIDESCENS,BEAST_SPECIES,BEAST,R14,B04,BRD_TITAN_TRIGGERFISH,BOUNDARIES_TERRITORIAL_MARKING_EXPRESSION,OCEAN | COASTAL,CORAL_REEF,SIMULATION_READY,EVD_JRN_R14_B01_SPC_BALISTOIDES_VIRIDESCENS_PERSONALITY_ID_001 | EVD_JRN_R14_B01_SPC_BALISTOIDES_VIRIDESCENS_TERRAIN_BROAD_001 | EVD_JRN_R14_B01_SPC_BALISTOIDES_VIRIDESCENS_TERRAIN_SPECIFIC_001,1,BRD_TITAN_TRIGGERFISH
SPC_BASSARICYON_NEBLINA,BEAST_SPECIES,BEAST,R02,B05,BRD_OLINGUITO,RISK_LEAP_OR_DIVE_EXPRESSION,MOUNTAIN | FOREST,CLOUD_FOREST | CANOPY | MONTANE_FOREST,SIMULATION_READY,EVD_JRN_R02_B01_SPC_BASSARICYON_NEBLINA_PERSONALITY_ID_001 | EVD_JRN_R02_B01_SPC_BASSARICYON_NEBLINA_TERRAIN_BROAD_001 | EVD_JRN_R02_B01_SPC_BASSARICYON_NEBLINA_TERRAIN_SPECIFIC_001,1,BRD_OLINGUITO
SPC_BENTHOSEMA_GLACIALE,BEAST_SPECIES,BEAST,R14,B04,BRD_GLACIER_LANTERNFISH,LAND_DOMAIN_BOUND_CONFLICT,OCEAN,PELAGIC,SIMULATION_READY,EVD_JRN_R14_B01_SPC_BENTHOSEMA_GLACIALE_PERSONALITY_ID_001 | EVD_JRN_R14_B01_SPC_BENTHOSEMA_GLACIALE_TERRAIN_BROAD_001 | EVD_JRN_R14_B01_SPC_BENTHOSEMA_GLACIALE_TERRAIN_SPECIFIC_001,1,BRD_GLACIER_LANTERNFISH
SPC_BERARDIUS_BAIRDII,BEAST_SPECIES,BEAST,R01,B06,BRD_BAIRD_S_BEAKED_WHALE,EXPRESSION_VISUAL_EXPRESSION,OCEAN,PELAGIC,SIMULATION_READY,EVD_JRN_R01_B01_SPC_BERARDIUS_BAIRDII_PERSONALITY_001 | EVD_JRN_R01_B01_SPC_BERARDIUS_BAIRDII_TERRAIN_BROAD_001 | EVD_JRN_R01_B01_SPC_BERARDIUS_BAIRDII_TERRAIN_SPECIFIC_001,1,BRD_BAIRD_S_BEAKED_WHALE
SPC_BIPES_BIPORUS,BEAST_SPECIES,BEAST,R24,B09,BRD_MEXICAN_MOLE_LIZARD,CONTROL_ENVIRONMENT_ENGINEERING_EXPRESSION,DESERT | SUBTERRANEAN,HOT_DESERT | SOIL | BURROW | TUNNEL,SIMULATION_READY,EVD_JRN_R24_B01_SPC_BIPES_BIPORUS_PERSONALITY_ID_001 | EVD_JRN_R24_B01_SPC_BIPES_BIPORUS_TERRAIN_BROAD_001 | EVD_JRN_R24_B01_SPC_BIPES_BIPORUS_TERRAIN_SPECIFIC_001,1,BRD_MEXICAN_MOLE_LIZARD
SPC_BIRGUS_LATRO,BEAST_SPECIES,BEAST,R25,B02,BRD_COCONUT_CRAB,CHANGE_DEVELOPMENTAL_PLASTICITY_EXPRESSION,COASTAL | FOREST | OCEAN,ISLAND | RAIN_FOREST | COASTAL_CLIFF,SIMULATION_READY,EVD_JRN_R25_B01_SPC_BIRGUS_LATRO_PERSONALITY_ID_001 | EVD_JRN_R25_B01_SPC_BIRGUS_LATRO_TERRAIN_BROAD_001 | EVD_JRN_R25_B01_SPC_BIRGUS_LATRO_TERRAIN_SPECIFIC_001,1,BRD_COCONUT_CRAB
SPC_BISON_BISON,BEAST_SPECIES,BEAST,R02,B08,BRD_AMERICAN_BISON,BELONGING_HERDING_EXPRESSION,GENERALIST,GENERALIST,SIMULATION_READY,EVD_JRN_R02_B01_SPC_BISON_BISON_PERSONALITY_ID_001 | EVD_JRN_R02_B01_SPC_BISON_BISON_TERRAIN_BROAD_001 | EVD_JRN_R02_B01_SPC_BISON_BISON_TERRAIN_SPECIFIC_001,1,BRD_AMERICAN_BISON
SPC_BITIS_ARIETANS,BEAST_SPECIES,BEAST,R25,B20,BRD_PUFF_ADDER,PATIENCE_AMBUSH_PATIENCE_EXPRESSION,GRASSLAND | DESERT | FOREST,SAVANNA | STEPPE | SCRUBLAND | WOODLAND,SIMULATION_READY,EVD_JRN_R25_B01_SPC_BITIS_ARIETANS_PERSONALITY_ID_001 | EVD_JRN_R25_B01_SPC_BITIS_ARIETANS_TERRAIN_BROAD_001 | EVD_JRN_R25_B01_SPC_BITIS_ARIETANS_TERRAIN_SPECIFIC_001,1,BRD_PUFF_ADDER
SPC_BIZIURA_LOBATA,BEAST_SPECIES,BEAST,R01,B23,BRD_MUSK_DUCK,TRUTH_MIMICRY_EXPRESSION,FRESHWATER | WETLAND,MARSH | FLOODPLAIN,SIMULATION_READY,EVD_JRN_R01_B01_SPC_BIZIURA_LOBATA_PERSONALITY_001 | EVD_JRN_R01_B01_SPC_BIZIURA_LOBATA_TERRAIN_BROAD_001 | EVD_JRN_R01_B01_SPC_BIZIURA_LOBATA_TERRAIN_SPECIFIC_001,1,BRD_MUSK_DUCK
SPC_BLANUS_CINEREUS,BEAST_SPECIES,BEAST,R24,B09,BRD_IBERIAN_WORM_LIZARD,NOVELTY_STRATEGY_SWITCH_EXPRESSION,FOREST | SUBTERRANEAN,MONTANE_FOREST | SOIL | BURROW,SIMULATION_READY,EVD_JRN_R24_B01_SPC_BLANUS_CINEREUS_PERSONALITY_ID_001 | EVD_JRN_R24_B01_SPC_BLANUS_CINEREUS_TERRAIN_BROAD_001 | EVD_JRN_R24_B01_SPC_BLANUS_CINEREUS_TERRAIN_SPECIFIC_001,1,BRD_IBERIAN_WORM_LIZARD
SPC_BOA_CONSTRICTOR,BEAST_SPECIES,BEAST,R25,B20,BRD_BOA_CONSTRICTOR,FORCE_CONSTRICT_EXPRESSION,FOREST | GRASSLAND | DESERT | FRESHWATER | BUILT_ENVIRONMENT | SUBTERRANEAN,RAIN_FOREST | FOREST_EDGE | SAVANNA | SCRUBLAND | RIVER | FARMLAND | BURROW,SIMULATION_READY,EVD_JRN_R25_B01_SPC_BOA_CONSTRICTOR_PERSONALITY_ID_001 | EVD_JRN_R25_B01_SPC_BOA_CONSTRICTOR_TERRAIN_BROAD_001 | EVD_JRN_R25_B01_SPC_BOA_CONSTRICTOR_TERRAIN_SPECIFIC_001,1,BRD_BOA_CONSTRICTOR
SPC_BOLBOMETOPON_MURICATUM,BEAST_SPECIES,BEAST,R14,B04,BRD_BUMPHEAD_PARROTFISH,STEWARDSHIP_HABITAT_ENGINEERING_EXPRESSION,OCEAN | COASTAL,CORAL_REEF | SEAGRASS_BED,SIMULATION_READY,EVD_JRN_R14_B01_SPC_BOLBOMETOPON_MURICATUM_PERSONALITY_ID_001 | EVD_JRN_R14_B01_SPC_BOLBOMETOPON_MURICATUM_TERRAIN_BROAD_001 | EVD_JRN_R14_B01_SPC_BOLBOMETOPON_MURICATUM_TERRAIN_SPECIFIC_001,1,BRD_BUMPHEAD_PARROTFISH
SPC_BOMBUS_TERRESTRIS,BEAST_SPECIES,BEAST,R25,B02,BRD_BUFF_TAILED_BUMBLEBEE,COLLECTIVE_MEMORY_TECHNIQUE_TRADITION,GRASSLAND | BUILT_ENVIRONMENT,MEADOW | FLOWERING_HABITAT | FARMLAND | VILLAGE,SIMULATION_READY,EVD_JRN_R25_B01_SPC_BOMBUS_TERRESTRIS_PERSONALITY_ID_001 | EVD_JRN_R25_B01_SPC_BOMBUS_TERRESTRIS_TERRAIN_BROAD_001 | EVD_JRN_R25_B01_SPC_BOMBUS_TERRESTRIS_TERRAIN_SPECIFIC_001,1,BRD_BUFF_TAILED_BUMBLEBEE
SPC_BOS_GAURUS,BEAST_SPECIES,BEAST,R02,B08,BRD_GAUR,BELONGING_HERDING_EXPRESSION,FOREST | GRASSLAND | MOUNTAIN,MONTANE_FOREST | SAVANNA,SIMULATION_READY,EVD_JRN_R02_B01_SPC_BOS_GAURUS_PERSONALITY_ID_001 | EVD_JRN_R02_B01_SPC_BOS_GAURUS_TERRAIN_BROAD_001 | EVD_JRN_R02_B01_SPC_BOS_GAURUS_TERRAIN_SPECIFIC_001,1,BRD_GAUR
SPC_BOTAURUS_STELLARIS,BEAST_SPECIES,BEAST,R01,B23,BRD_EURASIAN_BITTERN,TRUTH_CAMOUFLAGE_EXPRESSION,WETLAND,MARSH,SIMULATION_READY,EVD_JRN_R01_B01_SPC_BOTAURUS_STELLARIS_PERSONALITY_001 | EVD_JRN_R01_B01_SPC_BOTAURUS_STELLARIS_TERRAIN_BROAD_001 | EVD_JRN_R01_B01_SPC_BOTAURUS_STELLARIS_TERRAIN_SPECIFIC_001,1,BRD_EURASIAN_BITTERN
SPC_BOTHRIECHIS_SCHLEGELII,BEAST_SPECIES,BEAST,R25,B20,BRD_EYELASH_VIPER,PATIENCE_AMBUSH_PATIENCE_EXPRESSION,FOREST | MOUNTAIN | FRESHWATER | BUILT_ENVIRONMENT,RAIN_FOREST | CLOUD_FOREST | MONTANE_FOREST | CANOPY | RIVER | FARMLAND,SIMULATION_READY,EVD_JRN_R25_B01_SPC_BOTHRIECHIS_SCHLEGELII_PERSONALITY_ID_001 | EVD_JRN_R25_B01_SPC_BOTHRIECHIS_SCHLEGELII_TERRAIN_BROAD_001 | EVD_JRN_R25_B01_SPC_BOTHRIECHIS_SCHLEGELII_TERRAIN_SPECIFIC_001,1,BRD_EYELASH_VIPER
SPC_BRACHINUS_CREPITANS,BEAST_SPECIES,BEAST,R25,B02,BRD_BOMBARDIER_BEETLE,FEAR_DEFENSIVE_DISPLAY_EXPRESSION,GRASSLAND | BUILT_ENVIRONMENT,STEPPE | FARMLAND,SIMULATION_READY,EVD_JRN_R25_B01_SPC_BRACHINUS_CREPITANS_PERSONALITY_ID_001 | EVD_JRN_R25_B01_SPC_BRACHINUS_CREPITANS_TERRAIN_BROAD_001 | EVD_JRN_R25_B01_SPC_BRACHINUS_CREPITANS_TERRAIN_SPECIFIC_001,1,BRD_BOMBARDIER_BEETLE
SPC_BRACHYLAGUS_IDAHOENSIS,BEAST_SPECIES,BEAST,R20,B18,BRD_PYGMY_RABBIT,CONTROL_ENVIRONMENT_ENGINEERING_EXPRESSION,GRASSLAND | DESERT | SUBTERRANEAN,SCRUBLAND | STEPPE | BURROW,SIMULATION_READY,EVD_JRN_R20_B01_SPC_BRACHYLAGUS_IDAHOENSIS_PERSONALITY_ID_001 | EVD_JRN_R20_B01_SPC_BRACHYLAGUS_IDAHOENSIS_TERRAIN_BROAD_001 | EVD_JRN_R20_B01_SPC_BRACHYLAGUS_IDAHOENSIS_TERRAIN_SPECIFIC_001,1,BRD_PYGMY_RABBIT
SPC_BRACHYLOPHUS_VITIENSIS,BEAST_SPECIES,BEAST,R24,B09,BRD_FIJI_CRESTED_IGUANA,BOUNDARIES_TERRITORIAL_MARKING_EXPRESSION,FOREST | COASTAL | WETLAND,CANOPY | RAIN_FOREST | ISLAND | MANGROVE,SIMULATION_READY,EVD_JRN_R24_B01_SPC_BRACHYLOPHUS_VITIENSIS_PERSONALITY_ID_001 | EVD_JRN_R24_B01_SPC_BRACHYLOPHUS_VITIENSIS_TERRAIN_BROAD_001 | EVD_JRN_R24_B01_SPC_BRACHYLOPHUS_VITIENSIS_TERRAIN_SPECIFIC_001,1,BRD_FIJI_CRESTED_IGUANA
SPC_BRADYPUS_PYGMAEUS,BEAST_SPECIES,BEAST,R23,B24,BRD_PYGMY_THREE_TOED_SLOTH,EQUANIMITY_LOW_REACTIVITY_EXPRESSION,FOREST | WETLAND,MANGROVE | CANOPY | ISLAND,SIMULATION_READY,EVD_JRN_R23_B01_SPC_BRADYPUS_PYGMAEUS_PERSONALITY_ID_001 | EVD_JRN_R23_B01_SPC_BRADYPUS_PYGMAEUS_TERRAIN_BROAD_001 | EVD_JRN_R23_B01_SPC_BRADYPUS_PYGMAEUS_TERRAIN_SPECIFIC_001,1,BRD_PYGMY_THREE_TOED_SLOTH
SPC_BRADYPUS_VARIEGATUS,BEAST_SPECIES,BEAST,R23,B24,BRD_BROWN_THROATED_THREE_TOED_SLOTH,EQUANIMITY_LOW_REACTIVITY_EXPRESSION,FOREST | WETLAND,RAIN_FOREST | CANOPY | SWAMP,SIMULATION_READY,EVD_JRN_R23_B01_SPC_BRADYPUS_VARIEGATUS_PERSONALITY_ID_001 | EVD_JRN_R23_B01_SPC_BRADYPUS_VARIEGATUS_TERRAIN_BROAD_001 | EVD_JRN_R23_B01_SPC_BRADYPUS_VARIEGATUS_TERRAIN_SPECIFIC_001,1,BRD_BROWN_THROATED_THREE_TOED_SLOTH
SPC_BUBO_BUBO,BEAST_SPECIES,BEAST,R18,B17,BRD_EURASIAN_EAGLE_OWL,ATTACHMENT_LIFELONG_BOND_EXPRESSION,MOUNTAIN | FOREST | GRASSLAND | DESERT,CLIFF | CANYON | WOODLAND | STEPPE | SCRUBLAND | HOT_DESERT,SIMULATION_READY,EVD_JRN_R18_B01_SPC_BUBO_BUBO_PERSONALITY_ID_001 | EVD_JRN_R18_B01_SPC_BUBO_BUBO_TERRAIN_BROAD_001 | EVD_JRN_R18_B01_SPC_BUBO_BUBO_TERRAIN_SPECIFIC_001,1,BRD_EURASIAN_EAGLE_OWL
SPC_BUBO_SCANDIACUS,BEAST_SPECIES,BEAST,R18,B17,BRD_SNOWY_OWL,PROTECTION_YOUNG_SHIELDING_EXPRESSION,POLAR_ICE | GRASSLAND | COASTAL,TUNDRA | PACK_ICE | COASTAL_CLIFF | DUNES,SIMULATION_READY,EVD_JRN_R18_B01_SPC_BUBO_SCANDIACUS_PERSONALITY_ID_001 | EVD_JRN_R18_B01_SPC_BUBO_SCANDIACUS_TERRAIN_BROAD_001 | EVD_JRN_R18_B01_SPC_BUBO_SCANDIACUS_TERRAIN_SPECIFIC_001,1,BRD_SNOWY_OWL
SPC_BUCEROS_BICORNIS,BEAST_SPECIES,BEAST,R22,B13,BRD_GREAT_HORNBILL,CARE_PROVISIONING_EXPRESSION,FOREST | MOUNTAIN,RAIN_FOREST | MONTANE_FOREST | CANOPY | OLD_GROWTH_FOREST,SIMULATION_READY,EVD_JRN_R22_B01_SPC_BUCEROS_BICORNIS_PERSONALITY_ID_001 | EVD_JRN_R22_B01_SPC_BUCEROS_BICORNIS_TERRAIN_BROAD_001 | EVD_JRN_R22_B01_SPC_BUCEROS_BICORNIS_TERRAIN_SPECIFIC_001,1,BRD_GREAT_HORNBILL
SPC_BUCEROS_RHINOCEROS,BEAST_SPECIES,BEAST,R22,B13,BRD_RHINOCEROS_HORNBILL,CARE_PROVISIONING_EXPRESSION,FOREST,RAIN_FOREST | CANOPY | OLD_GROWTH_FOREST,SIMULATION_READY,EVD_JRN_R22_B01_SPC_BUCEROS_RHINOCEROS_PERSONALITY_ID_001 | EVD_JRN_R22_B01_SPC_BUCEROS_RHINOCEROS_TERRAIN_BROAD_001 | EVD_JRN_R22_B01_SPC_BUCEROS_RHINOCEROS_TERRAIN_SPECIFIC_001,1,BRD_RHINOCEROS_HORNBILL
SPC_BUCORVUS_LEADBEATERI,BEAST_SPECIES,BEAST,R22,B13,BRD_SOUTHERN_GROUND_HORNBILL,COOPERATION_GROUP_DEFENSE_EXPRESSION,GRASSLAND | FOREST,SAVANNA | SCRUBLAND | WOODLAND,SIMULATION_READY,EVD_JRN_R22_B01_SPC_BUCORVUS_LEADBEATERI_PERSONALITY_ID_001 | EVD_JRN_R22_B01_SPC_BUCORVUS_LEADBEATERI_TERRAIN_BROAD_001 | EVD_JRN_R22_B01_SPC_BUCORVUS_LEADBEATERI_TERRAIN_SPECIFIC_001,1,BRD_SOUTHERN_GROUND_HORNBILL
SPC_BUDORCAS_TAXICOLOR,BEAST_SPECIES,BEAST,R02,B08,BRD_TAKIN,PURPOSE_MIGRATION_PURPOSE_EXPRESSION,MOUNTAIN | FOREST | GRASSLAND,ALPINE | MONTANE_FOREST,SIMULATION_READY,EVD_JRN_R02_B01_SPC_BUDORCAS_TAXICOLOR_PERSONALITY_ID_001 | EVD_JRN_R02_B01_SPC_BUDORCAS_TAXICOLOR_TERRAIN_BROAD_001 | EVD_JRN_R02_B01_SPC_BUDORCAS_TAXICOLOR_TERRAIN_SPECIFIC_001,1,BRD_TAKIN
SPC_BUFO_BUFO,BEAST_SPECIES,BEAST,R13,B01,BRD_COMMON_TOAD,LAND_SPAWNING_SITE_DEPENDENCE,FOREST | WETLAND | FRESHWATER | GRASSLAND,WOODLAND | POND | MEADOW,SIMULATION_READY,EVD_JRN_R13_B01_SPC_BUFO_BUFO_PERSONALITY_ID_001 | EVD_JRN_R13_B01_SPC_BUFO_BUFO_TERRAIN_BROAD_001 | EVD_JRN_R13_B01_SPC_BUFO_BUFO_TERRAIN_SPECIFIC_001,1,BRD_COMMON_TOAD
SPC_BUTEO_JAMAICENSIS,BEAST_SPECIES,BEAST,R18,B17,BRD_BUTEO_JAMAICENSIS_RED_TAILED_HAWK,ATTACHMENT_LIFELONG_BOND_EXPRESSION,FOREST | GRASSLAND | DESERT | BUILT_ENVIRONMENT,FOREST_EDGE | PRAIRIE | SCRUBLAND | HOT_DESERT | FARMLAND | CITY,SIMULATION_READY,EVD_JRN_R18_B01_SPC_BUTEO_JAMAICENSIS_PERSONALITY_ID_001 | EVD_JRN_R18_B01_SPC_BUTEO_JAMAICENSIS_TERRAIN_BROAD_001 | EVD_JRN_R18_B01_SPC_BUTEO_JAMAICENSIS_TERRAIN_SPECIFIC_001,1,BRD_BUTEO_JAMAICENSIS_RED_TAILED_HAWK
SPC_CACATUA_GALERITA,BEAST_SPECIES,BEAST,R19,B14,BRD_SULPHUR_CRESTED_COCKATOO,CURIOSITY_PROBLEM_SOLVING_EXPRESSION,FOREST | GRASSLAND | BUILT_ENVIRONMENT,RAIN_FOREST | WOODLAND | FOREST_EDGE | FARMLAND | CITY,SIMULATION_READY,EVD_JRN_R19_B01_SPC_CACATUA_GALERITA_PERSONALITY_ID_001 | EVD_JRN_R19_B01_SPC_CACATUA_GALERITA_TERRAIN_BROAD_001 | EVD_JRN_R19_B01_SPC_CACATUA_GALERITA_TERRAIN_SPECIFIC_001,1,BRD_SULPHUR_CRESTED_COCKATOO
SPC_CACATUA_LEADBEATERI,BEAST_SPECIES,BEAST,R19,B14,BRD_MAJOR_MITCHELL_S_COCKATOO,ATTACHMENT_LIFELONG_BOND_EXPRESSION,FOREST | DESERT | GRASSLAND,WOODLAND | SCRUBLAND | HOT_DESERT | FOREST_EDGE,SIMULATION_READY,EVD_JRN_R19_B01_SPC_CACATUA_LEADBEATERI_PERSONALITY_ID_001 | EVD_JRN_R19_B01_SPC_CACATUA_LEADBEATERI_TERRAIN_BROAD_001 | EVD_JRN_R19_B01_SPC_CACATUA_LEADBEATERI_TERRAIN_SPECIFIC_001,1,BRD_MAJOR_MITCHELL_S_COCKATOO
SPC_CADAVER_AMBULANS,MYTHOS_SPECIES,MYTHOS,R25,M22,BRD_ZOMBIE,AUTONOMY_ENSLAVEMENT_WOUND,BUILT_ENVIRONMENT,TEMPLE,SIMULATION_READY,EVD_JRN_R25_B02_SPC_CADAVER_AMBULANS_PERSONALITY_ID_001 | EVD_JRN_R25_B02_SPC_CADAVER_AMBULANS_TERRAIN_BROAD_001 | EVD_JRN_R25_B02_SPC_CADAVER_AMBULANS_TERRAIN_SPECIFIC_001,1,BRD_ZOMBIE
SPC_CADAVER_OSSEUS,MYTHOS_SPECIES,MYTHOS,R25,M22,BRD_SKELETON,MORTALITY_UNDEAD_CONTINUATION_CONFLICT,BUILT_ENVIRONMENT,TEMPLE,SIMULATION_READY,EVD_JRN_R25_B02_SPC_CADAVER_OSSEUS_PERSONALITY_ID_001 | EVD_JRN_R25_B02_SPC_CADAVER_OSSEUS_TERRAIN_BROAD_001 | EVD_JRN_R25_B02_SPC_CADAVER_OSSEUS_TERRAIN_SPECIFIC_001,1,BRD_SKELETON
SPC_CAELESTIS_NEPHILIM,MYTHOS_SPECIES,MYTHOS,R06,M01,BRD_NEPHILIM,COMPETITION_COSMIC_TOURNAMENT_CONFLICT,GENERALIST,GENERALIST,SIMULATION_READY,EVD_JRN_R06_B01_SPC_CAELESTIS_NEPHILIM_PERSONALITY_ID_001 | EVD_JRN_R06_B01_SPC_CAELESTIS_NEPHILIM_TERRAIN_BROAD_001 | EVD_JRN_R06_B01_SPC_CAELESTIS_NEPHILIM_TERRAIN_SPECIFIC_001,1,BRD_NEPHILIM
SPC_CAELESTIS_NUNTIUS,MYTHOS_SPECIES,MYTHOS,R06,M01,BRD_ANGELS_ANGEL | BRD_ANGELS_ARCHANGEL | BRD_ANGELS_CHERUB | BRD_ANGELS_OPHANIM | BRD_ANGELS_SERAPH,LOYALTY_GROUP_ALLEGIANCE_EXPRESSION,GENERALIST,GENERALIST,SIMULATION_READY,EVD_JRN_R06_B01_SPC_CAELESTIS_NUNTIUS_PERSONALITY_ID_001 | EVD_JRN_R06_B01_SPC_CAELESTIS_NUNTIUS_TERRAIN_BROAD_001 | EVD_JRN_R06_B01_SPC_CAELESTIS_NUNTIUS_TERRAIN_SPECIFIC_001,5,BRD_ANGELS_ANGEL | BRD_ANGELS_ARCHANGEL | BRD_ANGELS_CHERUB | BRD_ANGELS_OPHANIM | BRD_ANGELS_SERAPH
SPC_CAIMAN_CROCODILUS,BEAST_SPECIES,BEAST,R04,B22,BRD_SPECTACLED_CAIMAN,DUTY_NEST_DUTY_EXPRESSION,FRESHWATER | WETLAND | COASTAL | FOREST | GRASSLAND,RIVER | LAKE | ESTUARY | BOG | MANGROVE | SWAMP | SAVANNA,SIMULATION_READY,EVD_JRN_R04_B01_SPC_CAIMAN_CROCODILUS_PERSONALITY_ID_001 | EVD_JRN_R04_B01_SPC_CAIMAN_CROCODILUS_TERRAIN_BROAD_001 | EVD_JRN_R04_B01_SPC_CAIMAN_CROCODILUS_TERRAIN_SPECIFIC_001,1,BRD_SPECTACLED_CAIMAN
SPC_CALLOCEPHALON_FIMBRIATUM,BEAST_SPECIES,BEAST,R19,B14,BRD_GANG_GANG_COCKATOO,BELONGING_COLONY_EXPRESSION,MOUNTAIN | FOREST | BUILT_ENVIRONMENT,ALPINE | MONTANE_FOREST | WOODLAND | FOREST_EDGE | CITY,SIMULATION_READY,EVD_JRN_R19_B01_SPC_CALLOCEPHALON_FIMBRIATUM_PERSONALITY_ID_001 | EVD_JRN_R19_B01_SPC_CALLOCEPHALON_FIMBRIATUM_TERRAIN_BROAD_001 | EVD_JRN_R19_B01_SPC_CALLOCEPHALON_FIMBRIATUM_TERRAIN_SPECIFIC_001,1,BRD_GANG_GANG_COCKATOO
SPC_CALLORHINCHUS_MILII,BEAST_SPECIES,BEAST,R12,B19,BRD_AUSTRALIAN_GHOSTSHARK,LAND_SPAWNING_SITE_DEPENDENCE,OCEAN | COASTAL,ESTUARY | PELAGIC,SIMULATION_READY,EVD_JRN_R12_B01_SPC_CALLORHINCHUS_MILII_PERSONALITY_ID_001 | EVD_JRN_R12_B01_SPC_CALLORHINCHUS_MILII_TERRAIN_BROAD_001 | EVD_JRN_R12_B01_SPC_CALLORHINCHUS_MILII_TERRAIN_SPECIFIC_001,1,BRD_AUSTRALIAN_GHOSTSHARK
SPC_CALOENAS_NICOBARICA,BEAST_SPECIES,BEAST,R17,B15,BRD_NICOBAR_PIGEON,BELONGING_COLONY_EXPRESSION,FOREST | COASTAL | OCEAN,RAIN_FOREST | MANGROVE | ISLAND | PELAGIC | FOREST_FLOOR,SIMULATION_READY,EVD_JRN_R17_B01_SPC_CALOENAS_NICOBARICA_PERSONALITY_ID_001 | EVD_JRN_R17_B01_SPC_CALOENAS_NICOBARICA_TERRAIN_BROAD_001 | EVD_JRN_R17_B01_SPC_CALOENAS_NICOBARICA_TERRAIN_SPECIFIC_001,1,BRD_NICOBAR_PIGEON
SPC_CALUMMA_PARSONII,BEAST_SPECIES,BEAST,R24,B09,BRD_CALUMMA_PARSONII_PARSON_S_CHAMELEON,ANGER_THREAT_DISPLAY_EXPRESSION,FOREST | MOUNTAIN | COASTAL,RAIN_FOREST | CANOPY | MONTANE_FOREST,SIMULATION_READY,EVD_JRN_R24_B01_SPC_CALUMMA_PARSONII_PERSONALITY_ID_001 | EVD_JRN_R24_B01_SPC_CALUMMA_PARSONII_TERRAIN_BROAD_001 | EVD_JRN_R24_B01_SPC_CALUMMA_PARSONII_TERRAIN_SPECIFIC_001,1,BRD_CALUMMA_PARSONII_PARSON_S_CHAMELEON
SPC_CALUROMYS_PHILANDER,BEAST_SPECIES,BEAST,R22,B10,BRD_BARE_TAILED_WOOLLY_OPOSSUM,EXPRESSION_VOCAL_EXPRESSION,FOREST,RAIN_FOREST | CANOPY,SIMULATION_READY,EVD_JRN_R22_B01_SPC_CALUROMYS_PHILANDER_PERSONALITY_ID_001 | EVD_JRN_R22_B01_SPC_CALUROMYS_PHILANDER_TERRAIN_BROAD_001 | EVD_JRN_R22_B01_SPC_CALUROMYS_PHILANDER_TERRAIN_SPECIFIC_001,1,BRD_BARE_TAILED_WOOLLY_OPOSSUM
SPC_CANIS_LUPUS,BEAST_SPECIES,BEAST,R02,B05,BRD_GRAY_WOLF,COOPERATION_COOPERATIVE_HUNTING_EXPRESSION,GENERALIST,GENERALIST,SIMULATION_READY,EVD_JRN_R02_B01_SPC_CANIS_LUPUS_PERSONALITY_ID_001 | EVD_JRN_R02_B01_SPC_CANIS_LUPUS_TERRAIN_BROAD_001 | EVD_JRN_R02_B01_SPC_CANIS_LUPUS_TERRAIN_SPECIFIC_001,1,BRD_GRAY_WOLF
SPC_CANIS_LUPUS_FAMILIARIS,BEAST_SPECIES,BEAST,R02,B05,BRD_DINGO,CARE_PROVISIONING_EXPRESSION,GENERALIST,GENERALIST,SIMULATION_READY,EVD_JRN_R02_B01_SPC_CANIS_LUPUS_FAMILIARIS_PERSONALITY_ID_001 | EVD_JRN_R02_B01_SPC_CANIS_LUPUS_FAMILIARIS_TERRAIN_BROAD_001 | EVD_JRN_R02_B01_SPC_CANIS_LUPUS_FAMILIARIS_TERRAIN_SPECIFIC_001,1,BRD_DINGO
SPC_CANIS_MESOMELAS,BEAST_SPECIES,BEAST,R02,B05,BRD_BLACK_BACKED_JACKAL,CARE_PROVISIONING_EXPRESSION,DESERT | GRASSLAND,HOT_DESERT | SAVANNA | SCRUBLAND,SIMULATION_READY,EVD_JRN_R02_B01_SPC_CANIS_MESOMELAS_PERSONALITY_ID_001 | EVD_JRN_R02_B01_SPC_CANIS_MESOMELAS_TERRAIN_BROAD_001 | EVD_JRN_R02_B01_SPC_CANIS_MESOMELAS_TERRAIN_SPECIFIC_001,1,BRD_BLACK_BACKED_JACKAL
SPC_CANIS_SIMENSIS,BEAST_SPECIES,BEAST,R02,B05,BRD_ETHIOPIAN_WOLF,BOUNDARIES_TERRITORIAL_MARKING_EXPRESSION,MOUNTAIN | GRASSLAND,ALPINE | MEADOW | SCRUBLAND,SIMULATION_READY,EVD_JRN_R02_B01_SPC_CANIS_SIMENSIS_PERSONALITY_ID_001 | EVD_JRN_R02_B01_SPC_CANIS_SIMENSIS_TERRAIN_BROAD_001 | EVD_JRN_R02_B01_SPC_CANIS_SIMENSIS_TERRAIN_SPECIFIC_001,1,BRD_ETHIOPIAN_WOLF
SPC_CAPRA_FALCONERI,BEAST_SPECIES,BEAST,R02,B08,BRD_MARKHOR,POWER_PHYSICAL_POWER_EXPRESSION,MOUNTAIN,ALPINE | CLIFF,SIMULATION_READY,EVD_JRN_R02_B01_SPC_CAPRA_FALCONERI_PERSONALITY_ID_001 | EVD_JRN_R02_B01_SPC_CAPRA_FALCONERI_TERRAIN_BROAD_001 | EVD_JRN_R02_B01_SPC_CAPRA_FALCONERI_TERRAIN_SPECIFIC_001,1,BRD_MARKHOR
SPC_CAPRA_IBEX,BEAST_SPECIES,BEAST,R02,B08,BRD_ALPINE_IBEX,DOMINANCE_POSTURE_DOMINANCE_EXPRESSION,MOUNTAIN | FOREST,ALPINE | CLIFF | MONTANE_FOREST,SIMULATION_READY,EVD_JRN_R02_B01_SPC_CAPRA_IBEX_PERSONALITY_ID_001 | EVD_JRN_R02_B01_SPC_CAPRA_IBEX_TERRAIN_BROAD_001 | EVD_JRN_R02_B01_SPC_CAPRA_IBEX_TERRAIN_SPECIFIC_001,1,BRD_ALPINE_IBEX
SPC_CAPRIMULGUS_EUROPAEUS,BEAST_SPECIES,BEAST,R22,B13,BRD_EUROPEAN_NIGHTJAR,EXPRESSION_VOCAL_EXPRESSION,FOREST | GRASSLAND,FOREST_EDGE | WOODLAND | MEADOW | SCRUBLAND,SIMULATION_READY,EVD_JRN_R22_B01_SPC_CAPRIMULGUS_EUROPAEUS_PERSONALITY_ID_001 | EVD_JRN_R22_B01_SPC_CAPRIMULGUS_EUROPAEUS_TERRAIN_BROAD_001 | EVD_JRN_R22_B01_SPC_CAPRIMULGUS_EUROPAEUS_TERRAIN_SPECIFIC_001,1,BRD_EUROPEAN_NIGHTJAR
SPC_CARACAL_CARACAL,BEAST_SPECIES,BEAST,R02,B05,BRD_CARACAL,BOUNDARIES_TERRITORIAL_MARKING_EXPRESSION,FOREST | GRASSLAND,WOODLAND | SAVANNA | SCRUBLAND,SIMULATION_READY,EVD_JRN_R02_B01_SPC_CARACAL_CARACAL_PERSONALITY_ID_001 | EVD_JRN_R02_B01_SPC_CARACAL_CARACAL_TERRAIN_BROAD_001 | EVD_JRN_R02_B01_SPC_CARACAL_CARACAL_TERRAIN_SPECIFIC_001,1,BRD_CARACAL
SPC_CARACARA_PLANCUS,BEAST_SPECIES,BEAST,R18,B17,BRD_SOUTHERN_CRESTED_CARACARA,CURIOSITY_PROBLEM_SOLVING_EXPRESSION,GRASSLAND | WETLAND | COASTAL | BUILT_ENVIRONMENT,SAVANNA | PRAIRIE | MARSH | COASTAL_CLIFF | FARMLAND,SIMULATION_READY,EVD_JRN_R18_B01_SPC_CARACARA_PLANCUS_PERSONALITY_ID_001 | EVD_JRN_R18_B01_SPC_CARACARA_PLANCUS_TERRAIN_BROAD_001 | EVD_JRN_R18_B01_SPC_CARACARA_PLANCUS_TERRAIN_SPECIFIC_001,1,BRD_SOUTHERN_CRESTED_CARACARA
SPC_CARCHARHINUS_MELANOPTERUS,BEAST_SPECIES,BEAST,R12,B19,BRD_BLACKTIP_REEF_SHARK,BOUNDARIES_DOMAIN_BOUND_CONFLICT,OCEAN | COASTAL,CORAL_REEF,SIMULATION_READY,EVD_JRN_R12_B01_SPC_CARCHARHINUS_MELANOPTERUS_PERSONALITY_ID_001 | EVD_JRN_R12_B01_SPC_CARCHARHINUS_MELANOPTERUS_TERRAIN_BROAD_001 | EVD_JRN_R12_B01_SPC_CARCHARHINUS_MELANOPTERUS_TERRAIN_SPECIFIC_001,1,BRD_BLACKTIP_REEF_SHARK
SPC_CARCINUS_MAENAS,BEAST_SPECIES,BEAST,R25,B02,BRD_EUROPEAN_GREEN_CRAB,CHANGE_WORLD_ADAPTATION_CONFLICT,COASTAL | OCEAN | WETLAND,ESTUARY | MUDFLAT | MARSH | SEAGRASS_BED | COASTAL_CLIFF,SIMULATION_READY,EVD_JRN_R25_B01_SPC_CARCINUS_MAENAS_PERSONALITY_ID_001 | EVD_JRN_R25_B01_SPC_CARCINUS_MAENAS_TERRAIN_BROAD_001 | EVD_JRN_R25_B01_SPC_CARCINUS_MAENAS_TERRAIN_SPECIFIC_001,1,BRD_EUROPEAN_GREEN_CRAB
SPC_CARETTA_CARETTA,BEAST_SPECIES,BEAST,R04,B22,BRD_LOGGERHEAD_SEA_TURTLE,PURPOSE_MIGRATION_PURPOSE_EXPRESSION,OCEAN | COASTAL,PELAGIC | DUNES,SIMULATION_READY,EVD_JRN_R04_B01_SPC_CARETTA_CARETTA_PERSONALITY_ID_001 | EVD_JRN_R04_B01_SPC_CARETTA_CARETTA_TERRAIN_BROAD_001 | EVD_JRN_R04_B01_SPC_CARETTA_CARETTA_TERRAIN_SPECIFIC_001,1,BRD_LOGGERHEAD_SEA_TURTLE
SPC_CARLITO_SYRICHTA,BEAST_SPECIES,BEAST,R15,B16,BRD_PHILIPPINE_TARSIER,EMBODIMENT_FUNCTIONAL_BODY_EXPRESSION,FOREST | GRASSLAND,RAIN_FOREST | CANOPY | FOREST_EDGE | SCRUBLAND,SIMULATION_READY,EVD_JRN_R15_B01_SPC_CARLITO_SYRICHTA_PERSONALITY_ID_001 | EVD_JRN_R15_B01_SPC_CARLITO_SYRICHTA_TERRAIN_BROAD_001 | EVD_JRN_R15_B01_SPC_CARLITO_SYRICHTA_TERRAIN_SPECIFIC_001,1,BRD_PHILIPPINE_TARSIER
SPC_CASTOR_CANADENSIS,BEAST_SPECIES,BEAST,R20,B18,BRD_NORTH_AMERICAN_BEAVER,CONTROL_ENVIRONMENT_ENGINEERING_EXPRESSION,FRESHWATER | WETLAND | FOREST,RIVER | POND | MARSH | WOODLAND,SIMULATION_READY,EVD_JRN_R20_B01_SPC_CASTOR_CANADENSIS_PERSONALITY_ID_001 | EVD_JRN_R20_B01_SPC_CASTOR_CANADENSIS_TERRAIN_BROAD_001 | EVD_JRN_R20_B01_SPC_CASTOR_CANADENSIS_TERRAIN_SPECIFIC_001,1,BRD_NORTH_AMERICAN_BEAVER
SPC_CASTOR_FIBER,BEAST_SPECIES,BEAST,R20,B18,BRD_EURASIAN_BEAVER,CONTROL_ENVIRONMENT_ENGINEERING_EXPRESSION,FRESHWATER | WETLAND | FOREST,RIVER | POND | MARSH | WOODLAND,SIMULATION_READY,EVD_JRN_R20_B01_SPC_CASTOR_FIBER_PERSONALITY_ID_001 | EVD_JRN_R20_B01_SPC_CASTOR_FIBER_TERRAIN_BROAD_001 | EVD_JRN_R20_B01_SPC_CASTOR_FIBER_TERRAIN_SPECIFIC_001,1,BRD_EURASIAN_BEAVER
SPC_CASUARIUS_BENNETTI,BEAST_SPECIES,BEAST,R17,B15,BRD_DWARF_CASSOWARY,PROTECTION_YOUNG_SHIELDING_EXPRESSION,MOUNTAIN | FOREST,CLOUD_FOREST | MONTANE_FOREST | RAIN_FOREST | FOREST_FLOOR | ISLAND,SIMULATION_READY,EVD_JRN_R17_B01_SPC_CASUARIUS_BENNETTI_PERSONALITY_ID_001 | EVD_JRN_R17_B01_SPC_CASUARIUS_BENNETTI_TERRAIN_BROAD_001 | EVD_JRN_R17_B01_SPC_CASUARIUS_BENNETTI_TERRAIN_SPECIFIC_001,1,BRD_DWARF_CASSOWARY
SPC_CASUARIUS_CASUARIUS,BEAST_SPECIES,BEAST,R17,B15,BRD_SOUTHERN_CASSOWARY,PROTECTION_YOUNG_SHIELDING_EXPRESSION,FOREST | WETLAND | COASTAL,RAIN_FOREST | SWAMP | MANGROVE | FOREST_FLOOR,SIMULATION_READY,EVD_JRN_R17_B01_SPC_CASUARIUS_CASUARIUS_PERSONALITY_ID_001 | EVD_JRN_R17_B01_SPC_CASUARIUS_CASUARIUS_TERRAIN_BROAD_001 | EVD_JRN_R17_B01_SPC_CASUARIUS_CASUARIUS_TERRAIN_SPECIFIC_001,1,BRD_SOUTHERN_CASSOWARY
SPC_CASUARIUS_UNAPPENDICULATUS,BEAST_SPECIES,BEAST,R17,B15,BRD_NORTHERN_CASSOWARY,PROTECTION_YOUNG_SHIELDING_EXPRESSION,FOREST | WETLAND,RAIN_FOREST | SWAMP | FOREST_FLOOR,SIMULATION_READY,EVD_JRN_R17_B01_SPC_CASUARIUS_UNAPPENDICULATUS_PERSONALITY_ID_001 | EVD_JRN_R17_B01_SPC_CASUARIUS_UNAPPENDICULATUS_TERRAIN_BROAD_001 | EVD_JRN_R17_B01_SPC_CASUARIUS_UNAPPENDICULATUS_TERRAIN_SPECIFIC_001,1,BRD_NORTHERN_CASSOWARY
SPC_CATAGONUS_WAGNERI,BEAST_SPECIES,BEAST,R02,B08,BRD_CHACOAN_PECCARY,BOUNDARIES_TERRITORIAL_MARKING_EXPRESSION,FOREST | DESERT,SCRUBLAND | WOODLAND,SIMULATION_READY,EVD_JRN_R02_B01_SPC_CATAGONUS_WAGNERI_PERSONALITY_ID_001 | EVD_JRN_R02_B01_SPC_CATAGONUS_WAGNERI_TERRAIN_BROAD_001 | EVD_JRN_R02_B01_SPC_CATAGONUS_WAGNERI_TERRAIN_SPECIFIC_001,1,BRD_CHACOAN_PECCARY
SPC_CATHARTES_AURA,BEAST_SPECIES,BEAST,R18,B17,BRD_TURKEY_VULTURE,BELONGING_COLONY_EXPRESSION,FOREST | GRASSLAND | DESERT | COASTAL | BUILT_ENVIRONMENT,FOREST_EDGE | PRAIRIE | SCRUBLAND | HOT_DESERT | COASTAL_CLIFF | FARMLAND,SIMULATION_READY,EVD_JRN_R18_B01_SPC_CATHARTES_AURA_PERSONALITY_ID_001 | EVD_JRN_R18_B01_SPC_CATHARTES_AURA_TERRAIN_BROAD_001 | EVD_JRN_R18_B01_SPC_CATHARTES_AURA_TERRAIN_SPECIFIC_001,1,BRD_TURKEY_VULTURE
SPC_CATOPRION_MENTO,BEAST_SPECIES,BEAST,R14,B04,BRD_WIMPLE_PIRANHA,EMBODIMENT_FUNCTIONAL_BODY_EXPRESSION,FRESHWATER,RIVER | FLOODPLAIN,SIMULATION_READY,EVD_JRN_R14_B01_SPC_CATOPRION_MENTO_PERSONALITY_ID_001 | EVD_JRN_R14_B01_SPC_CATOPRION_MENTO_TERRAIN_BROAD_001 | EVD_JRN_R14_B01_SPC_CATOPRION_MENTO_TERRAIN_SPECIFIC_001,1,BRD_WIMPLE_PIRANHA
SPC_CAVIA_TSCHUDII,BEAST_SPECIES,BEAST,R20,B18,BRD_MONTANE_GUINEA_PIG,BELONGING_HERDING_EXPRESSION,MOUNTAIN | GRASSLAND | FOREST,MONTANE_FOREST | MEADOW | SCRUBLAND,SIMULATION_READY,EVD_JRN_R20_B01_SPC_CAVIA_TSCHUDII_PERSONALITY_ID_001 | EVD_JRN_R20_B01_SPC_CAVIA_TSCHUDII_TERRAIN_BROAD_001 | EVD_JRN_R20_B01_SPC_CAVIA_TSCHUDII_TERRAIN_SPECIFIC_001,1,BRD_MONTANE_GUINEA_PIG
SPC_CEBUS_CAPUCINUS,BEAST_SPECIES,BEAST,R15,B16,BRD_CEBUS_CAPUCINUS_WHITE_FACED_CAPUCHIN,LAND_DOMAIN_BOUND_CONFLICT,FOREST | COASTAL | MOUNTAIN,RAIN_FOREST | CANOPY | CLOUD_FOREST | FOREST_EDGE,SIMULATION_READY,EVD_JRN_R15_B01_SPC_CEBUS_CAPUCINUS_PERSONALITY_ID_001 | EVD_JRN_R15_B01_SPC_CEBUS_CAPUCINUS_TERRAIN_BROAD_001 | EVD_JRN_R15_B01_SPC_CEBUS_CAPUCINUS_TERRAIN_SPECIFIC_001,1,BRD_CEBUS_CAPUCINUS_WHITE_FACED_CAPUCHIN
SPC_CENTROCHELYS_SULCATA,BEAST_SPECIES,BEAST,R04,B22,BRD_AFRICAN_SPURRED_TORTOISE,STEWARDSHIP_SEED_DISPERSAL_EXPRESSION,GRASSLAND | DESERT | SUBTERRANEAN,SAVANNA | DUNES | BURROW | SCRUBLAND,SIMULATION_READY,EVD_JRN_R04_B01_SPC_CENTROCHELYS_SULCATA_PERSONALITY_ID_001 | EVD_JRN_R04_B01_SPC_CENTROCHELYS_SULCATA_TERRAIN_BROAD_001 | EVD_JRN_R04_B01_SPC_CENTROCHELYS_SULCATA_TERRAIN_SPECIFIC_001,1,BRD_AFRICAN_SPURRED_TORTOISE
SPC_CENTROPUS_SINENSIS,BEAST_SPECIES,BEAST,R22,B13,BRD_GREATER_COUCAL,DUTY_NEST_DUTY_EXPRESSION,WETLAND | GRASSLAND | FOREST,SWAMP | MARSH | SCRUBLAND | FOREST_EDGE,SIMULATION_READY,EVD_JRN_R22_B01_SPC_CENTROPUS_SINENSIS_PERSONALITY_ID_001 | EVD_JRN_R22_B01_SPC_CENTROPUS_SINENSIS_TERRAIN_BROAD_001 | EVD_JRN_R22_B01_SPC_CENTROPUS_SINENSIS_TERRAIN_SPECIFIC_001,1,BRD_GREATER_COUCAL
SPC_CENTRUROIDES_SCULPTURATUS,BEAST_SPECIES,BEAST,R25,B02,BRD_ARIZONA_BARK_SCORPION,FORCE_BITE_OR_STING_EXPRESSION,DESERT | BUILT_ENVIRONMENT,HOT_DESERT | CANYON | CITY | VILLAGE | RUINS,SIMULATION_READY,EVD_JRN_R25_B01_SPC_CENTRUROIDES_SCULPTURATUS_PERSONALITY_ID_001 | EVD_JRN_R25_B01_SPC_CENTRUROIDES_SCULPTURATUS_TERRAIN_BROAD_001 | EVD_JRN_R25_B01_SPC_CENTRUROIDES_SCULPTURATUS_TERRAIN_SPECIFIC_001,1,BRD_ARIZONA_BARK_SCORPION
SPC_CENTURIO_SENEX,BEAST_SPECIES,BEAST,R20,B03,BRD_WRINKLE_FACED_BAT,RECOGNITION_COURTSHIP_DISPLAY_EXPRESSION,FOREST,RAIN_FOREST | CANOPY | FOREST_EDGE,SIMULATION_READY,EVD_JRN_R20_B01_SPC_CENTURIO_SENEX_PERSONALITY_ID_001 | EVD_JRN_R20_B01_SPC_CENTURIO_SENEX_TERRAIN_BROAD_001 | EVD_JRN_R20_B01_SPC_CENTURIO_SENEX_TERRAIN_SPECIFIC_001,1,BRD_WRINKLE_FACED_BAT
SPC_CEPHALORHYNCHUS_COMMERSONII,BEAST_SPECIES,BEAST,R01,B06,BRD_COMMERSON_S_DOLPHIN,COOPERATION_COOPERATIVE_HUNTING_EXPRESSION,COASTAL | OCEAN | WETLAND,ESTUARY | KELP_FOREST | PELAGIC,SIMULATION_READY,EVD_JRN_R01_B01_SPC_CEPHALORHYNCHUS_COMMERSONII_PERSONALITY_ID_001 | EVD_JRN_R01_B01_SPC_CEPHALORHYNCHUS_COMMERSONII_TERRAIN_BROAD_001 | EVD_JRN_R01_B01_SPC_CEPHALORHYNCHUS_COMMERSONII_TERRAIN_SPECIFIC_001,1,BRD_COMMERSON_S_DOLPHIN
SPC_CERATOTHERIUM_SIMUM,BEAST_SPECIES,BEAST,R18,B12,BRD_WHITE_RHINOCEROS,BELONGING_HERDING_EXPRESSION,GRASSLAND | FOREST | FRESHWATER,SAVANNA | SCRUBLAND | WOODLAND | RIVER,SIMULATION_READY,EVD_JRN_R18_B01_SPC_CERATOTHERIUM_SIMUM_PERSONALITY_ID_001 | EVD_JRN_R18_B01_SPC_CERATOTHERIUM_SIMUM_TERRAIN_BROAD_001 | EVD_JRN_R18_B01_SPC_CERATOTHERIUM_SIMUM_TERRAIN_SPECIFIC_001,1,BRD_WHITE_RHINOCEROS
SPC_CERORHINCA_MONOCERATA,BEAST_SPECIES,BEAST,R01,B23,BRD_RHINOCEROS_AUKLET,COOPERATION_COOPERATIVE_HUNTING_EXPRESSION,OCEAN | COASTAL | SUBTERRANEAN,PELAGIC | ISLAND | BURROW,SIMULATION_READY,EVD_JRN_R01_B01_SPC_CERORHINCA_MONOCERATA_PERSONALITY_ID_001 | EVD_JRN_R01_B01_SPC_CERORHINCA_MONOCERATA_TERRAIN_BROAD_001 | EVD_JRN_R01_B01_SPC_CERORHINCA_MONOCERATA_TERRAIN_SPECIFIC_001,1,BRD_RHINOCEROS_AUKLET
SPC_CERVUS_CANADENSIS,BEAST_SPECIES,BEAST,R02,B08,BRD_ELK,BELONGING_HERDING_EXPRESSION,GRASSLAND,PRAIRIE | MEADOW,SIMULATION_READY,EVD_JRN_R02_B01_SPC_CERVUS_CANADENSIS_PERSONALITY_ID_001 | EVD_JRN_R02_B01_SPC_CERVUS_CANADENSIS_TERRAIN_BROAD_001 | EVD_JRN_R02_B01_SPC_CERVUS_CANADENSIS_TERRAIN_SPECIFIC_001,1,BRD_ELK
SPC_CERVUS_ELAPHUS,BEAST_SPECIES,BEAST,R02,B08,BRD_RED_DEER,EXPRESSION_VOCAL_EXPRESSION,MOUNTAIN | GRASSLAND | FOREST,MEADOW | SCRUBLAND | WOODLAND,SIMULATION_READY,EVD_JRN_R02_B01_SPC_CERVUS_ELAPHUS_PERSONALITY_ID_001 | EVD_JRN_R02_B01_SPC_CERVUS_ELAPHUS_TERRAIN_BROAD_001 | EVD_JRN_R02_B01_SPC_CERVUS_ELAPHUS_TERRAIN_SPECIFIC_001,1,BRD_RED_DEER
SPC_CETORHINUS_MAXIMUS,BEAST_SPECIES,BEAST,R12,B19,BRD_BASKING_SHARK,APPETITE_FILTER_FEEDING_EXPRESSION,OCEAN | COASTAL,PELAGIC,SIMULATION_READY,EVD_JRN_R12_B01_SPC_CETORHINUS_MAXIMUS_PERSONALITY_ID_001 | EVD_JRN_R12_B01_SPC_CETORHINUS_MAXIMUS_TERRAIN_BROAD_001 | EVD_JRN_R12_B01_SPC_CETORHINUS_MAXIMUS_TERRAIN_SPECIFIC_001,1,BRD_BASKING_SHARK
SPC_CHAENOCEPHALUS_ACERATUS,BEAST_SPECIES,BEAST,R14,B04,BRD_BLACKFIN_ICEFISH,EMBODIMENT_FUNCTIONAL_BODY_EXPRESSION,OCEAN | POLAR_ICE,PELAGIC | PACK_ICE,SIMULATION_READY,EVD_JRN_R14_B01_SPC_CHAENOCEPHALUS_ACERATUS_PERSONALITY_ID_001 | EVD_JRN_R14_B01_SPC_CHAENOCEPHALUS_ACERATUS_TERRAIN_BROAD_001 | EVD_JRN_R14_B01_SPC_CHAENOCEPHALUS_ACERATUS_TERRAIN_SPECIFIC_001,1,BRD_BLACKFIN_ICEFISH
SPC_CHAETURA_PELAGICA,BEAST_SPECIES,BEAST,R22,B13,BRD_CHIMNEY_SWIFT,BELONGING_COLONY_EXPRESSION,BUILT_ENVIRONMENT | FOREST,CITY | OLD_GROWTH_FOREST,SIMULATION_READY,EVD_JRN_R22_B01_SPC_CHAETURA_PELAGICA_PERSONALITY_ID_001 | EVD_JRN_R22_B01_SPC_CHAETURA_PELAGICA_TERRAIN_BROAD_001 | EVD_JRN_R22_B01_SPC_CHAETURA_PELAGICA_TERRAIN_SPECIFIC_001,1,BRD_CHIMNEY_SWIFT
SPC_CHALCOMITRA_SENEGALENSIS,BEAST_SPECIES,BEAST,R08,B21,BRD_SCARLET_CHESTED_SUNBIRD,BOUNDARIES_TERRITORIAL_MARKING_EXPRESSION,FOREST | GRASSLAND | COASTAL,WOODLAND | SAVANNA | SCRUBLAND,SIMULATION_READY,EVD_JRN_R08_B01_SPC_CHALCOMITRA_SENEGALENSIS_PERSONALITY_ID_001 | EVD_JRN_R08_B01_SPC_CHALCOMITRA_SENEGALENSIS_TERRAIN_BROAD_001 | EVD_JRN_R08_B01_SPC_CHALCOMITRA_SENEGALENSIS_TERRAIN_SPECIFIC_001,1,BRD_SCARLET_CHESTED_SUNBIRD
SPC_CHAOBORUS_CRYSTALLINUS,BEAST_SPECIES,BEAST,R25,B02,BRD_PHANTOM_MIDGE,IMPULSE_DANGER_CONDITIONED_IMPULSE,FRESHWATER,POND,SIMULATION_READY,EVD_JRN_R25_B01_SPC_CHAOBORUS_CRYSTALLINUS_PERSONALITY_ID_001 | EVD_JRN_R25_B01_SPC_CHAOBORUS_CRYSTALLINUS_TERRAIN_BROAD_001 | EVD_JRN_R25_B01_SPC_CHAOBORUS_CRYSTALLINUS_TERRAIN_SPECIFIC_001,1,BRD_PHANTOM_MIDGE
SPC_CHARADRIUS_HIATICULA,BEAST_SPECIES,BEAST,R01,B23,BRD_COMMON_RINGED_PLOVER,PURPOSE_MIGRATION_PURPOSE_EXPRESSION,POLAR_ICE | FOREST,TUNDRA | BOREAL_FOREST,SIMULATION_READY,EVD_JRN_R01_B01_SPC_CHARADRIUS_HIATICULA_PERSONALITY_ID_001 | EVD_JRN_R01_B01_SPC_CHARADRIUS_HIATICULA_TERRAIN_BROAD_001 | EVD_JRN_R01_B01_SPC_CHARADRIUS_HIATICULA_TERRAIN_SPECIFIC_001,1,BRD_COMMON_RINGED_PLOVER
SPC_CHARADRIUS_VOCIFERUS_TERNOMINATUS,BEAST_SPECIES,BEAST,R01,B23,BRD_CHARADRIUS_VOCIFERUS_TERNOMINATUS_KILLDEER,COURAGE_FEIGNED_INJURY_EXPRESSION,GRASSLAND | COASTAL,SAVANNA | MUDFLAT,SIMULATION_READY,EVD_JRN_R01_B01_SPC_CHARADRIUS_VOCIFERUS_TERNOMINATUS_PERSONALITY_ID_001 | EVD_JRN_R01_B01_SPC_CHARADRIUS_VOCIFERUS_TERNOMINATUS_TERRAIN_BROAD_001 | EVD_JRN_R01_B01_SPC_CHARADRIUS_VOCIFERUS_TERNOMINATUS_TERRAIN_SPECIFIC_001,1,BRD_CHARADRIUS_VOCIFERUS_TERNOMINATUS_KILLDEER
SPC_CHAUNA_TORQUATA,BEAST_SPECIES,BEAST,R01,B23,BRD_SOUTHERN_SCREAMER,EXPRESSION_VOCAL_EXPRESSION,FRESHWATER | WETLAND | GRASSLAND,RIVER | MARSH | SAVANNA,SIMULATION_READY,EVD_JRN_R01_B01_SPC_CHAUNA_TORQUATA_PERSONALITY_ID_001 | EVD_JRN_R01_B01_SPC_CHAUNA_TORQUATA_TERRAIN_BROAD_001 | EVD_JRN_R01_B01_SPC_CHAUNA_TORQUATA_TERRAIN_SPECIFIC_001,1,BRD_SOUTHERN_SCREAMER
SPC_CHEILINUS_UNDULATUS,BEAST_SPECIES,BEAST,R14,B04,BRD_HUMPHEAD_WRASSE,BOUNDARIES_DOMAIN_BOUND_CONFLICT,OCEAN | COASTAL,CORAL_REEF | SEAGRASS_BED,SIMULATION_READY,EVD_JRN_R14_B01_SPC_CHEILINUS_UNDULATUS_PERSONALITY_ID_001 | EVD_JRN_R14_B01_SPC_CHEILINUS_UNDULATUS_TERRAIN_BROAD_001 | EVD_JRN_R14_B01_SPC_CHEILINUS_UNDULATUS_TERRAIN_SPECIFIC_001,1,BRD_HUMPHEAD_WRASSE
SPC_CHEILOPOGON_MELANURUS,BEAST_SPECIES,BEAST,R14,B04,BRD_ATLANTIC_FLYINGFISH,EMBODIMENT_FUNCTIONAL_BODY_EXPRESSION,OCEAN | COASTAL,PELAGIC,SIMULATION_READY,EVD_JRN_R14_B01_SPC_CHEILOPOGON_MELANURUS_PERSONALITY_ID_001 | EVD_JRN_R14_B01_SPC_CHEILOPOGON_MELANURUS_TERRAIN_BROAD_001 | EVD_JRN_R14_B01_SPC_CHEILOPOGON_MELANURUS_TERRAIN_SPECIFIC_001,1,BRD_ATLANTIC_FLYINGFISH
SPC_CHELODINA_LONGICOLLIS,BEAST_SPECIES,BEAST,R04,B22,BRD_EASTERN_LONG_NECKED_TURTLE,FEAR_DEFENSIVE_DISPLAY_EXPRESSION,FRESHWATER | WETLAND,SWAMP | POND | RIVER,SIMULATION_READY,EVD_JRN_R04_B01_SPC_CHELODINA_LONGICOLLIS_PERSONALITY_ID_001 | EVD_JRN_R04_B01_SPC_CHELODINA_LONGICOLLIS_TERRAIN_BROAD_001 | EVD_JRN_R04_B01_SPC_CHELODINA_LONGICOLLIS_TERRAIN_SPECIFIC_001,1,BRD_EASTERN_LONG_NECKED_TURTLE
SPC_CHELONIA_MYDAS,BEAST_SPECIES,BEAST,R04,B22,BRD_GREEN_SEA_TURTLE,APPETITE_GRAZING_EXPRESSION,OCEAN | COASTAL,PELAGIC | SEAGRASS_BED | DUNES,SIMULATION_READY,EVD_JRN_R04_B01_SPC_CHELONIA_MYDAS_PERSONALITY_ID_001 | EVD_JRN_R04_B01_SPC_CHELONIA_MYDAS_TERRAIN_BROAD_001 | EVD_JRN_R04_B01_SPC_CHELONIA_MYDAS_TERRAIN_SPECIFIC_001,1,BRD_GREEN_SEA_TURTLE
SPC_CHELONOIDIS_NIGER,BEAST_SPECIES,BEAST,R04,B22,BRD_GALAPAGOS_GIANT_TORTOISE,STEWARDSHIP_HABITAT_ENGINEERING_EXPRESSION,FOREST | GRASSLAND,ISLAND | VOLCANIC | SCRUBLAND,SIMULATION_READY,EVD_JRN_R04_B01_SPC_CHELONOIDIS_NIGER_PERSONALITY_ID_001 | EVD_JRN_R04_B01_SPC_CHELONOIDIS_NIGER_TERRAIN_BROAD_001 | EVD_JRN_R04_B01_SPC_CHELONOIDIS_NIGER_TERRAIN_SPECIFIC_001,1,BRD_GALAPAGOS_GIANT_TORTOISE
SPC_CHELUS_FIMBRIATA,BEAST_SPECIES,BEAST,R04,B22,BRD_MATA_MATA,TRUTH_CAMOUFLAGE_EXPRESSION,FRESHWATER | WETLAND | FOREST,RIVER | RAIN_FOREST | MUDFLAT,SIMULATION_READY,EVD_JRN_R04_B01_SPC_CHELUS_FIMBRIATA_PERSONALITY_ID_001 | EVD_JRN_R04_B01_SPC_CHELUS_FIMBRIATA_TERRAIN_BROAD_001 | EVD_JRN_R04_B01_SPC_CHELUS_FIMBRIATA_TERRAIN_SPECIFIC_001,1,BRD_MATA_MATA
SPC_CHELYDRA_SERPENTINA,BEAST_SPECIES,BEAST,R04,B22,BRD_COMMON_SNAPPING_TURTLE,PATIENCE_AMBUSH_PATIENCE_EXPRESSION,FRESHWATER | WETLAND | COASTAL,POND | RIVER | LAKE | SWAMP | MARSH,SIMULATION_READY,EVD_JRN_R04_B01_SPC_CHELYDRA_SERPENTINA_PERSONALITY_ID_001 | EVD_JRN_R04_B01_SPC_CHELYDRA_SERPENTINA_TERRAIN_BROAD_001 | EVD_JRN_R04_B01_SPC_CHELYDRA_SERPENTINA_TERRAIN_SPECIFIC_001,1,BRD_COMMON_SNAPPING_TURTLE
SPC_CHIMAERA_ADLET,MYTHOS_SPECIES,MYTHOS,R23,M16,BRD_ADLET,FORCE_CHARGE_EXPRESSION,POLAR_ICE | COASTAL | GRASSLAND,TUNDRA | ISLAND,SIMULATION_READY,EVD_JRN_R23_B01_SPC_CHIMAERA_ADLET_PERSONALITY_ID_001 | EVD_JRN_R23_B01_SPC_CHIMAERA_ADLET_TERRAIN_BROAD_001 | EVD_JRN_R23_B01_SPC_CHIMAERA_ADLET_TERRAIN_SPECIFIC_001,1,BRD_ADLET
SPC_CHIMAERA_ARACHNE,MYTHOS_SPECIES,MYTHOS,R23,M16,BRD_ARACHNE,LEGITIMACY_CHALLENGE_LEGITIMACY_EXPRESSION,BUILT_ENVIRONMENT,WORKSHOP | CITY,SIMULATION_READY,EVD_JRN_R23_B01_SPC_CHIMAERA_ARACHNE_PERSONALITY_ID_001 | EVD_JRN_R23_B01_SPC_CHIMAERA_ARACHNE_TERRAIN_BROAD_001 | EVD_JRN_R23_B01_SPC_CHIMAERA_ARACHNE_TERRAIN_SPECIFIC_001,1,BRD_ARACHNE
SPC_CHIMAERA_CENTAUR,MYTHOS_SPECIES,MYTHOS,R23,M16,BRD_CENTAUR,FORCE_CHARGE_EXPRESSION,MOUNTAIN | GRASSLAND,ALPINE | MEADOW,SIMULATION_READY,EVD_JRN_R23_B01_SPC_CHIMAERA_CENTAUR_PERSONALITY_ID_001 | EVD_JRN_R23_B01_SPC_CHIMAERA_CENTAUR_TERRAIN_BROAD_001 | EVD_JRN_R23_B01_SPC_CHIMAERA_CENTAUR_TERRAIN_SPECIFIC_001,1,BRD_CENTAUR
SPC_CHIMAERA_CYNOCEPHALUS,MYTHOS_SPECIES,MYTHOS,R23,M16,BRD_CYNOCEPHALUS,EXPRESSION_VOCAL_EXPRESSION,GRASSLAND | FOREST,SAVANNA | WOODLAND,SIMULATION_READY,EVD_JRN_R23_B01_SPC_CHIMAERA_CYNOCEPHALUS_PERSONALITY_ID_001 | EVD_JRN_R23_B01_SPC_CHIMAERA_CYNOCEPHALUS_TERRAIN_BROAD_001 | EVD_JRN_R23_B01_SPC_CHIMAERA_CYNOCEPHALUS_TERRAIN_SPECIFIC_001,1,BRD_CYNOCEPHALUS
SPC_CHIMAERA_DRACAENA,MYTHOS_SPECIES,MYTHOS,R23,M16,BRD_DRACAENA,CONTROL_RESOURCE_CONTROL_EXPRESSION,GRASSLAND,STEPPE,SIMULATION_READY,EVD_JRN_R23_B01_SPC_CHIMAERA_DRACAENA_PERSONALITY_ID_001 | EVD_JRN_R23_B01_SPC_CHIMAERA_DRACAENA_TERRAIN_BROAD_001 | EVD_JRN_R23_B01_SPC_CHIMAERA_DRACAENA_TERRAIN_SPECIFIC_001,1,BRD_DRACAENA
SPC_CHIMAERA_GORGON,MYTHOS_SPECIES,MYTHOS,R23,M16,BRD_GORGON,FEAR_DEFENSIVE_DISPLAY_EXPRESSION,OCEAN | COASTAL | SUBTERRANEAN,ISLAND | CAVE,SIMULATION_READY,EVD_JRN_R23_B01_SPC_CHIMAERA_GORGON_PERSONALITY_ID_001 | EVD_JRN_R23_B01_SPC_CHIMAERA_GORGON_TERRAIN_BROAD_001 | EVD_JRN_R23_B01_SPC_CHIMAERA_GORGON_TERRAIN_SPECIFIC_001,1,BRD_GORGON
SPC_CHIMAERA_GRIFFIN,MYTHOS_SPECIES,MYTHOS,R23,M16,BRD_GRIFFIN,DUTY_WATCH_DUTY_EXPRESSION,MOUNTAIN | GRASSLAND,ALPINE | STEPPE,SIMULATION_READY,EVD_JRN_R23_B01_SPC_CHIMAERA_GRIFFIN_PERSONALITY_ID_001 | EVD_JRN_R23_B01_SPC_CHIMAERA_GRIFFIN_TERRAIN_BROAD_001 | EVD_JRN_R23_B01_SPC_CHIMAERA_GRIFFIN_TERRAIN_SPECIFIC_001,1,BRD_GRIFFIN
SPC_CHIMAERA_HARPY,MYTHOS_SPECIES,MYTHOS,R23,M16,BRD_HARPY,CONTROL_RESOURCE_CONTROL_EXPRESSION,OCEAN | COASTAL | SUBTERRANEAN,ISLAND | CAVE,SIMULATION_READY,EVD_JRN_R23_B01_SPC_CHIMAERA_HARPY_PERSONALITY_ID_001 | EVD_JRN_R23_B01_SPC_CHIMAERA_HARPY_TERRAIN_BROAD_001 | EVD_JRN_R23_B01_SPC_CHIMAERA_HARPY_TERRAIN_SPECIFIC_001,1,BRD_HARPY
SPC_CHIMAERA_KINNARA,MYTHOS_SPECIES,MYTHOS,R23,M16,BRD_KINNARA,EXPRESSION_VOCAL_EXPRESSION,MOUNTAIN | FOREST | BUILT_ENVIRONMENT,ALPINE | MONTANE_FOREST | TEMPLE,SIMULATION_READY,EVD_JRN_R23_B01_SPC_CHIMAERA_KINNARA_PERSONALITY_ID_001 | EVD_JRN_R23_B01_SPC_CHIMAERA_KINNARA_TERRAIN_BROAD_001 | EVD_JRN_R23_B01_SPC_CHIMAERA_KINNARA_TERRAIN_SPECIFIC_001,1,BRD_KINNARA
SPC_CHIMAERA_LAMIA,MYTHOS_SPECIES,MYTHOS,R23,M16,BRD_LAMIA,APPETITE_AMBUSH_FEEDING_EXPRESSION,OCEAN,PELAGIC,SIMULATION_READY,EVD_JRN_R23_B01_SPC_CHIMAERA_LAMIA_PERSONALITY_ID_001 | EVD_JRN_R23_B01_SPC_CHIMAERA_LAMIA_TERRAIN_BROAD_001 | EVD_JRN_R23_B01_SPC_CHIMAERA_LAMIA_TERRAIN_SPECIFIC_001,1,BRD_LAMIA
SPC_CHIMAERA_MAPINGUARI,MYTHOS_SPECIES,MYTHOS,R23,M16,BRD_MAPINGUARI,PROTECTION_GUARDIAN_CURSE_CONFLICT,FOREST | FRESHWATER,RAIN_FOREST | RIVER,SIMULATION_READY,EVD_JRN_R23_B01_SPC_CHIMAERA_MAPINGUARI_PERSONALITY_ID_001 | EVD_JRN_R23_B01_SPC_CHIMAERA_MAPINGUARI_TERRAIN_BROAD_001 | EVD_JRN_R23_B01_SPC_CHIMAERA_MAPINGUARI_TERRAIN_SPECIFIC_001,1,BRD_MAPINGUARI
SPC_CHIMAERA_MINOTAUR,MYTHOS_SPECIES,MYTHOS,R23,M16,BRD_MINOTAUR,FORCE_CHARGE_EXPRESSION,BUILT_ENVIRONMENT | SUBTERRANEAN,TUNNEL | CASTLE,SIMULATION_READY,EVD_JRN_R23_B01_SPC_CHIMAERA_MINOTAUR_PERSONALITY_ID_001 | EVD_JRN_R23_B01_SPC_CHIMAERA_MINOTAUR_TERRAIN_BROAD_001 | EVD_JRN_R23_B01_SPC_CHIMAERA_MINOTAUR_TERRAIN_SPECIFIC_001,1,BRD_MINOTAUR
SPC_CHIMAERA_SATYR,MYTHOS_SPECIES,MYTHOS,R23,M16,BRD_SATYR,PLEASURE_PLAY_EXPRESSION,FOREST | MOUNTAIN,WOODLAND | MONTANE_FOREST,SIMULATION_READY,EVD_JRN_R23_B01_SPC_CHIMAERA_SATYR_PERSONALITY_ID_001 | EVD_JRN_R23_B01_SPC_CHIMAERA_SATYR_TERRAIN_BROAD_001 | EVD_JRN_R23_B01_SPC_CHIMAERA_SATYR_TERRAIN_SPECIFIC_001,1,BRD_SATYR
SPC_CHIMAERA_SIREN,MYTHOS_SPECIES,MYTHOS,R23,M16,BRD_SIREN,EXPRESSION_WORLD_CHANGING_VOICE_CONFLICT,OCEAN | COASTAL,ISLAND | COASTAL_CLIFF,SIMULATION_READY,EVD_JRN_R23_B01_SPC_CHIMAERA_SIREN_PERSONALITY_ID_001 | EVD_JRN_R23_B01_SPC_CHIMAERA_SIREN_TERRAIN_BROAD_001 | EVD_JRN_R23_B01_SPC_CHIMAERA_SIREN_TERRAIN_SPECIFIC_001,1,BRD_SIREN
SPC_CHIMAERA_SPHINX,MYTHOS_SPECIES,MYTHOS,R23,M16,BRD_SPHINX,BELONGING_THRESHOLD_KEEPER_CONFLICT,MOUNTAIN | BUILT_ENVIRONMENT,ALPINE | ROAD,SIMULATION_READY,EVD_JRN_R23_B01_SPC_CHIMAERA_SPHINX_PERSONALITY_ID_001 | EVD_JRN_R23_B01_SPC_CHIMAERA_SPHINX_TERRAIN_BROAD_001 | EVD_JRN_R23_B01_SPC_CHIMAERA_SPHINX_TERRAIN_SPECIFIC_001,1,BRD_SPHINX
SPC_CHIMAERA_TENGU,MYTHOS_SPECIES,MYTHOS,R23,M16,BRD_TENGU,BOUNDARIES_DOMAIN_BOUND_CONFLICT,MOUNTAIN | FOREST | BUILT_ENVIRONMENT,MONTANE_FOREST | ALPINE | TEMPLE,SIMULATION_READY,EVD_JRN_R23_B01_SPC_CHIMAERA_TENGU_PERSONALITY_ID_001 | EVD_JRN_R23_B01_SPC_CHIMAERA_TENGU_TERRAIN_BROAD_001 | EVD_JRN_R23_B01_SPC_CHIMAERA_TENGU_TERRAIN_SPECIFIC_001,1,BRD_TENGU
SPC_CHIMAERA_TIKBALANG,MYTHOS_SPECIES,MYTHOS,R23,M16,BRD_TIKBALANG,DOUBT_MAKER_DECEPTION_CONFLICT,FOREST | MOUNTAIN,RAIN_FOREST | WOODLAND | ROAD,SIMULATION_READY,EVD_JRN_R23_B01_SPC_CHIMAERA_TIKBALANG_PERSONALITY_ID_001 | EVD_JRN_R23_B01_SPC_CHIMAERA_TIKBALANG_TERRAIN_BROAD_001 | EVD_JRN_R23_B01_SPC_CHIMAERA_TIKBALANG_TERRAIN_SPECIFIC_001,1,BRD_TIKBALANG
SPC_CHIMAERA_UNICORN,MYTHOS_SPECIES,MYTHOS,R23,M16,BRD_UNICORN,AUTONOMY_FREEDOM_THROUGH_ISOLATION_CONFLICT,FOREST | FRESHWATER,OLD_GROWTH_FOREST | RIVER,SIMULATION_READY,EVD_JRN_R23_B01_SPC_CHIMAERA_UNICORN_PERSONALITY_ID_001 | EVD_JRN_R23_B01_SPC_CHIMAERA_UNICORN_TERRAIN_BROAD_001 | EVD_JRN_R23_B01_SPC_CHIMAERA_UNICORN_TERRAIN_SPECIFIC_001,1,BRD_UNICORN
SPC_CHINCHILLA_CHINCHILLA,BEAST_SPECIES,BEAST,R20,B18,BRD_SHORT_TAILED_CHINCHILLA,BELONGING_COLONY_EXPRESSION,MOUNTAIN | DESERT | SUBTERRANEAN,ALPINE | PLATEAU | SCRUBLAND | CAVE,SIMULATION_READY,EVD_JRN_R20_B01_SPC_CHINCHILLA_CHINCHILLA_PERSONALITY_ID_001 | EVD_JRN_R20_B01_SPC_CHINCHILLA_CHINCHILLA_TERRAIN_BROAD_001 | EVD_JRN_R20_B01_SPC_CHINCHILLA_CHINCHILLA_TERRAIN_SPECIFIC_001,1,BRD_SHORT_TAILED_CHINCHILLA
SPC_CHINCHILLA_LANIGERA,BEAST_SPECIES,BEAST,R20,B18,BRD_LONG_TAILED_CHINCHILLA,BELONGING_COLONY_EXPRESSION,MOUNTAIN | DESERT | SUBTERRANEAN,ALPINE | CLIFF | SCRUBLAND | CAVE,SIMULATION_READY,EVD_JRN_R20_B01_SPC_CHINCHILLA_LANIGERA_PERSONALITY_ID_001 | EVD_JRN_R20_B01_SPC_CHINCHILLA_LANIGERA_TERRAIN_BROAD_001 | EVD_JRN_R20_B01_SPC_CHINCHILLA_LANIGERA_TERRAIN_SPECIFIC_001,1,BRD_LONG_TAILED_CHINCHILLA
SPC_CHIONODRACO_RASTROSPINOSUS,BEAST_SPECIES,BEAST,R14,B04,BRD_OCELLATED_ICEFISH,EMBODIMENT_FUNCTIONAL_BODY_EXPRESSION,OCEAN | POLAR_ICE,PELAGIC | PACK_ICE,SIMULATION_READY,EVD_JRN_R14_B01_SPC_CHIONODRACO_RASTROSPINOSUS_PERSONALITY_ID_001 | EVD_JRN_R14_B01_SPC_CHIONODRACO_RASTROSPINOSUS_TERRAIN_BROAD_001 | EVD_JRN_R14_B01_SPC_CHIONODRACO_RASTROSPINOSUS_TERRAIN_SPECIFIC_001,1,BRD_OCELLATED_ICEFISH
SPC_CHIRONECTES_MINIMUS,BEAST_SPECIES,BEAST,R22,B10,BRD_WATER_OPOSSUM,DISCIPLINE_FORAGING_DISCIPLINE_EXPRESSION,FRESHWATER | FOREST,RIVER | RAIN_FOREST,SIMULATION_READY,EVD_JRN_R22_B01_SPC_CHIRONECTES_MINIMUS_PERSONALITY_ID_001 | EVD_JRN_R22_B01_SPC_CHIRONECTES_MINIMUS_TERRAIN_BROAD_001 | EVD_JRN_R22_B01_SPC_CHIRONECTES_MINIMUS_TERRAIN_SPECIFIC_001,1,BRD_WATER_OPOSSUM
SPC_CHIRONOMUS_PLUMOSUS,BEAST_SPECIES,BEAST,R25,B02,BRD_NON_BITING_MIDGE,CONFORMITY_EMERGENCE_SYNCHRONY_EXPRESSION,FRESHWATER | WETLAND | BUILT_ENVIRONMENT,LAKE | MARSH | CITY | VILLAGE,SIMULATION_READY,EVD_JRN_R25_B01_SPC_CHIRONOMUS_PLUMOSUS_PERSONALITY_ID_001 | EVD_JRN_R25_B01_SPC_CHIRONOMUS_PLUMOSUS_TERRAIN_BROAD_001 | EVD_JRN_R25_B01_SPC_CHIRONOMUS_PLUMOSUS_TERRAIN_SPECIFIC_001,1,BRD_NON_BITING_MIDGE
SPC_CHLAMYDERA_NUCHALIS,BEAST_SPECIES,BEAST,R08,B21,BRD_GREAT_BOWERBIRD,CONTROL_ENVIRONMENT_ENGINEERING_EXPRESSION,FOREST | WETLAND,WOODLAND | FOREST_EDGE | MANGROVE,SIMULATION_READY,EVD_JRN_R08_B01_SPC_CHLAMYDERA_NUCHALIS_PERSONALITY_ID_001 | EVD_JRN_R08_B01_SPC_CHLAMYDERA_NUCHALIS_TERRAIN_BROAD_001 | EVD_JRN_R08_B01_SPC_CHLAMYDERA_NUCHALIS_TERRAIN_SPECIFIC_001,1,BRD_GREAT_BOWERBIRD
SPC_CHLAMYDOSAURUS_KINGII,BEAST_SPECIES,BEAST,R24,B09,BRD_FRILLED_LIZARD,FEAR_DEFENSIVE_DISPLAY_EXPRESSION,FOREST | GRASSLAND,WOODLAND | CANOPY | SAVANNA,SIMULATION_READY,EVD_JRN_R24_B01_SPC_CHLAMYDOSAURUS_KINGII_PERSONALITY_ID_001 | EVD_JRN_R24_B01_SPC_CHLAMYDOSAURUS_KINGII_TERRAIN_BROAD_001 | EVD_JRN_R24_B01_SPC_CHLAMYDOSAURUS_KINGII_TERRAIN_SPECIFIC_001,1,BRD_FRILLED_LIZARD
SPC_CHLAMYPHORUS_TRUNCATUS,BEAST_SPECIES,BEAST,R23,B24,BRD_PINK_FAIRY_ARMADILLO,CONTROL_ENVIRONMENT_ENGINEERING_EXPRESSION,DESERT | SUBTERRANEAN,DUNES | BURROW,SIMULATION_READY,EVD_JRN_R23_B01_SPC_CHLAMYPHORUS_TRUNCATUS_PERSONALITY_ID_001 | EVD_JRN_R23_B01_SPC_CHLAMYPHORUS_TRUNCATUS_TERRAIN_BROAD_001 | EVD_JRN_R23_B01_SPC_CHLAMYPHORUS_TRUNCATUS_TERRAIN_SPECIFIC_001,1,BRD_PINK_FAIRY_ARMADILLO
SPC_CHLOROCERYLE_INDA,BEAST_SPECIES,BEAST,R22,B13,BRD_GREEN_AND_RUFOUS_KINGFISHER,DISCIPLINE_FORAGING_DISCIPLINE_EXPRESSION,FRESHWATER | WETLAND | FOREST,RIVER | SWAMP | MANGROVE | RAIN_FOREST,SIMULATION_READY,EVD_JRN_R22_B01_SPC_CHLOROCERYLE_INDA_PERSONALITY_ID_001 | EVD_JRN_R22_B01_SPC_CHLOROCERYLE_INDA_TERRAIN_BROAD_001 | EVD_JRN_R22_B01_SPC_CHLOROCERYLE_INDA_TERRAIN_SPECIFIC_001,1,BRD_GREEN_AND_RUFOUS_KINGFISHER
SPC_CHOLOEPUS_DIDACTYLUS,BEAST_SPECIES,BEAST,R23,B24,BRD_LINNAEUS_S_TWO_TOED_SLOTH,EQUANIMITY_LOW_REACTIVITY_EXPRESSION,FOREST,RAIN_FOREST | CANOPY,SIMULATION_READY,EVD_JRN_R23_B01_SPC_CHOLOEPUS_DIDACTYLUS_PERSONALITY_ID_001 | EVD_JRN_R23_B01_SPC_CHOLOEPUS_DIDACTYLUS_TERRAIN_BROAD_001 | EVD_JRN_R23_B01_SPC_CHOLOEPUS_DIDACTYLUS_TERRAIN_SPECIFIC_001,1,BRD_LINNAEUS_S_TWO_TOED_SLOTH
SPC_CHRYSEMYS_PICTA,BEAST_SPECIES,BEAST,R04,B22,BRD_PAINTED_TURTLE,PLEASURE_BASKING_EXPRESSION,FRESHWATER | WETLAND | GRASSLAND | COASTAL,POND | RIVER | LAKE | MEADOW | BOG | MARSH,SIMULATION_READY,EVD_JRN_R04_B01_SPC_CHRYSEMYS_PICTA_PERSONALITY_ID_001 | EVD_JRN_R04_B01_SPC_CHRYSEMYS_PICTA_TERRAIN_BROAD_001 | EVD_JRN_R04_B01_SPC_CHRYSEMYS_PICTA_TERRAIN_SPECIFIC_001,1,BRD_PAINTED_TURTLE
SPC_CHRYSOCHLORIS_ASIATICA,BEAST_SPECIES,BEAST,R11,B07,BRD_CAPE_GOLDEN_MOLE,CONTROL_ENVIRONMENT_ENGINEERING_EXPRESSION,SUBTERRANEAN | DESERT | COASTAL | MOUNTAIN | BUILT_ENVIRONMENT,TUNNEL | DUNES | SOIL | CITY,SIMULATION_READY,EVD_JRN_R11_B01_SPC_CHRYSOCHLORIS_ASIATICA_PERSONALITY_ID_001 | EVD_JRN_R11_B01_SPC_CHRYSOCHLORIS_ASIATICA_TERRAIN_BROAD_001 | EVD_JRN_R11_B01_SPC_CHRYSOCHLORIS_ASIATICA_TERRAIN_SPECIFIC_001,1,BRD_CAPE_GOLDEN_MOLE
SPC_CHRYSOCYON_BRACHYURUS,BEAST_SPECIES,BEAST,R02,B05,BRD_MANED_WOLF,BOUNDARIES_TERRITORIAL_MARKING_EXPRESSION,FOREST | GRASSLAND | WETLAND,WOODLAND | SAVANNA | MARSH,SIMULATION_READY,EVD_JRN_R02_B01_SPC_CHRYSOCYON_BRACHYURUS_PERSONALITY_ID_001 | EVD_JRN_R02_B01_SPC_CHRYSOCYON_BRACHYURUS_TERRAIN_BROAD_001 | EVD_JRN_R02_B01_SPC_CHRYSOCYON_BRACHYURUS_TERRAIN_SPECIFIC_001,1,BRD_MANED_WOLF
SPC_CHRYSOSPALAX_TREVELYANI,BEAST_SPECIES,BEAST,R11,B07,BRD_GIANT_GOLDEN_MOLE,CONTROL_ENVIRONMENT_ENGINEERING_EXPRESSION,SUBTERRANEAN | FOREST,TUNNEL | FOREST_FLOOR | SOIL,SIMULATION_READY,EVD_JRN_R11_B01_SPC_CHRYSOSPALAX_TREVELYANI_PERSONALITY_ID_001 | EVD_JRN_R11_B01_SPC_CHRYSOSPALAX_TREVELYANI_TERRAIN_BROAD_001 | EVD_JRN_R11_B01_SPC_CHRYSOSPALAX_TREVELYANI_TERRAIN_SPECIFIC_001,1,BRD_GIANT_GOLDEN_MOLE
SPC_CICINDELA_CAMPESTRIS,BEAST_SPECIES,BEAST,R25,B02,BRD_GREEN_TIGER_BEETLE,PERSEVERANCE_PERSISTENT_PURSUIT_EXPRESSION,FRESHWATER | GRASSLAND,RIVER | MEADOW | ROAD,SIMULATION_READY,EVD_JRN_R25_B01_SPC_CICINDELA_CAMPESTRIS_PERSONALITY_ID_001 | EVD_JRN_R25_B01_SPC_CICINDELA_CAMPESTRIS_TERRAIN_BROAD_001 | EVD_JRN_R25_B01_SPC_CICINDELA_CAMPESTRIS_TERRAIN_SPECIFIC_001,1,BRD_GREEN_TIGER_BEETLE
SPC_CICONIA_CICONIA,BEAST_SPECIES,BEAST,R01,B23,BRD_WHITE_STORK,ATTACHMENT_LIFELONG_BOND_EXPRESSION,WETLAND | GRASSLAND,MARSH | SAVANNA | STEPPE | MEADOW,SIMULATION_READY,EVD_JRN_R01_B01_SPC_CICONIA_CICONIA_PERSONALITY_ID_001 | EVD_JRN_R01_B01_SPC_CICONIA_CICONIA_TERRAIN_BROAD_001 | EVD_JRN_R01_B01_SPC_CICONIA_CICONIA_TERRAIN_SPECIFIC_001,1,BRD_WHITE_STORK
SPC_CINNYRIS_PULCHELLUS,BEAST_SPECIES,BEAST,R08,B21,BRD_BEAUTIFUL_SUNBIRD,DESIRE_COURTSHIP_DISPLAY_EXPRESSION,GRASSLAND | FOREST | FRESHWATER,SAVANNA | WOODLAND | FOREST_EDGE | FLOWERING_HABITAT,SIMULATION_READY,EVD_JRN_R08_B01_SPC_CINNYRIS_PULCHELLUS_PERSONALITY_ID_001 | EVD_JRN_R08_B01_SPC_CINNYRIS_PULCHELLUS_TERRAIN_BROAD_001 | EVD_JRN_R08_B01_SPC_CINNYRIS_PULCHELLUS_TERRAIN_SPECIFIC_001,1,BRD_BEAUTIFUL_SUNBIRD
SPC_CIVETTICTIS_CIVETTA,BEAST_SPECIES,BEAST,R02,B05,BRD_AFRICAN_CIVET,BOUNDARIES_TERRITORIAL_MARKING_EXPRESSION,FOREST | GRASSLAND | FRESHWATER,RAIN_FOREST | SAVANNA | SCRUBLAND | RIVER,SIMULATION_READY,EVD_JRN_R02_B01_SPC_CIVETTICTIS_CIVETTA_PERSONALITY_ID_001 | EVD_JRN_R02_B01_SPC_CIVETTICTIS_CIVETTA_TERRAIN_BROAD_001 | EVD_JRN_R02_B01_SPC_CIVETTICTIS_CIVETTA_TERRAIN_SPECIFIC_001,1,BRD_AFRICAN_CIVET
SPC_CLARIAS_BATRACHUS,BEAST_SPECIES,BEAST,R14,B04,BRD_WALKING_CATFISH,EMBODIMENT_FUNCTIONAL_BODY_EXPRESSION,FRESHWATER | WETLAND | GENERALIST,POND | MARSH | RIVER | FARMLAND,SIMULATION_READY,EVD_JRN_R14_B01_SPC_CLARIAS_BATRACHUS_PERSONALITY_ID_001 | EVD_JRN_R14_B01_SPC_CLARIAS_BATRACHUS_TERRAIN_BROAD_001 | EVD_JRN_R14_B01_SPC_CLARIAS_BATRACHUS_TERRAIN_SPECIFIC_001,1,BRD_WALKING_CATFISH
SPC_COCCINELLA_SEPTEMPUNCTATA,BEAST_SPECIES,BEAST,R25,B02,BRD_SEVEN_SPOT_LADYBIRD,NOVELTY_STRATEGY_SWITCH_EXPRESSION,GRASSLAND | FOREST | WETLAND | BUILT_ENVIRONMENT,MEADOW | FOREST_EDGE | MARSH | FARMLAND | VILLAGE,SIMULATION_READY,EVD_JRN_R25_B01_SPC_COCCINELLA_SEPTEMPUNCTATA_PERSONALITY_ID_001 | EVD_JRN_R25_B01_SPC_COCCINELLA_SEPTEMPUNCTATA_TERRAIN_BROAD_001 | EVD_JRN_R25_B01_SPC_COCCINELLA_SEPTEMPUNCTATA_TERRAIN_SPECIFIC_001,1,BRD_SEVEN_SPOT_LADYBIRD
SPC_COCCOTHRAUSTES_COCCOTHRAUSTES,BEAST_SPECIES,BEAST,R08,B21,BRD_HAWFINCH,BELONGING_HERDING_EXPRESSION,FOREST,OLD_GROWTH_FOREST | WOODLAND,SIMULATION_READY,EVD_JRN_R08_B01_SPC_COCCOTHRAUSTES_COCCOTHRAUSTES_PERSONALITY_ID_001 | EVD_JRN_R08_B01_SPC_COCCOTHRAUSTES_COCCOTHRAUSTES_TERRAIN_BROAD_001 | EVD_JRN_R08_B01_SPC_COCCOTHRAUSTES_COCCOTHRAUSTES_TERRAIN_SPECIFIC_001,1,BRD_HAWFINCH
SPC_COCHLEARIUS_COCHLEARIUS,BEAST_SPECIES,BEAST,R01,B23,BRD_BOAT_BILLED_HERON,EXPRESSION_VISUAL_EXPRESSION,WETLAND | FRESHWATER | FOREST,MANGROVE | MARSH | LAKE | RIVER,SIMULATION_READY,EVD_JRN_R01_B01_SPC_COCHLEARIUS_COCHLEARIUS_PERSONALITY_ID_001 | EVD_JRN_R01_B01_SPC_COCHLEARIUS_COCHLEARIUS_TERRAIN_BROAD_001 | EVD_JRN_R01_B01_SPC_COCHLEARIUS_COCHLEARIUS_TERRAIN_SPECIFIC_001,1,BRD_BOAT_BILLED_HERON
SPC_COENDOU_PREHENSILIS,BEAST_SPECIES,BEAST,R20,B18,BRD_BRAZILIAN_PORCUPINE,BOUNDARIES_TERRITORIAL_MARKING_EXPRESSION,FOREST,RAIN_FOREST | CANOPY | WOODLAND,SIMULATION_READY,EVD_JRN_R20_B01_SPC_COENDOU_PREHENSILIS_PERSONALITY_ID_001 | EVD_JRN_R20_B01_SPC_COENDOU_PREHENSILIS_TERRAIN_BROAD_001 | EVD_JRN_R20_B01_SPC_COENDOU_PREHENSILIS_TERRAIN_SPECIFIC_001,1,BRD_BRAZILIAN_PORCUPINE
SPC_COENOBITA_CLYPEATUS,BEAST_SPECIES,BEAST,R25,B02,BRD_CARIBBEAN_HERMIT_CRAB,EMBODIMENT_PROTECTED_BODY_EXPRESSION,COASTAL | FOREST | BUILT_ENVIRONMENT,ISLAND | COASTAL_CLIFF | SCRUBLAND | VILLAGE,SIMULATION_READY,EVD_JRN_R25_B01_SPC_COENOBITA_CLYPEATUS_PERSONALITY_ID_001 | EVD_JRN_R25_B01_SPC_COENOBITA_CLYPEATUS_TERRAIN_BROAD_001 | EVD_JRN_R25_B01_SPC_COENOBITA_CLYPEATUS_TERRAIN_SPECIFIC_001,1,BRD_CARIBBEAN_HERMIT_CRAB
SPC_COLOBUS_GUEREZA,BEAST_SPECIES,BEAST,R15,B16,BRD_MANTLED_GUEREZA,BOUNDARIES_TERRITORIAL_MARKING_EXPRESSION,FOREST | FRESHWATER,RAIN_FOREST | CANOPY | FOREST_EDGE | RIVER | LAKE,SIMULATION_READY,EVD_JRN_R15_B01_SPC_COLOBUS_GUEREZA_PERSONALITY_ID_001 | EVD_JRN_R15_B01_SPC_COLOBUS_GUEREZA_TERRAIN_BROAD_001 | EVD_JRN_R15_B01_SPC_COLOBUS_GUEREZA_TERRAIN_SPECIFIC_001,1,BRD_MANTLED_GUEREZA
SPC_COLOSSOMA_MACROPOMUM,BEAST_SPECIES,BEAST,R14,B04,BRD_BLACK_PACU,STEWARDSHIP_LIVING_SYSTEM_CONFLICT,FRESHWATER | FOREST | WETLAND,RIVER | FLOODPLAIN | RAIN_FOREST,SIMULATION_READY,EVD_JRN_R14_B01_SPC_COLOSSOMA_MACROPOMUM_PERSONALITY_ID_001 | EVD_JRN_R14_B01_SPC_COLOSSOMA_MACROPOMUM_TERRAIN_BROAD_001 | EVD_JRN_R14_B01_SPC_COLOSSOMA_MACROPOMUM_TERRAIN_SPECIFIC_001,1,BRD_BLACK_PACU
SPC_COLUMBA_LIVIA,BEAST_SPECIES,BEAST,R17,B15,BRD_HOMING_PIGEON_BEAST | BRD_ROCK_PIGEON,ATTACHMENT_LIFELONG_BOND_EXPRESSION,MOUNTAIN | COASTAL | BUILT_ENVIRONMENT,CLIFF | COASTAL_CLIFF | CITY | CASTLE,SIMULATION_READY,EVD_JRN_R17_B01_SPC_COLUMBA_LIVIA_PERSONALITY_ID_001 | EVD_JRN_R17_B01_SPC_COLUMBA_LIVIA_TERRAIN_BROAD_001 | EVD_JRN_R17_B01_SPC_COLUMBA_LIVIA_TERRAIN_SPECIFIC_001,2,BRD_HOMING_PIGEON_BEAST | BRD_ROCK_PIGEON
SPC_CONDYLURA_CRISTATA,BEAST_SPECIES,BEAST,R23,B24,BRD_STAR_NOSED_MOLE,CURIOSITY_PROBLEM_SOLVING_EXPRESSION,WETLAND | FRESHWATER | SUBTERRANEAN,MARSH | SWAMP | RIVER | BURROW,SIMULATION_READY,EVD_JRN_R23_B01_SPC_CONDYLURA_CRISTATA_PERSONALITY_ID_001 | EVD_JRN_R23_B01_SPC_CONDYLURA_CRISTATA_TERRAIN_BROAD_001 | EVD_JRN_R23_B01_SPC_CONDYLURA_CRISTATA_TERRAIN_SPECIFIC_001,1,BRD_STAR_NOSED_MOLE
SPC_CONEPATUS_LEUCONOTUS,BEAST_SPECIES,BEAST,R02,B05,BRD_AMERICAN_HOG_NOSED_SKUNK,DISCIPLINE_FORAGING_DISCIPLINE_EXPRESSION,MOUNTAIN | FRESHWATER | SUBTERRANEAN,CANYON | RIVER | BURROW,SIMULATION_READY,EVD_JRN_R02_B01_SPC_CONEPATUS_LEUCONOTUS_PERSONALITY_ID_001 | EVD_JRN_R02_B01_SPC_CONEPATUS_LEUCONOTUS_TERRAIN_BROAD_001 | EVD_JRN_R02_B01_SPC_CONEPATUS_LEUCONOTUS_TERRAIN_SPECIFIC_001,1,BRD_AMERICAN_HOG_NOSED_SKUNK
SPC_CONNOCHAETES_TAURINUS,BEAST_SPECIES,BEAST,R02,B08,BRD_BLUE_WILDEBEEST,PURPOSE_MIGRATION_PURPOSE_EXPRESSION,GRASSLAND | FOREST,PRAIRIE | SAVANNA | WOODLAND,SIMULATION_READY,EVD_JRN_R02_B01_SPC_CONNOCHAETES_TAURINUS_PERSONALITY_ID_001 | EVD_JRN_R02_B01_SPC_CONNOCHAETES_TAURINUS_TERRAIN_BROAD_001 | EVD_JRN_R02_B01_SPC_CONNOCHAETES_TAURINUS_TERRAIN_SPECIFIC_001,1,BRD_BLUE_WILDEBEEST
SPC_CONRAUA_GOLIATH,BEAST_SPECIES,BEAST,R13,B01,BRD_GOLIATH_FROG,STEWARDSHIP_HABITAT_ENGINEERING_EXPRESSION,FOREST | FRESHWATER,RAIN_FOREST | RIVER | POND,SIMULATION_READY,EVD_JRN_R13_B01_SPC_CONRAUA_GOLIATH_PERSONALITY_ID_001 | EVD_JRN_R13_B01_SPC_CONRAUA_GOLIATH_TERRAIN_BROAD_001 | EVD_JRN_R13_B01_SPC_CONRAUA_GOLIATH_TERRAIN_SPECIFIC_001,1,BRD_GOLIATH_FROG
SPC_CORACIAS_CAUDATUS,BEAST_SPECIES,BEAST,R22,B13,BRD_LILAC_BREASTED_ROLLER,BOUNDARIES_TERRITORIAL_MARKING_EXPRESSION,GRASSLAND | FOREST,SAVANNA | SCRUBLAND | WOODLAND,SIMULATION_READY,EVD_JRN_R22_B01_SPC_CORACIAS_CAUDATUS_PERSONALITY_ID_001 | EVD_JRN_R22_B01_SPC_CORACIAS_CAUDATUS_TERRAIN_BROAD_001 | EVD_JRN_R22_B01_SPC_CORACIAS_CAUDATUS_TERRAIN_SPECIFIC_001,1,BRD_LILAC_BREASTED_ROLLER
SPC_CORALLUS_CANINUS,BEAST_SPECIES,BEAST,R25,B20,BRD_EMERALD_TREE_BOA,PATIENCE_AMBUSH_PATIENCE_EXPRESSION,FOREST,RAIN_FOREST | CANOPY,SIMULATION_READY,EVD_JRN_R25_B01_SPC_CORALLUS_CANINUS_PERSONALITY_ID_001 | EVD_JRN_R25_B01_SPC_CORALLUS_CANINUS_TERRAIN_BROAD_001 | EVD_JRN_R25_B01_SPC_CORALLUS_CANINUS_TERRAIN_SPECIFIC_001,1,BRD_EMERALD_TREE_BOA
SPC_CORUCIA_ZEBRATA,BEAST_SPECIES,BEAST,R24,B09,BRD_PREHENSILE_TAILED_SKINK,BELONGING_COLONY_EXPRESSION,FOREST,RAIN_FOREST | CANOPY | ISLAND,SIMULATION_READY,EVD_JRN_R24_B01_SPC_CORUCIA_ZEBRATA_PERSONALITY_ID_001 | EVD_JRN_R24_B01_SPC_CORUCIA_ZEBRATA_TERRAIN_BROAD_001 | EVD_JRN_R24_B01_SPC_CORUCIA_ZEBRATA_TERRAIN_SPECIFIC_001,1,BRD_PREHENSILE_TAILED_SKINK
SPC_CORVINELLA_MELANOLEUCA,BEAST_SPECIES,BEAST,R08,B21,BRD_MAGPIE_SHRIKE,COOPERATION_GROUP_DEFENSE_EXPRESSION,GRASSLAND | FOREST | FRESHWATER,SAVANNA | SCRUBLAND | WOODLAND | RIVER,SIMULATION_READY,EVD_JRN_R08_B01_SPC_CORVINELLA_MELANOLEUCA_PERSONALITY_ID_001 | EVD_JRN_R08_B01_SPC_CORVINELLA_MELANOLEUCA_TERRAIN_BROAD_001 | EVD_JRN_R08_B01_SPC_CORVINELLA_MELANOLEUCA_TERRAIN_SPECIFIC_001,1,BRD_MAGPIE_SHRIKE
SPC_CORVUS_BRACHYRHYNCHOS,BEAST_SPECIES,BEAST,R08,B21,BRD_AMERICAN_CROW,CURIOSITY_PROBLEM_SOLVING_EXPRESSION,FOREST | GRASSLAND | BUILT_ENVIRONMENT,WOODLAND | FARMLAND | CITY,SIMULATION_READY,EVD_JRN_R08_B01_SPC_CORVUS_BRACHYRHYNCHOS_PERSONALITY_ID_001 | EVD_JRN_R08_B01_SPC_CORVUS_BRACHYRHYNCHOS_TERRAIN_BROAD_001 | EVD_JRN_R08_B01_SPC_CORVUS_BRACHYRHYNCHOS_TERRAIN_SPECIFIC_001,1,BRD_AMERICAN_CROW
SPC_CORVUS_CORAX,BEAST_SPECIES,BEAST,R08,B21,BRD_COMMON_RAVEN,CURIOSITY_PROBLEM_SOLVING_EXPRESSION,MOUNTAIN | DESERT | FOREST | POLAR_ICE | COASTAL,ALPINE | HOT_DESERT | WOODLAND | TUNDRA | COASTAL_CLIFF,SIMULATION_READY,EVD_JRN_R08_B01_SPC_CORVUS_CORAX_PERSONALITY_ID_001 | EVD_JRN_R08_B01_SPC_CORVUS_CORAX_TERRAIN_BROAD_001 | EVD_JRN_R08_B01_SPC_CORVUS_CORAX_TERRAIN_SPECIFIC_001,1,BRD_COMMON_RAVEN
SPC_CORYTHAEOLA_CRISTATA,BEAST_SPECIES,BEAST,R22,B13,BRD_GREAT_BLUE_TURACO,BELONGING_COLONY_EXPRESSION,FOREST,RAIN_FOREST | CANOPY | FOREST_EDGE,SIMULATION_READY,EVD_JRN_R22_B01_SPC_CORYTHAEOLA_CRISTATA_PERSONALITY_ID_001 | EVD_JRN_R22_B01_SPC_CORYTHAEOLA_CRISTATA_TERRAIN_BROAD_001 | EVD_JRN_R22_B01_SPC_CORYTHAEOLA_CRISTATA_TERRAIN_SPECIFIC_001,1,BRD_GREAT_BLUE_TURACO
SPC_CRICETUS_CRICETUS,BEAST_SPECIES,BEAST,R20,B18,BRD_EUROPEAN_HAMSTER,CONTROL_ENVIRONMENT_ENGINEERING_EXPRESSION,GRASSLAND | BUILT_ENVIRONMENT | SUBTERRANEAN,STEPPE | FARMLAND | BURROW,SIMULATION_READY,EVD_JRN_R20_B01_SPC_CRICETUS_CRICETUS_PERSONALITY_ID_001 | EVD_JRN_R20_B01_SPC_CRICETUS_CRICETUS_TERRAIN_BROAD_001 | EVD_JRN_R20_B01_SPC_CRICETUS_CRICETUS_TERRAIN_SPECIFIC_001,1,BRD_EUROPEAN_HAMSTER
SPC_CROCODYLUS_JOHNSTONI,BEAST_SPECIES,BEAST,R04,B22,BRD_FRESHWATER_CROCODILE,PERSEVERANCE_DROUGHT_OR_COLD_ENDURANCE_EXPRESSION,FRESHWATER | SUBTERRANEAN | WETLAND,RIVER | BURROW | FLOODPLAIN,SIMULATION_READY,EVD_JRN_R04_B01_SPC_CROCODYLUS_JOHNSTONI_PERSONALITY_ID_001 | EVD_JRN_R04_B01_SPC_CROCODYLUS_JOHNSTONI_TERRAIN_BROAD_001 | EVD_JRN_R04_B01_SPC_CROCODYLUS_JOHNSTONI_TERRAIN_SPECIFIC_001,1,BRD_FRESHWATER_CROCODILE
SPC_CROCODYLUS_NILOTICUS,BEAST_SPECIES,BEAST,R04,B22,BRD_NILE_CROCODILE,DUTY_NEST_DUTY_EXPRESSION,FRESHWATER | WETLAND | COASTAL,RIVER | LAKE | SWAMP | ESTUARY | MANGROVE,SIMULATION_READY,EVD_JRN_R04_B01_SPC_CROCODYLUS_NILOTICUS_PERSONALITY_ID_001 | EVD_JRN_R04_B01_SPC_CROCODYLUS_NILOTICUS_TERRAIN_BROAD_001 | EVD_JRN_R04_B01_SPC_CROCODYLUS_NILOTICUS_TERRAIN_SPECIFIC_001,1,BRD_NILE_CROCODILE
SPC_CROCODYLUS_PALUSTRIS,BEAST_SPECIES,BEAST,R04,B22,BRD_MUGGER_CROCODILE,BOUNDARIES_TERRITORIAL_MARKING_EXPRESSION,FRESHWATER | WETLAND,RIVER | LAKE | SWAMP,SIMULATION_READY,EVD_JRN_R04_B01_SPC_CROCODYLUS_PALUSTRIS_PERSONALITY_ID_001 | EVD_JRN_R04_B01_SPC_CROCODYLUS_PALUSTRIS_TERRAIN_BROAD_001 | EVD_JRN_R04_B01_SPC_CROCODYLUS_PALUSTRIS_TERRAIN_SPECIFIC_001,1,BRD_MUGGER_CROCODILE
SPC_CROCODYLUS_POROSUS,BEAST_SPECIES,BEAST,R04,B22,BRD_SALTWATER_CROCODILE,CARE_CARRYING_EXPRESSION,COASTAL | OCEAN | FRESHWATER | WETLAND,ESTUARY | ISLAND | RIVER | SWAMP | POND,SIMULATION_READY,EVD_JRN_R04_B01_SPC_CROCODYLUS_POROSUS_PERSONALITY_ID_001 | EVD_JRN_R04_B01_SPC_CROCODYLUS_POROSUS_TERRAIN_BROAD_001 | EVD_JRN_R04_B01_SPC_CROCODYLUS_POROSUS_TERRAIN_SPECIFIC_001,1,BRD_SALTWATER_CROCODILE
SPC_CROCUTA_CROCUTA,BEAST_SPECIES,BEAST,R02,B05,BRD_SPOTTED_HYENA,DOMINANCE_POSTURE_DOMINANCE_EXPRESSION,GRASSLAND | FOREST | DESERT | MOUNTAIN,SAVANNA | SCRUBLAND | WOODLAND | HOT_DESERT | ALPINE,SIMULATION_READY,EVD_JRN_R02_B01_SPC_CROCUTA_CROCUTA_PERSONALITY_ID_001 | EVD_JRN_R02_B01_SPC_CROCUTA_CROCUTA_TERRAIN_BROAD_001 | EVD_JRN_R02_B01_SPC_CROCUTA_CROCUTA_TERRAIN_SPECIFIC_001,1,BRD_SPOTTED_HYENA
SPC_CROTALUS_ATROX,BEAST_SPECIES,BEAST,R25,B20,BRD_WESTERN_DIAMONDBACK_RATTLESNAKE,ANGER_THREAT_DISPLAY_EXPRESSION,DESERT | GRASSLAND | SUBTERRANEAN | BUILT_ENVIRONMENT,HOT_DESERT | SCRUBLAND | PRAIRIE | BURROW | RUINS,SIMULATION_READY,EVD_JRN_R25_B01_SPC_CROTALUS_ATROX_PERSONALITY_ID_001 | EVD_JRN_R25_B01_SPC_CROTALUS_ATROX_TERRAIN_BROAD_001 | EVD_JRN_R25_B01_SPC_CROTALUS_ATROX_TERRAIN_SPECIFIC_001,1,BRD_WESTERN_DIAMONDBACK_RATTLESNAKE
SPC_CRYPTOBRANCHUS_ALLEGANIENSIS,BEAST_SPECIES,BEAST,R13,B01,BRD_HELLBENDER,DUTY_NEST_DUTY_EXPRESSION,FRESHWATER,RIVER,SIMULATION_READY,EVD_JRN_R13_B01_SPC_CRYPTOBRANCHUS_ALLEGANIENSIS_PERSONALITY_ID_001 | EVD_JRN_R13_B01_SPC_CRYPTOBRANCHUS_ALLEGANIENSIS_TERRAIN_BROAD_001 | EVD_JRN_R13_B01_SPC_CRYPTOBRANCHUS_ALLEGANIENSIS_TERRAIN_SPECIFIC_001,1,BRD_HELLBENDER
SPC_CRYPTOPROCTA_FEROX,BEAST_SPECIES,BEAST,R02,B05,BRD_FOSSA,RISK_LEAP_OR_DIVE_EXPRESSION,FOREST | MOUNTAIN | DESERT,RAIN_FOREST | MONTANE_FOREST | SCRUBLAND,SIMULATION_READY,EVD_JRN_R02_B01_SPC_CRYPTOPROCTA_FEROX_PERSONALITY_ID_001 | EVD_JRN_R02_B01_SPC_CRYPTOPROCTA_FEROX_TERRAIN_BROAD_001 | EVD_JRN_R02_B01_SPC_CRYPTOPROCTA_FEROX_TERRAIN_SPECIFIC_001,1,BRD_FOSSA
SPC_CTENIZA_SAUVAGESI,BEAST_SPECIES,BEAST,R25,B02,BRD_MEDITERRANEAN_TRAPDOOR_SPIDER,PATIENCE_AMBUSH_PATIENCE_EXPRESSION,SUBTERRANEAN | GRASSLAND | FOREST,BURROW | SCRUBLAND | WOODLAND,SIMULATION_READY,EVD_JRN_R25_B01_SPC_CTENIZA_SAUVAGESI_PERSONALITY_ID_001 | EVD_JRN_R25_B01_SPC_CTENIZA_SAUVAGESI_TERRAIN_BROAD_001 | EVD_JRN_R25_B01_SPC_CTENIZA_SAUVAGESI_TERRAIN_SPECIFIC_001,1,BRD_MEDITERRANEAN_TRAPDOOR_SPIDER
SPC_CUCULUS_CANORUS,BEAST_SPECIES,BEAST,R22,B13,BRD_COMMON_CUCKOO,TRUTH_MIMICRY_EXPRESSION,FOREST | GRASSLAND | WETLAND,WOODLAND | FOREST_EDGE | MEADOW | MARSH,SIMULATION_READY,EVD_JRN_R22_B01_SPC_CUCULUS_CANORUS_PERSONALITY_ID_001 | EVD_JRN_R22_B01_SPC_CUCULUS_CANORUS_TERRAIN_BROAD_001 | EVD_JRN_R22_B01_SPC_CUCULUS_CANORUS_TERRAIN_SPECIFIC_001,1,BRD_COMMON_CUCKOO
SPC_CUNICULUS_PACA,BEAST_SPECIES,BEAST,R20,B18,BRD_LOWLAND_PACA,BOUNDARIES_TERRITORIAL_MARKING_EXPRESSION,FOREST | FRESHWATER | WETLAND | SUBTERRANEAN,RAIN_FOREST | RIVER | SWAMP | BURROW,SIMULATION_READY,EVD_JRN_R20_B01_SPC_CUNICULUS_PACA_PERSONALITY_ID_001 | EVD_JRN_R20_B01_SPC_CUNICULUS_PACA_TERRAIN_BROAD_001 | EVD_JRN_R20_B01_SPC_CUNICULUS_PACA_TERRAIN_SPECIFIC_001,1,BRD_LOWLAND_PACA
SPC_CUON_ALPINUS,BEAST_SPECIES,BEAST,R02,B05,BRD_DHOLE,COOPERATION_COOPERATIVE_HUNTING_EXPRESSION,FOREST,GENERALIST,SIMULATION_READY,EVD_JRN_R02_B01_SPC_CUON_ALPINUS_PERSONALITY_ID_001 | EVD_JRN_R02_B01_SPC_CUON_ALPINUS_TERRAIN_BROAD_001 | EVD_JRN_R02_B01_SPC_CUON_ALPINUS_TERRAIN_SPECIFIC_001,1,BRD_DHOLE
SPC_CYANOCITTA_CRISTATA,BEAST_SPECIES,BEAST,R08,B21,BRD_BLUE_JAY,MEMORY_CACHE_MEMORY_EXPRESSION,FOREST | BUILT_ENVIRONMENT,WOODLAND | FOREST_EDGE | CITY,SIMULATION_READY,EVD_JRN_R08_B01_SPC_CYANOCITTA_CRISTATA_PERSONALITY_ID_001 | EVD_JRN_R08_B01_SPC_CYANOCITTA_CRISTATA_TERRAIN_BROAD_001 | EVD_JRN_R08_B01_SPC_CYANOCITTA_CRISTATA_TERRAIN_SPECIFIC_001,1,BRD_BLUE_JAY
SPC_CYCLOPES_DIDACTYLUS,BEAST_SPECIES,BEAST,R23,B24,BRD_SILKY_ANTEATER,FEAR_DEFENSIVE_DISPLAY_EXPRESSION,FOREST,RAIN_FOREST | CANOPY,SIMULATION_READY,EVD_JRN_R23_B01_SPC_CYCLOPES_DIDACTYLUS_PERSONALITY_ID_001 | EVD_JRN_R23_B01_SPC_CYCLOPES_DIDACTYLUS_TERRAIN_BROAD_001 | EVD_JRN_R23_B01_SPC_CYCLOPES_DIDACTYLUS_TERRAIN_SPECIFIC_001,1,BRD_SILKY_ANTEATER
SPC_CYCLURA_CORNUTA,BEAST_SPECIES,BEAST,R24,B09,BRD_RHINOCEROS_IGUANA,DOMINANCE_POSTURE_DOMINANCE_EXPRESSION,FOREST | GRASSLAND | COASTAL,WOODLAND | SCRUBLAND | ISLAND,SIMULATION_READY,EVD_JRN_R24_B01_SPC_CYCLURA_CORNUTA_PERSONALITY_ID_001 | EVD_JRN_R24_B01_SPC_CYCLURA_CORNUTA_TERRAIN_BROAD_001 | EVD_JRN_R24_B01_SPC_CYCLURA_CORNUTA_TERRAIN_SPECIFIC_001,1,BRD_RHINOCEROS_IGUANA
SPC_CYGNUS_ATRATUS,BEAST_SPECIES,BEAST,R01,B23,BRD_BLACK_SWAN,ATTACHMENT_LIFELONG_BOND_EXPRESSION,FRESHWATER | WETLAND | COASTAL,LAKE | POND | RIVER | SWAMP | ESTUARY,SIMULATION_READY,EVD_JRN_R01_B01_SPC_CYGNUS_ATRATUS_PERSONALITY_ID_001 | EVD_JRN_R01_B01_SPC_CYGNUS_ATRATUS_TERRAIN_BROAD_001 | EVD_JRN_R01_B01_SPC_CYGNUS_ATRATUS_TERRAIN_SPECIFIC_001,1,BRD_BLACK_SWAN
SPC_CYGNUS_OLOR,BEAST_SPECIES,BEAST,R01,B23,BRD_MUTE_SWAN,EXPRESSION_SILENCE_EXPRESSION,FRESHWATER | WETLAND | COASTAL,MARSH | LAKE | POND | ESTUARY,SIMULATION_READY,EVD_JRN_R01_B01_SPC_CYGNUS_OLOR_PERSONALITY_ID_001 | EVD_JRN_R01_B01_SPC_CYGNUS_OLOR_TERRAIN_BROAD_001 | EVD_JRN_R01_B01_SPC_CYGNUS_OLOR_TERRAIN_SPECIFIC_001,1,BRD_MUTE_SWAN
SPC_CYNOCEPHALUS_VOLANS,BEAST_SPECIES,BEAST,R23,B24,BRD_PHILIPPINE_COLUGO,AUTONOMY_FREEDOM_THROUGH_ISOLATION_CONFLICT,FOREST,RAIN_FOREST | CANOPY | MONTANE_FOREST | FARMLAND,SIMULATION_READY,EVD_JRN_R23_B01_SPC_CYNOCEPHALUS_VOLANS_PERSONALITY_ID_001 | EVD_JRN_R23_B01_SPC_CYNOCEPHALUS_VOLANS_TERRAIN_BROAD_001 | EVD_JRN_R23_B01_SPC_CYNOCEPHALUS_VOLANS_TERRAIN_SPECIFIC_001,1,BRD_PHILIPPINE_COLUGO
SPC_CYNOMYS_LUDOVICIANUS,BEAST_SPECIES,BEAST,R20,B18,BRD_BLACK_TAILED_PRAIRIE_DOG,BELONGING_COLONY_EXPRESSION,GRASSLAND | SUBTERRANEAN,PRAIRIE | BURROW,SIMULATION_READY,EVD_JRN_R20_B01_SPC_CYNOMYS_LUDOVICIANUS_PERSONALITY_ID_001 | EVD_JRN_R20_B01_SPC_CYNOMYS_LUDOVICIANUS_TERRAIN_BROAD_001 | EVD_JRN_R20_B01_SPC_CYNOMYS_LUDOVICIANUS_TERRAIN_SPECIFIC_001,1,BRD_BLACK_TAILED_PRAIRIE_DOG
SPC_CYSTOSOMA_SAUNDERSII,BEAST_SPECIES,BEAST,R25,B02,BRD_BLADDER_CICADA,EXPRESSION_VOCAL_EXPRESSION,FOREST | GRASSLAND,SCRUBLAND | WOODLAND | FOREST_EDGE,SIMULATION_READY,EVD_JRN_R25_B01_SPC_CYSTOSOMA_SAUNDERSII_PERSONALITY_ID_001 | EVD_JRN_R25_B01_SPC_CYSTOSOMA_SAUNDERSII_TERRAIN_BROAD_001 | EVD_JRN_R25_B01_SPC_CYSTOSOMA_SAUNDERSII_TERRAIN_SPECIFIC_001,1,BRD_BLADDER_CICADA
SPC_DACELO_NOVAEGUINEAE,BEAST_SPECIES,BEAST,R22,B13,BRD_LAUGHING_KOOKABURRA,COOPERATION_GROUP_DEFENSE_EXPRESSION,FOREST | BUILT_ENVIRONMENT,WOODLAND | FOREST_EDGE | CITY,SIMULATION_READY,EVD_JRN_R22_B01_SPC_DACELO_NOVAEGUINEAE_PERSONALITY_ID_001 | EVD_JRN_R22_B01_SPC_DACELO_NOVAEGUINEAE_TERRAIN_BROAD_001 | EVD_JRN_R22_B01_SPC_DACELO_NOVAEGUINEAE_TERRAIN_SPECIFIC_001,1,BRD_LAUGHING_KOOKABURRA
SPC_DACTYLOPSILA_TRIVIRGATA,BEAST_SPECIES,BEAST,R22,B10,BRD_STRIPED_POSSUM,DISCIPLINE_FORAGING_DISCIPLINE_EXPRESSION,FOREST,RAIN_FOREST | CANOPY,SIMULATION_READY,EVD_JRN_R22_B01_SPC_DACTYLOPSILA_TRIVIRGATA_PERSONALITY_ID_001 | EVD_JRN_R22_B01_SPC_DACTYLOPSILA_TRIVIRGATA_TERRAIN_BROAD_001 | EVD_JRN_R22_B01_SPC_DACTYLOPSILA_TRIVIRGATA_TERRAIN_SPECIFIC_001,1,BRD_STRIPED_POSSUM
SPC_DAEMON_ASURA,MYTHOS_SPECIES,MYTHOS,R05,M03,BRD_ASURA,COMPETITION_COSMIC_TOURNAMENT_CONFLICT,GENERALIST,GENERALIST,SIMULATION_READY,EVD_JRN_R05_B01_SPC_DAEMON_ASURA_PERSONALITY_ID_001 | EVD_JRN_R05_B01_SPC_DAEMON_ASURA_TERRAIN_BROAD_001 | EVD_JRN_R05_B01_SPC_DAEMON_ASURA_TERRAIN_SPECIFIC_001,1,BRD_ASURA
SPC_DAEMON_CAMBION,MYTHOS_SPECIES,MYTHOS,R05,M03,BRD_CAMBION,TRUTH_MIMICRY_EXPRESSION,FRESHWATER,RIVER,SIMULATION_READY,EVD_JRN_R05_B01_SPC_DAEMON_CAMBION_PERSONALITY_ID_001 | EVD_JRN_R05_B01_SPC_DAEMON_CAMBION_TERRAIN_BROAD_001 | EVD_JRN_R05_B01_SPC_DAEMON_CAMBION_TERRAIN_SPECIFIC_001,1,BRD_CAMBION
SPC_DAEMON_DAEVA,MYTHOS_SPECIES,MYTHOS,R05,M03,BRD_DAEVA,TRUTH_MIMICRY_EXPRESSION,MOUNTAIN | BUILT_ENVIRONMENT,CITY | CASTLE,SIMULATION_READY,EVD_JRN_R05_B01_SPC_DAEMON_DAEVA_PERSONALITY_ID_001 | EVD_JRN_R05_B01_SPC_DAEMON_DAEVA_TERRAIN_BROAD_001 | EVD_JRN_R05_B01_SPC_DAEMON_DAEVA_TERRAIN_SPECIFIC_001,1,BRD_DAEVA
SPC_DAEMON_EMPUSA,MYTHOS_SPECIES,MYTHOS,R05,M03,BRD_EMPUSA,TRUTH_MIMICRY_EXPRESSION,GENERALIST,ROAD,SIMULATION_READY,EVD_JRN_R05_B01_SPC_DAEMON_EMPUSA_PERSONALITY_ID_001 | EVD_JRN_R05_B01_SPC_DAEMON_EMPUSA_TERRAIN_BROAD_001 | EVD_JRN_R05_B01_SPC_DAEMON_EMPUSA_TERRAIN_SPECIFIC_001,1,BRD_EMPUSA
SPC_DAEMON_IMP,MYTHOS_SPECIES,MYTHOS,R05,M03,BRD_IMP,PLEASURE_PLAY_EXPRESSION,BUILT_ENVIRONMENT,GENERALIST,SIMULATION_READY,EVD_JRN_R05_B01_SPC_DAEMON_IMP_PERSONALITY_ID_001 | EVD_JRN_R05_B01_SPC_DAEMON_IMP_TERRAIN_BROAD_001 | EVD_JRN_R05_B01_SPC_DAEMON_IMP_TERRAIN_SPECIFIC_001,1,BRD_IMP
SPC_DAEMON_INCUBUS,MYTHOS_SPECIES,MYTHOS,R05,M03,BRD_INCUBUS,DESIRE_COMPELLED_ATTRACTION_CONFLICT,GENERALIST,GENERALIST,SIMULATION_READY,EVD_JRN_R05_B01_SPC_DAEMON_INCUBUS_PERSONALITY_ID_001 | EVD_JRN_R05_B01_SPC_DAEMON_INCUBUS_TERRAIN_BROAD_001 | EVD_JRN_R05_B01_SPC_DAEMON_INCUBUS_TERRAIN_SPECIFIC_001,1,BRD_INCUBUS
SPC_DAEMON_RAKSHASA,MYTHOS_SPECIES,MYTHOS,R05,M03,BRD_RAKSHASA,COMPETITION_COSMIC_TOURNAMENT_CONFLICT,BUILT_ENVIRONMENT,CITY,SIMULATION_READY,EVD_JRN_R05_B01_SPC_DAEMON_RAKSHASA_PERSONALITY_ID_001 | EVD_JRN_R05_B01_SPC_DAEMON_RAKSHASA_TERRAIN_BROAD_001 | EVD_JRN_R05_B01_SPC_DAEMON_RAKSHASA_TERRAIN_SPECIFIC_001,1,BRD_RAKSHASA
SPC_DAEMON_SUCCUBUS,MYTHOS_SPECIES,MYTHOS,R05,M03,BRD_SUCCUBUS,DESIRE_COMPELLED_ATTRACTION_CONFLICT,GENERALIST,GENERALIST,SIMULATION_READY,EVD_JRN_R05_B01_SPC_DAEMON_SUCCUBUS_PERSONALITY_ID_001 | EVD_JRN_R05_B01_SPC_DAEMON_SUCCUBUS_TERRAIN_BROAD_001 | EVD_JRN_R05_B01_SPC_DAEMON_SUCCUBUS_TERRAIN_SPECIFIC_001,1,BRD_SUCCUBUS
SPC_DAEMON_TOKOLOSHE,MYTHOS_SPECIES,MYTHOS,R05,M03,BRD_TOKOLOSHE,PLEASURE_PLAY_EXPRESSION,FRESHWATER,RIVER,SIMULATION_READY,EVD_JRN_R05_B01_SPC_DAEMON_TOKOLOSHE_PERSONALITY_ID_001 | EVD_JRN_R05_B01_SPC_DAEMON_TOKOLOSHE_TERRAIN_BROAD_001 | EVD_JRN_R05_B01_SPC_DAEMON_TOKOLOSHE_TERRAIN_SPECIFIC_001,1,BRD_TOKOLOSHE
SPC_DANAUS_PLEXIPPUS,BEAST_SPECIES,BEAST,R25,B02,BRD_MONARCH_BUTTERFLY,PURPOSE_MIGRATION_PURPOSE_EXPRESSION,GRASSLAND | WETLAND | FOREST | MOUNTAIN | BUILT_ENVIRONMENT,MEADOW | FLOWERING_HABITAT | MARSH | MONTANE_FOREST | FOREST_EDGE | ROAD | CITY,SIMULATION_READY,EVD_JRN_R25_B01_SPC_DANAUS_PLEXIPPUS_PERSONALITY_ID_001 | EVD_JRN_R25_B01_SPC_DANAUS_PLEXIPPUS_TERRAIN_BROAD_001 | EVD_JRN_R25_B01_SPC_DANAUS_PLEXIPPUS_TERRAIN_SPECIFIC_001,1,BRD_MONARCH_BUTTERFLY
SPC_DARDANUS_PEDUNCULATUS,BEAST_SPECIES,BEAST,R25,B02,BRD_ANEMONE_HERMIT_CRAB,RECIPROCITY_CLEANING_MUTUALISM_EXPRESSION,OCEAN | COASTAL,CORAL_REEF | SEAGRASS_BED | COASTAL_CLIFF,SIMULATION_READY,EVD_JRN_R25_B01_SPC_DARDANUS_PEDUNCULATUS_PERSONALITY_ID_001 | EVD_JRN_R25_B01_SPC_DARDANUS_PEDUNCULATUS_TERRAIN_BROAD_001 | EVD_JRN_R25_B01_SPC_DARDANUS_PEDUNCULATUS_TERRAIN_SPECIFIC_001,1,BRD_ANEMONE_HERMIT_CRAB
SPC_DASYPROCTA_LEPORINA,BEAST_SPECIES,BEAST,R20,B18,BRD_RED_RUMPED_AGOUTI,STEWARDSHIP_SEED_DISPERSAL_EXPRESSION,FOREST,RAIN_FOREST | FOREST_FLOOR,SIMULATION_READY,EVD_JRN_R20_B01_SPC_DASYPROCTA_LEPORINA_PERSONALITY_ID_001 | EVD_JRN_R20_B01_SPC_DASYPROCTA_LEPORINA_TERRAIN_BROAD_001 | EVD_JRN_R20_B01_SPC_DASYPROCTA_LEPORINA_TERRAIN_SPECIFIC_001,1,BRD_RED_RUMPED_AGOUTI
SPC_DASYPROCTA_PUNCTATA,BEAST_SPECIES,BEAST,R20,B18,BRD_CENTRAL_AMERICAN_AGOUTI,STEWARDSHIP_SEED_DISPERSAL_EXPRESSION,FOREST,RAIN_FOREST | FOREST_FLOOR,SIMULATION_READY,EVD_JRN_R20_B01_SPC_DASYPROCTA_PUNCTATA_PERSONALITY_ID_001 | EVD_JRN_R20_B01_SPC_DASYPROCTA_PUNCTATA_TERRAIN_BROAD_001 | EVD_JRN_R20_B01_SPC_DASYPROCTA_PUNCTATA_TERRAIN_SPECIFIC_001,1,BRD_CENTRAL_AMERICAN_AGOUTI
SPC_DASYPUS_NOVEMCINCTUS,BEAST_SPECIES,BEAST,R23,B24,BRD_NINE_BANDED_ARMADILLO,CONTROL_ENVIRONMENT_ENGINEERING_EXPRESSION,GRASSLAND | FOREST | FRESHWATER | SUBTERRANEAN,PRAIRIE | WOODLAND | RIVER | BURROW | CAVE,SIMULATION_READY,EVD_JRN_R23_B01_SPC_DASYPUS_NOVEMCINCTUS_PERSONALITY_ID_001 | EVD_JRN_R23_B01_SPC_DASYPUS_NOVEMCINCTUS_TERRAIN_BROAD_001 | EVD_JRN_R23_B01_SPC_DASYPUS_NOVEMCINCTUS_TERRAIN_SPECIFIC_001,1,BRD_NINE_BANDED_ARMADILLO
SPC_DASYPUS_VELLEROSUS,BEAST_SPECIES,BEAST,R23,B24,BRD_SCREAMING_HAIRY_ARMADILLO,FEAR_DEFENSIVE_DISPLAY_EXPRESSION,DESERT | GRASSLAND | SUBTERRANEAN | BUILT_ENVIRONMENT,HOT_DESERT | DUNES | SAVANNA | FARMLAND | BURROW,SIMULATION_READY,EVD_JRN_R23_B01_SPC_DASYPUS_VELLEROSUS_PERSONALITY_ID_001 | EVD_JRN_R23_B01_SPC_DASYPUS_VELLEROSUS_TERRAIN_BROAD_001 | EVD_JRN_R23_B01_SPC_DASYPUS_VELLEROSUS_TERRAIN_SPECIFIC_001,1,BRD_SCREAMING_HAIRY_ARMADILLO
SPC_DASYUROIDES_BYRNEI,BEAST_SPECIES,BEAST,R22,B10,BRD_KOWARI,CONTROL_ENVIRONMENT_ENGINEERING_EXPRESSION,DESERT | GRASSLAND,HOT_DESERT | SCRUBLAND | BURROW,SIMULATION_READY,EVD_JRN_R22_B01_SPC_DASYUROIDES_BYRNEI_PERSONALITY_ID_001 | EVD_JRN_R22_B01_SPC_DASYUROIDES_BYRNEI_TERRAIN_BROAD_001 | EVD_JRN_R22_B01_SPC_DASYUROIDES_BYRNEI_TERRAIN_SPECIFIC_001,1,BRD_KOWARI
SPC_DASYURUS_MACULATUS,BEAST_SPECIES,BEAST,R22,B10,BRD_SPOTTED_TAILED_QUOLL,COOPERATION_COOPERATIVE_HUNTING_EXPRESSION,FOREST | GRASSLAND,RAIN_FOREST | WOODLAND | FOREST_EDGE,SIMULATION_READY,EVD_JRN_R22_B01_SPC_DASYURUS_MACULATUS_PERSONALITY_ID_001 | EVD_JRN_R22_B01_SPC_DASYURUS_MACULATUS_TERRAIN_BROAD_001 | EVD_JRN_R22_B01_SPC_DASYURUS_MACULATUS_TERRAIN_SPECIFIC_001,1,BRD_SPOTTED_TAILED_QUOLL
SPC_DASYURUS_VIVERRINUS,BEAST_SPECIES,BEAST,R22,B10,BRD_EASTERN_QUOLL,DISCIPLINE_FORAGING_DISCIPLINE_EXPRESSION,GRASSLAND | FOREST,FARMLAND | MEADOW | WOODLAND | FOREST_EDGE,SIMULATION_READY,EVD_JRN_R22_B01_SPC_DASYURUS_VIVERRINUS_PERSONALITY_ID_001 | EVD_JRN_R22_B01_SPC_DASYURUS_VIVERRINUS_TERRAIN_BROAD_001 | EVD_JRN_R22_B01_SPC_DASYURUS_VIVERRINUS_TERRAIN_SPECIFIC_001,1,BRD_EASTERN_QUOLL
SPC_DAUBENTONIA_MADAGASCARIENSIS,BEAST_SPECIES,BEAST,R15,B16,BRD_AYE_AYE,COLLECTIVE_MEMORY_TECHNIQUE_TRADITION,FOREST,RAIN_FOREST | FOREST_EDGE | WOODLAND | CANOPY,SIMULATION_READY,EVD_JRN_R15_B01_SPC_DAUBENTONIA_MADAGASCARIENSIS_PERSONALITY_ID_001 | EVD_JRN_R15_B01_SPC_DAUBENTONIA_MADAGASCARIENSIS_TERRAIN_BROAD_001 | EVD_JRN_R15_B01_SPC_DAUBENTONIA_MADAGASCARIENSIS_TERRAIN_SPECIFIC_001,1,BRD_AYE_AYE
SPC_DELPHINAPTERUS_LEUCAS,BEAST_SPECIES,BEAST,R01,B06,BRD_BELUGA_WHALE,PURPOSE_MIGRATION_PURPOSE_EXPRESSION,OCEAN | COASTAL | POLAR_ICE,PACK_ICE | ESTUARY | PELAGIC,SIMULATION_READY,EVD_JRN_R01_B01_SPC_DELPHINAPTERUS_LEUCAS_PERSONALITY_ID_001 | EVD_JRN_R01_B01_SPC_DELPHINAPTERUS_LEUCAS_TERRAIN_BROAD_001 | EVD_JRN_R01_B01_SPC_DELPHINAPTERUS_LEUCAS_TERRAIN_SPECIFIC_001,1,BRD_BELUGA_WHALE
SPC_DELPHINUS_DELPHIS,BEAST_SPECIES,BEAST,R01,B06,BRD_SHORT_BEAKED_COMMON_DOLPHIN,FAIRNESS_TURN_TAKING_EXPRESSION,OCEAN | COASTAL,PELAGIC,SIMULATION_READY,EVD_JRN_R01_B01_SPC_DELPHINUS_DELPHIS_PERSONALITY_ID_001 | EVD_JRN_R01_B01_SPC_DELPHINUS_DELPHIS_TERRAIN_BROAD_001 | EVD_JRN_R01_B01_SPC_DELPHINUS_DELPHIS_TERRAIN_SPECIFIC_001,1,BRD_SHORT_BEAKED_COMMON_DOLPHIN
SPC_DENDROASPIS_POLYLEPIS,BEAST_SPECIES,BEAST,R25,B20,BRD_BLACK_MAMBA,ANGER_THREAT_DISPLAY_EXPRESSION,GRASSLAND | FOREST | FRESHWATER | SUBTERRANEAN,SAVANNA | WOODLAND | RIVER | BURROW,SIMULATION_READY,EVD_JRN_R25_B01_SPC_DENDROASPIS_POLYLEPIS_PERSONALITY_ID_001 | EVD_JRN_R25_B01_SPC_DENDROASPIS_POLYLEPIS_TERRAIN_BROAD_001 | EVD_JRN_R25_B01_SPC_DENDROASPIS_POLYLEPIS_TERRAIN_SPECIFIC_001,1,BRD_BLACK_MAMBA
SPC_DENDROCOPOS_MAJOR,BEAST_SPECIES,BEAST,R22,B13,BRD_GREAT_SPOTTED_WOODPECKER,CONTROL_ENVIRONMENT_ENGINEERING_EXPRESSION,FOREST | BUILT_ENVIRONMENT,WOODLAND | OLD_GROWTH_FOREST | CITY,SIMULATION_READY,EVD_JRN_R22_B01_SPC_DENDROCOPOS_MAJOR_PERSONALITY_ID_001 | EVD_JRN_R22_B01_SPC_DENDROCOPOS_MAJOR_TERRAIN_BROAD_001 | EVD_JRN_R22_B01_SPC_DENDROCOPOS_MAJOR_TERRAIN_SPECIFIC_001,1,BRD_GREAT_SPOTTED_WOODPECKER
SPC_DENDROHYRAX_ARBOREUS,BEAST_SPECIES,BEAST,R11,B07,BRD_SOUTHERN_TREE_HYRAX,EXPRESSION_VOCAL_EXPRESSION,FOREST | MOUNTAIN | GRASSLAND,CANOPY | MONTANE_FOREST | SAVANNA | CLIFF,SIMULATION_READY,EVD_JRN_R11_B01_SPC_DENDROHYRAX_ARBOREUS_PERSONALITY_ID_001 | EVD_JRN_R11_B01_SPC_DENDROHYRAX_ARBOREUS_TERRAIN_BROAD_001 | EVD_JRN_R11_B01_SPC_DENDROHYRAX_ARBOREUS_TERRAIN_SPECIFIC_001,1,BRD_SOUTHERN_TREE_HYRAX
SPC_DENDROLAGUS_INUSTUS,BEAST_SPECIES,BEAST,R22,B10,BRD_GRIZZLED_TREE_KANGAROO,LAND_DOMAIN_BOUND_CONFLICT,FOREST | MOUNTAIN,RAIN_FOREST | MONTANE_FOREST | CANOPY,SIMULATION_READY,EVD_JRN_R22_B01_SPC_DENDROLAGUS_INUSTUS_PERSONALITY_ID_001 | EVD_JRN_R22_B01_SPC_DENDROLAGUS_INUSTUS_TERRAIN_BROAD_001 | EVD_JRN_R22_B01_SPC_DENDROLAGUS_INUSTUS_TERRAIN_SPECIFIC_001,1,BRD_GRIZZLED_TREE_KANGAROO
SPC_DENDROLAGUS_MATSCHIEI,BEAST_SPECIES,BEAST,R22,B10,BRD_MATSCHIE_S_TREE_KANGAROO,LAND_DOMAIN_BOUND_CONFLICT,FOREST | MOUNTAIN,CLOUD_FOREST | MONTANE_FOREST | CANOPY,SIMULATION_READY,EVD_JRN_R22_B01_SPC_DENDROLAGUS_MATSCHIEI_PERSONALITY_ID_001 | EVD_JRN_R22_B01_SPC_DENDROLAGUS_MATSCHIEI_TERRAIN_BROAD_001 | EVD_JRN_R22_B01_SPC_DENDROLAGUS_MATSCHIEI_TERRAIN_SPECIFIC_001,1,BRD_MATSCHIE_S_TREE_KANGAROO
SPC_DERMOCHELYS_CORIACEA,BEAST_SPECIES,BEAST,R04,B22,BRD_LEATHERBACK_SEA_TURTLE,PURPOSE_MIGRATION_PURPOSE_EXPRESSION,OCEAN | COASTAL,PELAGIC | DUNES,SIMULATION_READY,EVD_JRN_R04_B01_SPC_DERMOCHELYS_CORIACEA_PERSONALITY_ID_001 | EVD_JRN_R04_B01_SPC_DERMOCHELYS_CORIACEA_TERRAIN_BROAD_001 | EVD_JRN_R04_B01_SPC_DERMOCHELYS_CORIACEA_TERRAIN_SPECIFIC_001,1,BRD_LEATHERBACK_SEA_TURTLE
SPC_DEROPLATYS_DESICCATA,BEAST_SPECIES,BEAST,R25,B02,BRD_DEAD_LEAF_MANTIS,TRUTH_CAMOUFLAGE_EXPRESSION,FOREST,RAIN_FOREST | FOREST_FLOOR | SCRUBLAND,SIMULATION_READY,EVD_JRN_R25_B01_SPC_DEROPLATYS_DESICCATA_PERSONALITY_ID_001 | EVD_JRN_R25_B01_SPC_DEROPLATYS_DESICCATA_TERRAIN_BROAD_001 | EVD_JRN_R25_B01_SPC_DEROPLATYS_DESICCATA_TERRAIN_SPECIFIC_001,1,BRD_DEAD_LEAF_MANTIS
SPC_DESMANA_MOSCHATA,BEAST_SPECIES,BEAST,R23,B24,BRD_RUSSIAN_DESMAN,TRUST_TRUST_BY_PROXIMITY_EXPRESSION,FRESHWATER | SUBTERRANEAN,RIVER | LAKE | POND | BURROW,SIMULATION_READY,EVD_JRN_R23_B01_SPC_DESMANA_MOSCHATA_PERSONALITY_ID_001 | EVD_JRN_R23_B01_SPC_DESMANA_MOSCHATA_TERRAIN_BROAD_001 | EVD_JRN_R23_B01_SPC_DESMANA_MOSCHATA_TERRAIN_SPECIFIC_001,1,BRD_RUSSIAN_DESMAN
SPC_DESMODUS_ROTUNDUS,BEAST_SPECIES,BEAST,R20,B03,BRD_COMMON_VAMPIRE_BAT,BELONGING_COLONY_EXPRESSION,FOREST | BUILT_ENVIRONMENT | SUBTERRANEAN,RAIN_FOREST | CAVE | RUINS,SIMULATION_READY,EVD_JRN_R20_B01_SPC_DESMODUS_ROTUNDUS_PERSONALITY_ID_001 | EVD_JRN_R20_B01_SPC_DESMODUS_ROTUNDUS_TERRAIN_BROAD_001 | EVD_JRN_R20_B01_SPC_DESMODUS_ROTUNDUS_TERRAIN_SPECIFIC_001,1,BRD_COMMON_VAMPIRE_BAT
SPC_DESMOXYTES_PURPUROSEA,BEAST_SPECIES,BEAST,R25,B02,BRD_SHOCKING_PINK_DRAGON_MILLIPEDE,TRUTH_HONEST_SIGNAL_EXPRESSION,FOREST | MOUNTAIN,RAIN_FOREST | KARST | CAVE | FOREST_FLOOR,SIMULATION_READY,EVD_JRN_R25_B01_SPC_DESMOXYTES_PURPUROSEA_PERSONALITY_ID_001 | EVD_JRN_R25_B01_SPC_DESMOXYTES_PURPUROSEA_TERRAIN_BROAD_001 | EVD_JRN_R25_B01_SPC_DESMOXYTES_PURPUROSEA_TERRAIN_SPECIFIC_001,1,BRD_SHOCKING_PINK_DRAGON_MILLIPEDE
SPC_DIAEMUS_YOUNGII,BEAST_SPECIES,BEAST,R20,B03,BRD_WHITE_WINGED_VAMPIRE_BAT,BELONGING_COLONY_EXPRESSION,FOREST | SUBTERRANEAN,RAIN_FOREST | CAVE | FOREST_FLOOR,SIMULATION_READY,EVD_JRN_R20_B01_SPC_DIAEMUS_YOUNGII_PERSONALITY_ID_001 | EVD_JRN_R20_B01_SPC_DIAEMUS_YOUNGII_TERRAIN_BROAD_001 | EVD_JRN_R20_B01_SPC_DIAEMUS_YOUNGII_TERRAIN_SPECIFIC_001,1,BRD_WHITE_WINGED_VAMPIRE_BAT
SPC_DIAPHUS_THETA,BEAST_SPECIES,BEAST,R14,B04,BRD_HEADLIGHTFISH,EXPRESSION_VISUAL_EXPRESSION,OCEAN,PELAGIC,SIMULATION_READY,EVD_JRN_R14_B01_SPC_DIAPHUS_THETA_PERSONALITY_ID_001 | EVD_JRN_R14_B01_SPC_DIAPHUS_THETA_TERRAIN_BROAD_001 | EVD_JRN_R14_B01_SPC_DIAPHUS_THETA_TERRAIN_SPECIFIC_001,1,BRD_HEADLIGHTFISH
SPC_DICERORHINUS_SUMATRENSIS,BEAST_SPECIES,BEAST,R18,B12,BRD_SUMATRAN_RHINOCEROS,BOUNDARIES_TERRITORIAL_MARKING_EXPRESSION,FOREST | MOUNTAIN | WETLAND | FRESHWATER,RAIN_FOREST | MONTANE_FOREST | CLOUD_FOREST | SWAMP | RIVER,SIMULATION_READY,EVD_JRN_R18_B01_SPC_DICERORHINUS_SUMATRENSIS_PERSONALITY_ID_001 | EVD_JRN_R18_B01_SPC_DICERORHINUS_SUMATRENSIS_TERRAIN_BROAD_001 | EVD_JRN_R18_B01_SPC_DICERORHINUS_SUMATRENSIS_TERRAIN_SPECIFIC_001,1,BRD_SUMATRAN_RHINOCEROS
SPC_DICEROS_BICORNIS,BEAST_SPECIES,BEAST,R18,B12,BRD_BLACK_RHINOCEROS,BOUNDARIES_TERRITORIAL_MARKING_EXPRESSION,GRASSLAND | DESERT | FOREST | FRESHWATER,SAVANNA | SCRUBLAND | HOT_DESERT | WOODLAND | RIVER,SIMULATION_READY,EVD_JRN_R18_B01_SPC_DICEROS_BICORNIS_PERSONALITY_ID_001 | EVD_JRN_R18_B01_SPC_DICEROS_BICORNIS_TERRAIN_BROAD_001 | EVD_JRN_R18_B01_SPC_DICEROS_BICORNIS_TERRAIN_SPECIFIC_001,1,BRD_BLACK_RHINOCEROS
SPC_DIDELPHIS_VIRGINIANA,BEAST_SPECIES,BEAST,R22,B10,BRD_VIRGINIA_OPOSSUM,CONTROL_ADAPTIVE_SURRENDER_EXPRESSION,FOREST | WETLAND | BUILT_ENVIRONMENT,WOODLAND | SWAMP | CITY | FARMLAND,SIMULATION_READY,EVD_JRN_R22_B01_SPC_DIDELPHIS_VIRGINIANA_PERSONALITY_ID_001 | EVD_JRN_R22_B01_SPC_DIDELPHIS_VIRGINIANA_TERRAIN_BROAD_001 | EVD_JRN_R22_B01_SPC_DIDELPHIS_VIRGINIANA_TERRAIN_SPECIFIC_001,1,BRD_VIRGINIA_OPOSSUM
SPC_DIODON_HOLOCANTHUS,BEAST_SPECIES,BEAST,R14,B04,BRD_LONG_SPINE_PORCUPINEFISH,EMBODIMENT_PROTECTED_BODY_EXPRESSION,OCEAN | COASTAL,CORAL_REEF,SIMULATION_READY,EVD_JRN_R14_B01_SPC_DIODON_HOLOCANTHUS_PERSONALITY_ID_001 | EVD_JRN_R14_B01_SPC_DIODON_HOLOCANTHUS_TERRAIN_BROAD_001 | EVD_JRN_R14_B01_SPC_DIODON_HOLOCANTHUS_TERRAIN_SPECIFIC_001,1,BRD_LONG_SPINE_PORCUPINEFISH
SPC_DIOMEDEA_EXULANS,BEAST_SPECIES,BEAST,R01,B23,BRD_WANDERING_ALBATROSS,ATTACHMENT_LIFELONG_BOND_EXPRESSION,OCEAN | COASTAL | GRASSLAND,PELAGIC | ISLAND | PLATEAU,SIMULATION_READY,EVD_JRN_R01_B01_SPC_DIOMEDEA_EXULANS_PERSONALITY_ID_001 | EVD_JRN_R01_B01_SPC_DIOMEDEA_EXULANS_TERRAIN_BROAD_001 | EVD_JRN_R01_B01_SPC_DIOMEDEA_EXULANS_TERRAIN_SPECIFIC_001,1,BRD_WANDERING_ALBATROSS
SPC_DIPHYLLA_ECAUDATA,BEAST_SPECIES,BEAST,R20,B03,BRD_HAIRY_LEGGED_VAMPIRE_BAT,BELONGING_COLONY_EXPRESSION,FOREST | SUBTERRANEAN,RAIN_FOREST | CAVE | FOREST_FLOOR,SIMULATION_READY,EVD_JRN_R20_B01_SPC_DIPHYLLA_ECAUDATA_PERSONALITY_ID_001 | EVD_JRN_R20_B01_SPC_DIPHYLLA_ECAUDATA_TERRAIN_BROAD_001 | EVD_JRN_R20_B01_SPC_DIPHYLLA_ECAUDATA_TERRAIN_SPECIFIC_001,1,BRD_HAIRY_LEGGED_VAMPIRE_BAT
SPC_DIPHYLLODES_RESPUBLICA,BEAST_SPECIES,BEAST,R08,B21,BRD_WILSON_S_BIRD_OF_PARADISE,DESIRE_COURTSHIP_DISPLAY_EXPRESSION,FOREST | MOUNTAIN,RAIN_FOREST | FOREST_FLOOR,SIMULATION_READY,EVD_JRN_R08_B01_SPC_DIPHYLLODES_RESPUBLICA_PERSONALITY_ID_001 | EVD_JRN_R08_B01_SPC_DIPHYLLODES_RESPUBLICA_TERRAIN_BROAD_001 | EVD_JRN_R08_B01_SPC_DIPHYLLODES_RESPUBLICA_TERRAIN_SPECIFIC_001,1,BRD_WILSON_S_BIRD_OF_PARADISE
SPC_DIPLOPTERA_PUNCTATA,BEAST_SPECIES,BEAST,R25,B02,BRD_PACIFIC_BEETLE_COCKROACH,CARE_PROVISIONING_EXPRESSION,FOREST | BUILT_ENVIRONMENT,RAIN_FOREST | FOREST_FLOOR | FARMLAND | VILLAGE,SIMULATION_READY,EVD_JRN_R25_B01_SPC_DIPLOPTERA_PUNCTATA_PERSONALITY_ID_001 | EVD_JRN_R25_B01_SPC_DIPLOPTERA_PUNCTATA_TERRAIN_BROAD_001 | EVD_JRN_R25_B01_SPC_DIPLOPTERA_PUNCTATA_TERRAIN_SPECIFIC_001,1,BRD_PACIFIC_BEETLE_COCKROACH
SPC_DIPODOMYS_MERRIAMI,BEAST_SPECIES,BEAST,R20,B18,BRD_DIPODOMYS_MERRIAMI_MERRIAM_S_KANGAROO_RAT,PERSEVERANCE_DROUGHT_OR_COLD_ENDURANCE_EXPRESSION,DESERT | GRASSLAND | SUBTERRANEAN,HOT_DESERT | SCRUBLAND | BURROW,SIMULATION_READY,EVD_JRN_R20_B01_SPC_DIPODOMYS_MERRIAMI_PERSONALITY_ID_001 | EVD_JRN_R20_B01_SPC_DIPODOMYS_MERRIAMI_TERRAIN_BROAD_001 | EVD_JRN_R20_B01_SPC_DIPODOMYS_MERRIAMI_TERRAIN_SPECIFIC_001,1,BRD_DIPODOMYS_MERRIAMI_MERRIAM_S_KANGAROO_RAT
SPC_DIPODOMYS_SPECTABILIS,BEAST_SPECIES,BEAST,R20,B18,BRD_BANNER_TAILED_KANGAROO_RAT,BOUNDARIES_TERRITORIAL_MARKING_EXPRESSION,DESERT | GRASSLAND | SUBTERRANEAN,HOT_DESERT | SCRUBLAND | BURROW,SIMULATION_READY,EVD_JRN_R20_B01_SPC_DIPODOMYS_SPECTABILIS_PERSONALITY_ID_001 | EVD_JRN_R20_B01_SPC_DIPODOMYS_SPECTABILIS_TERRAIN_BROAD_001 | EVD_JRN_R20_B01_SPC_DIPODOMYS_SPECTABILIS_TERRAIN_SPECIFIC_001,1,BRD_BANNER_TAILED_KANGAROO_RAT
SPC_DIPTURUS_BATIS,BEAST_SPECIES,BEAST,R12,B19,BRD_COMMON_SKATE,PATIENCE_AMBUSH_PATIENCE_EXPRESSION,OCEAN | COASTAL,PELAGIC | MUDFLAT,SIMULATION_READY,EVD_JRN_R12_B01_SPC_DIPTURUS_BATIS_PERSONALITY_ID_001 | EVD_JRN_R12_B01_SPC_DIPTURUS_BATIS_TERRAIN_BROAD_001 | EVD_JRN_R12_B01_SPC_DIPTURUS_BATIS_TERRAIN_SPECIFIC_001,1,BRD_COMMON_SKATE
SPC_DIVINUS_APSARA,MYTHOS_SPECIES,MYTHOS,R13,M04,BRD_APSARA,EXPRESSION_COMPELLED_PERFORMANCE_CONFLICT,FRESHWATER | OCEAN | BUILT_ENVIRONMENT,TEMPLE | CASTLE,SIMULATION_READY,EVD_JRN_R13_B01_SPC_DIVINUS_APSARA_PERSONALITY_ID_001 | EVD_JRN_R13_B01_SPC_DIVINUS_APSARA_TERRAIN_BROAD_001 | EVD_JRN_R13_B01_SPC_DIVINUS_APSARA_TERRAIN_SPECIFIC_001,1,BRD_APSARA
SPC_DIVINUS_DEVA,MYTHOS_SPECIES,MYTHOS,R13,M04,BRD_DEVA,LEGITIMACY_DIVINE_MANDATE_CONFLICT,MOUNTAIN | BUILT_ENVIRONMENT | GENERALIST,TEMPLE | CASTLE | GENERALIST,SIMULATION_READY,EVD_JRN_R13_B01_SPC_DIVINUS_DEVA_PERSONALITY_ID_001 | EVD_JRN_R13_B01_SPC_DIVINUS_DEVA_TERRAIN_BROAD_001 | EVD_JRN_R13_B01_SPC_DIVINUS_DEVA_TERRAIN_SPECIFIC_001,1,BRD_DEVA
SPC_DIVINUS_DIWATA,MYTHOS_SPECIES,MYTHOS,R13,M04,BRD_DIWATA,STEWARDSHIP_REALM_KEEPER_CONFLICT,FOREST | MOUNTAIN | FRESHWATER,OLD_GROWTH_FOREST | MONTANE_FOREST | LAKE | CAVE,SIMULATION_READY,EVD_JRN_R13_B01_SPC_DIVINUS_DIWATA_PERSONALITY_ID_001 | EVD_JRN_R13_B01_SPC_DIVINUS_DIWATA_TERRAIN_BROAD_001 | EVD_JRN_R13_B01_SPC_DIVINUS_DIWATA_TERRAIN_SPECIFIC_001,1,BRD_DIWATA
SPC_DIVINUS_ERINYS,MYTHOS_SPECIES,MYTHOS,R13,M04,BRD_ERINYS,FAIRNESS_JUSTICE_VERSUS_LOVE_CONFLICT,SUBTERRANEAN | BUILT_ENVIRONMENT,CAVE | TEMPLE,SIMULATION_READY,EVD_JRN_R13_B01_SPC_DIVINUS_ERINYS_PERSONALITY_ID_001 | EVD_JRN_R13_B01_SPC_DIVINUS_ERINYS_TERRAIN_BROAD_001 | EVD_JRN_R13_B01_SPC_DIVINUS_ERINYS_TERRAIN_SPECIFIC_001,1,BRD_ERINYS
SPC_DIVINUS_GARUDA,MYTHOS_SPECIES,MYTHOS,R13,M04,BRD_GARUDA,CARE_CREATED_SERVANT_CONFLICT,MOUNTAIN | FOREST | BUILT_ENVIRONMENT,CLIFF | CANOPY | TEMPLE,SIMULATION_READY,EVD_JRN_R13_B01_SPC_DIVINUS_GARUDA_PERSONALITY_ID_001 | EVD_JRN_R13_B01_SPC_DIVINUS_GARUDA_TERRAIN_BROAD_001 | EVD_JRN_R13_B01_SPC_DIVINUS_GARUDA_TERRAIN_SPECIFIC_001,1,BRD_GARUDA
SPC_DIVINUS_VALKYRIE,MYTHOS_SPECIES,MYTHOS,R13,M04,BRD_VALKYRIE,MORTALITY_UNEQUAL_EXPOSURE_WOUND,MOUNTAIN | BUILT_ENVIRONMENT | GRASSLAND,CASTLE | MEADOW,SIMULATION_READY,EVD_JRN_R13_B01_SPC_DIVINUS_VALKYRIE_PERSONALITY_ID_001 | EVD_JRN_R13_B01_SPC_DIVINUS_VALKYRIE_TERRAIN_BROAD_001 | EVD_JRN_R13_B01_SPC_DIVINUS_VALKYRIE_TERRAIN_SPECIFIC_001,1,BRD_VALKYRIE
SPC_DOLICHOTIS_PATAGONUM,BEAST_SPECIES,BEAST,R20,B18,BRD_PATAGONIAN_MARA,ATTACHMENT_LIFELONG_BOND_EXPRESSION,GRASSLAND | DESERT | SUBTERRANEAN,STEPPE | SCRUBLAND | BURROW,SIMULATION_READY,EVD_JRN_R20_B01_SPC_DOLICHOTIS_PATAGONUM_PERSONALITY_ID_001 | EVD_JRN_R20_B01_SPC_DOLICHOTIS_PATAGONUM_TERRAIN_BROAD_001 | EVD_JRN_R20_B01_SPC_DOLICHOTIS_PATAGONUM_TERRAIN_SPECIFIC_001,1,BRD_PATAGONIAN_MARA
SPC_DOSIDICUS_GIGAS,BEAST_SPECIES,BEAST,R14,B11,BRD_HUMBOLDT_SQUID,EXPRESSION_VISUAL_EXPRESSION,OCEAN,PELAGIC,SIMULATION_READY,EVD_JRN_R14_B01_SPC_DOSIDICUS_GIGAS_PERSONALITY_ID_001 | EVD_JRN_R14_B01_SPC_DOSIDICUS_GIGAS_TERRAIN_BROAD_001 | EVD_JRN_R14_B01_SPC_DOSIDICUS_GIGAS_TERRAIN_SPECIFIC_001,1,BRD_HUMBOLDT_SQUID
SPC_DRACAENA_GUIANENSIS,BEAST_SPECIES,BEAST,R24,B09,BRD_NORTHERN_CAIMAN_LIZARD,RISK_LEAP_OR_DIVE_EXPRESSION,WETLAND | FRESHWATER | FOREST,SWAMP | FLOODPLAIN | RIVER | RAIN_FOREST,SIMULATION_READY,EVD_JRN_R24_B01_SPC_DRACAENA_GUIANENSIS_PERSONALITY_ID_001 | EVD_JRN_R24_B01_SPC_DRACAENA_GUIANENSIS_TERRAIN_BROAD_001 | EVD_JRN_R24_B01_SPC_DRACAENA_GUIANENSIS_TERRAIN_SPECIFIC_001,1,BRD_NORTHERN_CAIMAN_LIZARD
SPC_DRACO_COGNATUS,MYTHOS_SPECIES,MYTHOS,R16,M06,BRD_DRAGONKIN_LINDWORMKIN | BRD_DRAGONKIN_LONG | BRD_DRAGONKIN_WESTERN | BRD_DRAGONKIN_WYVERNKIN,AMBIGUITY_BLESSING_CURSE_CONFLICT,MOUNTAIN | FOREST | SUBTERRANEAN | FRESHWATER | OCEAN,CAVE | CLIFF | MONTANE_FOREST | LAKE | PELAGIC,SIMULATION_READY,EVD_JRN_R16_B01_SPC_DRACO_COGNATUS_PERSONALITY_ID_001 | EVD_JRN_R16_B01_SPC_DRACO_COGNATUS_TERRAIN_BROAD_001 | EVD_JRN_R16_B01_SPC_DRACO_COGNATUS_TERRAIN_SPECIFIC_001,4,BRD_DRAGONKIN_LINDWORMKIN | BRD_DRAGONKIN_LONG | BRD_DRAGONKIN_WESTERN | BRD_DRAGONKIN_WYVERNKIN
SPC_DRACO_MOO,MYTHOS_SPECIES,MYTHOS,R16,M06,BRD_MO_O,AMBIGUITY_BLESSING_CURSE_CONFLICT,FRESHWATER | COASTAL | SUBTERRANEAN,CAVE | POND | RIVER | ISLAND | COASTAL_CLIFF,SIMULATION_READY,EVD_JRN_R16_B01_SPC_DRACO_MOO_PERSONALITY_ID_001 | EVD_JRN_R16_B01_SPC_DRACO_MOO_TERRAIN_BROAD_001 | EVD_JRN_R16_B01_SPC_DRACO_MOO_TERRAIN_SPECIFIC_001,1,BRD_MO_O
SPC_DRACO_NAGA,MYTHOS_SPECIES,MYTHOS,R16,M06,BRD_NAGA_NAGA | BRD_NAGA_NAGINI,AMBIGUITY_UNFIXED_FORM_CONFLICT,SUBTERRANEAN | FRESHWATER | OCEAN | MOUNTAIN,CAVE | RIVER | LAKE | PELAGIC,SIMULATION_READY,EVD_JRN_R16_B01_SPC_DRACO_NAGA_PERSONALITY_ID_001 | EVD_JRN_R16_B01_SPC_DRACO_NAGA_TERRAIN_BROAD_001 | EVD_JRN_R16_B01_SPC_DRACO_NAGA_TERRAIN_SPECIFIC_001,2,BRD_NAGA_NAGA | BRD_NAGA_NAGINI
SPC_DRACO_VOLANS,BEAST_SPECIES,BEAST,R24,B09,BRD_COMMON_FLYING_DRAGON,RISK_LEAP_OR_DIVE_EXPRESSION,FOREST,RAIN_FOREST | CANOPY | ISLAND,SIMULATION_READY,EVD_JRN_R24_B01_SPC_DRACO_VOLANS_PERSONALITY_ID_001 | EVD_JRN_R24_B01_SPC_DRACO_VOLANS_TERRAIN_BROAD_001 | EVD_JRN_R24_B01_SPC_DRACO_VOLANS_TERRAIN_SPECIFIC_001,1,BRD_COMMON_FLYING_DRAGON
SPC_DROMAIUS_NOVAEHOLLANDIAE,BEAST_SPECIES,BEAST,R17,B15,BRD_EMU,PROTECTION_YOUNG_SHIELDING_EXPRESSION,GRASSLAND | DESERT | FOREST | FRESHWATER,SAVANNA | SCRUBLAND | HOT_DESERT | WOODLAND | RIVER,SIMULATION_READY,EVD_JRN_R17_B01_SPC_DROMAIUS_NOVAEHOLLANDIAE_PERSONALITY_ID_001 | EVD_JRN_R17_B01_SPC_DROMAIUS_NOVAEHOLLANDIAE_TERRAIN_BROAD_001 | EVD_JRN_R17_B01_SPC_DROMAIUS_NOVAEHOLLANDIAE_TERRAIN_SPECIFIC_001,1,BRD_EMU
SPC_DROSOPHILA_MELANOGASTER,BEAST_SPECIES,BEAST,R25,B02,BRD_COMMON_FRUIT_FLY,BELONGING_COLONY_EXPRESSION,BUILT_ENVIRONMENT | GRASSLAND | FOREST,FARMLAND | VILLAGE | CITY | FOREST_EDGE,SIMULATION_READY,EVD_JRN_R25_B01_SPC_DROSOPHILA_MELANOGASTER_PERSONALITY_ID_001 | EVD_JRN_R25_B01_SPC_DROSOPHILA_MELANOGASTER_TERRAIN_BROAD_001 | EVD_JRN_R25_B01_SPC_DROSOPHILA_MELANOGASTER_TERRAIN_SPECIFIC_001,1,BRD_COMMON_FRUIT_FLY
SPC_DRYOCOPUS_PILEATUS,BEAST_SPECIES,BEAST,R22,B13,BRD_PILEATED_WOODPECKER,CONTROL_ENVIRONMENT_ENGINEERING_EXPRESSION,FOREST,OLD_GROWTH_FOREST | WOODLAND | FOREST_EDGE,SIMULATION_READY,EVD_JRN_R22_B01_SPC_DRYOCOPUS_PILEATUS_PERSONALITY_ID_001 | EVD_JRN_R22_B01_SPC_DRYOCOPUS_PILEATUS_TERRAIN_BROAD_001 | EVD_JRN_R22_B01_SPC_DRYOCOPUS_PILEATUS_TERRAIN_SPECIFIC_001,1,BRD_PILEATED_WOODPECKER
SPC_DUCULA_BICOLOR,BEAST_SPECIES,BEAST,R17,B15,BRD_PIED_IMPERIAL_PIGEON,BELONGING_COLONY_EXPRESSION,FOREST | COASTAL | OCEAN,RAIN_FOREST | MANGROVE | ISLAND | PELAGIC | CANOPY,SIMULATION_READY,EVD_JRN_R17_B01_SPC_DUCULA_BICOLOR_PERSONALITY_ID_001 | EVD_JRN_R17_B01_SPC_DUCULA_BICOLOR_TERRAIN_BROAD_001 | EVD_JRN_R17_B01_SPC_DUCULA_BICOLOR_TERRAIN_SPECIFIC_001,1,BRD_PIED_IMPERIAL_PIGEON
SPC_DUGONG_DUGON,BEAST_SPECIES,BEAST,R11,B07,BRD_DUGONG,BELONGING_HERDING_EXPRESSION,OCEAN | COASTAL | WETLAND,SEAGRASS_BED | ESTUARY | MANGROVE | ISLAND,SIMULATION_READY,EVD_JRN_R11_B01_SPC_DUGONG_DUGON_PERSONALITY_ID_001 | EVD_JRN_R11_B01_SPC_DUGONG_DUGON_TERRAIN_BROAD_001 | EVD_JRN_R11_B01_SPC_DUGONG_DUGON_TERRAIN_SPECIFIC_001,1,BRD_DUGONG
SPC_DYNASTES_HERCULES,BEAST_SPECIES,BEAST,R25,B02,BRD_HERCULES_BEETLE,POWER_PHYSICAL_POWER_EXPRESSION,FOREST | MOUNTAIN,RAIN_FOREST | MONTANE_FOREST | FOREST_FLOOR,SIMULATION_READY,EVD_JRN_R25_B01_SPC_DYNASTES_HERCULES_PERSONALITY_ID_001 | EVD_JRN_R25_B01_SPC_DYNASTES_HERCULES_TERRAIN_BROAD_001 | EVD_JRN_R25_B01_SPC_DYNASTES_HERCULES_TERRAIN_SPECIFIC_001,1,BRD_HERCULES_BEETLE
SPC_DYSCOPHUS_ANTONGILII,BEAST_SPECIES,BEAST,R13,B01,BRD_TOMATO_FROG,EMBODIMENT_PROTECTED_BODY_EXPRESSION,FOREST | WETLAND | FRESHWATER,RAIN_FOREST | SWAMP | MARSH | POND | RIVER,SIMULATION_READY,EVD_JRN_R13_B01_SPC_DYSCOPHUS_ANTONGILII_PERSONALITY_ID_001 | EVD_JRN_R13_B01_SPC_DYSCOPHUS_ANTONGILII_TERRAIN_BROAD_001 | EVD_JRN_R13_B01_SPC_DYSCOPHUS_ANTONGILII_TERRAIN_SPECIFIC_001,1,BRD_TOMATO_FROG
SPC_ECHENEIS_NAUCRATES,BEAST_SPECIES,BEAST,R14,B04,BRD_LIVE_SHARKSUCKER,HOSPITALITY_HOST_VERSUS_REALM_CONFLICT,OCEAN | COASTAL,PELAGIC | CORAL_REEF,SIMULATION_READY,EVD_JRN_R14_B01_SPC_ECHENEIS_NAUCRATES_PERSONALITY_ID_001 | EVD_JRN_R14_B01_SPC_ECHENEIS_NAUCRATES_TERRAIN_BROAD_001 | EVD_JRN_R14_B01_SPC_ECHENEIS_NAUCRATES_TERRAIN_SPECIFIC_001,1,BRD_LIVE_SHARKSUCKER
SPC_ECHINOPS_TELFAIRI,BEAST_SPECIES,BEAST,R11,B07,BRD_LESSER_HEDGEHOG_TENREC,SCARCITY_METABOLIC_SLOWING_EXPRESSION,FOREST | GRASSLAND,WOODLAND | SCRUBLAND | SAVANNA | FOREST_FLOOR,SIMULATION_READY,EVD_JRN_R11_B01_SPC_ECHINOPS_TELFAIRI_PERSONALITY_ID_001 | EVD_JRN_R11_B01_SPC_ECHINOPS_TELFAIRI_TERRAIN_BROAD_001 | EVD_JRN_R11_B01_SPC_ECHINOPS_TELFAIRI_TERRAIN_SPECIFIC_001,1,BRD_LESSER_HEDGEHOG_TENREC
SPC_ECHINOSOREX_GYMNURA,BEAST_SPECIES,BEAST,R23,B24,BRD_MOONRAT,EXPRESSION_CHEMICAL_EXPRESSION,FOREST | WETLAND | FRESHWATER | BUILT_ENVIRONMENT,RAIN_FOREST | MANGROVE | SWAMP | RIVER | FARMLAND,SIMULATION_READY,EVD_JRN_R23_B01_SPC_ECHINOSOREX_GYMNURA_PERSONALITY_ID_001 | EVD_JRN_R23_B01_SPC_ECHINOSOREX_GYMNURA_TERRAIN_BROAD_001 | EVD_JRN_R23_B01_SPC_ECHINOSOREX_GYMNURA_TERRAIN_SPECIFIC_001,1,BRD_MOONRAT
SPC_ECITON_BURCHELLII,BEAST_SPECIES,BEAST,R25,B02,BRD_ARMY_ANT,COOPERATION_CIRCLE_DEPENDENT_POWER_CONFLICT,FOREST,RAIN_FOREST | FOREST_FLOOR,SIMULATION_READY,EVD_JRN_R25_B01_SPC_ECITON_BURCHELLII_PERSONALITY_ID_001 | EVD_JRN_R25_B01_SPC_ECITON_BURCHELLII_TERRAIN_BROAD_001 | EVD_JRN_R25_B01_SPC_ECITON_BURCHELLII_TERRAIN_SPECIFIC_001,1,BRD_ARMY_ANT
SPC_ECLECTUS_RORATUS,BEAST_SPECIES,BEAST,R19,B14,BRD_ECLECTUS_PARROT,AUTHORITY_REPRODUCTIVE_LEADER_EXPRESSION,FOREST | COASTAL,RAIN_FOREST | CANOPY | ISLAND | FOREST_EDGE,SIMULATION_READY,EVD_JRN_R19_B01_SPC_ECLECTUS_RORATUS_PERSONALITY_ID_001 | EVD_JRN_R19_B01_SPC_ECLECTUS_RORATUS_TERRAIN_BROAD_001 | EVD_JRN_R19_B01_SPC_ECLECTUS_RORATUS_TERRAIN_SPECIFIC_001,1,BRD_ECLECTUS_PARROT
SPC_ELECTROPHORUS_ELECTRICUS,BEAST_SPECIES,BEAST,R14,B04,BRD_ELECTRIC_EEL,EMBODIMENT_WEAPON_BODY_CONFLICT,FRESHWATER | WETLAND,RIVER | FLOODPLAIN | SWAMP,SIMULATION_READY,EVD_JRN_R14_B01_SPC_ELECTROPHORUS_ELECTRICUS_PERSONALITY_ID_001 | EVD_JRN_R14_B01_SPC_ELECTROPHORUS_ELECTRICUS_TERRAIN_BROAD_001 | EVD_JRN_R14_B01_SPC_ELECTROPHORUS_ELECTRICUS_TERRAIN_SPECIFIC_001,1,BRD_ELECTRIC_EEL
SPC_ELEMENTUM_INCARNATUM,MYTHOS_SPECIES,MYTHOS,R09,M08,BRD_ELEMENTAL | BRD_ELEMENTALS_AIR | BRD_ELEMENTALS_CRYSTAL | BRD_ELEMENTALS_EARTH | BRD_ELEMENTALS_FIRE | BRD_ELEMENTALS_ICE | BRD_ELEMENTALS_LIGHTNING | BRD_ELEMENTALS_MAGMA | BRD_ELEMENTALS_METAL | BRD_ELEMENTALS_SAND | BRD_ELEMENTALS_SMOKE | BRD_ELEMENTALS_WATER | BRD_ELEMENTALS_WOOD,EMBODIMENT_FUNCTIONAL_BODY_EXPRESSION,GENERALIST,GENERALIST,SIMULATION_READY,EVD_JRN_R09_B01_SPC_ELEMENTUM_INCARNATUM_PERSONALITY_ID_001 | EVD_JRN_R09_B01_SPC_ELEMENTUM_INCARNATUM_TERRAIN_BROAD_001 | EVD_JRN_R09_B01_SPC_ELEMENTUM_INCARNATUM_TERRAIN_SPECIFIC_001,13,BRD_ELEMENTAL | BRD_ELEMENTALS_AIR | BRD_ELEMENTALS_CRYSTAL | BRD_ELEMENTALS_EARTH | BRD_ELEMENTALS_FIRE | BRD_ELEMENTALS_ICE | BRD_ELEMENTALS_LIGHTNING | BRD_ELEMENTALS_MAGMA | BRD_ELEMENTALS_METAL | BRD_ELEMENTALS_SAND | BRD_ELEMENTALS_SMOKE | BRD_ELEMENTALS_WATER | BRD_ELEMENTALS_WOOD
SPC_ELEMENTUM_SALAMANDER,MYTHOS_SPECIES,MYTHOS,R09,M08,BRD_SALAMANDER,LAND_DOMAIN_BOUND_CONFLICT,GENERALIST,GENERALIST,SIMULATION_READY,EVD_JRN_R09_B01_SPC_ELEMENTUM_SALAMANDER_PERSONALITY_ID_001 | EVD_JRN_R09_B01_SPC_ELEMENTUM_SALAMANDER_TERRAIN_BROAD_001 | EVD_JRN_R09_B01_SPC_ELEMENTUM_SALAMANDER_TERRAIN_SPECIFIC_001,1,BRD_SALAMANDER
SPC_ELEMENTUM_SYLPH,MYTHOS_SPECIES,MYTHOS,R09,M08,BRD_SYLPH,EMBODIMENT_DISEMBODIED_LONGING_CONFLICT,GENERALIST,GENERALIST,SIMULATION_READY,EVD_JRN_R09_B01_SPC_ELEMENTUM_SYLPH_PERSONALITY_ID_001 | EVD_JRN_R09_B01_SPC_ELEMENTUM_SYLPH_TERRAIN_BROAD_001 | EVD_JRN_R09_B01_SPC_ELEMENTUM_SYLPH_TERRAIN_SPECIFIC_001,1,BRD_SYLPH
SPC_ELEPHAS_MAXIMUS,BEAST_SPECIES,BEAST,R11,B07,BRD_ASIAN_ELEPHANT,COOPERATION_GROUP_DEFENSE_EXPRESSION,FOREST | GRASSLAND | MOUNTAIN | WETLAND,RAIN_FOREST | WOODLAND | SAVANNA | SCRUBLAND | ALPINE,SIMULATION_READY,EVD_JRN_R11_B01_SPC_ELEPHAS_MAXIMUS_PERSONALITY_ID_001 | EVD_JRN_R11_B01_SPC_ELEPHAS_MAXIMUS_TERRAIN_BROAD_001 | EVD_JRN_R11_B01_SPC_ELEPHAS_MAXIMUS_TERRAIN_SPECIFIC_001,1,BRD_ASIAN_ELEPHANT
SPC_ELIOMYS_QUERCINUS,BEAST_SPECIES,BEAST,R20,B18,BRD_GARDEN_DORMOUSE,BELONGING_COLONY_EXPRESSION,FOREST | MOUNTAIN | BUILT_ENVIRONMENT,WOODLAND | MONTANE_FOREST | FARMLAND,SIMULATION_READY,EVD_JRN_R20_B01_SPC_ELIOMYS_QUERCINUS_PERSONALITY_ID_001 | EVD_JRN_R20_B01_SPC_ELIOMYS_QUERCINUS_TERRAIN_BROAD_001 | EVD_JRN_R20_B01_SPC_ELIOMYS_QUERCINUS_TERRAIN_SPECIFIC_001,1,BRD_GARDEN_DORMOUSE
SPC_EMYS_ORBICULARIS,BEAST_SPECIES,BEAST,R04,B22,BRD_EUROPEAN_POND_TURTLE,PERSEVERANCE_DROUGHT_OR_COLD_ENDURANCE_EXPRESSION,FRESHWATER | WETLAND | SUBTERRANEAN,MARSH | POND | RIVER | MUDFLAT,SIMULATION_READY,EVD_JRN_R04_B01_SPC_EMYS_ORBICULARIS_PERSONALITY_ID_001 | EVD_JRN_R04_B01_SPC_EMYS_ORBICULARIS_TERRAIN_BROAD_001 | EVD_JRN_R04_B01_SPC_EMYS_ORBICULARIS_TERRAIN_SPECIFIC_001,1,BRD_EUROPEAN_POND_TURTLE
SPC_ENHYDRA_LUTRIS,BEAST_SPECIES,BEAST,R02,B05,BRD_SEA_OTTER,CURIOSITY_PROBLEM_SOLVING_EXPRESSION,OCEAN | COASTAL,KELP_FOREST,SIMULATION_READY,EVD_JRN_R02_B01_SPC_ENHYDRA_LUTRIS_PERSONALITY_ID_001 | EVD_JRN_R02_B01_SPC_ENHYDRA_LUTRIS_TERRAIN_BROAD_001 | EVD_JRN_R02_B01_SPC_ENHYDRA_LUTRIS_TERRAIN_SPECIFIC_001,1,BRD_SEA_OTTER
SPC_ENSATINA_ESCHSCHOLTZII,BEAST_SPECIES,BEAST,R13,B01,BRD_ENSATINA_SALAMANDER,TRUTH_MIMICRY_EXPRESSION,FOREST,WOODLAND | FOREST_FLOOR,SIMULATION_READY,EVD_JRN_R13_B01_SPC_ENSATINA_ESCHSCHOLTZII_PERSONALITY_ID_001 | EVD_JRN_R13_B01_SPC_ENSATINA_ESCHSCHOLTZII_TERRAIN_BROAD_001 | EVD_JRN_R13_B01_SPC_ENSATINA_ESCHSCHOLTZII_TERRAIN_SPECIFIC_001,1,BRD_ENSATINA_SALAMANDER
SPC_ENSIFERA_ENSIFERA,BEAST_SPECIES,BEAST,R22,B13,BRD_SWORD_BILLED_HUMMINGBIRD,DISCIPLINE_FORAGING_DISCIPLINE_EXPRESSION,FOREST | MOUNTAIN | GRASSLAND,CLOUD_FOREST | MONTANE_FOREST | FLOWERING_HABITAT,SIMULATION_READY,EVD_JRN_R22_B01_SPC_ENSIFERA_ENSIFERA_PERSONALITY_ID_001 | EVD_JRN_R22_B01_SPC_ENSIFERA_ENSIFERA_TERRAIN_BROAD_001 | EVD_JRN_R22_B01_SPC_ENSIFERA_ENSIFERA_TERRAIN_SPECIFIC_001,1,BRD_SWORD_BILLED_HUMMINGBIRD
SPC_ENTOSPHENUS_TRIDENTATUS,BEAST_SPECIES,BEAST,R12,B19,BRD_PACIFIC_LAMPREY,LAND_SPAWNING_SITE_DEPENDENCE,OCEAN | COASTAL | FRESHWATER,PELAGIC | ESTUARY | RIVER | SOIL,SIMULATION_READY,EVD_JRN_R12_B01_SPC_ENTOSPHENUS_TRIDENTATUS_PERSONALITY_ID_001 | EVD_JRN_R12_B01_SPC_ENTOSPHENUS_TRIDENTATUS_TERRAIN_BROAD_001 | EVD_JRN_R12_B01_SPC_ENTOSPHENUS_TRIDENTATUS_TERRAIN_SPECIFIC_001,1,BRD_PACIFIC_LAMPREY
SPC_EPHIPPIORHYNCHUS_SENEGALENSIS,BEAST_SPECIES,BEAST,R01,B23,BRD_SADDLE_BILLED_STORK,ATTACHMENT_LIFELONG_BOND_EXPRESSION,FRESHWATER | WETLAND | GRASSLAND,RIVER | FLOODPLAIN | MARSH | SAVANNA,SIMULATION_READY,EVD_JRN_R01_B01_SPC_EPHIPPIORHYNCHUS_SENEGALENSIS_PERSONALITY_ID_001 | EVD_JRN_R01_B01_SPC_EPHIPPIORHYNCHUS_SENEGALENSIS_TERRAIN_BROAD_001 | EVD_JRN_R01_B01_SPC_EPHIPPIORHYNCHUS_SENEGALENSIS_TERRAIN_SPECIFIC_001,1,BRD_SADDLE_BILLED_STORK
SPC_EPICRATES_CENCHRIA,BEAST_SPECIES,BEAST,R25,B20,BRD_BRAZILIAN_RAINBOW_BOA,FORCE_CONSTRICT_EXPRESSION,FOREST | GRASSLAND | WETLAND,RAIN_FOREST | FOREST_FLOOR | SAVANNA | SWAMP,SIMULATION_READY,EVD_JRN_R25_B01_SPC_EPICRATES_CENCHRIA_PERSONALITY_ID_001 | EVD_JRN_R25_B01_SPC_EPICRATES_CENCHRIA_TERRAIN_BROAD_001 | EVD_JRN_R25_B01_SPC_EPICRATES_CENCHRIA_TERRAIN_SPECIFIC_001,1,BRD_BRAZILIAN_RAINBOW_BOA
SPC_EPISYRPHUS_BALTEATUS,BEAST_SPECIES,BEAST,R25,B02,BRD_MARMALADE_HOVERFLY,AMBIGUITY_MIXED_STRATEGY_EXPRESSION,GRASSLAND | BUILT_ENVIRONMENT,MEADOW | FLOWERING_HABITAT | FARMLAND | CITY | VILLAGE,SIMULATION_READY,EVD_JRN_R25_B01_SPC_EPISYRPHUS_BALTEATUS_PERSONALITY_ID_001 | EVD_JRN_R25_B01_SPC_EPISYRPHUS_BALTEATUS_TERRAIN_BROAD_001 | EVD_JRN_R25_B01_SPC_EPISYRPHUS_BALTEATUS_TERRAIN_SPECIFIC_001,1,BRD_MARMALADE_HOVERFLY
SPC_EPOMOPHORUS_GAMBIANUS,BEAST_SPECIES,BEAST,R20,B03,BRD_GAMBIAN_EPAULETTED_FRUIT_BAT,RECOGNITION_COURTSHIP_DISPLAY_EXPRESSION,FOREST | GRASSLAND | BUILT_ENVIRONMENT,SAVANNA | WOODLAND | FOREST_EDGE | VILLAGE,SIMULATION_READY,EVD_JRN_R20_B01_SPC_EPOMOPHORUS_GAMBIANUS_PERSONALITY_ID_001 | EVD_JRN_R20_B01_SPC_EPOMOPHORUS_GAMBIANUS_TERRAIN_BROAD_001 | EVD_JRN_R20_B01_SPC_EPOMOPHORUS_GAMBIANUS_TERRAIN_SPECIFIC_001,1,BRD_GAMBIAN_EPAULETTED_FRUIT_BAT
SPC_EPTATRETUS_GOLIATH,BEAST_SPECIES,BEAST,R12,B19,BRD_GIANT_HAGFISH,EMBODIMENT_FUNCTIONAL_BODY_EXPRESSION,OCEAN | COASTAL,CANYON | PELAGIC,SIMULATION_READY,EVD_JRN_R12_B01_SPC_EPTATRETUS_GOLIATH_PERSONALITY_ID_001 | EVD_JRN_R12_B01_SPC_EPTATRETUS_GOLIATH_TERRAIN_BROAD_001 | EVD_JRN_R12_B01_SPC_EPTATRETUS_GOLIATH_TERRAIN_SPECIFIC_001,1,BRD_GIANT_HAGFISH
SPC_EPTATRETUS_STOUTII,BEAST_SPECIES,BEAST,R12,B19,BRD_PACIFIC_HAGFISH,EMBODIMENT_PROTECTED_BODY_EXPRESSION,OCEAN | COASTAL | SUBTERRANEAN,MUDFLAT | BURROW,SIMULATION_READY,EVD_JRN_R12_B01_SPC_EPTATRETUS_STOUTII_PERSONALITY_ID_001 | EVD_JRN_R12_B01_SPC_EPTATRETUS_STOUTII_TERRAIN_BROAD_001 | EVD_JRN_R12_B01_SPC_EPTATRETUS_STOUTII_TERRAIN_SPECIFIC_001,1,BRD_PACIFIC_HAGFISH
SPC_EQUUS_AFRICANUS,BEAST_SPECIES,BEAST,R18,B12,BRD_AFRICAN_WILD_ASS,PERSEVERANCE_DROUGHT_OR_COLD_ENDURANCE_EXPRESSION,DESERT | GRASSLAND | MOUNTAIN,HOT_DESERT | SCRUBLAND | STEPPE | PLATEAU,SIMULATION_READY,EVD_JRN_R18_B01_SPC_EQUUS_AFRICANUS_PERSONALITY_ID_001 | EVD_JRN_R18_B01_SPC_EQUUS_AFRICANUS_TERRAIN_BROAD_001 | EVD_JRN_R18_B01_SPC_EQUUS_AFRICANUS_TERRAIN_SPECIFIC_001,1,BRD_AFRICAN_WILD_ASS
SPC_EQUUS_GREVYI,BEAST_SPECIES,BEAST,R18,B12,BRD_GREVY_S_ZEBRA,BOUNDARIES_TERRITORIAL_MARKING_EXPRESSION,GRASSLAND | DESERT | FRESHWATER,SAVANNA | SCRUBLAND | HOT_DESERT | RIVER,SIMULATION_READY,EVD_JRN_R18_B01_SPC_EQUUS_GREVYI_PERSONALITY_ID_001 | EVD_JRN_R18_B01_SPC_EQUUS_GREVYI_TERRAIN_BROAD_001 | EVD_JRN_R18_B01_SPC_EQUUS_GREVYI_TERRAIN_SPECIFIC_001,1,BRD_GREVY_S_ZEBRA
SPC_EQUUS_HEMIONUS,BEAST_SPECIES,BEAST,R18,B12,BRD_EQUUS_HEMIONUS_PERSIAN_ONAGER,PERSEVERANCE_DROUGHT_OR_COLD_ENDURANCE_EXPRESSION,DESERT | GRASSLAND | MOUNTAIN,HOT_DESERT | STEPPE | SCRUBLAND | PLATEAU,SIMULATION_READY,EVD_JRN_R18_B01_SPC_EQUUS_HEMIONUS_PERSONALITY_ID_001 | EVD_JRN_R18_B01_SPC_EQUUS_HEMIONUS_TERRAIN_BROAD_001 | EVD_JRN_R18_B01_SPC_EQUUS_HEMIONUS_TERRAIN_SPECIFIC_001,1,BRD_EQUUS_HEMIONUS_PERSIAN_ONAGER
SPC_EQUUS_KIANG,BEAST_SPECIES,BEAST,R18,B12,BRD_EQUUS_KIANG_KIANG,BELONGING_HERDING_EXPRESSION,MOUNTAIN | GRASSLAND | DESERT | FRESHWATER,PLATEAU | ALPINE | STEPPE | TUNDRA | RIVER,SIMULATION_READY,EVD_JRN_R18_B01_SPC_EQUUS_KIANG_PERSONALITY_ID_001 | EVD_JRN_R18_B01_SPC_EQUUS_KIANG_TERRAIN_BROAD_001 | EVD_JRN_R18_B01_SPC_EQUUS_KIANG_TERRAIN_SPECIFIC_001,1,BRD_EQUUS_KIANG_KIANG
SPC_EQUUS_QUAGGA,BEAST_SPECIES,BEAST,R18,B12,BRD_PLAINS_ZEBRA,COOPERATION_GROUP_DEFENSE_EXPRESSION,GRASSLAND | FOREST | WETLAND | FRESHWATER,SAVANNA | PRAIRIE | WOODLAND | FLOODPLAIN | RIVER,SIMULATION_READY,EVD_JRN_R18_B01_SPC_EQUUS_QUAGGA_PERSONALITY_ID_001 | EVD_JRN_R18_B01_SPC_EQUUS_QUAGGA_TERRAIN_BROAD_001 | EVD_JRN_R18_B01_SPC_EQUUS_QUAGGA_TERRAIN_SPECIFIC_001,1,BRD_PLAINS_ZEBRA
SPC_EQUUS_ZEBRA,BEAST_SPECIES,BEAST,R18,B12,BRD_EQUUS_ZEBRA_MOUNTAIN_ZEBRA,BELONGING_HERDING_EXPRESSION,MOUNTAIN | GRASSLAND | DESERT | FRESHWATER,CLIFF | PLATEAU | ALPINE | SCRUBLAND | RIVER,SIMULATION_READY,EVD_JRN_R18_B01_SPC_EQUUS_ZEBRA_PERSONALITY_ID_001 | EVD_JRN_R18_B01_SPC_EQUUS_ZEBRA_TERRAIN_BROAD_001 | EVD_JRN_R18_B01_SPC_EQUUS_ZEBRA_TERRAIN_SPECIFIC_001,1,BRD_EQUUS_ZEBRA_MOUNTAIN_ZEBRA
SPC_EREMITALPA_GRANTI,BEAST_SPECIES,BEAST,R11,B07,BRD_GRANT_S_GOLDEN_MOLE,PERSEVERANCE_DROUGHT_OR_COLD_ENDURANCE_EXPRESSION,DESERT | COASTAL | SUBTERRANEAN,DUNES | HOT_DESERT | BURROW | SOIL,SIMULATION_READY,EVD_JRN_R11_B01_SPC_EREMITALPA_GRANTI_PERSONALITY_ID_001 | EVD_JRN_R11_B01_SPC_EREMITALPA_GRANTI_TERRAIN_BROAD_001 | EVD_JRN_R11_B01_SPC_EREMITALPA_GRANTI_TERRAIN_SPECIFIC_001,1,BRD_GRANT_S_GOLDEN_MOLE
SPC_EREMOPHILA_ALPESTRIS,BEAST_SPECIES,BEAST,R08,B21,BRD_HORNED_LARK,COURAGE_FEIGNED_INJURY_EXPRESSION,GRASSLAND | DESERT | POLAR_ICE | COASTAL,PRAIRIE | HOT_DESERT | TUNDRA | DUNES,SIMULATION_READY,EVD_JRN_R08_B01_SPC_EREMOPHILA_ALPESTRIS_PERSONALITY_ID_001 | EVD_JRN_R08_B01_SPC_EREMOPHILA_ALPESTRIS_TERRAIN_BROAD_001 | EVD_JRN_R08_B01_SPC_EREMOPHILA_ALPESTRIS_TERRAIN_SPECIFIC_001,1,BRD_HORNED_LARK
SPC_ERETHIZON_DORSATUM,BEAST_SPECIES,BEAST,R20,B18,BRD_NORTH_AMERICAN_PORCUPINE,BOUNDARIES_TERRITORIAL_MARKING_EXPRESSION,FOREST | MOUNTAIN,BOREAL_FOREST | WOODLAND | MONTANE_FOREST,SIMULATION_READY,EVD_JRN_R20_B01_SPC_ERETHIZON_DORSATUM_PERSONALITY_ID_001 | EVD_JRN_R20_B01_SPC_ERETHIZON_DORSATUM_TERRAIN_BROAD_001 | EVD_JRN_R20_B01_SPC_ERETHIZON_DORSATUM_TERRAIN_SPECIFIC_001,1,BRD_NORTH_AMERICAN_PORCUPINE
SPC_ERETMOCHELYS_IMBRICATA,BEAST_SPECIES,BEAST,R04,B22,BRD_HAWKSBILL_SEA_TURTLE,PURPOSE_MIGRATION_PURPOSE_EXPRESSION,OCEAN | COASTAL | WETLAND,CORAL_REEF | PELAGIC | MANGROVE | ESTUARY | CAVE,SIMULATION_READY,EVD_JRN_R04_B01_SPC_ERETMOCHELYS_IMBRICATA_PERSONALITY_ID_001 | EVD_JRN_R04_B01_SPC_ERETMOCHELYS_IMBRICATA_TERRAIN_BROAD_001 | EVD_JRN_R04_B01_SPC_ERETMOCHELYS_IMBRICATA_TERRAIN_SPECIFIC_001,1,BRD_HAWKSBILL_SEA_TURTLE
SPC_ERINACEUS_EUROPAEUS,BEAST_SPECIES,BEAST,R23,B24,BRD_EUROPEAN_HEDGEHOG,AUTONOMY_FREEDOM_THROUGH_ISOLATION_CONFLICT,GRASSLAND | FOREST | BUILT_ENVIRONMENT,MEADOW | SCRUBLAND | WOODLAND | FARMLAND | VILLAGE,SIMULATION_READY,EVD_JRN_R23_B01_SPC_ERINACEUS_EUROPAEUS_PERSONALITY_ID_001 | EVD_JRN_R23_B01_SPC_ERINACEUS_EUROPAEUS_TERRAIN_BROAD_001 | EVD_JRN_R23_B01_SPC_ERINACEUS_EUROPAEUS_TERRAIN_SPECIFIC_001,1,BRD_EUROPEAN_HEDGEHOG
SPC_ERITHACUS_RUBECULA,BEAST_SPECIES,BEAST,R08,B21,BRD_EUROPEAN_ROBIN,BOUNDARIES_TERRITORIAL_MARKING_EXPRESSION,FOREST | GRASSLAND | BUILT_ENVIRONMENT,WOODLAND | SCRUBLAND | FARMLAND | VILLAGE,SIMULATION_READY,EVD_JRN_R08_B01_SPC_ERITHACUS_RUBECULA_PERSONALITY_ID_001 | EVD_JRN_R08_B01_SPC_ERITHACUS_RUBECULA_TERRAIN_BROAD_001 | EVD_JRN_R08_B01_SPC_ERITHACUS_RUBECULA_TERRAIN_SPECIFIC_001,1,BRD_EUROPEAN_ROBIN
SPC_ERYTHROCEBUS_PATAS,BEAST_SPECIES,BEAST,R15,B16,BRD_PATAS_MONKEY,DUTY_WATCH_DUTY_EXPRESSION,GRASSLAND | FOREST,SAVANNA | WOODLAND | SCRUBLAND,SIMULATION_READY,EVD_JRN_R15_B01_SPC_ERYTHROCEBUS_PATAS_PERSONALITY_ID_001 | EVD_JRN_R15_B01_SPC_ERYTHROCEBUS_PATAS_TERRAIN_BROAD_001 | EVD_JRN_R15_B01_SPC_ERYTHROCEBUS_PATAS_TERRAIN_SPECIFIC_001,1,BRD_PATAS_MONKEY
SPC_ERYTHRURA_GOULDIAE,BEAST_SPECIES,BEAST,R08,B21,BRD_GOULDIAN_FINCH,LAND_NESTING_SITE_DEPENDENCE,MOUNTAIN | GRASSLAND | FOREST,PLATEAU | SAVANNA | WOODLAND,SIMULATION_READY,EVD_JRN_R08_B01_SPC_ERYTHRURA_GOULDIAE_PERSONALITY_ID_001 | EVD_JRN_R08_B01_SPC_ERYTHRURA_GOULDIAE_TERRAIN_BROAD_001 | EVD_JRN_R08_B01_SPC_ERYTHRURA_GOULDIAE_TERRAIN_SPECIFIC_001,1,BRD_GOULDIAN_FINCH
SPC_ESCHRICHTIUS_ROBUSTUS,BEAST_SPECIES,BEAST,R01,B06,BRD_GRAY_WHALE,PURPOSE_MIGRATION_PURPOSE_EXPRESSION,OCEAN | COASTAL | POLAR_ICE,PELAGIC | ESTUARY,SIMULATION_READY,EVD_JRN_R01_B01_SPC_ESCHRICHTIUS_ROBUSTUS_PERSONALITY_ID_001 | EVD_JRN_R01_B01_SPC_ESCHRICHTIUS_ROBUSTUS_TERRAIN_BROAD_001 | EVD_JRN_R01_B01_SPC_ESCHRICHTIUS_ROBUSTUS_TERRAIN_SPECIFIC_001,1,BRD_GRAY_WHALE
SPC_EUBALAENA_GLACIALIS,BEAST_SPECIES,BEAST,R01,B06,BRD_NORTH_ATLANTIC_RIGHT_WHALE,PURPOSE_MIGRATION_PURPOSE_EXPRESSION,OCEAN | COASTAL,PELAGIC,SIMULATION_READY,EVD_JRN_R01_B01_SPC_EUBALAENA_GLACIALIS_PERSONALITY_ID_001 | EVD_JRN_R01_B01_SPC_EUBALAENA_GLACIALIS_TERRAIN_BROAD_001 | EVD_JRN_R01_B01_SPC_EUBALAENA_GLACIALIS_TERRAIN_SPECIFIC_001,1,BRD_NORTH_ATLANTIC_RIGHT_WHALE
SPC_EUCHOREUTES_NASO,BEAST_SPECIES,BEAST,R20,B18,BRD_LONG_EARED_JERBOA,PERSEVERANCE_DROUGHT_OR_COLD_ENDURANCE_EXPRESSION,DESERT | SUBTERRANEAN,HOT_DESERT | DUNES | BURROW,SIMULATION_READY,EVD_JRN_R20_B01_SPC_EUCHOREUTES_NASO_PERSONALITY_ID_001 | EVD_JRN_R20_B01_SPC_EUCHOREUTES_NASO_TERRAIN_BROAD_001 | EVD_JRN_R20_B01_SPC_EUCHOREUTES_NASO_TERRAIN_SPECIFIC_001,1,BRD_LONG_EARED_JERBOA
SPC_EUDOCIMUS_RUBER,BEAST_SPECIES,BEAST,R01,B23,BRD_SCARLET_IBIS,COOPERATION_GROUP_DEFENSE_EXPRESSION,WETLAND | COASTAL | FRESHWATER | FOREST,MUDFLAT | MANGROVE | ISLAND | RIVER | MARSH | SWAMP,SIMULATION_READY,EVD_JRN_R01_B01_SPC_EUDOCIMUS_RUBER_PERSONALITY_ID_001 | EVD_JRN_R01_B01_SPC_EUDOCIMUS_RUBER_TERRAIN_BROAD_001 | EVD_JRN_R01_B01_SPC_EUDOCIMUS_RUBER_TERRAIN_SPECIFIC_001,1,BRD_SCARLET_IBIS
SPC_EUDROMIA_ELEGANS,BEAST_SPECIES,BEAST,R17,B15,BRD_ELEGANT_CRESTED_TINAMOU,PROTECTION_YOUNG_SHIELDING_EXPRESSION,GRASSLAND | DESERT,STEPPE | SCRUBLAND | SAVANNA,SIMULATION_READY,EVD_JRN_R17_B01_SPC_EUDROMIA_ELEGANS_PERSONALITY_ID_001 | EVD_JRN_R17_B01_SPC_EUDROMIA_ELEGANS_TERRAIN_BROAD_001 | EVD_JRN_R17_B01_SPC_EUDROMIA_ELEGANS_TERRAIN_SPECIFIC_001,1,BRD_ELEGANT_CRESTED_TINAMOU
SPC_EUGLANDINA_ROSEA,BEAST_SPECIES,BEAST,R14,B11,BRD_ROSY_WOLF_SNAIL,APPETITE_UNENDING_HUNGER_CONFLICT,FOREST | GRASSLAND | BUILT_ENVIRONMENT,FOREST_FLOOR | FARMLAND | CITY,SIMULATION_READY,EVD_JRN_R14_B01_SPC_EUGLANDINA_ROSEA_PERSONALITY_ID_001 | EVD_JRN_R14_B01_SPC_EUGLANDINA_ROSEA_TERRAIN_BROAD_001 | EVD_JRN_R14_B01_SPC_EUGLANDINA_ROSEA_TERRAIN_SPECIFIC_001,1,BRD_ROSY_WOLF_SNAIL
SPC_EUGLOSSA_DILEMMA,BEAST_SPECIES,BEAST,R25,B02,BRD_ORCHID_BEE,AMBIGUITY_ROLE_FLUID_EXPRESSION,FOREST | BUILT_ENVIRONMENT | GRASSLAND,RAIN_FOREST | FOREST_EDGE | FARMLAND | CITY | VILLAGE | FLOWERING_HABITAT,SIMULATION_READY,EVD_JRN_R25_B01_SPC_EUGLOSSA_DILEMMA_PERSONALITY_ID_001 | EVD_JRN_R25_B01_SPC_EUGLOSSA_DILEMMA_TERRAIN_BROAD_001 | EVD_JRN_R25_B01_SPC_EUGLOSSA_DILEMMA_TERRAIN_SPECIFIC_001,1,BRD_ORCHID_BEE
SPC_EUNECTES_MURINUS,BEAST_SPECIES,BEAST,R25,B20,BRD_GREEN_ANACONDA,PERSEVERANCE_DROUGHT_OR_COLD_ENDURANCE_EXPRESSION,FRESHWATER | WETLAND | GRASSLAND | FOREST,RIVER | LAKE | POND | SWAMP | FLOODPLAIN | SAVANNA | RAIN_FOREST,SIMULATION_READY,EVD_JRN_R25_B01_SPC_EUNECTES_MURINUS_PERSONALITY_ID_001 | EVD_JRN_R25_B01_SPC_EUNECTES_MURINUS_TERRAIN_BROAD_001 | EVD_JRN_R25_B01_SPC_EUNECTES_MURINUS_TERRAIN_SPECIFIC_001,1,BRD_GREEN_ANACONDA
SPC_EUNYMPHICUS_CORNUTUS,BEAST_SPECIES,BEAST,R19,B14,BRD_HORNED_PARAKEET,BELONGING_HERDING_EXPRESSION,FOREST | GRASSLAND | COASTAL,RAIN_FOREST | CANOPY | SCRUBLAND | SAVANNA | ISLAND | FOREST_FLOOR,SIMULATION_READY,EVD_JRN_R19_B01_SPC_EUNYMPHICUS_CORNUTUS_PERSONALITY_ID_001 | EVD_JRN_R19_B01_SPC_EUNYMPHICUS_CORNUTUS_TERRAIN_BROAD_001 | EVD_JRN_R19_B01_SPC_EUNYMPHICUS_CORNUTUS_TERRAIN_SPECIFIC_001,1,BRD_HORNED_PARAKEET
SPC_EURYCEA_RATHBUNI,BEAST_SPECIES,BEAST,R13,B01,BRD_TEXAS_BLIND_SALAMANDER,EMBODIMENT_FUNCTIONAL_BODY_EXPRESSION,FRESHWATER | SUBTERRANEAN,CAVE | KARST,SIMULATION_READY,EVD_JRN_R13_B01_SPC_EURYCEA_RATHBUNI_PERSONALITY_ID_001 | EVD_JRN_R13_B01_SPC_EURYCEA_RATHBUNI_TERRAIN_BROAD_001 | EVD_JRN_R13_B01_SPC_EURYCEA_RATHBUNI_TERRAIN_SPECIFIC_001,1,BRD_TEXAS_BLIND_SALAMANDER
SPC_EURYSTOMUS_ORIENTALIS,BEAST_SPECIES,BEAST,R22,B13,BRD_ORIENTAL_DOLLARBIRD,DUTY_NEST_DUTY_EXPRESSION,FOREST | BUILT_ENVIRONMENT,WOODLAND | FOREST_EDGE | CITY,SIMULATION_READY,EVD_JRN_R22_B01_SPC_EURYSTOMUS_ORIENTALIS_PERSONALITY_ID_001 | EVD_JRN_R22_B01_SPC_EURYSTOMUS_ORIENTALIS_TERRAIN_BROAD_001 | EVD_JRN_R22_B01_SPC_EURYSTOMUS_ORIENTALIS_TERRAIN_SPECIFIC_001,1,BRD_ORIENTAL_DOLLARBIRD
SPC_FALCO_PEREGRINUS,BEAST_SPECIES,BEAST,R18,B17,BRD_PEREGRINE_FALCON,ATTACHMENT_LIFELONG_BOND_EXPRESSION,MOUNTAIN | COASTAL | WETLAND | BUILT_ENVIRONMENT,CLIFF | COASTAL_CLIFF | MARSH | CITY | CASTLE,SIMULATION_READY,EVD_JRN_R18_B01_SPC_FALCO_PEREGRINUS_PERSONALITY_ID_001 | EVD_JRN_R18_B01_SPC_FALCO_PEREGRINUS_TERRAIN_BROAD_001 | EVD_JRN_R18_B01_SPC_FALCO_PEREGRINUS_TERRAIN_SPECIFIC_001,1,BRD_PEREGRINE_FALCON
SPC_FALCO_RUSTICOLUS,BEAST_SPECIES,BEAST,R18,B17,BRD_GYRFALCON,ATTACHMENT_LIFELONG_BOND_EXPRESSION,POLAR_ICE | MOUNTAIN | COASTAL | GRASSLAND,TUNDRA | CLIFF | COASTAL_CLIFF | ALPINE,SIMULATION_READY,EVD_JRN_R18_B01_SPC_FALCO_RUSTICOLUS_PERSONALITY_ID_001 | EVD_JRN_R18_B01_SPC_FALCO_RUSTICOLUS_TERRAIN_BROAD_001 | EVD_JRN_R18_B01_SPC_FALCO_RUSTICOLUS_TERRAIN_SPECIFIC_001,1,BRD_GYRFALCON
SPC_FALCO_SPARVERIUS,BEAST_SPECIES,BEAST,R18,B17,BRD_AMERICAN_KESTREL,DUTY_WATCH_DUTY_EXPRESSION,GRASSLAND | DESERT | FOREST | BUILT_ENVIRONMENT,PRAIRIE | SAVANNA | FOREST_EDGE | HOT_DESERT | FARMLAND | CITY,SIMULATION_READY,EVD_JRN_R18_B01_SPC_FALCO_SPARVERIUS_PERSONALITY_ID_001 | EVD_JRN_R18_B01_SPC_FALCO_SPARVERIUS_TERRAIN_BROAD_001 | EVD_JRN_R18_B01_SPC_FALCO_SPARVERIUS_TERRAIN_SPECIFIC_001,1,BRD_AMERICAN_KESTREL
SPC_FATA_NUNNEHI,MYTHOS_SPECIES,MYTHOS,R03,M10,BRD_NUNNEHI,CARE_UNIVERSAL_GUARDIAN_CONFLICT,MOUNTAIN | SUBTERRANEAN | FRESHWATER,ALPINE | RIVER,SIMULATION_READY,EVD_JRN_R03_B01_SPC_FATA_NUNNEHI_PERSONALITY_ID_001 | EVD_JRN_R03_B01_SPC_FATA_NUNNEHI_TERRAIN_BROAD_001 | EVD_JRN_R03_B01_SPC_FATA_NUNNEHI_TERRAIN_SPECIFIC_001,1,BRD_NUNNEHI
SPC_FATA_PATUPAIAREHE,MYTHOS_SPECIES,MYTHOS,R03,M10,BRD_PATUPAIAREHE,BOUNDARIES_DOMAIN_BOUND_CONFLICT,FOREST | MOUNTAIN | FRESHWATER | COASTAL,MONTANE_FOREST | LAKE,SIMULATION_READY,EVD_JRN_R03_B01_SPC_FATA_PATUPAIAREHE_PERSONALITY_ID_001 | EVD_JRN_R03_B01_SPC_FATA_PATUPAIAREHE_TERRAIN_BROAD_001 | EVD_JRN_R03_B01_SPC_FATA_PATUPAIAREHE_TERRAIN_SPECIFIC_001,1,BRD_PATUPAIAREHE
SPC_FATA_PUCA,MYTHOS_SPECIES,MYTHOS,R03,M10,BRD_PUCA,APPETITE_FORBIDDEN_FOOD_CONFLICT,SUBTERRANEAN | FRESHWATER | MOUNTAIN,CAVE | RIVER,SIMULATION_READY,EVD_JRN_R03_B01_SPC_FATA_PUCA_PERSONALITY_ID_001 | EVD_JRN_R03_B01_SPC_FATA_PUCA_TERRAIN_BROAD_001 | EVD_JRN_R03_B01_SPC_FATA_PUCA_TERRAIN_SPECIFIC_001,1,BRD_PUCA
SPC_FATA_REDCAP,MYTHOS_SPECIES,MYTHOS,R03,M10,BRD_REDCAP,CONTROL_BINDING_RITUAL_CONFLICT,BUILT_ENVIRONMENT,CASTLE,SIMULATION_READY,EVD_JRN_R03_B01_SPC_FATA_REDCAP_PERSONALITY_ID_001 | EVD_JRN_R03_B01_SPC_FATA_REDCAP_TERRAIN_BROAD_001 | EVD_JRN_R03_B01_SPC_FATA_REDCAP_TERRAIN_SPECIFIC_001,1,BRD_REDCAP
SPC_FATA_VARIATA,MYTHOS_SPECIES,MYTHOS,R03,M10,BRD_FAIRY_FOLK_FAIRY | BRD_FAIRY_FOLK_PIXIE | BRD_FAIRY_FOLK_SPRITE,RECIPROCITY_GIFT_AS_BINDING_CONFLICT,FOREST | FRESHWATER | SUBTERRANEAN | BUILT_ENVIRONMENT,CANOPY | RIVER | BURROW,SIMULATION_READY,EVD_JRN_R03_B01_SPC_FATA_VARIATA_PERSONALITY_ID_001 | EVD_JRN_R03_B01_SPC_FATA_VARIATA_TERRAIN_BROAD_001 | EVD_JRN_R03_B01_SPC_FATA_VARIATA_TERRAIN_SPECIFIC_001,3,BRD_FAIRY_FOLK_FAIRY | BRD_FAIRY_FOLK_PIXIE | BRD_FAIRY_FOLK_SPRITE
SPC_FELIS_MANUL,BEAST_SPECIES,BEAST,R02,B05,BRD_PALLAS_S_CAT,BOUNDARIES_TERRITORIAL_MARKING_EXPRESSION,GRASSLAND | DESERT | SUBTERRANEAN,SCRUBLAND | CAVE | BURROW,SIMULATION_READY,EVD_JRN_R02_B01_SPC_FELIS_MANUL_PERSONALITY_ID_001 | EVD_JRN_R02_B01_SPC_FELIS_MANUL_TERRAIN_BROAD_001 | EVD_JRN_R02_B01_SPC_FELIS_MANUL_TERRAIN_SPECIFIC_001,1,BRD_PALLAS_S_CAT
SPC_FELIS_MARGARITA,BEAST_SPECIES,BEAST,R02,B05,BRD_SAND_CAT,DISCIPLINE_FORAGING_DISCIPLINE_EXPRESSION,DESERT | SUBTERRANEAN,DUNES | HOT_DESERT | BURROW | VOLCANIC,SIMULATION_READY,EVD_JRN_R02_B01_SPC_FELIS_MARGARITA_PERSONALITY_ID_001 | EVD_JRN_R02_B01_SPC_FELIS_MARGARITA_TERRAIN_BROAD_001 | EVD_JRN_R02_B01_SPC_FELIS_MARGARITA_TERRAIN_SPECIFIC_001,1,BRD_SAND_CAT
SPC_FELIS_SILVESTRIS,BEAST_SPECIES,BEAST,R02,B05,BRD_EUROPEAN_WILDCAT,BOUNDARIES_TERRITORIAL_MARKING_EXPRESSION,FOREST | SUBTERRANEAN,WOODLAND | FOREST_FLOOR | BURROW,SIMULATION_READY,EVD_JRN_R02_B01_SPC_FELIS_SILVESTRIS_PERSONALITY_ID_001 | EVD_JRN_R02_B01_SPC_FELIS_SILVESTRIS_TERRAIN_BROAD_001 | EVD_JRN_R02_B01_SPC_FELIS_SILVESTRIS_TERRAIN_SPECIFIC_001,1,BRD_EUROPEAN_WILDCAT
SPC_FRATERCULA_ARCTICA,BEAST_SPECIES,BEAST,R01,B23,BRD_ATLANTIC_PUFFIN,DUTY_NEST_DUTY_EXPRESSION,OCEAN | COASTAL | SUBTERRANEAN,PELAGIC | ISLAND | BURROW | COASTAL_CLIFF,SIMULATION_READY,EVD_JRN_R01_B01_SPC_FRATERCULA_ARCTICA_PERSONALITY_ID_001 | EVD_JRN_R01_B01_SPC_FRATERCULA_ARCTICA_TERRAIN_BROAD_001 | EVD_JRN_R01_B01_SPC_FRATERCULA_ARCTICA_TERRAIN_SPECIFIC_001,1,BRD_ATLANTIC_PUFFIN
SPC_FREGATA_MAGNIFICENS,BEAST_SPECIES,BEAST,R01,B23,BRD_MAGNIFICENT_FRIGATEBIRD,EXPRESSION_VISUAL_EXPRESSION,OCEAN | COASTAL,PELAGIC | ISLAND | ESTUARY | MANGROVE,SIMULATION_READY,EVD_JRN_R01_B01_SPC_FREGATA_MAGNIFICENS_PERSONALITY_ID_001 | EVD_JRN_R01_B01_SPC_FREGATA_MAGNIFICENS_TERRAIN_BROAD_001 | EVD_JRN_R01_B01_SPC_FREGATA_MAGNIFICENS_TERRAIN_SPECIFIC_001,1,BRD_MAGNIFICENT_FRIGATEBIRD
SPC_FREGATA_MINOR,BEAST_SPECIES,BEAST,R01,B23,BRD_GREAT_FRIGATEBIRD,EXPRESSION_VISUAL_EXPRESSION,OCEAN | COASTAL | FOREST,PELAGIC | ISLAND | MANGROVE,SIMULATION_READY,EVD_JRN_R01_B01_SPC_FREGATA_MINOR_PERSONALITY_ID_001 | EVD_JRN_R01_B01_SPC_FREGATA_MINOR_TERRAIN_BROAD_001 | EVD_JRN_R01_B01_SPC_FREGATA_MINOR_TERRAIN_SPECIFIC_001,1,BRD_GREAT_FRIGATEBIRD
SPC_FRINGILLA_COELEBS,BEAST_SPECIES,BEAST,R08,B21,BRD_COMMON_CHAFFINCH,EXPRESSION_VOCAL_EXPRESSION,FOREST | GRASSLAND | BUILT_ENVIRONMENT,WOODLAND | SCRUBLAND | FARMLAND | VILLAGE,SIMULATION_READY,EVD_JRN_R08_B01_SPC_FRINGILLA_COELEBS_PERSONALITY_ID_001 | EVD_JRN_R08_B01_SPC_FRINGILLA_COELEBS_TERRAIN_BROAD_001 | EVD_JRN_R08_B01_SPC_FRINGILLA_COELEBS_TERRAIN_SPECIFIC_001,1,BRD_COMMON_CHAFFINCH
SPC_FUKOMYS_DAMARENSIS,BEAST_SPECIES,BEAST,R20,B18,BRD_DAMARALAND_MOLE_RAT,BELONGING_COLONY_EXPRESSION,DESERT | GRASSLAND | SUBTERRANEAN,HOT_DESERT | SAVANNA | BURROW | SOIL,SIMULATION_READY,EVD_JRN_R20_B01_SPC_FUKOMYS_DAMARENSIS_PERSONALITY_ID_001 | EVD_JRN_R20_B01_SPC_FUKOMYS_DAMARENSIS_TERRAIN_BROAD_001 | EVD_JRN_R20_B01_SPC_FUKOMYS_DAMARENSIS_TERRAIN_SPECIFIC_001,1,BRD_DAMARALAND_MOLE_RAT
SPC_FULICA_ATRA,BEAST_SPECIES,BEAST,R01,B23,BRD_EURASIAN_COOT,BOUNDARIES_TERRITORIAL_MARKING_EXPRESSION,FRESHWATER | WETLAND | GRASSLAND,LAKE | POND | RIVER | MARSH,SIMULATION_READY,EVD_JRN_R01_B01_SPC_FULICA_ATRA_PERSONALITY_ID_001 | EVD_JRN_R01_B01_SPC_FULICA_ATRA_TERRAIN_BROAD_001 | EVD_JRN_R01_B01_SPC_FULICA_ATRA_TERRAIN_SPECIFIC_001,1,BRD_EURASIAN_COOT
SPC_FURCIFER_PARDALIS,BEAST_SPECIES,BEAST,R24,B09,BRD_PANTHER_CHAMELEON,BOUNDARIES_TERRITORIAL_MARKING_EXPRESSION,FOREST | BUILT_ENVIRONMENT | COASTAL,RAIN_FOREST | CANOPY | ROAD | VILLAGE,SIMULATION_READY,EVD_JRN_R24_B01_SPC_FURCIFER_PARDALIS_PERSONALITY_ID_001 | EVD_JRN_R24_B01_SPC_FURCIFER_PARDALIS_TERRAIN_BROAD_001 | EVD_JRN_R24_B01_SPC_FURCIFER_PARDALIS_TERRAIN_SPECIFIC_001,1,BRD_PANTHER_CHAMELEON
SPC_GALAGO_SENEGALENSIS,BEAST_SPECIES,BEAST,R15,B16,BRD_SENEGAL_BUSHBABY,EMBODIMENT_FUNCTIONAL_BODY_EXPRESSION,FOREST | GRASSLAND,WOODLAND | SAVANNA | CANOPY | SCRUBLAND,SIMULATION_READY,EVD_JRN_R15_B01_SPC_GALAGO_SENEGALENSIS_PERSONALITY_ID_001 | EVD_JRN_R15_B01_SPC_GALAGO_SENEGALENSIS_TERRAIN_BROAD_001 | EVD_JRN_R15_B01_SPC_GALAGO_SENEGALENSIS_TERRAIN_SPECIFIC_001,1,BRD_SENEGAL_BUSHBABY
SPC_GALEMYS_PYRENAICUS,BEAST_SPECIES,BEAST,R23,B24,BRD_PYRENEAN_DESMAN,CURIOSITY_PROBLEM_SOLVING_EXPRESSION,FRESHWATER | MOUNTAIN | SUBTERRANEAN,RIVER | ALPINE | BURROW,SIMULATION_READY,EVD_JRN_R23_B01_SPC_GALEMYS_PYRENAICUS_PERSONALITY_ID_001 | EVD_JRN_R23_B01_SPC_GALEMYS_PYRENAICUS_TERRAIN_BROAD_001 | EVD_JRN_R23_B01_SPC_GALEMYS_PYRENAICUS_TERRAIN_SPECIFIC_001,1,BRD_PYRENEAN_DESMAN
SPC_GALEOPTERUS_VARIEGATUS,BEAST_SPECIES,BEAST,R23,B24,BRD_SUNDA_COLUGO,EQUANIMITY_LOW_REACTIVITY_EXPRESSION,FOREST,CANOPY | RAIN_FOREST,SIMULATION_READY,EVD_JRN_R23_B01_SPC_GALEOPTERUS_VARIEGATUS_PERSONALITY_ID_001 | EVD_JRN_R23_B01_SPC_GALEOPTERUS_VARIEGATUS_TERRAIN_BROAD_001 | EVD_JRN_R23_B01_SPC_GALEOPTERUS_VARIEGATUS_TERRAIN_SPECIFIC_001,1,BRD_SUNDA_COLUGO
SPC_GALLINAGO_GALLINAGO,BEAST_SPECIES,BEAST,R01,B23,BRD_COMMON_SNIPE,EXPRESSION_VOCAL_EXPRESSION,FRESHWATER | WETLAND | GRASSLAND | POLAR_ICE,MARSH | SWAMP | BOG | MEADOW | TUNDRA | ESTUARY,SIMULATION_READY,EVD_JRN_R01_B01_SPC_GALLINAGO_GALLINAGO_PERSONALITY_ID_001 | EVD_JRN_R01_B01_SPC_GALLINAGO_GALLINAGO_TERRAIN_BROAD_001 | EVD_JRN_R01_B01_SPC_GALLINAGO_GALLINAGO_TERRAIN_SPECIFIC_001,1,BRD_COMMON_SNIPE
SPC_GALLUS_GALLUS,BEAST_SPECIES,BEAST,R17,B15,BRD_RED_JUNGLEFOWL,BELONGING_HERDING_EXPRESSION,FOREST | GRASSLAND | BUILT_ENVIRONMENT,RAIN_FOREST | FOREST_EDGE | SCRUBLAND | FARMLAND,SIMULATION_READY,EVD_JRN_R17_B01_SPC_GALLUS_GALLUS_PERSONALITY_ID_001 | EVD_JRN_R17_B01_SPC_GALLUS_GALLUS_TERRAIN_BROAD_001 | EVD_JRN_R17_B01_SPC_GALLUS_GALLUS_TERRAIN_SPECIFIC_001,1,BRD_RED_JUNGLEFOWL
SPC_GASTERACANTHA_CANCRIFORMIS,BEAST_SPECIES,BEAST,R25,B02,BRD_SPINY_BACKED_ORB_WEAVER,DUTY_NEST_DUTY_EXPRESSION,FOREST | BUILT_ENVIRONMENT,FOREST_EDGE | SCRUBLAND | FARMLAND | VILLAGE | CANOPY,SIMULATION_READY,EVD_JRN_R25_B01_SPC_GASTERACANTHA_CANCRIFORMIS_PERSONALITY_ID_001 | EVD_JRN_R25_B01_SPC_GASTERACANTHA_CANCRIFORMIS_TERRAIN_BROAD_001 | EVD_JRN_R25_B01_SPC_GASTERACANTHA_CANCRIFORMIS_TERRAIN_SPECIFIC_001,1,BRD_SPINY_BACKED_ORB_WEAVER
SPC_GAVIA_ADAMSII,BEAST_SPECIES,BEAST,R01,B23,BRD_YELLOW_BILLED_LOON,COOPERATION_GROUP_DEFENSE_EXPRESSION,FRESHWATER | COASTAL | OCEAN | POLAR_ICE,LAKE | RIVER | ESTUARY | PELAGIC | TUNDRA | ISLAND,SIMULATION_READY,EVD_JRN_R01_B01_SPC_GAVIA_ADAMSII_PERSONALITY_ID_001 | EVD_JRN_R01_B01_SPC_GAVIA_ADAMSII_TERRAIN_BROAD_001 | EVD_JRN_R01_B01_SPC_GAVIA_ADAMSII_TERRAIN_SPECIFIC_001,1,BRD_YELLOW_BILLED_LOON
SPC_GAVIA_IMMER,BEAST_SPECIES,BEAST,R01,B23,BRD_COMMON_LOON,COOPERATION_COOPERATIVE_HUNTING_EXPRESSION,FRESHWATER | COASTAL | OCEAN | FOREST,LAKE | POND | ISLAND | ESTUARY | PELAGIC | BOREAL_FOREST,SIMULATION_READY,EVD_JRN_R01_B01_SPC_GAVIA_IMMER_PERSONALITY_ID_001 | EVD_JRN_R01_B01_SPC_GAVIA_IMMER_TERRAIN_BROAD_001 | EVD_JRN_R01_B01_SPC_GAVIA_IMMER_TERRAIN_SPECIFIC_001,1,BRD_COMMON_LOON
SPC_GAVIA_STELLATA,BEAST_SPECIES,BEAST,R01,B23,BRD_RED_THROATED_LOON,CARE_PROVISIONING_EXPRESSION,FRESHWATER | COASTAL | OCEAN | POLAR_ICE | FOREST,POND | LAKE | ESTUARY | PELAGIC | TUNDRA | BOREAL_FOREST,SIMULATION_READY,EVD_JRN_R01_B01_SPC_GAVIA_STELLATA_PERSONALITY_ID_001 | EVD_JRN_R01_B01_SPC_GAVIA_STELLATA_TERRAIN_BROAD_001 | EVD_JRN_R01_B01_SPC_GAVIA_STELLATA_TERRAIN_SPECIFIC_001,1,BRD_RED_THROATED_LOON
SPC_GAVIALIS_GANGETICUS,BEAST_SPECIES,BEAST,R04,B22,BRD_GHARIAL,DUTY_NEST_DUTY_EXPRESSION,FRESHWATER,RIVER | MUDFLAT,SIMULATION_READY,EVD_JRN_R04_B01_SPC_GAVIALIS_GANGETICUS_PERSONALITY_ID_001 | EVD_JRN_R04_B01_SPC_GAVIALIS_GANGETICUS_TERRAIN_BROAD_001 | EVD_JRN_R04_B01_SPC_GAVIALIS_GANGETICUS_TERRAIN_SPECIFIC_001,1,BRD_GHARIAL
SPC_GAZELLA_DORCAS,BEAST_SPECIES,BEAST,R02,B08,BRD_DORCAS_GAZELLE,BOUNDARIES_TERRITORIAL_MARKING_EXPRESSION,DESERT | GRASSLAND,SAVANNA | DUNES | HOT_DESERT,SIMULATION_READY,EVD_JRN_R02_B01_SPC_GAZELLA_DORCAS_PERSONALITY_ID_001 | EVD_JRN_R02_B01_SPC_GAZELLA_DORCAS_TERRAIN_BROAD_001 | EVD_JRN_R02_B01_SPC_GAZELLA_DORCAS_TERRAIN_SPECIFIC_001,1,BRD_DORCAS_GAZELLE
SPC_GEKKO_GECKO,BEAST_SPECIES,BEAST,R24,B09,BRD_TOKAY_GECKO,DUTY_NEST_DUTY_EXPRESSION,FOREST | SUBTERRANEAN | BUILT_ENVIRONMENT,RAIN_FOREST | CANOPY | CLIFF | VILLAGE,SIMULATION_READY,EVD_JRN_R24_B01_SPC_GEKKO_GECKO_PERSONALITY_ID_001 | EVD_JRN_R24_B01_SPC_GEKKO_GECKO_TERRAIN_BROAD_001 | EVD_JRN_R24_B01_SPC_GEKKO_GECKO_TERRAIN_SPECIFIC_001,1,BRD_TOKAY_GECKO
SPC_GEKKO_KUHLI,BEAST_SPECIES,BEAST,R24,B09,BRD_KUHL_S_FLYING_GECKO,RISK_LEAP_OR_DIVE_EXPRESSION,FOREST,RAIN_FOREST | CANOPY,SIMULATION_READY,EVD_JRN_R24_B01_SPC_GEKKO_KUHLI_PERSONALITY_ID_001 | EVD_JRN_R24_B01_SPC_GEKKO_KUHLI_TERRAIN_BROAD_001 | EVD_JRN_R24_B01_SPC_GEKKO_KUHLI_TERRAIN_SPECIFIC_001,1,BRD_KUHL_S_FLYING_GECKO
SPC_GENETTA_GENETTA,BEAST_SPECIES,BEAST,R02,B05,BRD_COMMON_GENET,DISCIPLINE_FORAGING_DISCIPLINE_EXPRESSION,FOREST,WOODLAND | FOREST_FLOOR,SIMULATION_READY,EVD_JRN_R02_B01_SPC_GENETTA_GENETTA_PERSONALITY_ID_001 | EVD_JRN_R02_B01_SPC_GENETTA_GENETTA_TERRAIN_BROAD_001 | EVD_JRN_R02_B01_SPC_GENETTA_GENETTA_TERRAIN_SPECIFIC_001,1,BRD_COMMON_GENET
SPC_GENIALIS_DJINN,MYTHOS_SPECIES,MYTHOS,R06,M05,BRD_DJINN,TRUTH_MIMICRY_EXPRESSION,GENERALIST | FRESHWATER | FOREST | BUILT_ENVIRONMENT,RUINS,SIMULATION_READY,EVD_JRN_R06_B01_SPC_GENIALIS_DJINN_PERSONALITY_ID_001 | EVD_JRN_R06_B01_SPC_GENIALIS_DJINN_TERRAIN_BROAD_001 | EVD_JRN_R06_B01_SPC_GENIALIS_DJINN_TERRAIN_SPECIFIC_001,1,BRD_DJINN
SPC_GENIALIS_IFRIT,MYTHOS_SPECIES,MYTHOS,R06,M05,BRD_IFRIT,LOYALTY_GROUP_ALLEGIANCE_EXPRESSION,GENERALIST,GENERALIST,SIMULATION_READY,EVD_JRN_R06_B01_SPC_GENIALIS_IFRIT_PERSONALITY_ID_001 | EVD_JRN_R06_B01_SPC_GENIALIS_IFRIT_TERRAIN_BROAD_001 | EVD_JRN_R06_B01_SPC_GENIALIS_IFRIT_TERRAIN_SPECIFIC_001,1,BRD_IFRIT
SPC_GENIALIS_PERI,MYTHOS_SPECIES,MYTHOS,R06,M05,BRD_PERI,STEWARDSHIP_REALM_KEEPER_CONFLICT,MOUNTAIN | FRESHWATER | BUILT_ENVIRONMENT,ALPINE | LAKE | CASTLE,SIMULATION_READY,EVD_JRN_R06_B01_SPC_GENIALIS_PERI_PERSONALITY_ID_001 | EVD_JRN_R06_B01_SPC_GENIALIS_PERI_TERRAIN_BROAD_001 | EVD_JRN_R06_B01_SPC_GENIALIS_PERI_TERRAIN_SPECIFIC_001,1,BRD_PERI
SPC_GEOCOCCYX_CALIFORNIANUS,BEAST_SPECIES,BEAST,R22,B13,BRD_GREATER_ROADRUNNER,DISCIPLINE_FORAGING_DISCIPLINE_EXPRESSION,DESERT | GRASSLAND,HOT_DESERT | SCRUBLAND | SAVANNA,SIMULATION_READY,EVD_JRN_R22_B01_SPC_GEOCOCCYX_CALIFORNIANUS_PERSONALITY_ID_001 | EVD_JRN_R22_B01_SPC_GEOCOCCYX_CALIFORNIANUS_TERRAIN_BROAD_001 | EVD_JRN_R22_B01_SPC_GEOCOCCYX_CALIFORNIANUS_TERRAIN_SPECIFIC_001,1,BRD_GREATER_ROADRUNNER
SPC_GEOMYS_BURSARIUS_BURSARIUS,BEAST_SPECIES,BEAST,R20,B18,BRD_GEOMYS_BURSARIUS_BURSARIUS_PLAINS_POCKET_GOPHER,CONTROL_ENVIRONMENT_ENGINEERING_EXPRESSION,GRASSLAND | BUILT_ENVIRONMENT | SUBTERRANEAN,PRAIRIE | FARMLAND | BURROW | SOIL,SIMULATION_READY,EVD_JRN_R20_B01_SPC_GEOMYS_BURSARIUS_BURSARIUS_PERSONALITY_ID_001 | EVD_JRN_R20_B01_SPC_GEOMYS_BURSARIUS_BURSARIUS_TERRAIN_BROAD_001 | EVD_JRN_R20_B01_SPC_GEOMYS_BURSARIUS_BURSARIUS_TERRAIN_SPECIFIC_001,1,BRD_GEOMYS_BURSARIUS_BURSARIUS_PLAINS_POCKET_GOPHER
SPC_GEORYCHUS_CAPENSIS,BEAST_SPECIES,BEAST,R20,B18,BRD_CAPE_MOLE_RAT,BOUNDARIES_TERRITORIAL_MARKING_EXPRESSION,GRASSLAND | BUILT_ENVIRONMENT | SUBTERRANEAN,FARMLAND | SCRUBLAND | BURROW | SOIL,SIMULATION_READY,EVD_JRN_R20_B01_SPC_GEORYCHUS_CAPENSIS_PERSONALITY_ID_001 | EVD_JRN_R20_B01_SPC_GEORYCHUS_CAPENSIS_TERRAIN_BROAD_001 | EVD_JRN_R20_B01_SPC_GEORYCHUS_CAPENSIS_TERRAIN_SPECIFIC_001,1,BRD_CAPE_MOLE_RAT
SPC_GEOTRIA_AUSTRALIS,BEAST_SPECIES,BEAST,R12,B19,BRD_POUCHED_LAMPREY,PURPOSE_MIGRATION_PURPOSE_EXPRESSION,OCEAN | COASTAL | FRESHWATER,PELAGIC | ESTUARY | RIVER | SOIL,SIMULATION_READY,EVD_JRN_R12_B01_SPC_GEOTRIA_AUSTRALIS_PERSONALITY_ID_001 | EVD_JRN_R12_B01_SPC_GEOTRIA_AUSTRALIS_TERRAIN_BROAD_001 | EVD_JRN_R12_B01_SPC_GEOTRIA_AUSTRALIS_TERRAIN_SPECIFIC_001,1,BRD_POUCHED_LAMPREY
SPC_GIGAS_CYCLOPS,MYTHOS_SPECIES,MYTHOS,R09,M12,BRD_CYCLOPS,CONTROL_ENVIRONMENT_ENGINEERING_EXPRESSION,MOUNTAIN | SUBTERRANEAN | COASTAL,CAVE | VOLCANIC | ISLAND | WORKSHOP,SIMULATION_READY,EVD_JRN_R09_B01_SPC_GIGAS_CYCLOPS_PERSONALITY_ID_001 | EVD_JRN_R09_B01_SPC_GIGAS_CYCLOPS_TERRAIN_BROAD_001 | EVD_JRN_R09_B01_SPC_GIGAS_CYCLOPS_TERRAIN_SPECIFIC_001,1,BRD_CYCLOPS
SPC_GIGAS_FOMORIAN,MYTHOS_SPECIES,MYTHOS,R09,M12,BRD_FOMORIAN,POWER_COLONIAL_POWER_WOUND,OCEAN | COASTAL,PELAGIC | ISLAND,SIMULATION_READY,EVD_JRN_R09_B01_SPC_GIGAS_FOMORIAN_PERSONALITY_ID_001 | EVD_JRN_R09_B01_SPC_GIGAS_FOMORIAN_TERRAIN_BROAD_001 | EVD_JRN_R09_B01_SPC_GIGAS_FOMORIAN_TERRAIN_SPECIFIC_001,1,BRD_FOMORIAN
SPC_GIGAS_GIGANTES,MYTHOS_SPECIES,MYTHOS,R09,M12,BRD_GIGANTES,FORCE_CATASTROPHIC_THRESHOLD_CONFLICT,MOUNTAIN | SUBTERRANEAN,VOLCANIC | ISLAND,SIMULATION_READY,EVD_JRN_R09_B01_SPC_GIGAS_GIGANTES_PERSONALITY_ID_001 | EVD_JRN_R09_B01_SPC_GIGAS_GIGANTES_TERRAIN_BROAD_001 | EVD_JRN_R09_B01_SPC_GIGAS_GIGANTES_TERRAIN_SPECIFIC_001,1,BRD_GIGANTES
SPC_GIGAS_GLACIALIS,MYTHOS_SPECIES,MYTHOS,R09,M12,BRD_FROST_GIANT,LAND_DOMAIN_BOUND_CONFLICT,POLAR_ICE | MOUNTAIN,TUNDRA | GLACIER | ALPINE,SIMULATION_READY,EVD_JRN_R09_B01_SPC_GIGAS_GLACIALIS_PERSONALITY_ID_001 | EVD_JRN_R09_B01_SPC_GIGAS_GLACIALIS_TERRAIN_BROAD_001 | EVD_JRN_R09_B01_SPC_GIGAS_GLACIALIS_TERRAIN_SPECIFIC_001,1,BRD_FROST_GIANT
SPC_GIGAS_HECATONCHEIR,MYTHOS_SPECIES,MYTHOS,R09,M12,BRD_HECATONCHEIR,DUTY_LAST_GUARDIAN_CONFLICT,SUBTERRANEAN,CAVE,SIMULATION_READY,EVD_JRN_R09_B01_SPC_GIGAS_HECATONCHEIR_PERSONALITY_ID_001 | EVD_JRN_R09_B01_SPC_GIGAS_HECATONCHEIR_TERRAIN_BROAD_001 | EVD_JRN_R09_B01_SPC_GIGAS_HECATONCHEIR_TERRAIN_SPECIFIC_001,1,BRD_HECATONCHEIR
SPC_GIGAS_IGNIFER,MYTHOS_SPECIES,MYTHOS,R09,M12,BRD_FIRE_GIANT,FORCE_CATASTROPHIC_THRESHOLD_CONFLICT,GENERALIST,GENERALIST,SIMULATION_READY,EVD_JRN_R09_B01_SPC_GIGAS_IGNIFER_PERSONALITY_ID_001 | EVD_JRN_R09_B01_SPC_GIGAS_IGNIFER_TERRAIN_BROAD_001 | EVD_JRN_R09_B01_SPC_GIGAS_IGNIFER_TERRAIN_SPECIFIC_001,1,BRD_FIRE_GIANT
SPC_GIGAS_JOTUNN,MYTHOS_SPECIES,MYTHOS,R09,M12,BRD_JOTUNN,BOUNDARIES_DOMAIN_BOUND_CONFLICT,GENERALIST,GENERALIST,SIMULATION_READY,EVD_JRN_R09_B01_SPC_GIGAS_JOTUNN_PERSONALITY_ID_001 | EVD_JRN_R09_B01_SPC_GIGAS_JOTUNN_TERRAIN_BROAD_001 | EVD_JRN_R09_B01_SPC_GIGAS_JOTUNN_TERRAIN_SPECIFIC_001,1,BRD_JOTUNN
SPC_GIGAS_SAXATILIS,MYTHOS_SPECIES,MYTHOS,R09,M12,BRD_STONE_GIANT,EMBODIMENT_WEAPON_BODY_CONFLICT,GENERALIST,GENERALIST,SIMULATION_READY,EVD_JRN_R09_B01_SPC_GIGAS_SAXATILIS_PERSONALITY_ID_001 | EVD_JRN_R09_B01_SPC_GIGAS_SAXATILIS_TERRAIN_BROAD_001 | EVD_JRN_R09_B01_SPC_GIGAS_SAXATILIS_TERRAIN_SPECIFIC_001,1,BRD_STONE_GIANT
SPC_GIGAS_TITAN,MYTHOS_SPECIES,MYTHOS,R09,M12,BRD_TITAN,STATUS_FALLEN_DIVINITY_CONFLICT,SUBTERRANEAN,CAVE,SIMULATION_READY,EVD_JRN_R09_B01_SPC_GIGAS_TITAN_PERSONALITY_ID_001 | EVD_JRN_R09_B01_SPC_GIGAS_TITAN_TERRAIN_BROAD_001 | EVD_JRN_R09_B01_SPC_GIGAS_TITAN_TERRAIN_SPECIFIC_001,1,BRD_TITAN
SPC_GIRAFFA_CAMELOPARDALIS,BEAST_SPECIES,BEAST,R02,B08,BRD_NORTHERN_GIRAFFE,POWER_PHYSICAL_POWER_EXPRESSION,GRASSLAND | FOREST,SAVANNA | WOODLAND | SCRUBLAND,SIMULATION_READY,EVD_JRN_R02_B01_SPC_GIRAFFA_CAMELOPARDALIS_PERSONALITY_ID_001 | EVD_JRN_R02_B01_SPC_GIRAFFA_CAMELOPARDALIS_TERRAIN_BROAD_001 | EVD_JRN_R02_B01_SPC_GIRAFFA_CAMELOPARDALIS_TERRAIN_SPECIFIC_001,1,BRD_NORTHERN_GIRAFFE
SPC_GIRAFFA_GIRAFFA,BEAST_SPECIES,BEAST,R02,B08,BRD_SOUTHERN_GIRAFFE,POWER_PHYSICAL_POWER_EXPRESSION,GRASSLAND | FOREST,SAVANNA | WOODLAND | SCRUBLAND,SIMULATION_READY,EVD_JRN_R02_B01_SPC_GIRAFFA_GIRAFFA_PERSONALITY_ID_001 | EVD_JRN_R02_B01_SPC_GIRAFFA_GIRAFFA_TERRAIN_BROAD_001 | EVD_JRN_R02_B01_SPC_GIRAFFA_GIRAFFA_TERRAIN_SPECIFIC_001,1,BRD_SOUTHERN_GIRAFFE
SPC_GIRAFFA_RETICULATA,BEAST_SPECIES,BEAST,R02,B08,BRD_RETICULATED_GIRAFFE,DOMINANCE_POSTURE_DOMINANCE_EXPRESSION,GRASSLAND | FOREST,SAVANNA | WOODLAND,SIMULATION_READY,EVD_JRN_R02_B01_SPC_GIRAFFA_RETICULATA_PERSONALITY_ID_001 | EVD_JRN_R02_B01_SPC_GIRAFFA_RETICULATA_TERRAIN_BROAD_001 | EVD_JRN_R02_B01_SPC_GIRAFFA_RETICULATA_TERRAIN_SPECIFIC_001,1,BRD_RETICULATED_GIRAFFE
SPC_GIRAFFA_TIPPELSKIRCHI,BEAST_SPECIES,BEAST,R02,B08,BRD_MASAI_GIRAFFE,POWER_PHYSICAL_POWER_EXPRESSION,GRASSLAND | FOREST,SAVANNA | WOODLAND | SCRUBLAND,SIMULATION_READY,EVD_JRN_R02_B01_SPC_GIRAFFA_TIPPELSKIRCHI_PERSONALITY_ID_001 | EVD_JRN_R02_B01_SPC_GIRAFFA_TIPPELSKIRCHI_TERRAIN_BROAD_001 | EVD_JRN_R02_B01_SPC_GIRAFFA_TIPPELSKIRCHI_TERRAIN_SPECIFIC_001,1,BRD_MASAI_GIRAFFE
SPC_GLAUCOMYS_VOLANS,BEAST_SPECIES,BEAST,R20,B18,BRD_SOUTHERN_FLYING_SQUIRREL,BELONGING_COLONY_EXPRESSION,FOREST,WOODLAND | CANOPY | OLD_GROWTH_FOREST,SIMULATION_READY,EVD_JRN_R20_B01_SPC_GLAUCOMYS_VOLANS_PERSONALITY_ID_001 | EVD_JRN_R20_B01_SPC_GLAUCOMYS_VOLANS_TERRAIN_BROAD_001 | EVD_JRN_R20_B01_SPC_GLAUCOMYS_VOLANS_TERRAIN_SPECIFIC_001,1,BRD_SOUTHERN_FLYING_SQUIRREL
SPC_GLIS_GLIS,BEAST_SPECIES,BEAST,R20,B18,BRD_EDIBLE_DORMOUSE,BELONGING_COLONY_EXPRESSION,FOREST | MOUNTAIN | BUILT_ENVIRONMENT,WOODLAND | MONTANE_FOREST | RUINS,SIMULATION_READY,EVD_JRN_R20_B01_SPC_GLIS_GLIS_PERSONALITY_ID_001 | EVD_JRN_R20_B01_SPC_GLIS_GLIS_TERRAIN_BROAD_001 | EVD_JRN_R20_B01_SPC_GLIS_GLIS_TERRAIN_SPECIFIC_001,1,BRD_EDIBLE_DORMOUSE
SPC_GLOBICEPHALA_MELAS,BEAST_SPECIES,BEAST,R01,B06,BRD_LONG_FINNED_PILOT_WHALE,EXPRESSION_VOCAL_EXPRESSION,OCEAN | COASTAL,PELAGIC,SIMULATION_READY,EVD_JRN_R01_B01_SPC_GLOBICEPHALA_MELAS_PERSONALITY_ID_001 | EVD_JRN_R01_B01_SPC_GLOBICEPHALA_MELAS_TERRAIN_BROAD_001 | EVD_JRN_R01_B01_SPC_GLOBICEPHALA_MELAS_TERRAIN_SPECIFIC_001,1,BRD_LONG_FINNED_PILOT_WHALE
SPC_GLOMERIS_MARGINATA,BEAST_SPECIES,BEAST,R25,B02,BRD_PILL_MILLIPEDE,EMBODIMENT_PROTECTED_BODY_EXPRESSION,FOREST | GRASSLAND | BUILT_ENVIRONMENT,FOREST_FLOOR | WOODLAND | MEADOW | VILLAGE | RUINS,SIMULATION_READY,EVD_JRN_R25_B01_SPC_GLOMERIS_MARGINATA_PERSONALITY_ID_001 | EVD_JRN_R25_B01_SPC_GLOMERIS_MARGINATA_TERRAIN_BROAD_001 | EVD_JRN_R25_B01_SPC_GLOMERIS_MARGINATA_TERRAIN_SPECIFIC_001,1,BRD_PILL_MILLIPEDE
SPC_GOBELINUS_MAIOR,MYTHOS_SPECIES,MYTHOS,R21,M13,BRD_HOBGOBLIN,PLEASURE_PLAY_EXPRESSION,FOREST | GRASSLAND | FRESHWATER | BUILT_ENVIRONMENT,WOODLAND | MEADOW | RIVER | VILLAGE | FOREST_EDGE,SIMULATION_READY,EVD_JRN_R21_B01_SPC_GOBELINUS_MAIOR_PERSONALITY_ID_001 | EVD_JRN_R21_B01_SPC_GOBELINUS_MAIOR_TERRAIN_BROAD_001 | EVD_JRN_R21_B01_SPC_GOBELINUS_MAIOR_TERRAIN_SPECIFIC_001,1,BRD_HOBGOBLIN
SPC_GOBELINUS_ORCUS,MYTHOS_SPECIES,MYTHOS,R21,M13,BRD_ORC,APPETITE_UNENDING_HUNGER_CONFLICT,OCEAN | COASTAL,PELAGIC | ISLAND | COASTAL_CLIFF,SIMULATION_READY,EVD_JRN_R21_B01_SPC_GOBELINUS_ORCUS_PERSONALITY_ID_001 | EVD_JRN_R21_B01_SPC_GOBELINUS_ORCUS_TERRAIN_BROAD_001 | EVD_JRN_R21_B01_SPC_GOBELINUS_ORCUS_TERRAIN_SPECIFIC_001,1,BRD_ORC
SPC_GOBELINUS_TERRIBILIS,MYTHOS_SPECIES,MYTHOS,R21,M13,BRD_BUGBEAR,FEAR_TERROR_INCARNATE_CONFLICT,GENERALIST,GENERALIST,SIMULATION_READY,EVD_JRN_R21_B01_SPC_GOBELINUS_TERRIBILIS_PERSONALITY_ID_001 | EVD_JRN_R21_B01_SPC_GOBELINUS_TERRIBILIS_TERRAIN_BROAD_001 | EVD_JRN_R21_B01_SPC_GOBELINUS_TERRIBILIS_TERRAIN_SPECIFIC_001,1,BRD_BUGBEAR
SPC_GOBELINUS_VULGARIS,MYTHOS_SPECIES,MYTHOS,R21,M13,BRD_GOBLIN,BELONGING_DISPLACEMENT_WOUND,SUBTERRANEAN | MOUNTAIN | BUILT_ENVIRONMENT,CAVE | MINE | TUNNEL | CASTLE,SIMULATION_READY,EVD_JRN_R21_B01_SPC_GOBELINUS_VULGARIS_PERSONALITY_ID_001 | EVD_JRN_R21_B01_SPC_GOBELINUS_VULGARIS_TERRAIN_BROAD_001 | EVD_JRN_R21_B01_SPC_GOBELINUS_VULGARIS_TERRAIN_SPECIFIC_001,1,BRD_GOBLIN
SPC_GOLEM_FACTITIUS,MYTHOS_SPECIES,MYTHOS,R21,M14,BRD_GOLEM | BRD_GOLEMS_BONE | BRD_GOLEMS_CLAY | BRD_GOLEMS_FLESH | BRD_GOLEMS_GLASS | BRD_GOLEMS_IRON | BRD_GOLEMS_KINTSUGI_CERAMIC | BRD_GOLEMS_STONE | BRD_GOLEMS_WOOD,PROTECTION_PROTECTOR_AS_PERPETRATOR_WOUND,BUILT_ENVIRONMENT | FRESHWATER,CITY | RIVER | TEMPLE,SIMULATION_READY,EVD_JRN_R21_B01_SPC_GOLEM_FACTITIUS_PERSONALITY_ID_001 | EVD_JRN_R21_B01_SPC_GOLEM_FACTITIUS_TERRAIN_BROAD_001 | EVD_JRN_R21_B01_SPC_GOLEM_FACTITIUS_TERRAIN_SPECIFIC_001,9,BRD_GOLEM | BRD_GOLEMS_BONE | BRD_GOLEMS_CLAY | BRD_GOLEMS_FLESH | BRD_GOLEMS_GLASS | BRD_GOLEMS_IRON | BRD_GOLEMS_KINTSUGI_CERAMIC | BRD_GOLEMS_STONE | BRD_GOLEMS_WOOD
SPC_GONODACTYLUS_SMITHII,BEAST_SPECIES,BEAST,R25,B02,BRD_PURPLE_SPOTTED_MANTIS_SHRIMP,POWER_PHYSICAL_POWER_EXPRESSION,OCEAN | COASTAL,CORAL_REEF | COASTAL_CLIFF,SIMULATION_READY,EVD_JRN_R25_B01_SPC_GONODACTYLUS_SMITHII_PERSONALITY_ID_001 | EVD_JRN_R25_B01_SPC_GONODACTYLUS_SMITHII_TERRAIN_BROAD_001 | EVD_JRN_R25_B01_SPC_GONODACTYLUS_SMITHII_TERRAIN_SPECIFIC_001,1,BRD_PURPLE_SPOTTED_MANTIS_SHRIMP
SPC_GOPHERUS_AGASSIZII,BEAST_SPECIES,BEAST,R04,B22,BRD_DESERT_TORTOISE,PERSEVERANCE_DROUGHT_OR_COLD_ENDURANCE_EXPRESSION,DESERT | SUBTERRANEAN | GRASSLAND,HOT_DESERT | BURROW | CANYON | SCRUBLAND,SIMULATION_READY,EVD_JRN_R04_B01_SPC_GOPHERUS_AGASSIZII_PERSONALITY_ID_001 | EVD_JRN_R04_B01_SPC_GOPHERUS_AGASSIZII_TERRAIN_BROAD_001 | EVD_JRN_R04_B01_SPC_GOPHERUS_AGASSIZII_TERRAIN_SPECIFIC_001,1,BRD_DESERT_TORTOISE
SPC_GORILLA_GORILLA,BEAST_SPECIES,BEAST,R15,B16,BRD_WESTERN_GORILLA,COLLECTIVE_MEMORY_TECHNIQUE_TRADITION,FOREST | WETLAND,RAIN_FOREST | FOREST_FLOOR | SWAMP | FOREST_EDGE,SIMULATION_READY,EVD_JRN_R15_B01_SPC_GORILLA_GORILLA_PERSONALITY_ID_001 | EVD_JRN_R15_B01_SPC_GORILLA_GORILLA_TERRAIN_BROAD_001 | EVD_JRN_R15_B01_SPC_GORILLA_GORILLA_TERRAIN_SPECIFIC_001,1,BRD_WESTERN_GORILLA
SPC_GOURA_VICTORIA,BEAST_SPECIES,BEAST,R17,B15,BRD_VICTORIA_CROWNED_PIGEON,CARE_PROVISIONING_EXPRESSION,FOREST | WETLAND,RAIN_FOREST | SWAMP | FLOODPLAIN | FOREST_FLOOR | CANOPY,SIMULATION_READY,EVD_JRN_R17_B01_SPC_GOURA_VICTORIA_PERSONALITY_ID_001 | EVD_JRN_R17_B01_SPC_GOURA_VICTORIA_TERRAIN_BROAD_001 | EVD_JRN_R17_B01_SPC_GOURA_VICTORIA_TERRAIN_SPECIFIC_001,1,BRD_VICTORIA_CROWNED_PIGEON
SPC_GRAMPUS_GRISEUS,BEAST_SPECIES,BEAST,R01,B06,BRD_RISSO_S_DOLPHIN,LOYALTY_GROUP_ALLEGIANCE_EXPRESSION,OCEAN | COASTAL,PELAGIC | CANYON,SIMULATION_READY,EVD_JRN_R01_B01_SPC_GRAMPUS_GRISEUS_PERSONALITY_ID_001 | EVD_JRN_R01_B01_SPC_GRAMPUS_GRISEUS_TERRAIN_BROAD_001 | EVD_JRN_R01_B01_SPC_GRAMPUS_GRISEUS_TERRAIN_SPECIFIC_001,1,BRD_RISSO_S_DOLPHIN
SPC_GRETA_OTO,BEAST_SPECIES,BEAST,R25,B02,BRD_GLASSWING_BUTTERFLY,TRUTH_CAMOUFLAGE_EXPRESSION,FOREST | MOUNTAIN,CLOUD_FOREST | RAIN_FOREST | FOREST_EDGE,SIMULATION_READY,EVD_JRN_R25_B01_SPC_GRETA_OTO_PERSONALITY_ID_001 | EVD_JRN_R25_B01_SPC_GRETA_OTO_TERRAIN_BROAD_001 | EVD_JRN_R25_B01_SPC_GRETA_OTO_TERRAIN_SPECIFIC_001,1,BRD_GLASSWING_BUTTERFLY
SPC_GROMPHADORHINA_PORTENTOSA,BEAST_SPECIES,BEAST,R25,B02,BRD_MADAGASCAR_HISSING_COCKROACH,EXPRESSION_VOCAL_EXPRESSION,FOREST,RAIN_FOREST | FOREST_FLOOR | ISLAND,SIMULATION_READY,EVD_JRN_R25_B01_SPC_GROMPHADORHINA_PORTENTOSA_PERSONALITY_ID_001 | EVD_JRN_R25_B01_SPC_GROMPHADORHINA_PORTENTOSA_TERRAIN_BROAD_001 | EVD_JRN_R25_B01_SPC_GROMPHADORHINA_PORTENTOSA_TERRAIN_SPECIFIC_001,1,BRD_MADAGASCAR_HISSING_COCKROACH
SPC_GRUS_AMERICANA,BEAST_SPECIES,BEAST,R01,B23,BRD_WHOOPING_CRANE,ATTACHMENT_LIFELONG_BOND_EXPRESSION,WETLAND | COASTAL | FRESHWATER | GRASSLAND | FOREST,MARSH | ESTUARY | MUDFLAT | FARMLAND | RIVER | ISLAND,SIMULATION_READY,EVD_JRN_R01_B01_SPC_GRUS_AMERICANA_PERSONALITY_ID_001 | EVD_JRN_R01_B01_SPC_GRUS_AMERICANA_TERRAIN_BROAD_001 | EVD_JRN_R01_B01_SPC_GRUS_AMERICANA_TERRAIN_SPECIFIC_001,1,BRD_WHOOPING_CRANE
SPC_GRYLLOTALPA_GRYLLOTALPA,BEAST_SPECIES,BEAST,R25,B02,BRD_EUROPEAN_MOLE_CRICKET,CONTROL_ENVIRONMENT_ENGINEERING_EXPRESSION,GRASSLAND | WETLAND | BUILT_ENVIRONMENT | SUBTERRANEAN,MEADOW | MARSH | FARMLAND | VILLAGE | SOIL | BURROW,SIMULATION_READY,EVD_JRN_R25_B01_SPC_GRYLLOTALPA_GRYLLOTALPA_PERSONALITY_ID_001 | EVD_JRN_R25_B01_SPC_GRYLLOTALPA_GRYLLOTALPA_TERRAIN_BROAD_001 | EVD_JRN_R25_B01_SPC_GRYLLOTALPA_GRYLLOTALPA_TERRAIN_SPECIFIC_001,1,BRD_EUROPEAN_MOLE_CRICKET
SPC_GULO_GULO,BEAST_SPECIES,BEAST,R02,B05,BRD_WOLVERINE,POWER_PHYSICAL_POWER_EXPRESSION,MOUNTAIN | FOREST | POLAR_ICE | SUBTERRANEAN,ALPINE | BOREAL_FOREST | TUNDRA | BURROW,SIMULATION_READY,EVD_JRN_R02_B01_SPC_GULO_GULO_PERSONALITY_ID_001 | EVD_JRN_R02_B01_SPC_GULO_GULO_TERRAIN_BROAD_001 | EVD_JRN_R02_B01_SPC_GULO_GULO_TERRAIN_SPECIFIC_001,1,BRD_WOLVERINE
SPC_GYMNOGYPS_CALIFORNIANUS,BEAST_SPECIES,BEAST,R18,B17,BRD_CALIFORNIA_CONDOR,ATTACHMENT_LIFELONG_BOND_EXPRESSION,MOUNTAIN | DESERT | COASTAL | GRASSLAND,CLIFF | CANYON | HOT_DESERT | COASTAL_CLIFF | SCRUBLAND,SIMULATION_READY,EVD_JRN_R18_B01_SPC_GYMNOGYPS_CALIFORNIANUS_PERSONALITY_ID_001 | EVD_JRN_R18_B01_SPC_GYMNOGYPS_CALIFORNIANUS_TERRAIN_BROAD_001 | EVD_JRN_R18_B01_SPC_GYMNOGYPS_CALIFORNIANUS_TERRAIN_SPECIFIC_001,1,BRD_CALIFORNIA_CONDOR
SPC_GYMNOMURAENA_ZEBRA,BEAST_SPECIES,BEAST,R14,B04,BRD_ZEBRA_MORAY,EMBODIMENT_FUNCTIONAL_BODY_EXPRESSION,OCEAN | COASTAL,CORAL_REEF | CAVE,SIMULATION_READY,EVD_JRN_R14_B01_SPC_GYMNOMURAENA_ZEBRA_PERSONALITY_ID_001 | EVD_JRN_R14_B01_SPC_GYMNOMURAENA_ZEBRA_TERRAIN_BROAD_001 | EVD_JRN_R14_B01_SPC_GYMNOMURAENA_ZEBRA_TERRAIN_SPECIFIC_001,1,BRD_ZEBRA_MORAY
SPC_GYMNOTHORAX_JAVANICUS,BEAST_SPECIES,BEAST,R14,B04,BRD_GIANT_MORAY,APPETITE_AMBUSH_FEEDING_EXPRESSION,OCEAN | COASTAL,CORAL_REEF | CAVE,SIMULATION_READY,EVD_JRN_R14_B01_SPC_GYMNOTHORAX_JAVANICUS_PERSONALITY_ID_001 | EVD_JRN_R14_B01_SPC_GYMNOTHORAX_JAVANICUS_TERRAIN_BROAD_001 | EVD_JRN_R14_B01_SPC_GYMNOTHORAX_JAVANICUS_TERRAIN_SPECIFIC_001,1,BRD_GIANT_MORAY
SPC_GYPAETUS_BARBATUS,BEAST_SPECIES,BEAST,R18,B17,BRD_BEARDED_VULTURE,CURIOSITY_PROBLEM_SOLVING_EXPRESSION,MOUNTAIN | GRASSLAND | DESERT,CLIFF | ALPINE | PLATEAU | STEPPE | HOT_DESERT,SIMULATION_READY,EVD_JRN_R18_B01_SPC_GYPAETUS_BARBATUS_PERSONALITY_ID_001 | EVD_JRN_R18_B01_SPC_GYPAETUS_BARBATUS_TERRAIN_BROAD_001 | EVD_JRN_R18_B01_SPC_GYPAETUS_BARBATUS_TERRAIN_SPECIFIC_001,1,BRD_BEARDED_VULTURE
SPC_GYPS_FULVUS,BEAST_SPECIES,BEAST,R18,B17,BRD_GRIFFON_VULTURE,BELONGING_COLONY_EXPRESSION,MOUNTAIN | GRASSLAND | DESERT,CLIFF | ALPINE | STEPPE | SAVANNA | HOT_DESERT,SIMULATION_READY,EVD_JRN_R18_B01_SPC_GYPS_FULVUS_PERSONALITY_ID_001 | EVD_JRN_R18_B01_SPC_GYPS_FULVUS_TERRAIN_BROAD_001 | EVD_JRN_R18_B01_SPC_GYPS_FULVUS_TERRAIN_SPECIFIC_001,1,BRD_GRIFFON_VULTURE
SPC_HALOBAENA_CAERULEA,BEAST_SPECIES,BEAST,R01,B23,BRD_BLUE_PETREL,CARE_PROVISIONING_EXPRESSION,OCEAN | POLAR_ICE | COASTAL | SUBTERRANEAN | GRASSLAND,PELAGIC | PACK_ICE | ISLAND | BURROW,SIMULATION_READY,EVD_JRN_R01_B01_SPC_HALOBAENA_CAERULEA_PERSONALITY_ID_001 | EVD_JRN_R01_B01_SPC_HALOBAENA_CAERULEA_TERRAIN_BROAD_001 | EVD_JRN_R01_B01_SPC_HALOBAENA_CAERULEA_TERRAIN_SPECIFIC_001,1,BRD_BLUE_PETREL
SPC_HAPALOCHLAENA_LUNULATA,BEAST_SPECIES,BEAST,R14,B11,BRD_GREATER_BLUE_RINGED_OCTOPUS,EXPRESSION_VISUAL_EXPRESSION,OCEAN | COASTAL,CORAL_REEF | MUDFLAT,SIMULATION_READY,EVD_JRN_R14_B01_SPC_HAPALOCHLAENA_LUNULATA_PERSONALITY_ID_001 | EVD_JRN_R14_B01_SPC_HAPALOCHLAENA_LUNULATA_TERRAIN_BROAD_001 | EVD_JRN_R14_B01_SPC_HAPALOCHLAENA_LUNULATA_TERRAIN_SPECIFIC_001,1,BRD_GREATER_BLUE_RINGED_OCTOPUS
SPC_HARMONIA_AXYRIDIS,BEAST_SPECIES,BEAST,R25,B02,BRD_HARLEQUIN_LADYBIRD,BELONGING_COLONY_EXPRESSION,FOREST | GRASSLAND | BUILT_ENVIRONMENT,FOREST_EDGE | MEADOW | FARMLAND | CITY | VILLAGE | RUINS,SIMULATION_READY,EVD_JRN_R25_B01_SPC_HARMONIA_AXYRIDIS_PERSONALITY_ID_001 | EVD_JRN_R25_B01_SPC_HARMONIA_AXYRIDIS_TERRAIN_BROAD_001 | EVD_JRN_R25_B01_SPC_HARMONIA_AXYRIDIS_TERRAIN_SPECIFIC_001,1,BRD_HARLEQUIN_LADYBIRD
SPC_HARPIA_HARPYJA,BEAST_SPECIES,BEAST,R18,B17,BRD_HARPY_EAGLE,PROTECTION_YOUNG_SHIELDING_EXPRESSION,FOREST,RAIN_FOREST | CANOPY | FOREST_EDGE,SIMULATION_READY,EVD_JRN_R18_B01_SPC_HARPIA_HARPYJA_PERSONALITY_ID_001 | EVD_JRN_R18_B01_SPC_HARPIA_HARPYJA_TERRAIN_BROAD_001 | EVD_JRN_R18_B01_SPC_HARPIA_HARPYJA_TERRAIN_SPECIFIC_001,1,BRD_HARPY_EAGLE
SPC_HARRIOTTA_RALEIGHANA,BEAST_SPECIES,BEAST,R12,B19,BRD_LONGNOSE_CHIMAERA,EMBODIMENT_FUNCTIONAL_BODY_EXPRESSION,OCEAN,PELAGIC | MUDFLAT,SIMULATION_READY,EVD_JRN_R12_B01_SPC_HARRIOTTA_RALEIGHANA_PERSONALITY_ID_001 | EVD_JRN_R12_B01_SPC_HARRIOTTA_RALEIGHANA_TERRAIN_BROAD_001 | EVD_JRN_R12_B01_SPC_HARRIOTTA_RALEIGHANA_TERRAIN_SPECIFIC_001,1,BRD_LONGNOSE_CHIMAERA
SPC_HELARCTOS_MALAYANUS,BEAST_SPECIES,BEAST,R02,B05,BRD_SUN_BEAR,DISCIPLINE_FORAGING_DISCIPLINE_EXPRESSION,FOREST,CANOPY | FOREST_FLOOR,SIMULATION_READY,EVD_JRN_R02_B01_SPC_HELARCTOS_MALAYANUS_PERSONALITY_ID_001 | EVD_JRN_R02_B01_SPC_HELARCTOS_MALAYANUS_TERRAIN_BROAD_001 | EVD_JRN_R02_B01_SPC_HELARCTOS_MALAYANUS_TERRAIN_SPECIFIC_001,1,BRD_SUN_BEAR
SPC_HELIX_POMATIA,BEAST_SPECIES,BEAST,R14,B11,BRD_ROMAN_SNAIL,SCARCITY_METABOLIC_SLOWING_EXPRESSION,FOREST | GRASSLAND | SUBTERRANEAN,WOODLAND | MEADOW | SOIL | BURROW,SIMULATION_READY,EVD_JRN_R14_B01_SPC_HELIX_POMATIA_PERSONALITY_ID_001 | EVD_JRN_R14_B01_SPC_HELIX_POMATIA_TERRAIN_BROAD_001 | EVD_JRN_R14_B01_SPC_HELIX_POMATIA_TERRAIN_SPECIFIC_001,1,BRD_ROMAN_SNAIL
SPC_HELODERMA_HORRIDUM,BEAST_SPECIES,BEAST,R24,B09,BRD_MEXICAN_BEADED_LIZARD,FORCE_BITE_OR_STING_EXPRESSION,DESERT | MOUNTAIN | FOREST | SUBTERRANEAN,HOT_DESERT | CANYON | SCRUBLAND | BURROW,SIMULATION_READY,EVD_JRN_R24_B01_SPC_HELODERMA_HORRIDUM_PERSONALITY_ID_001 | EVD_JRN_R24_B01_SPC_HELODERMA_HORRIDUM_TERRAIN_BROAD_001 | EVD_JRN_R24_B01_SPC_HELODERMA_HORRIDUM_TERRAIN_SPECIFIC_001,1,BRD_MEXICAN_BEADED_LIZARD
SPC_HELODERMA_SUSPECTUM,BEAST_SPECIES,BEAST,R24,B09,BRD_GILA_MONSTER,PERSEVERANCE_DROUGHT_OR_COLD_ENDURANCE_EXPRESSION,DESERT | MOUNTAIN | SUBTERRANEAN | FOREST,HOT_DESERT | CANYON | BURROW | WOODLAND,SIMULATION_READY,EVD_JRN_R24_B01_SPC_HELODERMA_SUSPECTUM_PERSONALITY_ID_001 | EVD_JRN_R24_B01_SPC_HELODERMA_SUSPECTUM_TERRAIN_BROAD_001 | EVD_JRN_R24_B01_SPC_HELODERMA_SUSPECTUM_TERRAIN_SPECIFIC_001,1,BRD_GILA_MONSTER
SPC_HELOSTOMA_TEMMINCKII,BEAST_SPECIES,BEAST,R14,B04,BRD_KISSING_GOURAMI,BOUNDARIES_TERRITORIAL_MARKING_EXPRESSION,FRESHWATER | WETLAND,POND | MARSH | RIVER,SIMULATION_READY,EVD_JRN_R14_B01_SPC_HELOSTOMA_TEMMINCKII_PERSONALITY_ID_001 | EVD_JRN_R14_B01_SPC_HELOSTOMA_TEMMINCKII_TERRAIN_BROAD_001 | EVD_JRN_R14_B01_SPC_HELOSTOMA_TEMMINCKII_TERRAIN_SPECIFIC_001,1,BRD_KISSING_GOURAMI
SPC_HEMICENTETES_SEMISPINOSUS,BEAST_SPECIES,BEAST,R11,B07,BRD_LOWLAND_STREAKED_TENREC,EXPRESSION_VOCAL_EXPRESSION,FOREST | SUBTERRANEAN,RAIN_FOREST | FOREST_FLOOR | BURROW | SOIL,SIMULATION_READY,EVD_JRN_R11_B01_SPC_HEMICENTETES_SEMISPINOSUS_PERSONALITY_ID_001 | EVD_JRN_R11_B01_SPC_HEMICENTETES_SEMISPINOSUS_TERRAIN_BROAD_001 | EVD_JRN_R11_B01_SPC_HEMICENTETES_SEMISPINOSUS_TERRAIN_SPECIFIC_001,1,BRD_LOWLAND_STREAKED_TENREC
SPC_HEMIECHINUS_AURITUS,BEAST_SPECIES,BEAST,R23,B24,BRD_LONG_EARED_HEDGEHOG,CONTROL_ENVIRONMENT_ENGINEERING_EXPRESSION,DESERT | GRASSLAND | SUBTERRANEAN,HOT_DESERT | STEPPE | SCRUBLAND | BURROW,SIMULATION_READY,EVD_JRN_R23_B01_SPC_HEMIECHINUS_AURITUS_PERSONALITY_ID_001 | EVD_JRN_R23_B01_SPC_HEMIECHINUS_AURITUS_TERRAIN_BROAD_001 | EVD_JRN_R23_B01_SPC_HEMIECHINUS_AURITUS_TERRAIN_SPECIFIC_001,1,BRD_LONG_EARED_HEDGEHOG
SPC_HERPESTES_ICHNEUMON,BEAST_SPECIES,BEAST,R02,B05,BRD_EGYPTIAN_MONGOOSE,BELONGING_HERDING_EXPRESSION,WETLAND | FRESHWATER | FOREST | SUBTERRANEAN,RIVER | MARSH | SCRUBLAND | BURROW,SIMULATION_READY,EVD_JRN_R02_B01_SPC_HERPESTES_ICHNEUMON_PERSONALITY_ID_001 | EVD_JRN_R02_B01_SPC_HERPESTES_ICHNEUMON_TERRAIN_BROAD_001 | EVD_JRN_R02_B01_SPC_HERPESTES_ICHNEUMON_TERRAIN_SPECIFIC_001,1,BRD_EGYPTIAN_MONGOOSE
SPC_HERPETOTHERES_CACHINNANS,BEAST_SPECIES,BEAST,R18,B17,BRD_LAUGHING_FALCON,DISCIPLINE_FORAGING_DISCIPLINE_EXPRESSION,FOREST | GRASSLAND | WETLAND,FOREST_EDGE | SAVANNA | WOODLAND | FLOODPLAIN,SIMULATION_READY,EVD_JRN_R18_B01_SPC_HERPETOTHERES_CACHINNANS_PERSONALITY_ID_001 | EVD_JRN_R18_B01_SPC_HERPETOTHERES_CACHINNANS_TERRAIN_BROAD_001 | EVD_JRN_R18_B01_SPC_HERPETOTHERES_CACHINNANS_TERRAIN_SPECIFIC_001,1,BRD_LAUGHING_FALCON
SPC_HETEROCEPHALUS_GLABER,BEAST_SPECIES,BEAST,R20,B18,BRD_NAKED_MOLE_RAT,BELONGING_COLONY_EXPRESSION,DESERT | GRASSLAND | SUBTERRANEAN,SAVANNA | SCRUBLAND | BURROW | SOIL,SIMULATION_READY,EVD_JRN_R20_B01_SPC_HETEROCEPHALUS_GLABER_PERSONALITY_ID_001 | EVD_JRN_R20_B01_SPC_HETEROCEPHALUS_GLABER_TERRAIN_BROAD_001 | EVD_JRN_R20_B01_SPC_HETEROCEPHALUS_GLABER_TERRAIN_SPECIFIC_001,1,BRD_NAKED_MOLE_RAT
SPC_HETEROHYRAX_BRUCEI,BEAST_SPECIES,BEAST,R11,B07,BRD_YELLOW_SPOTTED_ROCK_HYRAX,TRUST_ALARM_RELIABILITY_EXPRESSION,MOUNTAIN | GRASSLAND,CLIFF | SAVANNA,SIMULATION_READY,EVD_JRN_R11_B01_SPC_HETEROHYRAX_BRUCEI_PERSONALITY_ID_001 | EVD_JRN_R11_B01_SPC_HETEROHYRAX_BRUCEI_TERRAIN_BROAD_001 | EVD_JRN_R11_B01_SPC_HETEROHYRAX_BRUCEI_TERRAIN_SPECIFIC_001,1,BRD_YELLOW_SPOTTED_ROCK_HYRAX
SPC_HEXAPROTODON_LIBERIENSIS,BEAST_SPECIES,BEAST,R02,B08,BRD_PYGMY_HIPPOPOTAMUS,BOUNDARIES_TERRITORIAL_MARKING_EXPRESSION,FOREST | WETLAND | FRESHWATER | SUBTERRANEAN,RAIN_FOREST | SWAMP | RIVER | BURROW,SIMULATION_READY,EVD_JRN_R02_B01_SPC_HEXAPROTODON_LIBERIENSIS_PERSONALITY_ID_001 | EVD_JRN_R02_B01_SPC_HEXAPROTODON_LIBERIENSIS_TERRAIN_BROAD_001 | EVD_JRN_R02_B01_SPC_HEXAPROTODON_LIBERIENSIS_TERRAIN_SPECIFIC_001,1,BRD_PYGMY_HIPPOPOTAMUS
SPC_HIPPOCAMPUS_ERECTUS,BEAST_SPECIES,BEAST,R14,B04,BRD_LINED_SEAHORSE,CARE_CARRYING_EXPRESSION,OCEAN | COASTAL,SEAGRASS_BED | MANGROVE | CORAL_REEF,SIMULATION_READY,EVD_JRN_R14_B01_SPC_HIPPOCAMPUS_ERECTUS_PERSONALITY_ID_001 | EVD_JRN_R14_B01_SPC_HIPPOCAMPUS_ERECTUS_TERRAIN_BROAD_001 | EVD_JRN_R14_B01_SPC_HIPPOCAMPUS_ERECTUS_TERRAIN_SPECIFIC_001,1,BRD_LINED_SEAHORSE
SPC_HIPPOPOTAMUS_AMPHIBIUS,BEAST_SPECIES,BEAST,R02,B08,BRD_COMMON_HIPPOPOTAMUS,DOMINANCE_POSTURE_DOMINANCE_EXPRESSION,FRESHWATER | GRASSLAND,RIVER | LAKE | SAVANNA,SIMULATION_READY,EVD_JRN_R02_B01_SPC_HIPPOPOTAMUS_AMPHIBIUS_PERSONALITY_ID_001 | EVD_JRN_R02_B01_SPC_HIPPOPOTAMUS_AMPHIBIUS_TERRAIN_BROAD_001 | EVD_JRN_R02_B01_SPC_HIPPOPOTAMUS_AMPHIBIUS_TERRAIN_SPECIFIC_001,1,BRD_COMMON_HIPPOPOTAMUS
SPC_HIPPOTRAGUS_NIGER,BEAST_SPECIES,BEAST,R02,B08,BRD_SABLE_ANTELOPE,DOMINANCE_POSTURE_DOMINANCE_EXPRESSION,FOREST | GRASSLAND,WOODLAND | SAVANNA,SIMULATION_READY,EVD_JRN_R02_B01_SPC_HIPPOTRAGUS_NIGER_PERSONALITY_ID_001 | EVD_JRN_R02_B01_SPC_HIPPOTRAGUS_NIGER_TERRAIN_BROAD_001 | EVD_JRN_R02_B01_SPC_HIPPOTRAGUS_NIGER_TERRAIN_SPECIFIC_001,1,BRD_SABLE_ANTELOPE
SPC_HIRUNDAPUS_CAUDACUTUS,BEAST_SPECIES,BEAST,R22,B13,BRD_WHITE_THROATED_NEEDLETAIL,PURPOSE_MIGRATION_PURPOSE_EXPRESSION,FOREST | MOUNTAIN,MONTANE_FOREST | FOREST_EDGE | CLIFF,SIMULATION_READY,EVD_JRN_R22_B01_SPC_HIRUNDAPUS_CAUDACUTUS_PERSONALITY_ID_001 | EVD_JRN_R22_B01_SPC_HIRUNDAPUS_CAUDACUTUS_TERRAIN_BROAD_001 | EVD_JRN_R22_B01_SPC_HIRUNDAPUS_CAUDACUTUS_TERRAIN_SPECIFIC_001,1,BRD_WHITE_THROATED_NEEDLETAIL
SPC_HIRUNDICHTHYS_AFFINIS,BEAST_SPECIES,BEAST,R14,B04,BRD_FOURWING_FLYINGFISH,EMBODIMENT_FUNCTIONAL_BODY_EXPRESSION,OCEAN | COASTAL,PELAGIC,SIMULATION_READY,EVD_JRN_R14_B01_SPC_HIRUNDICHTHYS_AFFINIS_PERSONALITY_ID_001 | EVD_JRN_R14_B01_SPC_HIRUNDICHTHYS_AFFINIS_TERRAIN_BROAD_001 | EVD_JRN_R14_B01_SPC_HIRUNDICHTHYS_AFFINIS_TERRAIN_SPECIFIC_001,1,BRD_FOURWING_FLYINGFISH
SPC_HIRUNDO_RUSTICA,BEAST_SPECIES,BEAST,R08,B21,BRD_BARN_SWALLOW,CARE_PROVISIONING_EXPRESSION,GRASSLAND | FRESHWATER | BUILT_ENVIRONMENT,MEADOW | FARMLAND | RIVER | WORKSHOP,SIMULATION_READY,EVD_JRN_R08_B01_SPC_HIRUNDO_RUSTICA_PERSONALITY_ID_001 | EVD_JRN_R08_B01_SPC_HIRUNDO_RUSTICA_TERRAIN_BROAD_001 | EVD_JRN_R08_B01_SPC_HIRUNDO_RUSTICA_TERRAIN_SPECIFIC_001,1,BRD_BARN_SWALLOW
SPC_HISTIOPHRYNE_PSYCHEDELICA,BEAST_SPECIES,BEAST,R14,B04,BRD_PSYCHEDELIC_FROGFISH,EMBODIMENT_FUNCTIONAL_BODY_EXPRESSION,OCEAN | COASTAL,CORAL_REEF | CAVE,SIMULATION_READY,EVD_JRN_R14_B01_SPC_HISTIOPHRYNE_PSYCHEDELICA_PERSONALITY_ID_001 | EVD_JRN_R14_B01_SPC_HISTIOPHRYNE_PSYCHEDELICA_TERRAIN_BROAD_001 | EVD_JRN_R14_B01_SPC_HISTIOPHRYNE_PSYCHEDELICA_TERRAIN_SPECIFIC_001,1,BRD_PSYCHEDELIC_FROGFISH
SPC_HISTRIO_HISTRIO,BEAST_SPECIES,BEAST,R14,B04,BRD_SARGASSUM_FROGFISH,TRUTH_CAMOUFLAGE_EXPRESSION,OCEAN | COASTAL,PELAGIC,SIMULATION_READY,EVD_JRN_R14_B01_SPC_HISTRIO_HISTRIO_PERSONALITY_ID_001 | EVD_JRN_R14_B01_SPC_HISTRIO_HISTRIO_TERRAIN_BROAD_001 | EVD_JRN_R14_B01_SPC_HISTRIO_HISTRIO_TERRAIN_SPECIFIC_001,1,BRD_SARGASSUM_FROGFISH
SPC_HOMARUS_AMERICANUS,BEAST_SPECIES,BEAST,R25,B02,BRD_AMERICAN_LOBSTER,STATUS_VICTORY_RANK_EXPRESSION,OCEAN | COASTAL | SUBTERRANEAN,COASTAL_CLIFF | MUDFLAT | SEAGRASS_BED | BURROW,SIMULATION_READY,EVD_JRN_R25_B01_SPC_HOMARUS_AMERICANUS_PERSONALITY_ID_001 | EVD_JRN_R25_B01_SPC_HOMARUS_AMERICANUS_TERRAIN_BROAD_001 | EVD_JRN_R25_B01_SPC_HOMARUS_AMERICANUS_TERRAIN_SPECIFIC_001,1,BRD_AMERICAN_LOBSTER
SPC_HOPLOMYS_GYMNURUS,BEAST_SPECIES,BEAST,R20,B18,BRD_ARMORED_RAT,PATIENCE_AMBUSH_PATIENCE_EXPRESSION,FOREST | FRESHWATER | SUBTERRANEAN,RAIN_FOREST | RIVER | FOREST_FLOOR | BURROW,SIMULATION_READY,EVD_JRN_R20_B01_SPC_HOPLOMYS_GYMNURUS_PERSONALITY_ID_001 | EVD_JRN_R20_B01_SPC_HOPLOMYS_GYMNURUS_TERRAIN_BROAD_001 | EVD_JRN_R20_B01_SPC_HOPLOMYS_GYMNURUS_TERRAIN_SPECIFIC_001,1,BRD_ARMORED_RAT
SPC_HYAENA_BRUNNEA,BEAST_SPECIES,BEAST,R02,B05,BRD_BROWN_HYENA,BELONGING_HERDING_EXPRESSION,DESERT | GRASSLAND | FOREST | MOUNTAIN,HOT_DESERT | SCRUBLAND | WOODLAND | SAVANNA,SIMULATION_READY,EVD_JRN_R02_B01_SPC_HYAENA_BRUNNEA_PERSONALITY_ID_001 | EVD_JRN_R02_B01_SPC_HYAENA_BRUNNEA_TERRAIN_BROAD_001 | EVD_JRN_R02_B01_SPC_HYAENA_BRUNNEA_TERRAIN_SPECIFIC_001,1,BRD_BROWN_HYENA
SPC_HYAENA_HYAENA,BEAST_SPECIES,BEAST,R02,B05,BRD_STRIPED_HYENA,BOUNDARIES_TERRITORIAL_MARKING_EXPRESSION,DESERT | GRASSLAND | SUBTERRANEAN,HOT_DESERT | SCRUBLAND | SAVANNA | CAVE | BURROW,SIMULATION_READY,EVD_JRN_R02_B01_SPC_HYAENA_HYAENA_PERSONALITY_ID_001 | EVD_JRN_R02_B01_SPC_HYAENA_HYAENA_TERRAIN_BROAD_001 | EVD_JRN_R02_B01_SPC_HYAENA_HYAENA_TERRAIN_SPECIFIC_001,1,BRD_STRIPED_HYENA
SPC_HYALINOBATRACHIUM_FLEISCHMANNI,BEAST_SPECIES,BEAST,R13,B01,BRD_FLEISCHMANN_S_GLASS_FROG,TRUTH_CAMOUFLAGE_EXPRESSION,FOREST | FRESHWATER,RAIN_FOREST | CANOPY | RIVER,SIMULATION_READY,EVD_JRN_R13_B01_SPC_HYALINOBATRACHIUM_FLEISCHMANNI_PERSONALITY_ID_001 | EVD_JRN_R13_B01_SPC_HYALINOBATRACHIUM_FLEISCHMANNI_TERRAIN_BROAD_001 | EVD_JRN_R13_B01_SPC_HYALINOBATRACHIUM_FLEISCHMANNI_TERRAIN_SPECIFIC_001,1,BRD_FLEISCHMANN_S_GLASS_FROG
SPC_HYALINOBATRACHIUM_VALERIOI,BEAST_SPECIES,BEAST,R13,B01,BRD_RETICULATED_GLASS_FROG,DUTY_WATCH_DUTY_EXPRESSION,FOREST | FRESHWATER,RAIN_FOREST | CANOPY | RIVER,SIMULATION_READY,EVD_JRN_R13_B01_SPC_HYALINOBATRACHIUM_VALERIOI_PERSONALITY_ID_001 | EVD_JRN_R13_B01_SPC_HYALINOBATRACHIUM_VALERIOI_TERRAIN_BROAD_001 | EVD_JRN_R13_B01_SPC_HYALINOBATRACHIUM_VALERIOI_TERRAIN_SPECIFIC_001,1,BRD_RETICULATED_GLASS_FROG
SPC_HYDROCHOERIS_ISTHMIUS,BEAST_SPECIES,BEAST,R20,B18,BRD_LESSER_CAPYBARA,BELONGING_HERDING_EXPRESSION,WETLAND | FRESHWATER | GRASSLAND,MARSH | RIVER | SAVANNA,SIMULATION_READY,EVD_JRN_R20_B01_SPC_HYDROCHOERIS_ISTHMIUS_PERSONALITY_ID_001 | EVD_JRN_R20_B01_SPC_HYDROCHOERIS_ISTHMIUS_TERRAIN_BROAD_001 | EVD_JRN_R20_B01_SPC_HYDROCHOERIS_ISTHMIUS_TERRAIN_SPECIFIC_001,1,BRD_LESSER_CAPYBARA
SPC_HYDROCHOERUS_HYDROCHAERIS,BEAST_SPECIES,BEAST,R20,B18,BRD_CAPYBARA,BELONGING_HERDING_EXPRESSION,WETLAND | FRESHWATER | GRASSLAND,MARSH | RIVER | FLOODPLAIN | SAVANNA,SIMULATION_READY,EVD_JRN_R20_B01_SPC_HYDROCHOERUS_HYDROCHAERIS_PERSONALITY_ID_001 | EVD_JRN_R20_B01_SPC_HYDROCHOERUS_HYDROCHAERIS_TERRAIN_BROAD_001 | EVD_JRN_R20_B01_SPC_HYDROCHOERUS_HYDROCHAERIS_TERRAIN_SPECIFIC_001,1,BRD_CAPYBARA
SPC_HYDROLAGUS_COLLIEI,BEAST_SPECIES,BEAST,R12,B19,BRD_SPOTTED_RATFISH,EMBODIMENT_WEAPON_BODY_CONFLICT,OCEAN | COASTAL,PELAGIC | MUDFLAT,SIMULATION_READY,EVD_JRN_R12_B01_SPC_HYDROLAGUS_COLLIEI_PERSONALITY_ID_001 | EVD_JRN_R12_B01_SPC_HYDROLAGUS_COLLIEI_TERRAIN_BROAD_001 | EVD_JRN_R12_B01_SPC_HYDROLAGUS_COLLIEI_TERRAIN_SPECIFIC_001,1,BRD_SPOTTED_RATFISH
SPC_HYDROPHASIANUS_CHIRURGUS,BEAST_SPECIES,BEAST,R01,B23,BRD_PHEASANT_TAILED_JACANA,DUTY_NEST_DUTY_EXPRESSION,FRESHWATER | WETLAND,LAKE | POND | SWAMP,SIMULATION_READY,EVD_JRN_R01_B01_SPC_HYDROPHASIANUS_CHIRURGUS_PERSONALITY_ID_001 | EVD_JRN_R01_B01_SPC_HYDROPHASIANUS_CHIRURGUS_TERRAIN_BROAD_001 | EVD_JRN_R01_B01_SPC_HYDROPHASIANUS_CHIRURGUS_TERRAIN_SPECIFIC_001,1,BRD_PHEASANT_TAILED_JACANA
SPC_HYDROPHIS_PLATURUS,BEAST_SPECIES,BEAST,R25,B20,BRD_YELLOW_BELLIED_SEA_SNAKE,RISK_LEAP_OR_DIVE_EXPRESSION,OCEAN | COASTAL,PELAGIC | ESTUARY,SIMULATION_READY,EVD_JRN_R25_B01_SPC_HYDROPHIS_PLATURUS_PERSONALITY_ID_001 | EVD_JRN_R25_B01_SPC_HYDROPHIS_PLATURUS_TERRAIN_BROAD_001 | EVD_JRN_R25_B01_SPC_HYDROPHIS_PLATURUS_TERRAIN_SPECIFIC_001,1,BRD_YELLOW_BELLIED_SEA_SNAKE
SPC_HYDRURGA_LEPTONYX,BEAST_SPECIES,BEAST,R02,B05,BRD_LEOPARD_SEAL,DISCIPLINE_FORAGING_DISCIPLINE_EXPRESSION,OCEAN | POLAR_ICE,PACK_ICE | PELAGIC | ISLAND,SIMULATION_READY,EVD_JRN_R02_B01_SPC_HYDRURGA_LEPTONYX_PERSONALITY_ID_001 | EVD_JRN_R02_B01_SPC_HYDRURGA_LEPTONYX_TERRAIN_BROAD_001 | EVD_JRN_R02_B01_SPC_HYDRURGA_LEPTONYX_TERRAIN_SPECIFIC_001,1,BRD_LEOPARD_SEAL
SPC_HYEMOSCHUS_AQUATICUS,BEAST_SPECIES,BEAST,R02,B08,BRD_WATER_CHEVROTAIN,POWER_PHYSICAL_POWER_EXPRESSION,FOREST | FRESHWATER,RAIN_FOREST | SCRUBLAND | RIVER | FOREST_FLOOR,SIMULATION_READY,EVD_JRN_R02_B01_SPC_HYEMOSCHUS_AQUATICUS_PERSONALITY_ID_001 | EVD_JRN_R02_B01_SPC_HYEMOSCHUS_AQUATICUS_TERRAIN_BROAD_001 | EVD_JRN_R02_B01_SPC_HYEMOSCHUS_AQUATICUS_TERRAIN_SPECIFIC_001,1,BRD_WATER_CHEVROTAIN
SPC_HYLOBATES_LAR,BEAST_SPECIES,BEAST,R15,B16,BRD_LAR_GIBBON,EXPRESSION_VOCAL_EXPRESSION,FOREST,RAIN_FOREST | CANOPY | MONTANE_FOREST,SIMULATION_READY,EVD_JRN_R15_B01_SPC_HYLOBATES_LAR_PERSONALITY_ID_001 | EVD_JRN_R15_B01_SPC_HYLOBATES_LAR_TERRAIN_BROAD_001 | EVD_JRN_R15_B01_SPC_HYLOBATES_LAR_TERRAIN_SPECIFIC_001,1,BRD_LAR_GIBBON
SPC_HYLOMYS_SUILLUS,BEAST_SPECIES,BEAST,R23,B24,BRD_LESSER_GYMNURE,CURIOSITY_PROBLEM_SOLVING_EXPRESSION,FOREST | MOUNTAIN,MONTANE_FOREST | RAIN_FOREST | FOREST_FLOOR,SIMULATION_READY,EVD_JRN_R23_B01_SPC_HYLOMYS_SUILLUS_PERSONALITY_ID_001 | EVD_JRN_R23_B01_SPC_HYLOMYS_SUILLUS_TERRAIN_BROAD_001 | EVD_JRN_R23_B01_SPC_HYLOMYS_SUILLUS_TERRAIN_SPECIFIC_001,1,BRD_LESSER_GYMNURE
SPC_HYMENOCERA_PICTA,BEAST_SPECIES,BEAST,R25,B02,BRD_HARLEQUIN_SHRIMP,ATTACHMENT_LIFELONG_BOND_EXPRESSION,OCEAN | COASTAL,CORAL_REEF,SIMULATION_READY,EVD_JRN_R25_B01_SPC_HYMENOCERA_PICTA_PERSONALITY_ID_001 | EVD_JRN_R25_B01_SPC_HYMENOCERA_PICTA_TERRAIN_BROAD_001 | EVD_JRN_R25_B01_SPC_HYMENOCERA_PICTA_TERRAIN_SPECIFIC_001,1,BRD_HARLEQUIN_SHRIMP
SPC_HYMENOPUS_CORONATUS,BEAST_SPECIES,BEAST,R25,B02,BRD_ORCHID_MANTIS,TRUTH_MIMICRY_EXPRESSION,FOREST,RAIN_FOREST | FOREST_EDGE | FLOWERING_HABITAT,SIMULATION_READY,EVD_JRN_R25_B01_SPC_HYMENOPUS_CORONATUS_PERSONALITY_ID_001 | EVD_JRN_R25_B01_SPC_HYMENOPUS_CORONATUS_TERRAIN_BROAD_001 | EVD_JRN_R25_B01_SPC_HYMENOPUS_CORONATUS_TERRAIN_SPECIFIC_001,1,BRD_ORCHID_MANTIS
SPC_HYPANUS_AMERICANUS,BEAST_SPECIES,BEAST,R12,B19,BRD_SOUTHERN_STINGRAY,TRUTH_CAMOUFLAGE_EXPRESSION,OCEAN | COASTAL,CORAL_REEF | MUDFLAT,SIMULATION_READY,EVD_JRN_R12_B01_SPC_HYPANUS_AMERICANUS_PERSONALITY_ID_001 | EVD_JRN_R12_B01_SPC_HYPANUS_AMERICANUS_TERRAIN_BROAD_001 | EVD_JRN_R12_B01_SPC_HYPANUS_AMERICANUS_TERRAIN_SPECIFIC_001,1,BRD_SOUTHERN_STINGRAY
SPC_HYPEROODON_AMPULLATUS,BEAST_SPECIES,BEAST,R01,B06,BRD_NORTHERN_BOTTLENOSE_WHALE,LOYALTY_GROUP_ALLEGIANCE_EXPRESSION,OCEAN | COASTAL | POLAR_ICE,PELAGIC | PACK_ICE,SIMULATION_READY,EVD_JRN_R01_B01_SPC_HYPEROODON_AMPULLATUS_PERSONALITY_ID_001 | EVD_JRN_R01_B01_SPC_HYPEROODON_AMPULLATUS_TERRAIN_BROAD_001 | EVD_JRN_R01_B01_SPC_HYPEROODON_AMPULLATUS_TERRAIN_SPECIFIC_001,1,BRD_NORTHERN_BOTTLENOSE_WHALE
SPC_HYPSIGNATHUS_MONSTROSUS,BEAST_SPECIES,BEAST,R20,B03,BRD_HAMMER_HEADED_FRUIT_BAT,RECOGNITION_COURTSHIP_DISPLAY_EXPRESSION,FOREST | WETLAND | FRESHWATER,RAIN_FOREST | SWAMP | RIVER,SIMULATION_READY,EVD_JRN_R20_B01_SPC_HYPSIGNATHUS_MONSTROSUS_PERSONALITY_ID_001 | EVD_JRN_R20_B01_SPC_HYPSIGNATHUS_MONSTROSUS_TERRAIN_BROAD_001 | EVD_JRN_R20_B01_SPC_HYPSIGNATHUS_MONSTROSUS_TERRAIN_SPECIFIC_001,1,BRD_HAMMER_HEADED_FRUIT_BAT
SPC_HYPSYPOPS_RUBICUNDUS,BEAST_SPECIES,BEAST,R14,B04,BRD_GARIBALDI_DAMSELFISH,BOUNDARIES_TERRITORIAL_MARKING_EXPRESSION,OCEAN | COASTAL,KELP_FOREST | COASTAL_CLIFF | CAVE,SIMULATION_READY,EVD_JRN_R14_B01_SPC_HYPSYPOPS_RUBICUNDUS_PERSONALITY_ID_001 | EVD_JRN_R14_B01_SPC_HYPSYPOPS_RUBICUNDUS_TERRAIN_BROAD_001 | EVD_JRN_R14_B01_SPC_HYPSYPOPS_RUBICUNDUS_TERRAIN_SPECIFIC_001,1,BRD_GARIBALDI_DAMSELFISH
SPC_HYSTRIX_CRISTATA,BEAST_SPECIES,BEAST,R20,B18,BRD_CRESTED_PORCUPINE,ATTACHMENT_LIFELONG_BOND_EXPRESSION,GRASSLAND | FOREST | DESERT | SUBTERRANEAN,SAVANNA | SCRUBLAND | CAVE | BURROW,SIMULATION_READY,EVD_JRN_R20_B01_SPC_HYSTRIX_CRISTATA_PERSONALITY_ID_001 | EVD_JRN_R20_B01_SPC_HYSTRIX_CRISTATA_TERRAIN_BROAD_001 | EVD_JRN_R20_B01_SPC_HYSTRIX_CRISTATA_TERRAIN_SPECIFIC_001,1,BRD_CRESTED_PORCUPINE
SPC_ICTALURUS_PUNCTATUS,BEAST_SPECIES,BEAST,R14,B04,BRD_CHANNEL_CATFISH,EMBODIMENT_FUNCTIONAL_BODY_EXPRESSION,FRESHWATER,RIVER | LAKE,SIMULATION_READY,EVD_JRN_R14_B01_SPC_ICTALURUS_PUNCTATUS_PERSONALITY_ID_001 | EVD_JRN_R14_B01_SPC_ICTALURUS_PUNCTATUS_TERRAIN_BROAD_001 | EVD_JRN_R14_B01_SPC_ICTALURUS_PUNCTATUS_TERRAIN_SPECIFIC_001,1,BRD_CHANNEL_CATFISH
SPC_ICTERUS_GALBULA,BEAST_SPECIES,BEAST,R08,B21,BRD_BALTIMORE_ORIOLE,CONTROL_ENVIRONMENT_ENGINEERING_EXPRESSION,FOREST,WOODLAND | FOREST_EDGE | CANOPY,SIMULATION_READY,EVD_JRN_R08_B01_SPC_ICTERUS_GALBULA_PERSONALITY_ID_001 | EVD_JRN_R08_B01_SPC_ICTERUS_GALBULA_TERRAIN_BROAD_001 | EVD_JRN_R08_B01_SPC_ICTERUS_GALBULA_TERRAIN_SPECIFIC_001,1,BRD_BALTIMORE_ORIOLE
SPC_IGUANA_IGUANA,BEAST_SPECIES,BEAST,R24,B09,BRD_GREEN_IGUANA,RISK_LEAP_OR_DIVE_EXPRESSION,FOREST | FRESHWATER | WETLAND | COASTAL | BUILT_ENVIRONMENT,RAIN_FOREST | CANOPY | RIVER | LAKE | SWAMP | CITY,SIMULATION_READY,EVD_JRN_R24_B01_SPC_IGUANA_IGUANA_PERSONALITY_ID_001 | EVD_JRN_R24_B01_SPC_IGUANA_IGUANA_TERRAIN_BROAD_001 | EVD_JRN_R24_B01_SPC_IGUANA_IGUANA_TERRAIN_SPECIFIC_001,1,BRD_GREEN_IGUANA
SPC_INDOTYPHLOPS_BRAMINUS,BEAST_SPECIES,BEAST,R25,B20,BRD_BRAHMINY_BLIND_SNAKE,EXILE_COLONIZATION_EXPRESSION,SUBTERRANEAN | BUILT_ENVIRONMENT | FOREST,SOIL | BURROW | CITY | VILLAGE | FOREST_FLOOR,SIMULATION_READY,EVD_JRN_R25_B01_SPC_INDOTYPHLOPS_BRAMINUS_PERSONALITY_ID_001 | EVD_JRN_R25_B01_SPC_INDOTYPHLOPS_BRAMINUS_TERRAIN_BROAD_001 | EVD_JRN_R25_B01_SPC_INDOTYPHLOPS_BRAMINUS_TERRAIN_SPECIFIC_001,1,BRD_BRAHMINY_BLIND_SNAKE
SPC_INDRI_INDRI,BEAST_SPECIES,BEAST,R15,B16,BRD_INDRI,EXPRESSION_VOCAL_EXPRESSION,FOREST | MOUNTAIN,RAIN_FOREST | CANOPY | MONTANE_FOREST,SIMULATION_READY,EVD_JRN_R15_B01_SPC_INDRI_INDRI_PERSONALITY_ID_001 | EVD_JRN_R15_B01_SPC_INDRI_INDRI_TERRAIN_BROAD_001 | EVD_JRN_R15_B01_SPC_INDRI_INDRI_TERRAIN_SPECIFIC_001,1,BRD_INDRI
SPC_INIA_GEOFFRENSIS,BEAST_SPECIES,BEAST,R01,B06,BRD_AMAZON_RIVER_DOLPHIN,COOPERATION_COOPERATIVE_HUNTING_EXPRESSION,FRESHWATER | WETLAND | FOREST,RIVER | LAKE | FLOODPLAIN | RAIN_FOREST,SIMULATION_READY,EVD_JRN_R01_B01_SPC_INIA_GEOFFRENSIS_PERSONALITY_ID_001 | EVD_JRN_R01_B01_SPC_INIA_GEOFFRENSIS_TERRAIN_BROAD_001 | EVD_JRN_R01_B01_SPC_INIA_GEOFFRENSIS_TERRAIN_SPECIFIC_001,1,BRD_AMAZON_RIVER_DOLPHIN
SPC_ISCHNURA_ELEGANS,BEAST_SPECIES,BEAST,R25,B02,BRD_BLUE_TAILED_DAMSELFLY,TRUTH_MIMICRY_EXPRESSION,FRESHWATER | WETLAND | GRASSLAND,POND | LAKE | MARSH | MEADOW,SIMULATION_READY,EVD_JRN_R25_B01_SPC_ISCHNURA_ELEGANS_PERSONALITY_ID_001 | EVD_JRN_R25_B01_SPC_ISCHNURA_ELEGANS_TERRAIN_BROAD_001 | EVD_JRN_R25_B01_SPC_ISCHNURA_ELEGANS_TERRAIN_SPECIFIC_001,1,BRD_BLUE_TAILED_DAMSELFLY
SPC_ISOODON_MACROURUS,BEAST_SPECIES,BEAST,R22,B10,BRD_NORTHERN_BROWN_BANDICOOT,CONTROL_ENVIRONMENT_ENGINEERING_EXPRESSION,FOREST | GRASSLAND | WETLAND,RAIN_FOREST | FOREST_EDGE | SAVANNA | SWAMP,SIMULATION_READY,EVD_JRN_R22_B01_SPC_ISOODON_MACROURUS_PERSONALITY_ID_001 | EVD_JRN_R22_B01_SPC_ISOODON_MACROURUS_TERRAIN_BROAD_001 | EVD_JRN_R22_B01_SPC_ISOODON_MACROURUS_TERRAIN_SPECIFIC_001,1,BRD_NORTHERN_BROWN_BANDICOOT
SPC_JABIRU_MYCTERIA,BEAST_SPECIES,BEAST,R01,B23,BRD_JABIRU,EXPRESSION_VISUAL_EXPRESSION,WETLAND | FRESHWATER | GRASSLAND | FOREST,RIVER | POND | LAKE | MARSH | SWAMP | SAVANNA,SIMULATION_READY,EVD_JRN_R01_B01_SPC_JABIRU_MYCTERIA_PERSONALITY_ID_001 | EVD_JRN_R01_B01_SPC_JABIRU_MYCTERIA_TERRAIN_BROAD_001 | EVD_JRN_R01_B01_SPC_JABIRU_MYCTERIA_TERRAIN_SPECIFIC_001,1,BRD_JABIRU
SPC_JACANA_SPINOSA,BEAST_SPECIES,BEAST,R01,B23,BRD_NORTHERN_JACANA,DUTY_NEST_DUTY_EXPRESSION,FRESHWATER | WETLAND,POND | LAKE | MARSH,SIMULATION_READY,EVD_JRN_R01_B01_SPC_JACANA_SPINOSA_PERSONALITY_ID_001 | EVD_JRN_R01_B01_SPC_JACANA_SPINOSA_TERRAIN_BROAD_001 | EVD_JRN_R01_B01_SPC_JACANA_SPINOSA_TERRAIN_SPECIFIC_001,1,BRD_NORTHERN_JACANA
SPC_JACULUS_JACULUS,BEAST_SPECIES,BEAST,R20,B18,BRD_LESSER_EGYPTIAN_JERBOA,PERSEVERANCE_DROUGHT_OR_COLD_ENDURANCE_EXPRESSION,DESERT | GRASSLAND | SUBTERRANEAN,HOT_DESERT | DUNES | STEPPE | BURROW,SIMULATION_READY,EVD_JRN_R20_B01_SPC_JACULUS_JACULUS_PERSONALITY_ID_001 | EVD_JRN_R20_B01_SPC_JACULUS_JACULUS_TERRAIN_BROAD_001 | EVD_JRN_R20_B01_SPC_JACULUS_JACULUS_TERRAIN_SPECIFIC_001,1,BRD_LESSER_EGYPTIAN_JERBOA
SPC_KERODON_RUPESTRIS,BEAST_SPECIES,BEAST,R20,B18,BRD_ROCK_CAVY,BELONGING_COLONY_EXPRESSION,MOUNTAIN | DESERT | SUBTERRANEAN,CLIFF | CAVE | SCRUBLAND,SIMULATION_READY,EVD_JRN_R20_B01_SPC_KERODON_RUPESTRIS_PERSONALITY_ID_001 | EVD_JRN_R20_B01_SPC_KERODON_RUPESTRIS_TERRAIN_BROAD_001 | EVD_JRN_R20_B01_SPC_KERODON_RUPESTRIS_TERRAIN_SPECIFIC_001,1,BRD_ROCK_CAVY
SPC_KETUPA_BLAKISTONI,BEAST_SPECIES,BEAST,R18,B17,BRD_BLAKISTON_S_FISH_OWL,LAND_SPAWNING_SITE_DEPENDENCE,FOREST | FRESHWATER | WETLAND,OLD_GROWTH_FOREST | RIVER | SWAMP | FOREST_EDGE,SIMULATION_READY,EVD_JRN_R18_B01_SPC_KETUPA_BLAKISTONI_PERSONALITY_ID_001 | EVD_JRN_R18_B01_SPC_KETUPA_BLAKISTONI_TERRAIN_BROAD_001 | EVD_JRN_R18_B01_SPC_KETUPA_BLAKISTONI_TERRAIN_SPECIFIC_001,1,BRD_BLAKISTON_S_FISH_OWL
SPC_KRYPTOLEBIAS_MARMORATUS,BEAST_SPECIES,BEAST,R14,B04,BRD_MANGROVE_RIVULUS,CHANGE_DEVELOPMENTAL_PLASTICITY_EXPRESSION,COASTAL | WETLAND | FRESHWATER | SUBTERRANEAN,MANGROVE | ESTUARY | BURROW,SIMULATION_READY,EVD_JRN_R14_B01_SPC_KRYPTOLEBIAS_MARMORATUS_PERSONALITY_ID_001 | EVD_JRN_R14_B01_SPC_KRYPTOLEBIAS_MARMORATUS_TERRAIN_BROAD_001 | EVD_JRN_R14_B01_SPC_KRYPTOLEBIAS_MARMORATUS_TERRAIN_SPECIFIC_001,1,BRD_MANGROVE_RIVULUS
SPC_LABROIDES_DIMIDIATUS,BEAST_SPECIES,BEAST,R14,B04,BRD_BLUESTREAK_CLEANER_WRASSE,CARE_PROVISIONING_EXPRESSION,OCEAN | COASTAL,CORAL_REEF,SIMULATION_READY,EVD_JRN_R14_B01_SPC_LABROIDES_DIMIDIATUS_PERSONALITY_ID_001 | EVD_JRN_R14_B01_SPC_LABROIDES_DIMIDIATUS_TERRAIN_BROAD_001 | EVD_JRN_R14_B01_SPC_LABROIDES_DIMIDIATUS_TERRAIN_SPECIFIC_001,1,BRD_BLUESTREAK_CLEANER_WRASSE
SPC_LACTOPHRYS_BICAUDALIS,BEAST_SPECIES,BEAST,R14,B04,BRD_SPOTTED_TRUNKFISH,EMBODIMENT_PROTECTED_BODY_EXPRESSION,OCEAN | COASTAL,CORAL_REEF | SEAGRASS_BED,SIMULATION_READY,EVD_JRN_R14_B01_SPC_LACTOPHRYS_BICAUDALIS_PERSONALITY_ID_001 | EVD_JRN_R14_B01_SPC_LACTOPHRYS_BICAUDALIS_TERRAIN_BROAD_001 | EVD_JRN_R14_B01_SPC_LACTOPHRYS_BICAUDALIS_TERRAIN_SPECIFIC_001,1,BRD_SPOTTED_TRUNKFISH
SPC_LACTORIA_CORNUTA,BEAST_SPECIES,BEAST,R14,B04,BRD_LONGHORN_COWFISH,EMBODIMENT_PROTECTED_BODY_EXPRESSION,OCEAN | COASTAL,CORAL_REEF | SEAGRASS_BED | MUDFLAT,SIMULATION_READY,EVD_JRN_R14_B01_SPC_LACTORIA_CORNUTA_PERSONALITY_ID_001 | EVD_JRN_R14_B01_SPC_LACTORIA_CORNUTA_TERRAIN_BROAD_001 | EVD_JRN_R14_B01_SPC_LACTORIA_CORNUTA_TERRAIN_SPECIFIC_001,1,BRD_LONGHORN_COWFISH
SPC_LAGIDIUM_VISCACIA,BEAST_SPECIES,BEAST,R20,B18,BRD_SOUTHERN_VISCACHA,BELONGING_COLONY_EXPRESSION,MOUNTAIN | GRASSLAND | SUBTERRANEAN,ALPINE | CLIFF | STEPPE | CAVE,SIMULATION_READY,EVD_JRN_R20_B01_SPC_LAGIDIUM_VISCACIA_PERSONALITY_ID_001 | EVD_JRN_R20_B01_SPC_LAGIDIUM_VISCACIA_TERRAIN_BROAD_001 | EVD_JRN_R20_B01_SPC_LAGIDIUM_VISCACIA_TERRAIN_SPECIFIC_001,1,BRD_SOUTHERN_VISCACHA
SPC_LAGOSTOMUS_MAXIMUS,BEAST_SPECIES,BEAST,R20,B18,BRD_PLAINS_VISCACHA,BELONGING_COLONY_EXPRESSION,GRASSLAND | SUBTERRANEAN,PRAIRIE | STEPPE | BURROW,SIMULATION_READY,EVD_JRN_R20_B01_SPC_LAGOSTOMUS_MAXIMUS_PERSONALITY_ID_001 | EVD_JRN_R20_B01_SPC_LAGOSTOMUS_MAXIMUS_TERRAIN_BROAD_001 | EVD_JRN_R20_B01_SPC_LAGOSTOMUS_MAXIMUS_TERRAIN_SPECIFIC_001,1,BRD_PLAINS_VISCACHA
SPC_LAMA_GLAMA,BEAST_SPECIES,BEAST,R02,B08,BRD_LLAMA,ANGER_THREAT_DISPLAY_EXPRESSION,DESERT | MOUNTAIN,HOT_DESERT | PLATEAU,SIMULATION_READY,EVD_JRN_R02_B01_SPC_LAMA_GLAMA_PERSONALITY_ID_001 | EVD_JRN_R02_B01_SPC_LAMA_GLAMA_TERRAIN_BROAD_001 | EVD_JRN_R02_B01_SPC_LAMA_GLAMA_TERRAIN_SPECIFIC_001,1,BRD_LLAMA
SPC_LAMPROPELTIS_CALIFORNIAE,BEAST_SPECIES,BEAST,R25,B20,BRD_CALIFORNIA_KINGSNAKE,FORCE_CONSTRICT_EXPRESSION,DESERT | GRASSLAND | FOREST | BUILT_ENVIRONMENT | SUBTERRANEAN,HOT_DESERT | SCRUBLAND | WOODLAND | FARMLAND | CITY | VILLAGE | BURROW,SIMULATION_READY,EVD_JRN_R25_B01_SPC_LAMPROPELTIS_CALIFORNIAE_PERSONALITY_ID_001 | EVD_JRN_R25_B01_SPC_LAMPROPELTIS_CALIFORNIAE_TERRAIN_BROAD_001 | EVD_JRN_R25_B01_SPC_LAMPROPELTIS_CALIFORNIAE_TERRAIN_SPECIFIC_001,1,BRD_CALIFORNIA_KINGSNAKE
SPC_LAMPROTORNIS_SUPERBUS,BEAST_SPECIES,BEAST,R08,B21,BRD_SUPERB_STARLING,COOPERATION_GROUP_DEFENSE_EXPRESSION,GRASSLAND | FOREST | BUILT_ENVIRONMENT,SAVANNA | WOODLAND | FARMLAND | VILLAGE,SIMULATION_READY,EVD_JRN_R08_B01_SPC_LAMPROTORNIS_SUPERBUS_PERSONALITY_ID_001 | EVD_JRN_R08_B01_SPC_LAMPROTORNIS_SUPERBUS_TERRAIN_BROAD_001 | EVD_JRN_R08_B01_SPC_LAMPROTORNIS_SUPERBUS_TERRAIN_SPECIFIC_001,1,BRD_SUPERB_STARLING
SPC_LAMPYRIS_NOCTILUCA,BEAST_SPECIES,BEAST,R25,B02,BRD_COMMON_GLOW_WORM,TRUTH_HONEST_SIGNAL_EXPRESSION,GRASSLAND | FOREST | BUILT_ENVIRONMENT,MEADOW | FOREST_EDGE | CITY | VILLAGE | ROAD,SIMULATION_READY,EVD_JRN_R25_B01_SPC_LAMPYRIS_NOCTILUCA_PERSONALITY_ID_001 | EVD_JRN_R25_B01_SPC_LAMPYRIS_NOCTILUCA_TERRAIN_BROAD_001 | EVD_JRN_R25_B01_SPC_LAMPYRIS_NOCTILUCA_TERRAIN_SPECIFIC_001,1,BRD_COMMON_GLOW_WORM
SPC_LANIUS_EXCUBITOR,BEAST_SPECIES,BEAST,R08,B21,BRD_GREAT_GRAY_SHRIKE,POSSESSION_CACHE_GUARDING_EXPRESSION,GRASSLAND,SCRUBLAND,SIMULATION_READY,EVD_JRN_R08_B01_SPC_LANIUS_EXCUBITOR_PERSONALITY_ID_001 | EVD_JRN_R08_B01_SPC_LANIUS_EXCUBITOR_TERRAIN_BROAD_001 | EVD_JRN_R08_B01_SPC_LANIUS_EXCUBITOR_TERRAIN_SPECIFIC_001,1,BRD_GREAT_GRAY_SHRIKE
SPC_LANIUS_LUDOVICIANUS,BEAST_SPECIES,BEAST,R08,B21,BRD_LOGGERHEAD_SHRIKE,POSSESSION_CACHE_GUARDING_EXPRESSION,GRASSLAND,PRAIRIE | SCRUBLAND,SIMULATION_READY,EVD_JRN_R08_B01_SPC_LANIUS_LUDOVICIANUS_PERSONALITY_ID_001 | EVD_JRN_R08_B01_SPC_LANIUS_LUDOVICIANUS_TERRAIN_BROAD_001 | EVD_JRN_R08_B01_SPC_LANIUS_LUDOVICIANUS_TERRAIN_SPECIFIC_001,1,BRD_LOGGERHEAD_SHRIKE
SPC_LARUS_ARGENTATUS,BEAST_SPECIES,BEAST,R01,B23,BRD_HERRING_GULL,COOPERATION_GROUP_DEFENSE_EXPRESSION,COASTAL | OCEAN | FRESHWATER,ISLAND | COASTAL_CLIFF | LAKE | POND,SIMULATION_READY,EVD_JRN_R01_B01_SPC_LARUS_ARGENTATUS_PERSONALITY_ID_001 | EVD_JRN_R01_B01_SPC_LARUS_ARGENTATUS_TERRAIN_BROAD_001 | EVD_JRN_R01_B01_SPC_LARUS_ARGENTATUS_TERRAIN_SPECIFIC_001,1,BRD_HERRING_GULL
SPC_LASIORHINUS_LATIFRONS,BEAST_SPECIES,BEAST,R22,B10,BRD_SOUTHERN_HAIRY_NOSED_WOMBAT,BELONGING_COLONY_EXPRESSION,GRASSLAND | DESERT | SUBTERRANEAN,STEPPE | SCRUBLAND | BURROW | TUNNEL,SIMULATION_READY,EVD_JRN_R22_B01_SPC_LASIORHINUS_LATIFRONS_PERSONALITY_ID_001 | EVD_JRN_R22_B01_SPC_LASIORHINUS_LATIFRONS_TERRAIN_BROAD_001 | EVD_JRN_R22_B01_SPC_LASIORHINUS_LATIFRONS_TERRAIN_SPECIFIC_001,1,BRD_SOUTHERN_HAIRY_NOSED_WOMBAT
SPC_LATICAUDA_COLUBRINA,BEAST_SPECIES,BEAST,R25,B20,BRD_BANDED_SEA_KRAIT,EXILE_TWO_HOME_CONFLICT,OCEAN | COASTAL | FOREST,CORAL_REEF | ISLAND | OLD_GROWTH_FOREST | FOREST_FLOOR | COASTAL_CLIFF,SIMULATION_READY,EVD_JRN_R25_B01_SPC_LATICAUDA_COLUBRINA_PERSONALITY_ID_001 | EVD_JRN_R25_B01_SPC_LATICAUDA_COLUBRINA_TERRAIN_BROAD_001 | EVD_JRN_R25_B01_SPC_LATICAUDA_COLUBRINA_TERRAIN_SPECIFIC_001,1,BRD_BANDED_SEA_KRAIT
SPC_LEIPOA_OCELLATA,BEAST_SPECIES,BEAST,R17,B15,BRD_MALLEEFOWL,CONTROL_ENVIRONMENT_ENGINEERING_EXPRESSION,FOREST | GRASSLAND | DESERT | BUILT_ENVIRONMENT,SCRUBLAND | WOODLAND | SOIL,SIMULATION_READY,EVD_JRN_R17_B01_SPC_LEIPOA_OCELLATA_PERSONALITY_ID_001 | EVD_JRN_R17_B01_SPC_LEIPOA_OCELLATA_TERRAIN_BROAD_001 | EVD_JRN_R17_B01_SPC_LEIPOA_OCELLATA_TERRAIN_SPECIFIC_001,1,BRD_MALLEEFOWL
SPC_LEIURUS_QUINQUESTRIATUS,BEAST_SPECIES,BEAST,R25,B02,BRD_DEATHSTALKER_SCORPION,PATIENCE_AMBUSH_PATIENCE_EXPRESSION,DESERT | SUBTERRANEAN,HOT_DESERT | SCRUBLAND | BURROW | SOIL,SIMULATION_READY,EVD_JRN_R25_B01_SPC_LEIURUS_QUINQUESTRIATUS_PERSONALITY_ID_001 | EVD_JRN_R25_B01_SPC_LEIURUS_QUINQUESTRIATUS_TERRAIN_BROAD_001 | EVD_JRN_R25_B01_SPC_LEIURUS_QUINQUESTRIATUS_TERRAIN_SPECIFIC_001,1,BRD_DEATHSTALKER_SCORPION
SPC_LEMUR_CATTA,BEAST_SPECIES,BEAST,R15,B16,BRD_RING_TAILED_LEMUR,BOUNDARIES_TERRITORIAL_MARKING_EXPRESSION,FOREST | GRASSLAND,FOREST_EDGE | SCRUBLAND | WOODLAND,SIMULATION_READY,EVD_JRN_R15_B01_SPC_LEMUR_CATTA_PERSONALITY_ID_001 | EVD_JRN_R15_B01_SPC_LEMUR_CATTA_TERRAIN_BROAD_001 | EVD_JRN_R15_B01_SPC_LEMUR_CATTA_TERRAIN_SPECIFIC_001,1,BRD_RING_TAILED_LEMUR
SPC_LEOPARDUS_PARDALIS,BEAST_SPECIES,BEAST,R02,B05,BRD_OCELOT,BOUNDARIES_TERRITORIAL_MARKING_EXPRESSION,FOREST | SUBTERRANEAN,RAIN_FOREST | SCRUBLAND | CANOPY | CAVE,SIMULATION_READY,EVD_JRN_R02_B01_SPC_LEOPARDUS_PARDALIS_PERSONALITY_ID_001 | EVD_JRN_R02_B01_SPC_LEOPARDUS_PARDALIS_TERRAIN_BROAD_001 | EVD_JRN_R02_B01_SPC_LEOPARDUS_PARDALIS_TERRAIN_SPECIFIC_001,1,BRD_OCELOT
SPC_LEPIDOCHELYS_OLIVACEA,BEAST_SPECIES,BEAST,R04,B22,BRD_OLIVE_RIDLEY_SEA_TURTLE,RISK_SOCIAL_RISK_SHARING_EXPRESSION,OCEAN | COASTAL,PELAGIC | DUNES,SIMULATION_READY,EVD_JRN_R04_B01_SPC_LEPIDOCHELYS_OLIVACEA_PERSONALITY_ID_001 | EVD_JRN_R04_B01_SPC_LEPIDOCHELYS_OLIVACEA_TERRAIN_BROAD_001 | EVD_JRN_R04_B01_SPC_LEPIDOCHELYS_OLIVACEA_TERRAIN_SPECIFIC_001,1,BRD_OLIVE_RIDLEY_SEA_TURTLE
SPC_LEPIDOSIREN_PARADOXA,BEAST_SPECIES,BEAST,R14,B04,BRD_SOUTH_AMERICAN_LUNGFISH,SCARCITY_METABOLIC_SLOWING_EXPRESSION,FRESHWATER | WETLAND | SUBTERRANEAN,RIVER | SWAMP | BURROW | SOIL,SIMULATION_READY,EVD_JRN_R14_B01_SPC_LEPIDOSIREN_PARADOXA_PERSONALITY_ID_001 | EVD_JRN_R14_B01_SPC_LEPIDOSIREN_PARADOXA_TERRAIN_BROAD_001 | EVD_JRN_R14_B01_SPC_LEPIDOSIREN_PARADOXA_TERRAIN_SPECIFIC_001,1,BRD_SOUTH_AMERICAN_LUNGFISH
SPC_LEPTAILURUS_SERVAL,BEAST_SPECIES,BEAST,R02,B05,BRD_SERVAL,DISCIPLINE_FORAGING_DISCIPLINE_EXPRESSION,GRASSLAND | WETLAND | FOREST | SUBTERRANEAN,SAVANNA | SCRUBLAND | MARSH | WOODLAND | BURROW,SIMULATION_READY,EVD_JRN_R02_B01_SPC_LEPTAILURUS_SERVAL_PERSONALITY_ID_001 | EVD_JRN_R02_B01_SPC_LEPTAILURUS_SERVAL_TERRAIN_BROAD_001 | EVD_JRN_R02_B01_SPC_LEPTAILURUS_SERVAL_TERRAIN_SPECIFIC_001,1,BRD_SERVAL
SPC_LEPTOPTILOS_CRUMENIFER,BEAST_SPECIES,BEAST,R01,B23,BRD_MARABOU_STORK,EXPRESSION_VOCAL_EXPRESSION,FRESHWATER | WETLAND | DESERT | GRASSLAND,RIVER | LAKE | HOT_DESERT | SAVANNA,SIMULATION_READY,EVD_JRN_R01_B01_SPC_LEPTOPTILOS_CRUMENIFER_PERSONALITY_ID_001 | EVD_JRN_R01_B01_SPC_LEPTOPTILOS_CRUMENIFER_TERRAIN_BROAD_001 | EVD_JRN_R01_B01_SPC_LEPTOPTILOS_CRUMENIFER_TERRAIN_SPECIFIC_001,1,BRD_MARABOU_STORK
SPC_LEPTUCA_PUGILATOR,BEAST_SPECIES,BEAST,R25,B02,BRD_ATLANTIC_SAND_FIDDLER_CRAB,MEMORY_CACHE_MEMORY_EXPRESSION,COASTAL | SUBTERRANEAN,MUDFLAT | COASTAL_CLIFF | BURROW | SOIL,SIMULATION_READY,EVD_JRN_R25_B01_SPC_LEPTUCA_PUGILATOR_PERSONALITY_ID_001 | EVD_JRN_R25_B01_SPC_LEPTUCA_PUGILATOR_TERRAIN_BROAD_001 | EVD_JRN_R25_B01_SPC_LEPTUCA_PUGILATOR_TERRAIN_SPECIFIC_001,1,BRD_ATLANTIC_SAND_FIDDLER_CRAB
SPC_LEPUS_AMERICANUS,BEAST_SPECIES,BEAST,R20,B18,BRD_SNOWSHOE_HARE,PERSEVERANCE_DROUGHT_OR_COLD_ENDURANCE_EXPRESSION,FOREST | WETLAND,BOREAL_FOREST | WOODLAND | SWAMP,SIMULATION_READY,EVD_JRN_R20_B01_SPC_LEPUS_AMERICANUS_PERSONALITY_ID_001 | EVD_JRN_R20_B01_SPC_LEPUS_AMERICANUS_TERRAIN_BROAD_001 | EVD_JRN_R20_B01_SPC_LEPUS_AMERICANUS_TERRAIN_SPECIFIC_001,1,BRD_SNOWSHOE_HARE
SPC_LEPUS_ARCTICUS,BEAST_SPECIES,BEAST,R20,B18,BRD_ARCTIC_HARE,PERSEVERANCE_DROUGHT_OR_COLD_ENDURANCE_EXPRESSION,POLAR_ICE | GRASSLAND | SUBTERRANEAN,TUNDRA | PACK_ICE | PLATEAU | BURROW,SIMULATION_READY,EVD_JRN_R20_B01_SPC_LEPUS_ARCTICUS_PERSONALITY_ID_001 | EVD_JRN_R20_B01_SPC_LEPUS_ARCTICUS_TERRAIN_BROAD_001 | EVD_JRN_R20_B01_SPC_LEPUS_ARCTICUS_TERRAIN_SPECIFIC_001,1,BRD_ARCTIC_HARE
SPC_LEPUS_CALIFORNICUS,BEAST_SPECIES,BEAST,R20,B18,BRD_BLACK_TAILED_JACKRABBIT,PERSEVERANCE_DROUGHT_OR_COLD_ENDURANCE_EXPRESSION,DESERT | GRASSLAND,HOT_DESERT | SCRUBLAND | PRAIRIE,SIMULATION_READY,EVD_JRN_R20_B01_SPC_LEPUS_CALIFORNICUS_PERSONALITY_ID_001 | EVD_JRN_R20_B01_SPC_LEPUS_CALIFORNICUS_TERRAIN_BROAD_001 | EVD_JRN_R20_B01_SPC_LEPUS_CALIFORNICUS_TERRAIN_SPECIFIC_001,1,BRD_BLACK_TAILED_JACKRABBIT
SPC_LEPUS_EUROPAEUS,BEAST_SPECIES,BEAST,R20,B18,BRD_EUROPEAN_HARE,BOUNDARIES_TERRITORIAL_MARKING_EXPRESSION,GRASSLAND | BUILT_ENVIRONMENT | FOREST,FARMLAND | MEADOW | FOREST_EDGE,SIMULATION_READY,EVD_JRN_R20_B01_SPC_LEPUS_EUROPAEUS_PERSONALITY_ID_001 | EVD_JRN_R20_B01_SPC_LEPUS_EUROPAEUS_TERRAIN_BROAD_001 | EVD_JRN_R20_B01_SPC_LEPUS_EUROPAEUS_TERRAIN_SPECIFIC_001,1,BRD_EUROPEAN_HARE
SPC_LETHOCERUS_INDICUS,BEAST_SPECIES,BEAST,R25,B02,BRD_GIANT_WATER_BUG,CARE_PROVISIONING_EXPRESSION,FRESHWATER | WETLAND,LAKE | POND | SWAMP | MARSH,SIMULATION_READY,EVD_JRN_R25_B01_SPC_LETHOCERUS_INDICUS_PERSONALITY_ID_001 | EVD_JRN_R25_B01_SPC_LETHOCERUS_INDICUS_TERRAIN_BROAD_001 | EVD_JRN_R25_B01_SPC_LETHOCERUS_INDICUS_TERRAIN_SPECIFIC_001,1,BRD_GIANT_WATER_BUG
SPC_LEUCOPSAR_ROTHSCHILDI,BEAST_SPECIES,BEAST,R08,B21,BRD_BALI_MYNA,BOUNDARIES_TERRITORIAL_MARKING_EXPRESSION,GRASSLAND | FOREST,SAVANNA | WOODLAND,SIMULATION_READY,EVD_JRN_R08_B01_SPC_LEUCOPSAR_ROTHSCHILDI_PERSONALITY_ID_001 | EVD_JRN_R08_B01_SPC_LEUCOPSAR_ROTHSCHILDI_TERRAIN_BROAD_001 | EVD_JRN_R08_B01_SPC_LEUCOPSAR_ROTHSCHILDI_TERRAIN_SPECIFIC_001,1,BRD_BALI_MYNA
SPC_LIMAX_MAXIMUS,BEAST_SPECIES,BEAST,R14,B11,BRD_LEOPARD_SLUG,DESIRE_COURTSHIP_DISPLAY_EXPRESSION,FOREST | GRASSLAND | BUILT_ENVIRONMENT,FOREST_FLOOR | MEADOW | CITY,SIMULATION_READY,EVD_JRN_R14_B01_SPC_LIMAX_MAXIMUS_PERSONALITY_ID_001 | EVD_JRN_R14_B01_SPC_LIMAX_MAXIMUS_TERRAIN_BROAD_001 | EVD_JRN_R14_B01_SPC_LIMAX_MAXIMUS_TERRAIN_SPECIFIC_001,1,BRD_LEOPARD_SLUG
SPC_LIMNOGALE_MERGULUS,BEAST_SPECIES,BEAST,R11,B07,BRD_WEB_FOOTED_TENREC,DISCIPLINE_FORAGING_DISCIPLINE_EXPRESSION,FRESHWATER | FOREST,RIVER | FOREST_FLOOR | BURROW,SIMULATION_READY,EVD_JRN_R11_B01_SPC_LIMNOGALE_MERGULUS_PERSONALITY_ID_001 | EVD_JRN_R11_B01_SPC_LIMNOGALE_MERGULUS_TERRAIN_BROAD_001 | EVD_JRN_R11_B01_SPC_LIMNOGALE_MERGULUS_TERRAIN_SPECIFIC_001,1,BRD_WEB_FOOTED_TENREC
SPC_LIMULUS_POLYPHEMUS,BEAST_SPECIES,BEAST,R25,B02,BRD_ATLANTIC_HORSESHOE_CRAB,MEMORY_RITUAL_RETURN_EXPRESSION,OCEAN | COASTAL | WETLAND,ESTUARY | MUDFLAT | COASTAL_CLIFF | DELTA,SIMULATION_READY,EVD_JRN_R25_B01_SPC_LIMULUS_POLYPHEMUS_PERSONALITY_ID_001 | EVD_JRN_R25_B01_SPC_LIMULUS_POLYPHEMUS_TERRAIN_BROAD_001 | EVD_JRN_R25_B01_SPC_LIMULUS_POLYPHEMUS_TERRAIN_SPECIFIC_001,1,BRD_ATLANTIC_HORSESHOE_CRAB
SPC_LISSACHATINA_FULICA,BEAST_SPECIES,BEAST,R14,B11,BRD_GIANT_AFRICAN_LAND_SNAIL,SCARCITY_METABOLIC_SLOWING_EXPRESSION,FOREST | GRASSLAND | BUILT_ENVIRONMENT | GENERALIST,FOREST_FLOOR | FARMLAND | CITY | GENERALIST,SIMULATION_READY,EVD_JRN_R14_B01_SPC_LISSACHATINA_FULICA_PERSONALITY_ID_001 | EVD_JRN_R14_B01_SPC_LISSACHATINA_FULICA_TERRAIN_BROAD_001 | EVD_JRN_R14_B01_SPC_LISSACHATINA_FULICA_TERRAIN_SPECIFIC_001,1,BRD_GIANT_AFRICAN_LAND_SNAIL
SPC_LISSEMYS_PUNCTATA,BEAST_SPECIES,BEAST,R04,B22,BRD_INDIAN_FLAPSHELL_TURTLE,PERSEVERANCE_DROUGHT_OR_COLD_ENDURANCE_EXPRESSION,FRESHWATER | WETLAND | SUBTERRANEAN | BUILT_ENVIRONMENT,RIVER | MARSH | POND | LAKE | MUDFLAT | FARMLAND,SIMULATION_READY,EVD_JRN_R04_B01_SPC_LISSEMYS_PUNCTATA_PERSONALITY_ID_001 | EVD_JRN_R04_B01_SPC_LISSEMYS_PUNCTATA_TERRAIN_BROAD_001 | EVD_JRN_R04_B01_SPC_LISSEMYS_PUNCTATA_TERRAIN_SPECIFIC_001,1,BRD_INDIAN_FLAPSHELL_TURTLE
SPC_LITHOBATES_CATESBEIANUS,BEAST_SPECIES,BEAST,R13,B01,BRD_AMERICAN_BULLFROG,BOUNDARIES_TERRITORIAL_MARKING_EXPRESSION,FRESHWATER | WETLAND,LAKE | POND | MARSH,SIMULATION_READY,EVD_JRN_R13_B01_SPC_LITHOBATES_CATESBEIANUS_PERSONALITY_ID_001 | EVD_JRN_R13_B01_SPC_LITHOBATES_CATESBEIANUS_TERRAIN_BROAD_001 | EVD_JRN_R13_B01_SPC_LITHOBATES_CATESBEIANUS_TERRAIN_SPECIFIC_001,1,BRD_AMERICAN_BULLFROG
SPC_LITHOBATES_PIPIENS,BEAST_SPECIES,BEAST,R13,B01,BRD_NORTHERN_LEOPARD_FROG,LAND_SPAWNING_SITE_DEPENDENCE,FRESHWATER | WETLAND | GRASSLAND,POND | MARSH | RIVER | MEADOW,SIMULATION_READY,EVD_JRN_R13_B01_SPC_LITHOBATES_PIPIENS_PERSONALITY_ID_001 | EVD_JRN_R13_B01_SPC_LITHOBATES_PIPIENS_TERRAIN_BROAD_001 | EVD_JRN_R13_B01_SPC_LITHOBATES_PIPIENS_TERRAIN_SPECIFIC_001,1,BRD_NORTHERN_LEOPARD_FROG
SPC_LITHODES_AEQUISPINUS,BEAST_SPECIES,BEAST,R25,B02,BRD_GOLDEN_KING_CRAB,CARE_CARRYING_EXPRESSION,OCEAN,PELAGIC | CORAL_REEF | COASTAL_CLIFF,SIMULATION_READY,EVD_JRN_R25_B01_SPC_LITHODES_AEQUISPINUS_PERSONALITY_ID_001 | EVD_JRN_R25_B01_SPC_LITHODES_AEQUISPINUS_TERRAIN_BROAD_001 | EVD_JRN_R25_B01_SPC_LITHODES_AEQUISPINUS_TERRAIN_SPECIFIC_001,1,BRD_GOLDEN_KING_CRAB
SPC_LITOCRANIUS_WALLERI,BEAST_SPECIES,BEAST,R02,B08,BRD_GERENUK,DISCIPLINE_FORAGING_DISCIPLINE_EXPRESSION,DESERT | GRASSLAND,HOT_DESERT | SCRUBLAND | SAVANNA,SIMULATION_READY,EVD_JRN_R02_B01_SPC_LITOCRANIUS_WALLERI_PERSONALITY_ID_001 | EVD_JRN_R02_B01_SPC_LITOCRANIUS_WALLERI_TERRAIN_BROAD_001 | EVD_JRN_R02_B01_SPC_LITOCRANIUS_WALLERI_TERRAIN_SPECIFIC_001,1,BRD_GERENUK
SPC_LOCUS_CURUPIRA,MYTHOS_SPECIES,MYTHOS,R12,M15,BRD_CURUPIRA,STEWARDSHIP_REALM_KEEPER_CONFLICT,FOREST,RAIN_FOREST | OLD_GROWTH_FOREST,SIMULATION_READY,EVD_JRN_R12_B01_SPC_LOCUS_CURUPIRA_PERSONALITY_ID_001 | EVD_JRN_R12_B01_SPC_LOCUS_CURUPIRA_TERRAIN_BROAD_001 | EVD_JRN_R12_B01_SPC_LOCUS_CURUPIRA_TERRAIN_SPECIFIC_001,1,BRD_CURUPIRA
SPC_LOCUS_DOMOVOI,MYTHOS_SPECIES,MYTHOS,R12,M15,BRD_DOMOVOI,STEWARDSHIP_REALM_KEEPER_CONFLICT,BUILT_ENVIRONMENT,VILLAGE,SIMULATION_READY,EVD_JRN_R12_B01_SPC_LOCUS_DOMOVOI_PERSONALITY_ID_001 | EVD_JRN_R12_B01_SPC_LOCUS_DOMOVOI_TERRAIN_BROAD_001 | EVD_JRN_R12_B01_SPC_LOCUS_DOMOVOI_TERRAIN_SPECIFIC_001,1,BRD_DOMOVOI
SPC_LOCUS_KAPRE,MYTHOS_SPECIES,MYTHOS,R12,M15,BRD_KAPRE,LAND_ROOTEDNESS_VERSUS_FREEDOM_CONFLICT,FOREST,CANOPY | OLD_GROWTH_FOREST,SIMULATION_READY,EVD_JRN_R12_B01_SPC_LOCUS_KAPRE_PERSONALITY_ID_001 | EVD_JRN_R12_B01_SPC_LOCUS_KAPRE_TERRAIN_BROAD_001 | EVD_JRN_R12_B01_SPC_LOCUS_KAPRE_TERRAIN_SPECIFIC_001,1,BRD_KAPRE
SPC_LOCUS_LESHY,MYTHOS_SPECIES,MYTHOS,R12,M15,BRD_LESHY,STEWARDSHIP_REALM_KEEPER_CONFLICT,FOREST,OLD_GROWTH_FOREST | FOREST_FLOOR,SIMULATION_READY,EVD_JRN_R12_B01_SPC_LOCUS_LESHY_PERSONALITY_ID_001 | EVD_JRN_R12_B01_SPC_LOCUS_LESHY_TERRAIN_BROAD_001 | EVD_JRN_R12_B01_SPC_LOCUS_LESHY_TERRAIN_SPECIFIC_001,1,BRD_LESHY
SPC_LOCUS_MIMISPIRIT,MYTHOS_SPECIES,MYTHOS,R12,M15,BRD_MIMI_SPIRIT,COLLECTIVE_MEMORY_TECHNIQUE_TRADITION,MOUNTAIN | SUBTERRANEAN,CLIFF | CAVE,SIMULATION_READY,EVD_JRN_R12_B01_SPC_LOCUS_MIMISPIRIT_PERSONALITY_ID_001 | EVD_JRN_R12_B01_SPC_LOCUS_MIMISPIRIT_TERRAIN_BROAD_001 | EVD_JRN_R12_B01_SPC_LOCUS_MIMISPIRIT_TERRAIN_SPECIFIC_001,1,BRD_MIMI_SPIRIT
SPC_LOCUS_MMOATIA,MYTHOS_SPECIES,MYTHOS,R12,M15,BRD_MMOATIA,COLLECTIVE_MEMORY_TECHNIQUE_TRADITION,FOREST,FOREST_FLOOR | OLD_GROWTH_FOREST,SIMULATION_READY,EVD_JRN_R12_B01_SPC_LOCUS_MMOATIA_PERSONALITY_ID_001 | EVD_JRN_R12_B01_SPC_LOCUS_MMOATIA_TERRAIN_BROAD_001 | EVD_JRN_R12_B01_SPC_LOCUS_MMOATIA_TERRAIN_SPECIFIC_001,1,BRD_MMOATIA
SPC_LONTRA_CANADENSIS,BEAST_SPECIES,BEAST,R02,B05,BRD_NORTH_AMERICAN_RIVER_OTTER,RISK_LEAP_OR_DIVE_EXPRESSION,FRESHWATER | WETLAND | COASTAL | OCEAN,RIVER | LAKE | POND | MARSH,SIMULATION_READY,EVD_JRN_R02_B01_SPC_LONTRA_CANADENSIS_PERSONALITY_ID_001 | EVD_JRN_R02_B01_SPC_LONTRA_CANADENSIS_TERRAIN_BROAD_001 | EVD_JRN_R02_B01_SPC_LONTRA_CANADENSIS_TERRAIN_SPECIFIC_001,1,BRD_NORTH_AMERICAN_RIVER_OTTER
SPC_LOPHODYTES_CUCULLATUS,BEAST_SPECIES,BEAST,R01,B23,BRD_HOODED_MERGANSER,COURAGE_FEIGNED_INJURY_EXPRESSION,FRESHWATER | WETLAND | FOREST | COASTAL,LAKE | POND | MARSH | SWAMP | RIVER | ESTUARY | BOREAL_FOREST,SIMULATION_READY,EVD_JRN_R01_B01_SPC_LOPHODYTES_CUCULLATUS_PERSONALITY_ID_001 | EVD_JRN_R01_B01_SPC_LOPHODYTES_CUCULLATUS_TERRAIN_BROAD_001 | EVD_JRN_R01_B01_SPC_LOPHODYTES_CUCULLATUS_TERRAIN_SPECIFIC_001,1,BRD_HOODED_MERGANSER
SPC_LOXIA_CURVIROSTRA,BEAST_SPECIES,BEAST,R08,B21,BRD_RED_CROSSBILL,TRUST_ALARM_RELIABILITY_EXPRESSION,FOREST,BOREAL_FOREST | OLD_GROWTH_FOREST,SIMULATION_READY,EVD_JRN_R08_B01_SPC_LOXIA_CURVIROSTRA_PERSONALITY_ID_001 | EVD_JRN_R08_B01_SPC_LOXIA_CURVIROSTRA_TERRAIN_BROAD_001 | EVD_JRN_R08_B01_SPC_LOXIA_CURVIROSTRA_TERRAIN_SPECIFIC_001,1,BRD_RED_CROSSBILL
SPC_LOXODONTA_AFRICANA,BEAST_SPECIES,BEAST,R11,B07,BRD_AFRICAN_SAVANNA_ELEPHANT,BELONGING_HERDING_EXPRESSION,FOREST | GRASSLAND | WETLAND,WOODLAND | SAVANNA | MARSH | FARMLAND,SIMULATION_READY,EVD_JRN_R11_B01_SPC_LOXODONTA_AFRICANA_PERSONALITY_ID_001 | EVD_JRN_R11_B01_SPC_LOXODONTA_AFRICANA_TERRAIN_BROAD_001 | EVD_JRN_R11_B01_SPC_LOXODONTA_AFRICANA_TERRAIN_SPECIFIC_001,1,BRD_AFRICAN_SAVANNA_ELEPHANT
SPC_LOXODONTA_CYCLOTIS,BEAST_SPECIES,BEAST,R11,B07,BRD_AFRICAN_FOREST_ELEPHANT,STEWARDSHIP_SEED_DISPERSAL_EXPRESSION,FOREST | WETLAND | FRESHWATER,RAIN_FOREST | SWAMP | RIVER | FOREST_FLOOR,SIMULATION_READY,EVD_JRN_R11_B01_SPC_LOXODONTA_CYCLOTIS_PERSONALITY_ID_001 | EVD_JRN_R11_B01_SPC_LOXODONTA_CYCLOTIS_TERRAIN_BROAD_001 | EVD_JRN_R11_B01_SPC_LOXODONTA_CYCLOTIS_TERRAIN_SPECIFIC_001,1,BRD_AFRICAN_FOREST_ELEPHANT
SPC_LUMBRICUS_TERRESTRIS,BEAST_SPECIES,BEAST,R14,B11,BRD_COMMON_EARTHWORM,CONTROL_ENVIRONMENT_ENGINEERING_EXPRESSION,FOREST | GRASSLAND | SUBTERRANEAN,SOIL | BURROW | FARMLAND,SIMULATION_READY,EVD_JRN_R14_B01_SPC_LUMBRICUS_TERRESTRIS_PERSONALITY_ID_001 | EVD_JRN_R14_B01_SPC_LUMBRICUS_TERRESTRIS_TERRAIN_BROAD_001 | EVD_JRN_R14_B01_SPC_LUMBRICUS_TERRESTRIS_TERRAIN_SPECIFIC_001,1,BRD_COMMON_EARTHWORM
SPC_LYCAON_PICTUS,BEAST_SPECIES,BEAST,R02,B05,BRD_AFRICAN_WILD_DOG,COOPERATION_COOPERATIVE_HUNTING_EXPRESSION,GRASSLAND | FOREST,SAVANNA | WOODLAND,SIMULATION_READY,EVD_JRN_R02_B01_SPC_LYCAON_PICTUS_PERSONALITY_ID_001 | EVD_JRN_R02_B01_SPC_LYCAON_PICTUS_TERRAIN_BROAD_001 | EVD_JRN_R02_B01_SPC_LYCAON_PICTUS_TERRAIN_SPECIFIC_001,1,BRD_AFRICAN_WILD_DOG
SPC_LYNX_CANADENSIS,BEAST_SPECIES,BEAST,R02,B05,BRD_CANADA_LYNX,DISCIPLINE_FORAGING_DISCIPLINE_EXPRESSION,FOREST | MOUNTAIN,BOREAL_FOREST | MONTANE_FOREST,SIMULATION_READY,EVD_JRN_R02_B01_SPC_LYNX_CANADENSIS_PERSONALITY_ID_001 | EVD_JRN_R02_B01_SPC_LYNX_CANADENSIS_TERRAIN_BROAD_001 | EVD_JRN_R02_B01_SPC_LYNX_CANADENSIS_TERRAIN_SPECIFIC_001,1,BRD_CANADA_LYNX
SPC_LYSIOSQUILLINA_MACULATA,BEAST_SPECIES,BEAST,R25,B02,BRD_ZEBRA_MANTIS_SHRIMP,PATIENCE_AMBUSH_PATIENCE_EXPRESSION,OCEAN | COASTAL | SUBTERRANEAN,BURROW | SOIL | MUDFLAT | MANGROVE,SIMULATION_READY,EVD_JRN_R25_B01_SPC_LYSIOSQUILLINA_MACULATA_PERSONALITY_ID_001 | EVD_JRN_R25_B01_SPC_LYSIOSQUILLINA_MACULATA_TERRAIN_BROAD_001 | EVD_JRN_R25_B01_SPC_LYSIOSQUILLINA_MACULATA_TERRAIN_SPECIFIC_001,1,BRD_ZEBRA_MANTIS_SHRIMP
SPC_LYSMATA_AMBOINENSIS,BEAST_SPECIES,BEAST,R25,B02,BRD_SCARLET_CLEANER_SHRIMP,RECIPROCITY_CLEANING_MUTUALISM_EXPRESSION,OCEAN | COASTAL,CORAL_REEF,SIMULATION_READY,EVD_JRN_R25_B01_SPC_LYSMATA_AMBOINENSIS_PERSONALITY_ID_001 | EVD_JRN_R25_B01_SPC_LYSMATA_AMBOINENSIS_TERRAIN_BROAD_001 | EVD_JRN_R25_B01_SPC_LYSMATA_AMBOINENSIS_TERRAIN_SPECIFIC_001,1,BRD_SCARLET_CLEANER_SHRIMP
SPC_MACACA_FUSCATA,BEAST_SPECIES,BEAST,R15,B16,BRD_JAPANESE_MACAQUE,COLLECTIVE_MEMORY_TECHNIQUE_TRADITION,FOREST | MOUNTAIN,MONTANE_FOREST | BOREAL_FOREST | COASTAL_CLIFF,SIMULATION_READY,EVD_JRN_R15_B01_SPC_MACACA_FUSCATA_PERSONALITY_ID_001 | EVD_JRN_R15_B01_SPC_MACACA_FUSCATA_TERRAIN_BROAD_001 | EVD_JRN_R15_B01_SPC_MACACA_FUSCATA_TERRAIN_SPECIFIC_001,1,BRD_JAPANESE_MACAQUE
SPC_MACROBRACHIUM_ROSENBERGII,BEAST_SPECIES,BEAST,R25,B02,BRD_GIANT_FRESHWATER_PRAWN,DOMINANCE_RESOURCE_MONOPOLY_EXPRESSION,FRESHWATER | WETLAND | COASTAL,RIVER | POND | ESTUARY | SWAMP | MARSH,SIMULATION_READY,EVD_JRN_R25_B01_SPC_MACROBRACHIUM_ROSENBERGII_PERSONALITY_ID_001 | EVD_JRN_R25_B01_SPC_MACROBRACHIUM_ROSENBERGII_TERRAIN_BROAD_001 | EVD_JRN_R25_B01_SPC_MACROBRACHIUM_ROSENBERGII_TERRAIN_SPECIFIC_001,1,BRD_GIANT_FRESHWATER_PRAWN
SPC_MACROCEPHALON_MALEO,BEAST_SPECIES,BEAST,R17,B15,BRD_MALEO,CONTROL_ENVIRONMENT_ENGINEERING_EXPRESSION,FOREST | COASTAL | BUILT_ENVIRONMENT,RAIN_FOREST | COASTAL_CLIFF | VOLCANIC | SOIL,SIMULATION_READY,EVD_JRN_R17_B01_SPC_MACROCEPHALON_MALEO_PERSONALITY_ID_001 | EVD_JRN_R17_B01_SPC_MACROCEPHALON_MALEO_TERRAIN_BROAD_001 | EVD_JRN_R17_B01_SPC_MACROCEPHALON_MALEO_TERRAIN_SPECIFIC_001,1,BRD_MALEO
SPC_MACROCHEIRA_KAEMPFERI,BEAST_SPECIES,BEAST,R25,B02,BRD_JAPANESE_SPIDER_CRAB,TRUTH_CAMOUFLAGE_EXPRESSION,OCEAN,PELAGIC | CORAL_REEF,SIMULATION_READY,EVD_JRN_R25_B01_SPC_MACROCHEIRA_KAEMPFERI_PERSONALITY_ID_001 | EVD_JRN_R25_B01_SPC_MACROCHEIRA_KAEMPFERI_TERRAIN_BROAD_001 | EVD_JRN_R25_B01_SPC_MACROCHEIRA_KAEMPFERI_TERRAIN_SPECIFIC_001,1,BRD_JAPANESE_SPIDER_CRAB
SPC_MACROCHELYS_TEMMINCKII,BEAST_SPECIES,BEAST,R04,B22,BRD_ALLIGATOR_SNAPPING_TURTLE,APPETITE_AMBUSH_FEEDING_EXPRESSION,FRESHWATER | WETLAND | FOREST | BUILT_ENVIRONMENT,RIVER | LAKE | SWAMP | CANOPY,SIMULATION_READY,EVD_JRN_R04_B01_SPC_MACROCHELYS_TEMMINCKII_PERSONALITY_ID_001 | EVD_JRN_R04_B01_SPC_MACROCHELYS_TEMMINCKII_TERRAIN_BROAD_001 | EVD_JRN_R04_B01_SPC_MACROCHELYS_TEMMINCKII_TERRAIN_SPECIFIC_001,1,BRD_ALLIGATOR_SNAPPING_TURTLE
SPC_MACRODERMA_GIGAS,BEAST_SPECIES,BEAST,R20,B03,BRD_GHOST_BAT,APPETITE_AMBUSH_FEEDING_EXPRESSION,SUBTERRANEAN | FOREST | DESERT,CAVE | WOODLAND | SCRUBLAND,SIMULATION_READY,EVD_JRN_R20_B01_SPC_MACRODERMA_GIGAS_PERSONALITY_ID_001 | EVD_JRN_R20_B01_SPC_MACRODERMA_GIGAS_TERRAIN_BROAD_001 | EVD_JRN_R20_B01_SPC_MACRODERMA_GIGAS_TERRAIN_SPECIFIC_001,1,BRD_GHOST_BAT
SPC_MACROGLOSSUM_STELLATARUM,BEAST_SPECIES,BEAST,R25,B02,BRD_HUMMINGBIRD_HAWK_MOTH,CURIOSITY_PROBLEM_SOLVING_EXPRESSION,GRASSLAND | BUILT_ENVIRONMENT | COASTAL,MEADOW | FLOWERING_HABITAT | FARMLAND | CITY | VILLAGE | COASTAL_CLIFF,SIMULATION_READY,EVD_JRN_R25_B01_SPC_MACROGLOSSUM_STELLATARUM_PERSONALITY_ID_001 | EVD_JRN_R25_B01_SPC_MACROGLOSSUM_STELLATARUM_TERRAIN_BROAD_001 | EVD_JRN_R25_B01_SPC_MACROGLOSSUM_STELLATARUM_TERRAIN_SPECIFIC_001,1,BRD_HUMMINGBIRD_HAWK_MOTH
SPC_MACRONECTES_GIGANTEUS,BEAST_SPECIES,BEAST,R01,B23,BRD_SOUTHERN_GIANT_PETREL,CARE_PROVISIONING_EXPRESSION,OCEAN | COASTAL | POLAR_ICE | GRASSLAND,PELAGIC | ISLAND | PLATEAU,SIMULATION_READY,EVD_JRN_R01_B01_SPC_MACRONECTES_GIGANTEUS_PERSONALITY_ID_001 | EVD_JRN_R01_B01_SPC_MACRONECTES_GIGANTEUS_TERRAIN_BROAD_001 | EVD_JRN_R01_B01_SPC_MACRONECTES_GIGANTEUS_TERRAIN_SPECIFIC_001,1,BRD_SOUTHERN_GIANT_PETREL
SPC_MACROPANESTHIA_RHINOCEROS,BEAST_SPECIES,BEAST,R25,B02,BRD_GIANT_BURROWING_COCKROACH,CARE_PROVISIONING_EXPRESSION,FOREST | SUBTERRANEAN,WOODLAND | FOREST_FLOOR | SOIL | BURROW,SIMULATION_READY,EVD_JRN_R25_B01_SPC_MACROPANESTHIA_RHINOCEROS_PERSONALITY_ID_001 | EVD_JRN_R25_B01_SPC_MACROPANESTHIA_RHINOCEROS_TERRAIN_BROAD_001 | EVD_JRN_R25_B01_SPC_MACROPANESTHIA_RHINOCEROS_TERRAIN_SPECIFIC_001,1,BRD_GIANT_BURROWING_COCKROACH
SPC_MACROPODUS_SPECHTI,BEAST_SPECIES,BEAST,R14,B04,BRD_MACROPODUS_SPECHTI_PARADISE_FISH,LAND_DOMAIN_BOUND_CONFLICT,FRESHWATER | GRASSLAND | BUILT_ENVIRONMENT,RIVER | FARMLAND,SIMULATION_READY,EVD_JRN_R14_B01_SPC_MACROPODUS_SPECHTI_PERSONALITY_ID_001 | EVD_JRN_R14_B01_SPC_MACROPODUS_SPECHTI_TERRAIN_BROAD_001 | EVD_JRN_R14_B01_SPC_MACROPODUS_SPECHTI_TERRAIN_SPECIFIC_001,1,BRD_MACROPODUS_SPECHTI_PARADISE_FISH
SPC_MACROPUS_RUFUS,BEAST_SPECIES,BEAST,R22,B10,BRD_RED_KANGAROO,BELONGING_COLONY_EXPRESSION,GRASSLAND | DESERT,SAVANNA | STEPPE | SCRUBLAND | HOT_DESERT,SIMULATION_READY,EVD_JRN_R22_B01_SPC_MACROPUS_RUFUS_PERSONALITY_ID_001 | EVD_JRN_R22_B01_SPC_MACROPUS_RUFUS_TERRAIN_BROAD_001 | EVD_JRN_R22_B01_SPC_MACROPUS_RUFUS_TERRAIN_SPECIFIC_001,1,BRD_RED_KANGAROO
SPC_MACROSCELIDES_PROBOSCIDEUS,BEAST_SPECIES,BEAST,R11,B07,BRD_SHORT_EARED_ELEPHANT_SHREW,REPAIR_STRUCTURE_REPAIR_EXPRESSION,DESERT | GRASSLAND | SUBTERRANEAN,HOT_DESERT | DUNES | SCRUBLAND | BURROW,SIMULATION_READY,EVD_JRN_R11_B01_SPC_MACROSCELIDES_PROBOSCIDEUS_PERSONALITY_ID_001 | EVD_JRN_R11_B01_SPC_MACROSCELIDES_PROBOSCIDEUS_TERRAIN_BROAD_001 | EVD_JRN_R11_B01_SPC_MACROSCELIDES_PROBOSCIDEUS_TERRAIN_SPECIFIC_001,1,BRD_SHORT_EARED_ELEPHANT_SHREW
SPC_MACROTERMES_BELLICOSUS,BEAST_SPECIES,BEAST,R25,B02,BRD_AFRICAN_MOUND_BUILDING_TERMITE,HIERARCHY_REPRODUCTIVE_CASTE_EXPRESSION,GRASSLAND | FOREST | SUBTERRANEAN,SAVANNA | WOODLAND | FOREST_EDGE | SOIL | BURROW,SIMULATION_READY,EVD_JRN_R25_B01_SPC_MACROTERMES_BELLICOSUS_PERSONALITY_ID_001 | EVD_JRN_R25_B01_SPC_MACROTERMES_BELLICOSUS_TERRAIN_BROAD_001 | EVD_JRN_R25_B01_SPC_MACROTERMES_BELLICOSUS_TERRAIN_SPECIFIC_001,1,BRD_AFRICAN_MOUND_BUILDING_TERMITE
SPC_MACROTIS_LAGOTIS,BEAST_SPECIES,BEAST,R22,B10,BRD_GREATER_BILBY,CONTROL_ENVIRONMENT_ENGINEERING_EXPRESSION,DESERT | GRASSLAND | SUBTERRANEAN,HOT_DESERT | DUNES | SCRUBLAND | BURROW,SIMULATION_READY,EVD_JRN_R22_B01_SPC_MACROTIS_LAGOTIS_PERSONALITY_ID_001 | EVD_JRN_R22_B01_SPC_MACROTIS_LAGOTIS_TERRAIN_BROAD_001 | EVD_JRN_R22_B01_SPC_MACROTIS_LAGOTIS_TERRAIN_SPECIFIC_001,1,BRD_GREATER_BILBY
SPC_MAGICICADA_SEPTENDECIM,BEAST_SPECIES,BEAST,R25,B02,BRD_SEVENTEEN_YEAR_PERIODICAL_CICADA,CONFORMITY_EMERGENCE_SYNCHRONY_EXPRESSION,FOREST | SUBTERRANEAN,WOODLAND | FOREST_FLOOR | SOIL | BURROW,SIMULATION_READY,EVD_JRN_R25_B01_SPC_MAGICICADA_SEPTENDECIM_PERSONALITY_ID_001 | EVD_JRN_R25_B01_SPC_MAGICICADA_SEPTENDECIM_TERRAIN_BROAD_001 | EVD_JRN_R25_B01_SPC_MAGICICADA_SEPTENDECIM_TERRAIN_SPECIFIC_001,1,BRD_SEVENTEEN_YEAR_PERIODICAL_CICADA
SPC_MALACLEMYS_TERRAPIN,BEAST_SPECIES,BEAST,R04,B22,BRD_DIAMONDBACK_TERRAPIN,LAND_DOMAIN_BOUND_CONFLICT,COASTAL | WETLAND,ESTUARY | MARSH | DUNES,SIMULATION_READY,EVD_JRN_R04_B01_SPC_MALACLEMYS_TERRAPIN_PERSONALITY_ID_001 | EVD_JRN_R04_B01_SPC_MALACLEMYS_TERRAPIN_TERRAIN_BROAD_001 | EVD_JRN_R04_B01_SPC_MALACLEMYS_TERRAPIN_TERRAIN_SPECIFIC_001,1,BRD_DIAMONDBACK_TERRAPIN
SPC_MALACOCHERSUS_TORNIERI,BEAST_SPECIES,BEAST,R04,B22,BRD_PANCAKE_TORTOISE,LAND_DOMAIN_BOUND_CONFLICT,MOUNTAIN | SUBTERRANEAN | GRASSLAND | DESERT,CAVE | CLIFF | SAVANNA | SCRUBLAND,SIMULATION_READY,EVD_JRN_R04_B01_SPC_MALACOCHERSUS_TORNIERI_PERSONALITY_ID_001 | EVD_JRN_R04_B01_SPC_MALACOCHERSUS_TORNIERI_TERRAIN_BROAD_001 | EVD_JRN_R04_B01_SPC_MALACOCHERSUS_TORNIERI_TERRAIN_SPECIFIC_001,1,BRD_PANCAKE_TORTOISE
SPC_MALAPTERURUS_ELECTRICUS,BEAST_SPECIES,BEAST,R14,B04,BRD_ELECTRIC_CATFISH,EMBODIMENT_WEAPON_BODY_CONFLICT,FRESHWATER,RIVER | LAKE,SIMULATION_READY,EVD_JRN_R14_B01_SPC_MALAPTERURUS_ELECTRICUS_PERSONALITY_ID_001 | EVD_JRN_R14_B01_SPC_MALAPTERURUS_ELECTRICUS_TERRAIN_BROAD_001 | EVD_JRN_R14_B01_SPC_MALAPTERURUS_ELECTRICUS_TERRAIN_SPECIFIC_001,1,BRD_ELECTRIC_CATFISH
SPC_MALAPTERURUS_MICROSTOMA,BEAST_SPECIES,BEAST,R14,B04,BRD_SMALLMOUTH_ELECTRIC_CATFISH,EMBODIMENT_WEAPON_BODY_CONFLICT,FRESHWATER,RIVER,SIMULATION_READY,EVD_JRN_R14_B01_SPC_MALAPTERURUS_MICROSTOMA_PERSONALITY_ID_001 | EVD_JRN_R14_B01_SPC_MALAPTERURUS_MICROSTOMA_TERRAIN_BROAD_001 | EVD_JRN_R14_B01_SPC_MALAPTERURUS_MICROSTOMA_TERRAIN_SPECIFIC_001,1,BRD_SMALLMOUTH_ELECTRIC_CATFISH
SPC_MALAYOPYTHON_RETICULATUS,BEAST_SPECIES,BEAST,R25,B20,BRD_RETICULATED_PYTHON,FORCE_CONSTRICT_EXPRESSION,FOREST | WETLAND | FRESHWATER | BUILT_ENVIRONMENT | GRASSLAND,RAIN_FOREST | SWAMP | RIVER | FARMLAND | CITY | VILLAGE,SIMULATION_READY,EVD_JRN_R25_B01_SPC_MALAYOPYTHON_RETICULATUS_PERSONALITY_ID_001 | EVD_JRN_R25_B01_SPC_MALAYOPYTHON_RETICULATUS_TERRAIN_BROAD_001 | EVD_JRN_R25_B01_SPC_MALAYOPYTHON_RETICULATUS_TERRAIN_SPECIFIC_001,1,BRD_RETICULATED_PYTHON
SPC_MANDRILLUS_SPHINX,BEAST_SPECIES,BEAST,R15,B16,BRD_MANDRILL,EXPRESSION_VOCAL_EXPRESSION,FOREST | GRASSLAND,RAIN_FOREST | FOREST_FLOOR | FOREST_EDGE | SAVANNA,SIMULATION_READY,EVD_JRN_R15_B01_SPC_MANDRILLUS_SPHINX_PERSONALITY_ID_001 | EVD_JRN_R15_B01_SPC_MANDRILLUS_SPHINX_TERRAIN_BROAD_001 | EVD_JRN_R15_B01_SPC_MANDRILLUS_SPHINX_TERRAIN_SPECIFIC_001,1,BRD_MANDRILL
SPC_MANIS_GIGANTEA,BEAST_SPECIES,BEAST,R23,B24,BRD_GIANT_PANGOLIN,CONTROL_ENVIRONMENT_ENGINEERING_EXPRESSION,FOREST | GRASSLAND | SUBTERRANEAN,RAIN_FOREST | SAVANNA | BURROW,SIMULATION_READY,EVD_JRN_R23_B01_SPC_MANIS_GIGANTEA_PERSONALITY_ID_001 | EVD_JRN_R23_B01_SPC_MANIS_GIGANTEA_TERRAIN_BROAD_001 | EVD_JRN_R23_B01_SPC_MANIS_GIGANTEA_TERRAIN_SPECIFIC_001,1,BRD_GIANT_PANGOLIN
SPC_MANIS_JAVANICA,BEAST_SPECIES,BEAST,R23,B24,BRD_SUNDA_PANGOLIN,FEAR_DEFENSIVE_DISPLAY_EXPRESSION,FOREST | BUILT_ENVIRONMENT | SUBTERRANEAN,RAIN_FOREST | SCRUBLAND | FARMLAND | CANOPY | BURROW,SIMULATION_READY,EVD_JRN_R23_B01_SPC_MANIS_JAVANICA_PERSONALITY_ID_001 | EVD_JRN_R23_B01_SPC_MANIS_JAVANICA_TERRAIN_BROAD_001 | EVD_JRN_R23_B01_SPC_MANIS_JAVANICA_TERRAIN_SPECIFIC_001,1,BRD_SUNDA_PANGOLIN
SPC_MANIS_TEMMINCKII,BEAST_SPECIES,BEAST,R23,B24,BRD_GROUND_PANGOLIN,EXPRESSION_CHEMICAL_EXPRESSION,GRASSLAND | FOREST | SUBTERRANEAN,SAVANNA | WOODLAND | SCRUBLAND | BURROW,SIMULATION_READY,EVD_JRN_R23_B01_SPC_MANIS_TEMMINCKII_PERSONALITY_ID_001 | EVD_JRN_R23_B01_SPC_MANIS_TEMMINCKII_TERRAIN_BROAD_001 | EVD_JRN_R23_B01_SPC_MANIS_TEMMINCKII_TERRAIN_SPECIFIC_001,1,BRD_GROUND_PANGOLIN
SPC_MANIS_TETRADACTYLA,BEAST_SPECIES,BEAST,R23,B24,BRD_LONG_TAILED_PANGOLIN,CURIOSITY_PROBLEM_SOLVING_EXPRESSION,FOREST | WETLAND,RAIN_FOREST | CANOPY | MANGROVE,SIMULATION_READY,EVD_JRN_R23_B01_SPC_MANIS_TETRADACTYLA_PERSONALITY_ID_001 | EVD_JRN_R23_B01_SPC_MANIS_TETRADACTYLA_TERRAIN_BROAD_001 | EVD_JRN_R23_B01_SPC_MANIS_TETRADACTYLA_TERRAIN_SPECIFIC_001,1,BRD_LONG_TAILED_PANGOLIN
SPC_MANTIS_RELIGIOSA,BEAST_SPECIES,BEAST,R25,B02,BRD_EUROPEAN_MANTIS,PATIENCE_AMBUSH_PATIENCE_EXPRESSION,GRASSLAND | FOREST,MEADOW | SCRUBLAND | FOREST_EDGE | FARMLAND,SIMULATION_READY,EVD_JRN_R25_B02_SPC_MANTIS_RELIGIOSA_PERSONALITY_ID_001 | EVD_JRN_R25_B02_SPC_MANTIS_RELIGIOSA_TERRAIN_BROAD_001 | EVD_JRN_R25_B02_SPC_MANTIS_RELIGIOSA_TERRAIN_SPECIFIC_001,1,BRD_EUROPEAN_MANTIS
SPC_MARATUS_VOLANS,BEAST_SPECIES,BEAST,R25,B02,BRD_PEACOCK_SPIDER,DESIRE_COURTSHIP_DISPLAY_EXPRESSION,FOREST | GRASSLAND,WOODLAND | FOREST_FLOOR | SCRUBLAND,SIMULATION_READY,EVD_JRN_R25_B02_SPC_MARATUS_VOLANS_PERSONALITY_ID_001 | EVD_JRN_R25_B02_SPC_MARATUS_VOLANS_TERRAIN_BROAD_001 | EVD_JRN_R25_B02_SPC_MARATUS_VOLANS_TERRAIN_SPECIFIC_001,1,BRD_PEACOCK_SPIDER
SPC_MARMOTA_MARMOTA,BEAST_SPECIES,BEAST,R20,B18,BRD_ALPINE_MARMOT,BELONGING_COLONY_EXPRESSION,MOUNTAIN | GRASSLAND | SUBTERRANEAN,ALPINE | MEADOW | BURROW,SIMULATION_READY,EVD_JRN_R20_B01_SPC_MARMOTA_MARMOTA_PERSONALITY_ID_001 | EVD_JRN_R20_B01_SPC_MARMOTA_MARMOTA_TERRAIN_BROAD_001 | EVD_JRN_R20_B01_SPC_MARMOTA_MARMOTA_TERRAIN_SPECIFIC_001,1,BRD_ALPINE_MARMOT
SPC_MARMOTA_MONAX,BEAST_SPECIES,BEAST,R20,B18,BRD_GROUNDHOG,CONTROL_ENVIRONMENT_ENGINEERING_EXPRESSION,FOREST | GRASSLAND | BUILT_ENVIRONMENT | SUBTERRANEAN,FOREST_EDGE | MEADOW | FARMLAND | BURROW,SIMULATION_READY,EVD_JRN_R20_B01_SPC_MARMOTA_MONAX_PERSONALITY_ID_001 | EVD_JRN_R20_B01_SPC_MARMOTA_MONAX_TERRAIN_BROAD_001 | EVD_JRN_R20_B01_SPC_MARMOTA_MONAX_TERRAIN_SPECIFIC_001,1,BRD_GROUNDHOG
SPC_MARTES_MARTES,BEAST_SPECIES,BEAST,R02,B05,BRD_PINE_MARTEN,BOUNDARIES_TERRITORIAL_MARKING_EXPRESSION,FOREST | MOUNTAIN | GRASSLAND,WOODLAND | OLD_GROWTH_FOREST | CANOPY | MONTANE_FOREST | MEADOW,SIMULATION_READY,EVD_JRN_R02_B01_SPC_MARTES_MARTES_PERSONALITY_ID_001 | EVD_JRN_R02_B01_SPC_MARTES_MARTES_TERRAIN_BROAD_001 | EVD_JRN_R02_B01_SPC_MARTES_MARTES_TERRAIN_SPECIFIC_001,1,BRD_PINE_MARTEN
SPC_MASTOPHORA_HUTCHINSONI,BEAST_SPECIES,BEAST,R25,B02,BRD_BOLAS_SPIDER,TRUTH_MIMICRY_EXPRESSION,FOREST | GRASSLAND,WOODLAND | FOREST_EDGE | MEADOW,SIMULATION_READY,EVD_JRN_R25_B02_SPC_MASTOPHORA_HUTCHINSONI_PERSONALITY_ID_001 | EVD_JRN_R25_B02_SPC_MASTOPHORA_HUTCHINSONI_TERRAIN_BROAD_001 | EVD_JRN_R25_B02_SPC_MASTOPHORA_HUTCHINSONI_TERRAIN_SPECIFIC_001,1,BRD_BOLAS_SPIDER
SPC_MASTURUS_LANCEOLATUS,BEAST_SPECIES,BEAST,R14,B04,BRD_SHARPTAIL_MOLA,EMBODIMENT_FUNCTIONAL_BODY_EXPRESSION,OCEAN,PELAGIC,SIMULATION_READY,EVD_JRN_R14_B01_SPC_MASTURUS_LANCEOLATUS_PERSONALITY_ID_001 | EVD_JRN_R14_B01_SPC_MASTURUS_LANCEOLATUS_TERRAIN_BROAD_001 | EVD_JRN_R14_B01_SPC_MASTURUS_LANCEOLATUS_TERRAIN_SPECIFIC_001,1,BRD_SHARPTAIL_MOLA
SPC_MEGACERYLE_MAXIMA,BEAST_SPECIES,BEAST,R22,B13,BRD_GIANT_KINGFISHER,DISCIPLINE_FORAGING_DISCIPLINE_EXPRESSION,FRESHWATER | COASTAL,RIVER | LAKE | ESTUARY,SIMULATION_READY,EVD_JRN_R22_B01_SPC_MEGACERYLE_MAXIMA_PERSONALITY_ID_001 | EVD_JRN_R22_B01_SPC_MEGACERYLE_MAXIMA_TERRAIN_BROAD_001 | EVD_JRN_R22_B01_SPC_MEGACERYLE_MAXIMA_TERRAIN_SPECIFIC_001,1,BRD_GIANT_KINGFISHER
SPC_MEGACHILE_ROTUNDATA,BEAST_SPECIES,BEAST,R25,B02,BRD_ALFALFA_LEAFCUTTER_BEE,DUTY_NEST_DUTY_EXPRESSION,GRASSLAND | BUILT_ENVIRONMENT,FARMLAND | FLOWERING_HABITAT | MEADOW | WORKSHOP,SIMULATION_READY,EVD_JRN_R25_B02_SPC_MEGACHILE_ROTUNDATA_PERSONALITY_ID_001 | EVD_JRN_R25_B02_SPC_MEGACHILE_ROTUNDATA_TERRAIN_BROAD_001 | EVD_JRN_R25_B02_SPC_MEGACHILE_ROTUNDATA_TERRAIN_SPECIFIC_001,1,BRD_ALFALFA_LEAFCUTTER_BEE
SPC_MEGAPODIUS_LAPEROUSE,BEAST_SPECIES,BEAST,R17,B15,BRD_MICRONESIAN_MEGAPODE,CONTROL_ENVIRONMENT_ENGINEERING_EXPRESSION,FOREST | COASTAL | SUBTERRANEAN,RAIN_FOREST | ISLAND | VOLCANIC | BURROW,SIMULATION_READY,EVD_JRN_R17_B01_SPC_MEGAPODIUS_LAPEROUSE_PERSONALITY_ID_001 | EVD_JRN_R17_B01_SPC_MEGAPODIUS_LAPEROUSE_TERRAIN_BROAD_001 | EVD_JRN_R17_B01_SPC_MEGAPODIUS_LAPEROUSE_TERRAIN_SPECIFIC_001,1,BRD_MICRONESIAN_MEGAPODE
SPC_MEGAPTERA_NOVAEANGLIAE,BEAST_SPECIES,BEAST,R01,B06,BRD_HUMPBACK_WHALE,COOPERATION_COOPERATIVE_HUNTING_EXPRESSION,OCEAN | COASTAL,PELAGIC,SIMULATION_READY,EVD_JRN_R01_B01_SPC_MEGAPTERA_NOVAEANGLIAE_PERSONALITY_ID_001 | EVD_JRN_R01_B01_SPC_MEGAPTERA_NOVAEANGLIAE_TERRAIN_BROAD_001 | EVD_JRN_R01_B01_SPC_MEGAPTERA_NOVAEANGLIAE_TERRAIN_SPECIFIC_001,1,BRD_HUMPBACK_WHALE
SPC_MEGARHYSSA_MACRURA,BEAST_SPECIES,BEAST,R25,B02,BRD_GIANT_ICHNEUMON_WASP,APPETITE_PARASITIC_EXPRESSION,FOREST,WOODLAND | FOREST_FLOOR | OLD_GROWTH_FOREST,SIMULATION_READY,EVD_JRN_R25_B02_SPC_MEGARHYSSA_MACRURA_PERSONALITY_ID_001 | EVD_JRN_R25_B02_SPC_MEGARHYSSA_MACRURA_TERRAIN_BROAD_001 | EVD_JRN_R25_B02_SPC_MEGARHYSSA_MACRURA_TERRAIN_SPECIFIC_001,1,BRD_GIANT_ICHNEUMON_WASP
SPC_MEGASCOLIDES_AUSTRALIS,BEAST_SPECIES,BEAST,R14,B11,BRD_GIANT_GIPPSLAND_EARTHWORM,LAND_DOMAIN_BOUND_CONFLICT,GRASSLAND | SUBTERRANEAN,SOIL | BURROW | FARMLAND,SIMULATION_READY,EVD_JRN_R14_B01_SPC_MEGASCOLIDES_AUSTRALIS_PERSONALITY_ID_001 | EVD_JRN_R14_B01_SPC_MEGASCOLIDES_AUSTRALIS_TERRAIN_BROAD_001 | EVD_JRN_R14_B01_SPC_MEGASCOLIDES_AUSTRALIS_TERRAIN_SPECIFIC_001,1,BRD_GIANT_GIPPSLAND_EARTHWORM
SPC_MELANERPES_ERYTHROCEPHALUS,BEAST_SPECIES,BEAST,R22,B13,BRD_RED_HEADED_WOODPECKER,TRADITION_FORAGING_TRADITION_EXPRESSION,FOREST | GRASSLAND | BUILT_ENVIRONMENT,WOODLAND | SAVANNA | FARMLAND | CITY,SIMULATION_READY,EVD_JRN_R22_B01_SPC_MELANERPES_ERYTHROCEPHALUS_PERSONALITY_ID_001 | EVD_JRN_R22_B01_SPC_MELANERPES_ERYTHROCEPHALUS_TERRAIN_BROAD_001 | EVD_JRN_R22_B01_SPC_MELANERPES_ERYTHROCEPHALUS_TERRAIN_SPECIFIC_001,1,BRD_RED_HEADED_WOODPECKER
SPC_MELANERPES_FORMICIVORUS,BEAST_SPECIES,BEAST,R22,B13,BRD_ACORN_WOODPECKER,COOPERATION_CIRCLE_DEPENDENT_POWER_CONFLICT,FOREST | MOUNTAIN,WOODLAND | MONTANE_FOREST | OLD_GROWTH_FOREST,SIMULATION_READY,EVD_JRN_R22_B01_SPC_MELANERPES_FORMICIVORUS_PERSONALITY_ID_001 | EVD_JRN_R22_B01_SPC_MELANERPES_FORMICIVORUS_TERRAIN_BROAD_001 | EVD_JRN_R22_B01_SPC_MELANERPES_FORMICIVORUS_TERRAIN_SPECIFIC_001,1,BRD_ACORN_WOODPECKER
SPC_MELANOCETUS_JOHNSONII,BEAST_SPECIES,BEAST,R14,B04,BRD_HUMPBACK_ANGLERFISH,EMBODIMENT_FUNCTIONAL_BODY_EXPRESSION,OCEAN,PELAGIC,SIMULATION_READY,EVD_JRN_R14_B01_SPC_MELANOCETUS_JOHNSONII_PERSONALITY_ID_001 | EVD_JRN_R14_B01_SPC_MELANOCETUS_JOHNSONII_TERRAIN_BROAD_001 | EVD_JRN_R14_B01_SPC_MELANOCETUS_JOHNSONII_TERRAIN_SPECIFIC_001,1,BRD_HUMPBACK_ANGLERFISH
SPC_MELANOPLUS_FEMURRUBRUM,BEAST_SPECIES,BEAST,R25,B02,BRD_RED_LEGGED_GRASSHOPPER,DISCIPLINE_FORAGING_DISCIPLINE_EXPRESSION,GRASSLAND | FOREST | BUILT_ENVIRONMENT,PRAIRIE | MEADOW | FARMLAND | FOREST_EDGE | ROAD | CITY,SIMULATION_READY,EVD_JRN_R25_B02_SPC_MELANOPLUS_FEMURRUBRUM_PERSONALITY_ID_001 | EVD_JRN_R25_B02_SPC_MELANOPLUS_FEMURRUBRUM_TERRAIN_BROAD_001 | EVD_JRN_R25_B02_SPC_MELANOPLUS_FEMURRUBRUM_TERRAIN_SPECIFIC_001,1,BRD_RED_LEGGED_GRASSHOPPER
SPC_MELANOSUCHUS_NIGER,BEAST_SPECIES,BEAST,R04,B22,BRD_BLACK_CAIMAN,BOUNDARIES_TERRITORIAL_MARKING_EXPRESSION,FRESHWATER | WETLAND | FOREST,POND | SWAMP | FLOODPLAIN | RAIN_FOREST,SIMULATION_READY,EVD_JRN_R04_B01_SPC_MELANOSUCHUS_NIGER_PERSONALITY_ID_001 | EVD_JRN_R04_B01_SPC_MELANOSUCHUS_NIGER_TERRAIN_BROAD_001 | EVD_JRN_R04_B01_SPC_MELANOSUCHUS_NIGER_TERRAIN_SPECIFIC_001,1,BRD_BLACK_CAIMAN
SPC_MELEAGRIS_GALLOPAVO,BEAST_SPECIES,BEAST,R17,B15,BRD_WILD_TURKEY,BELONGING_HERDING_EXPRESSION,FOREST | GRASSLAND | WETLAND,WOODLAND | FOREST_EDGE | FARMLAND | SWAMP | PRAIRIE,SIMULATION_READY,EVD_JRN_R17_B01_SPC_MELEAGRIS_GALLOPAVO_PERSONALITY_ID_001 | EVD_JRN_R17_B01_SPC_MELEAGRIS_GALLOPAVO_TERRAIN_BROAD_001 | EVD_JRN_R17_B01_SPC_MELEAGRIS_GALLOPAVO_TERRAIN_SPECIFIC_001,1,BRD_WILD_TURKEY
SPC_MELEAGRIS_OCELLATA,BEAST_SPECIES,BEAST,R17,B15,BRD_OCELLATED_TURKEY,RECOGNITION_COURTSHIP_DISPLAY_EXPRESSION,FOREST | GRASSLAND | WETLAND,RAIN_FOREST | FOREST_EDGE | SAVANNA | SWAMP,SIMULATION_READY,EVD_JRN_R17_B01_SPC_MELEAGRIS_OCELLATA_PERSONALITY_ID_001 | EVD_JRN_R17_B01_SPC_MELEAGRIS_OCELLATA_TERRAIN_BROAD_001 | EVD_JRN_R17_B01_SPC_MELEAGRIS_OCELLATA_TERRAIN_SPECIFIC_001,1,BRD_OCELLATED_TURKEY
SPC_MELES_MELES,BEAST_SPECIES,BEAST,R02,B05,BRD_EUROPEAN_BADGER,BELONGING_HERDING_EXPRESSION,GRASSLAND | FOREST | SUBTERRANEAN,MEADOW | SCRUBLAND | WOODLAND | BURROW,SIMULATION_READY,EVD_JRN_R02_B01_SPC_MELES_MELES_PERSONALITY_ID_001 | EVD_JRN_R02_B01_SPC_MELES_MELES_TERRAIN_BROAD_001 | EVD_JRN_R02_B01_SPC_MELES_MELES_TERRAIN_SPECIFIC_001,1,BRD_EUROPEAN_BADGER
SPC_MELLISUGA_HELENAE,BEAST_SPECIES,BEAST,R22,B13,BRD_BEE_HUMMINGBIRD,DESIRE_COURTSHIP_DISPLAY_EXPRESSION,FOREST | GRASSLAND,FOREST_EDGE | WOODLAND | FLOWERING_HABITAT,SIMULATION_READY,EVD_JRN_R22_B01_SPC_MELLISUGA_HELENAE_PERSONALITY_ID_001 | EVD_JRN_R22_B01_SPC_MELLISUGA_HELENAE_TERRAIN_BROAD_001 | EVD_JRN_R22_B01_SPC_MELLISUGA_HELENAE_TERRAIN_SPECIFIC_001,1,BRD_BEE_HUMMINGBIRD
SPC_MELURSUS_URSINUS,BEAST_SPECIES,BEAST,R02,B05,BRD_SLOTH_BEAR,DISCIPLINE_FORAGING_DISCIPLINE_EXPRESSION,FOREST | GRASSLAND,WOODLAND | SAVANNA | SCRUBLAND,SIMULATION_READY,EVD_JRN_R02_B01_SPC_MELURSUS_URSINUS_PERSONALITY_ID_001 | EVD_JRN_R02_B01_SPC_MELURSUS_URSINUS_TERRAIN_BROAD_001 | EVD_JRN_R02_B01_SPC_MELURSUS_URSINUS_TERRAIN_SPECIFIC_001,1,BRD_SLOTH_BEAR
SPC_MENURA_ALBERTI,BEAST_SPECIES,BEAST,R08,B21,BRD_ALBERT_S_LYREBIRD,EXPRESSION_VOCAL_EXPRESSION,FOREST,RAIN_FOREST | FOREST_FLOOR,SIMULATION_READY,EVD_JRN_R08_B01_SPC_MENURA_ALBERTI_PERSONALITY_ID_001 | EVD_JRN_R08_B01_SPC_MENURA_ALBERTI_TERRAIN_BROAD_001 | EVD_JRN_R08_B01_SPC_MENURA_ALBERTI_TERRAIN_SPECIFIC_001,1,BRD_ALBERT_S_LYREBIRD
SPC_MENURA_NOVAEHOLLANDIAE,BEAST_SPECIES,BEAST,R08,B21,BRD_SUPERB_LYREBIRD,TRUTH_MIMICRY_EXPRESSION,FOREST,RAIN_FOREST | FOREST_FLOOR,SIMULATION_READY,EVD_JRN_R08_B01_SPC_MENURA_NOVAEHOLLANDIAE_PERSONALITY_ID_001 | EVD_JRN_R08_B01_SPC_MENURA_NOVAEHOLLANDIAE_TERRAIN_BROAD_001 | EVD_JRN_R08_B01_SPC_MENURA_NOVAEHOLLANDIAE_TERRAIN_SPECIFIC_001,1,BRD_SUPERB_LYREBIRD
SPC_MEPHITIS_MEPHITIS,BEAST_SPECIES,BEAST,R02,B05,BRD_STRIPED_SKUNK,EXPRESSION_CHEMICAL_EXPRESSION,FOREST | DESERT | GRASSLAND | SUBTERRANEAN,WOODLAND | HOT_DESERT | PRAIRIE | BURROW,SIMULATION_READY,EVD_JRN_R02_B01_SPC_MEPHITIS_MEPHITIS_PERSONALITY_ID_001 | EVD_JRN_R02_B01_SPC_MEPHITIS_MEPHITIS_TERRAIN_BROAD_001 | EVD_JRN_R02_B01_SPC_MEPHITIS_MEPHITIS_TERRAIN_SPECIFIC_001,1,BRD_STRIPED_SKUNK
SPC_MERGUS_MERGANSER,BEAST_SPECIES,BEAST,R01,B23,BRD_COMMON_MERGANSER,CONFORMITY_MOVEMENT_SYNCHRONY_EXPRESSION,FRESHWATER | FOREST | COASTAL | SUBTERRANEAN,LAKE | POND | RIVER | ESTUARY | OLD_GROWTH_FOREST | CAVE | BURROW,SIMULATION_READY,EVD_JRN_R01_B01_SPC_MERGUS_MERGANSER_PERSONALITY_ID_001 | EVD_JRN_R01_B01_SPC_MERGUS_MERGANSER_TERRAIN_BROAD_001 | EVD_JRN_R01_B01_SPC_MERGUS_MERGANSER_TERRAIN_SPECIFIC_001,1,BRD_COMMON_MERGANSER
SPC_MERIONES_UNGUICULATUS,BEAST_SPECIES,BEAST,R20,B18,BRD_MONGOLIAN_GERBIL,BELONGING_COLONY_EXPRESSION,GRASSLAND | DESERT | SUBTERRANEAN,STEPPE | HOT_DESERT | BURROW,SIMULATION_READY,EVD_JRN_R20_B01_SPC_MERIONES_UNGUICULATUS_PERSONALITY_ID_001 | EVD_JRN_R20_B01_SPC_MERIONES_UNGUICULATUS_TERRAIN_BROAD_001 | EVD_JRN_R20_B01_SPC_MERIONES_UNGUICULATUS_TERRAIN_SPECIFIC_001,1,BRD_MONGOLIAN_GERBIL
SPC_MEROPS_APIASTER,BEAST_SPECIES,BEAST,R22,B13,BRD_EUROPEAN_BEE_EATER,BELONGING_COLONY_EXPRESSION,GRASSLAND | FRESHWATER | BUILT_ENVIRONMENT,MEADOW | FARMLAND | RIVER | BURROW,SIMULATION_READY,EVD_JRN_R22_B01_SPC_MEROPS_APIASTER_PERSONALITY_ID_001 | EVD_JRN_R22_B01_SPC_MEROPS_APIASTER_TERRAIN_BROAD_001 | EVD_JRN_R22_B01_SPC_MEROPS_APIASTER_TERRAIN_SPECIFIC_001,1,BRD_EUROPEAN_BEE_EATER
SPC_MEROPS_NUBICUS,BEAST_SPECIES,BEAST,R22,B13,BRD_NORTHERN_CARMINE_BEE_EATER,BELONGING_COLONY_EXPRESSION,GRASSLAND | FRESHWATER,SAVANNA | RIVER | FLOODPLAIN | BURROW,SIMULATION_READY,EVD_JRN_R22_B01_SPC_MEROPS_NUBICUS_PERSONALITY_ID_001 | EVD_JRN_R22_B01_SPC_MEROPS_NUBICUS_TERRAIN_BROAD_001 | EVD_JRN_R22_B01_SPC_MEROPS_NUBICUS_TERRAIN_SPECIFIC_001,1,BRD_NORTHERN_CARMINE_BEE_EATER
SPC_MESOCRICETUS_AURATUS,BEAST_SPECIES,BEAST,R20,B18,BRD_GOLDEN_HAMSTER,BOUNDARIES_TERRITORIAL_MARKING_EXPRESSION,GRASSLAND | BUILT_ENVIRONMENT | SUBTERRANEAN,STEPPE | FARMLAND | BURROW,SIMULATION_READY,EVD_JRN_R20_B01_SPC_MESOCRICETUS_AURATUS_PERSONALITY_ID_001 | EVD_JRN_R20_B01_SPC_MESOCRICETUS_AURATUS_TERRAIN_BROAD_001 | EVD_JRN_R20_B01_SPC_MESOCRICETUS_AURATUS_TERRAIN_SPECIFIC_001,1,BRD_GOLDEN_HAMSTER
SPC_MESOPLODON_LAYARDII,BEAST_SPECIES,BEAST,R01,B06,BRD_STRAP_TOOTHED_WHALE,CONFORMITY_MOVEMENT_SYNCHRONY_EXPRESSION,OCEAN,PELAGIC | CANYON,SIMULATION_READY,EVD_JRN_R01_B01_SPC_MESOPLODON_LAYARDII_PERSONALITY_ID_001 | EVD_JRN_R01_B01_SPC_MESOPLODON_LAYARDII_TERRAIN_BROAD_001 | EVD_JRN_R01_B01_SPC_MESOPLODON_LAYARDII_TERRAIN_SPECIFIC_001,1,BRD_STRAP_TOOTHED_WHALE
SPC_MICROCEBUS_BERTHAE,BEAST_SPECIES,BEAST,R15,B16,BRD_MADAME_BERTHE_S_MOUSE_LEMUR,LAND_DOMAIN_BOUND_CONFLICT,FOREST,WOODLAND | FOREST_EDGE,SIMULATION_READY,EVD_JRN_R15_B01_SPC_MICROCEBUS_BERTHAE_PERSONALITY_ID_001 | EVD_JRN_R15_B01_SPC_MICROCEBUS_BERTHAE_TERRAIN_BROAD_001 | EVD_JRN_R15_B01_SPC_MICROCEBUS_BERTHAE_TERRAIN_SPECIFIC_001,1,BRD_MADAME_BERTHE_S_MOUSE_LEMUR
SPC_MICROCENTRUM_RHOMBIFOLIUM,BEAST_SPECIES,BEAST,R25,B02,BRD_GREATER_ANGLE_WING_KATYDID,TRUTH_CAMOUFLAGE_EXPRESSION,FOREST | BUILT_ENVIRONMENT,CANOPY | WOODLAND | FOREST_EDGE | CITY | VILLAGE,SIMULATION_READY,EVD_JRN_R25_B02_SPC_MICROCENTRUM_RHOMBIFOLIUM_PERSONALITY_ID_001 | EVD_JRN_R25_B02_SPC_MICROCENTRUM_RHOMBIFOLIUM_TERRAIN_BROAD_001 | EVD_JRN_R25_B02_SPC_MICROCENTRUM_RHOMBIFOLIUM_TERRAIN_SPECIFIC_001,1,BRD_GREATER_ANGLE_WING_KATYDID
SPC_MICROTUS_AGRESTIS,BEAST_SPECIES,BEAST,R20,B18,BRD_FIELD_VOLE,CONTROL_ENVIRONMENT_ENGINEERING_EXPRESSION,GRASSLAND | WETLAND | BUILT_ENVIRONMENT,MEADOW | MARSH | FARMLAND,SIMULATION_READY,EVD_JRN_R20_B01_SPC_MICROTUS_AGRESTIS_PERSONALITY_ID_001 | EVD_JRN_R20_B01_SPC_MICROTUS_AGRESTIS_TERRAIN_BROAD_001 | EVD_JRN_R20_B01_SPC_MICROTUS_AGRESTIS_TERRAIN_SPECIFIC_001,1,BRD_FIELD_VOLE
SPC_MICRURUS_FULVIUS,BEAST_SPECIES,BEAST,R25,B20,BRD_EASTERN_CORAL_SNAKE,FEAR_DEFENSIVE_DISPLAY_EXPRESSION,FOREST | WETLAND | SUBTERRANEAN | BUILT_ENVIRONMENT,WOODLAND | SCRUBLAND | MARSH | SOIL | BURROW | CITY,SIMULATION_READY,EVD_JRN_R25_B02_SPC_MICRURUS_FULVIUS_PERSONALITY_ID_001 | EVD_JRN_R25_B02_SPC_MICRURUS_FULVIUS_TERRAIN_BROAD_001 | EVD_JRN_R25_B02_SPC_MICRURUS_FULVIUS_TERRAIN_SPECIFIC_001,1,BRD_EASTERN_CORAL_SNAKE
SPC_MILVUS_MIGRANS,BEAST_SPECIES,BEAST,R18,B17,BRD_BLACK_KITE,CURIOSITY_PROBLEM_SOLVING_EXPRESSION,GRASSLAND | WETLAND | FRESHWATER | BUILT_ENVIRONMENT,SAVANNA | MARSH | RIVER | FARMLAND | CITY,SIMULATION_READY,EVD_JRN_R18_B01_SPC_MILVUS_MIGRANS_PERSONALITY_ID_001 | EVD_JRN_R18_B01_SPC_MILVUS_MIGRANS_TERRAIN_BROAD_001 | EVD_JRN_R18_B01_SPC_MILVUS_MIGRANS_TERRAIN_SPECIFIC_001,1,BRD_BLACK_KITE
SPC_MIROUNGA_LEONINA,BEAST_SPECIES,BEAST,R02,B05,BRD_SOUTHERN_ELEPHANT_SEAL,RISK_LEAP_OR_DIVE_EXPRESSION,OCEAN | COASTAL | POLAR_ICE,PELAGIC | ISLAND | PACK_ICE,SIMULATION_READY,EVD_JRN_R02_B01_SPC_MIROUNGA_LEONINA_PERSONALITY_ID_001 | EVD_JRN_R02_B01_SPC_MIROUNGA_LEONINA_TERRAIN_BROAD_001 | EVD_JRN_R02_B01_SPC_MIROUNGA_LEONINA_TERRAIN_SPECIFIC_001,1,BRD_SOUTHERN_ELEPHANT_SEAL
SPC_MOBULA_ALFREDI,BEAST_SPECIES,BEAST,R12,B19,BRD_REEF_MANTA_RAY,HOSPITALITY_CLEANING_STATION_EXPRESSION,OCEAN | COASTAL,CORAL_REEF | ISLAND,SIMULATION_READY,EVD_JRN_R12_B01_SPC_MOBULA_ALFREDI_PERSONALITY_ID_001 | EVD_JRN_R12_B01_SPC_MOBULA_ALFREDI_TERRAIN_BROAD_001 | EVD_JRN_R12_B01_SPC_MOBULA_ALFREDI_TERRAIN_SPECIFIC_001,1,BRD_REEF_MANTA_RAY
SPC_MOBULA_BIROSTRIS,BEAST_SPECIES,BEAST,R12,B19,BRD_OCEANIC_MANTA_RAY,PURPOSE_MIGRATION_PURPOSE_EXPRESSION,OCEAN | COASTAL,PELAGIC | ISLAND,SIMULATION_READY,EVD_JRN_R12_B01_SPC_MOBULA_BIROSTRIS_PERSONALITY_ID_001 | EVD_JRN_R12_B01_SPC_MOBULA_BIROSTRIS_TERRAIN_BROAD_001 | EVD_JRN_R12_B01_SPC_MOBULA_BIROSTRIS_TERRAIN_SPECIFIC_001,1,BRD_OCEANIC_MANTA_RAY
SPC_MOBULA_MOBULAR,BEAST_SPECIES,BEAST,R12,B19,BRD_GIANT_DEVIL_RAY,BELONGING_HERDING_EXPRESSION,OCEAN | COASTAL,PELAGIC,SIMULATION_READY,EVD_JRN_R12_B01_SPC_MOBULA_MOBULAR_PERSONALITY_ID_001 | EVD_JRN_R12_B01_SPC_MOBULA_MOBULAR_TERRAIN_BROAD_001 | EVD_JRN_R12_B01_SPC_MOBULA_MOBULAR_TERRAIN_SPECIFIC_001,1,BRD_GIANT_DEVIL_RAY
SPC_MOLA_MOLA,BEAST_SPECIES,BEAST,R14,B04,BRD_OCEAN_SUNFISH,EMBODIMENT_FUNCTIONAL_BODY_EXPRESSION,OCEAN | COASTAL,PELAGIC,SIMULATION_READY,EVD_JRN_R14_B01_SPC_MOLA_MOLA_PERSONALITY_ID_001 | EVD_JRN_R14_B01_SPC_MOLA_MOLA_TERRAIN_BROAD_001 | EVD_JRN_R14_B01_SPC_MOLA_MOLA_TERRAIN_SPECIFIC_001,1,BRD_OCEAN_SUNFISH
SPC_MOLA_TECTA,BEAST_SPECIES,BEAST,R14,B04,BRD_HOODWINKER_SUNFISH,LAND_DOMAIN_BOUND_CONFLICT,OCEAN,PELAGIC,SIMULATION_READY,EVD_JRN_R14_B01_SPC_MOLA_TECTA_PERSONALITY_ID_001 | EVD_JRN_R14_B01_SPC_MOLA_TECTA_TERRAIN_BROAD_001 | EVD_JRN_R14_B01_SPC_MOLA_TECTA_TERRAIN_SPECIFIC_001,1,BRD_HOODWINKER_SUNFISH
SPC_MOLOCH_HORRIDUS,BEAST_SPECIES,BEAST,R24,B09,BRD_THORNY_DEVIL,DISCIPLINE_FORAGING_DISCIPLINE_EXPRESSION,DESERT | GRASSLAND | SUBTERRANEAN,DUNES | SCRUBLAND | BURROW,SIMULATION_READY,EVD_JRN_R24_B01_SPC_MOLOCH_HORRIDUS_PERSONALITY_ID_001 | EVD_JRN_R24_B01_SPC_MOLOCH_HORRIDUS_TERRAIN_BROAD_001 | EVD_JRN_R24_B01_SPC_MOLOCH_HORRIDUS_TERRAIN_SPECIFIC_001,1,BRD_THORNY_DEVIL
SPC_MONODON_MONOCEROS,BEAST_SPECIES,BEAST,R01,B06,BRD_NARWHAL,COOPERATION_GROUP_DEFENSE_EXPRESSION,OCEAN | POLAR_ICE,PELAGIC | FJORD | PACK_ICE,SIMULATION_READY,EVD_JRN_R01_B01_SPC_MONODON_MONOCEROS_PERSONALITY_ID_001 | EVD_JRN_R01_B01_SPC_MONODON_MONOCEROS_TERRAIN_BROAD_001 | EVD_JRN_R01_B01_SPC_MONODON_MONOCEROS_TERRAIN_SPECIFIC_001,1,BRD_NARWHAL
SPC_MORELIA_VIRIDIS,BEAST_SPECIES,BEAST,R25,B20,BRD_GREEN_TREE_PYTHON,PATIENCE_AMBUSH_PATIENCE_EXPRESSION,FOREST,RAIN_FOREST | MONTANE_FOREST | CANOPY | CLOUD_FOREST,SIMULATION_READY,EVD_JRN_R25_B02_SPC_MORELIA_VIRIDIS_PERSONALITY_ID_001 | EVD_JRN_R25_B02_SPC_MORELIA_VIRIDIS_TERRAIN_BROAD_001 | EVD_JRN_R25_B02_SPC_MORELIA_VIRIDIS_TERRAIN_SPECIFIC_001,1,BRD_GREEN_TREE_PYTHON
SPC_MORPHO_MENELAUS,BEAST_SPECIES,BEAST,R25,B02,BRD_BLUE_MORPHO,EXPOSURE_DISPLAY_EXPOSURE_EXPRESSION,FOREST,RAIN_FOREST | CANOPY | FOREST_EDGE,SIMULATION_READY,EVD_JRN_R25_B02_SPC_MORPHO_MENELAUS_PERSONALITY_ID_001 | EVD_JRN_R25_B02_SPC_MORPHO_MENELAUS_TERRAIN_BROAD_001 | EVD_JRN_R25_B02_SPC_MORPHO_MENELAUS_TERRAIN_SPECIFIC_001,1,BRD_BLUE_MORPHO
SPC_MORUS_BASSANUS,BEAST_SPECIES,BEAST,R01,B23,BRD_NORTHERN_GANNET,ATTACHMENT_LIFELONG_BOND_EXPRESSION,OCEAN | COASTAL,PELAGIC | COASTAL_CLIFF | ISLAND | ESTUARY,SIMULATION_READY,EVD_JRN_R01_B01_SPC_MORUS_BASSANUS_PERSONALITY_ID_001 | EVD_JRN_R01_B01_SPC_MORUS_BASSANUS_TERRAIN_BROAD_001 | EVD_JRN_R01_B01_SPC_MORUS_BASSANUS_TERRAIN_SPECIFIC_001,1,BRD_NORTHERN_GANNET
SPC_MOSCHIOLA_INDICA,BEAST_SPECIES,BEAST,R02,B08,BRD_INDIAN_SPOTTED_CHEVROTAIN,DISCIPLINE_FORAGING_DISCIPLINE_EXPRESSION,FOREST | FRESHWATER | SUBTERRANEAN,WOODLAND | FOREST_FLOOR | RIVER | BURROW,SIMULATION_READY,EVD_JRN_R02_B01_SPC_MOSCHIOLA_INDICA_PERSONALITY_ID_001 | EVD_JRN_R02_B01_SPC_MOSCHIOLA_INDICA_TERRAIN_BROAD_001 | EVD_JRN_R02_B01_SPC_MOSCHIOLA_INDICA_TERRAIN_SPECIFIC_001,1,BRD_INDIAN_SPOTTED_CHEVROTAIN
SPC_MOSCHUS_CHRYSOGASTER,BEAST_SPECIES,BEAST,R02,B08,BRD_ALPINE_MUSK_DEER,BOUNDARIES_TERRITORIAL_MARKING_EXPRESSION,MOUNTAIN | FOREST | GRASSLAND,ALPINE | MONTANE_FOREST | SCRUBLAND,SIMULATION_READY,EVD_JRN_R02_B01_SPC_MOSCHUS_CHRYSOGASTER_PERSONALITY_ID_001 | EVD_JRN_R02_B01_SPC_MOSCHUS_CHRYSOGASTER_TERRAIN_BROAD_001 | EVD_JRN_R02_B01_SPC_MOSCHUS_CHRYSOGASTER_TERRAIN_SPECIFIC_001,1,BRD_ALPINE_MUSK_DEER
SPC_MOSCHUS_MOSCHIFERUS,BEAST_SPECIES,BEAST,R02,B08,BRD_SIBERIAN_MUSK_DEER,PURPOSE_MIGRATION_PURPOSE_EXPRESSION,MOUNTAIN | FOREST | FRESHWATER | GRASSLAND,MONTANE_FOREST | BOREAL_FOREST | RIVER | MEADOW | CLIFF,SIMULATION_READY,EVD_JRN_R02_B01_SPC_MOSCHUS_MOSCHIFERUS_PERSONALITY_ID_001 | EVD_JRN_R02_B01_SPC_MOSCHUS_MOSCHIFERUS_TERRAIN_BROAD_001 | EVD_JRN_R02_B01_SPC_MOSCHUS_MOSCHIFERUS_TERRAIN_SPECIFIC_001,1,BRD_SIBERIAN_MUSK_DEER
SPC_MOTACILLA_AGUIMP,BEAST_SPECIES,BEAST,R08,B21,BRD_AFRICAN_PIED_WAGTAIL,BELONGING_HERDING_EXPRESSION,FRESHWATER | BUILT_ENVIRONMENT | GENERALIST,RIVER | CITY | VILLAGE,SIMULATION_READY,EVD_JRN_R08_B01_SPC_MOTACILLA_AGUIMP_PERSONALITY_ID_001 | EVD_JRN_R08_B01_SPC_MOTACILLA_AGUIMP_TERRAIN_BROAD_001 | EVD_JRN_R08_B01_SPC_MOTACILLA_AGUIMP_TERRAIN_SPECIFIC_001,1,BRD_AFRICAN_PIED_WAGTAIL
SPC_MOTACILLA_ALBA,BEAST_SPECIES,BEAST,R08,B21,BRD_WHITE_WAGTAIL,BELONGING_HERDING_EXPRESSION,GENERALIST,RIVER | LAKE | TUNDRA | HOT_DESERT | CITY,SIMULATION_READY,EVD_JRN_R08_B01_SPC_MOTACILLA_ALBA_PERSONALITY_ID_001 | EVD_JRN_R08_B01_SPC_MOTACILLA_ALBA_TERRAIN_BROAD_001 | EVD_JRN_R08_B01_SPC_MOTACILLA_ALBA_TERRAIN_SPECIFIC_001,1,BRD_WHITE_WAGTAIL
SPC_MUNGOS_MUNGO,BEAST_SPECIES,BEAST,R02,B05,BRD_BANDED_MONGOOSE,BELONGING_HERDING_EXPRESSION,GRASSLAND | FOREST | SUBTERRANEAN,SAVANNA | SCRUBLAND | WOODLAND | BURROW,SIMULATION_READY,EVD_JRN_R02_B01_SPC_MUNGOS_MUNGO_PERSONALITY_ID_001 | EVD_JRN_R02_B01_SPC_MUNGOS_MUNGO_TERRAIN_BROAD_001 | EVD_JRN_R02_B01_SPC_MUNGOS_MUNGO_TERRAIN_SPECIFIC_001,1,BRD_BANDED_MONGOOSE
SPC_MUNTIACUS_REEVESI,BEAST_SPECIES,BEAST,R02,B08,BRD_REEVES_S_MUNTJAC,BOUNDARIES_TERRITORIAL_MARKING_EXPRESSION,MOUNTAIN | FOREST | FRESHWATER,MONTANE_FOREST | WOODLAND | FOREST_EDGE | SCRUBLAND | RIVER,SIMULATION_READY,EVD_JRN_R02_B01_SPC_MUNTIACUS_REEVESI_PERSONALITY_ID_001 | EVD_JRN_R02_B01_SPC_MUNTIACUS_REEVESI_TERRAIN_BROAD_001 | EVD_JRN_R02_B01_SPC_MUNTIACUS_REEVESI_TERRAIN_SPECIFIC_001,1,BRD_REEVES_S_MUNTJAC
SPC_MUS_MUSCULUS,BEAST_SPECIES,BEAST,R20,B18,BRD_HOUSE_MOUSE,CURIOSITY_PROBLEM_SOLVING_EXPRESSION,BUILT_ENVIRONMENT | GRASSLAND | FOREST,CITY | VILLAGE | FARMLAND | FOREST_EDGE,SIMULATION_READY,EVD_JRN_R20_B01_SPC_MUS_MUSCULUS_PERSONALITY_ID_001 | EVD_JRN_R20_B01_SPC_MUS_MUSCULUS_TERRAIN_BROAD_001 | EVD_JRN_R20_B01_SPC_MUS_MUSCULUS_TERRAIN_SPECIFIC_001,1,BRD_HOUSE_MOUSE
SPC_MUSCA_DOMESTICA,BEAST_SPECIES,BEAST,R25,B02,BRD_HOUSEFLY,RISK_OPEN_FORAGING_EXPRESSION,BUILT_ENVIRONMENT | GRASSLAND,CITY | VILLAGE | FARMLAND | WORKSHOP,SIMULATION_READY,EVD_JRN_R25_B02_SPC_MUSCA_DOMESTICA_PERSONALITY_ID_001 | EVD_JRN_R25_B02_SPC_MUSCA_DOMESTICA_TERRAIN_BROAD_001 | EVD_JRN_R25_B02_SPC_MUSCA_DOMESTICA_TERRAIN_SPECIFIC_001,1,BRD_HOUSEFLY
SPC_MUSCARDINUS_AVELLANARIUS,BEAST_SPECIES,BEAST,R20,B18,BRD_HAZEL_DORMOUSE,DUTY_NEST_DUTY_EXPRESSION,FOREST | BUILT_ENVIRONMENT,WOODLAND | FOREST_EDGE | FARMLAND,SIMULATION_READY,EVD_JRN_R20_B01_SPC_MUSCARDINUS_AVELLANARIUS_PERSONALITY_ID_001 | EVD_JRN_R20_B01_SPC_MUSCARDINUS_AVELLANARIUS_TERRAIN_BROAD_001 | EVD_JRN_R20_B01_SPC_MUSCARDINUS_AVELLANARIUS_TERRAIN_SPECIFIC_001,1,BRD_HAZEL_DORMOUSE
SPC_MUSOPHAGA_VIOLACEA,BEAST_SPECIES,BEAST,R22,B13,BRD_VIOLET_TURACO,EXPRESSION_VOCAL_EXPRESSION,FOREST,WOODLAND | RAIN_FOREST | CANOPY,SIMULATION_READY,EVD_JRN_R22_B01_SPC_MUSOPHAGA_VIOLACEA_PERSONALITY_ID_001 | EVD_JRN_R22_B01_SPC_MUSOPHAGA_VIOLACEA_TERRAIN_BROAD_001 | EVD_JRN_R22_B01_SPC_MUSOPHAGA_VIOLACEA_TERRAIN_SPECIFIC_001,1,BRD_VIOLET_TURACO
SPC_MUSTELA_NIVALIS,BEAST_SPECIES,BEAST,R02,B05,BRD_LEAST_WEASEL,DISCIPLINE_FORAGING_DISCIPLINE_EXPRESSION,GRASSLAND | FOREST | POLAR_ICE | SUBTERRANEAN,PRAIRIE | WOODLAND | BOREAL_FOREST | TUNDRA | FOREST_FLOOR | BURROW | TUNNEL,SIMULATION_READY,EVD_JRN_R02_B01_SPC_MUSTELA_NIVALIS_PERSONALITY_ID_001 | EVD_JRN_R02_B01_SPC_MUSTELA_NIVALIS_TERRAIN_BROAD_001 | EVD_JRN_R02_B01_SPC_MUSTELA_NIVALIS_TERRAIN_SPECIFIC_001,1,BRD_LEAST_WEASEL
SPC_MYOBATRACHUS_GOULDII,BEAST_SPECIES,BEAST,R13,B01,BRD_TURTLE_FROG,LAND_DOMAIN_BOUND_CONFLICT,DESERT | SUBTERRANEAN | GRASSLAND,BURROW | SOIL | SCRUBLAND,SIMULATION_READY,EVD_JRN_R13_B01_SPC_MYOBATRACHUS_GOULDII_PERSONALITY_ID_001 | EVD_JRN_R13_B01_SPC_MYOBATRACHUS_GOULDII_TERRAIN_BROAD_001 | EVD_JRN_R13_B01_SPC_MYOBATRACHUS_GOULDII_TERRAIN_SPECIFIC_001,1,BRD_TURTLE_FROG
SPC_MYOCASTOR_COYPUS,BEAST_SPECIES,BEAST,R20,B18,BRD_COYPU,BELONGING_COLONY_EXPRESSION,WETLAND | FRESHWATER | SUBTERRANEAN,MARSH | RIVER | POND | BURROW,SIMULATION_READY,EVD_JRN_R20_B01_SPC_MYOCASTOR_COYPUS_PERSONALITY_ID_001 | EVD_JRN_R20_B01_SPC_MYOCASTOR_COYPUS_TERRAIN_BROAD_001 | EVD_JRN_R20_B01_SPC_MYOCASTOR_COYPUS_TERRAIN_SPECIFIC_001,1,BRD_COYPU
SPC_MYOPROCTA_PRATTI,BEAST_SPECIES,BEAST,R20,B18,BRD_GREEN_ACOUCHI,STEWARDSHIP_SEED_DISPERSAL_EXPRESSION,FOREST,RAIN_FOREST | FOREST_FLOOR,SIMULATION_READY,EVD_JRN_R20_B01_SPC_MYOPROCTA_PRATTI_PERSONALITY_ID_001 | EVD_JRN_R20_B01_SPC_MYOPROCTA_PRATTI_TERRAIN_BROAD_001 | EVD_JRN_R20_B01_SPC_MYOPROCTA_PRATTI_TERRAIN_SPECIFIC_001,1,BRD_GREEN_ACOUCHI
SPC_MYOSCIURUS_PUMILIO,BEAST_SPECIES,BEAST,R20,B18,BRD_AFRICAN_PYGMY_SQUIRREL,BOUNDARIES_TERRITORIAL_MARKING_EXPRESSION,FOREST,RAIN_FOREST | CANOPY | FOREST_EDGE,SIMULATION_READY,EVD_JRN_R20_B01_SPC_MYOSCIURUS_PUMILIO_PERSONALITY_ID_001 | EVD_JRN_R20_B01_SPC_MYOSCIURUS_PUMILIO_TERRAIN_BROAD_001 | EVD_JRN_R20_B01_SPC_MYOSCIURUS_PUMILIO_TERRAIN_SPECIFIC_001,1,BRD_AFRICAN_PYGMY_SQUIRREL
SPC_MYOTIS_VIVESI,BEAST_SPECIES,BEAST,R20,B03,BRD_FISH_EATING_MYOTIS,APPETITE_AMBUSH_FEEDING_EXPRESSION,OCEAN | COASTAL | SUBTERRANEAN,PELAGIC | COASTAL_CLIFF | ISLAND | CAVE,SIMULATION_READY,EVD_JRN_R20_B01_SPC_MYOTIS_VIVESI_PERSONALITY_ID_001 | EVD_JRN_R20_B01_SPC_MYOTIS_VIVESI_TERRAIN_BROAD_001 | EVD_JRN_R20_B01_SPC_MYOTIS_VIVESI_TERRAIN_SPECIFIC_001,1,BRD_FISH_EATING_MYOTIS
SPC_MYRMECOBIUS_FASCIATUS,BEAST_SPECIES,BEAST,R22,B10,BRD_MYRMECOBIUS_FASCIATUS_NUMBAT,DISCIPLINE_FORAGING_DISCIPLINE_EXPRESSION,FOREST | GRASSLAND | DESERT,WOODLAND | FOREST_FLOOR | SCRUBLAND | DUNES,SIMULATION_READY,EVD_JRN_R22_B01_SPC_MYRMECOBIUS_FASCIATUS_PERSONALITY_ID_001 | EVD_JRN_R22_B01_SPC_MYRMECOBIUS_FASCIATUS_TERRAIN_BROAD_001 | EVD_JRN_R22_B01_SPC_MYRMECOBIUS_FASCIATUS_TERRAIN_SPECIFIC_001,1,BRD_MYRMECOBIUS_FASCIATUS_NUMBAT
SPC_MYRMECOCYSTUS_MEXICANUS,BEAST_SPECIES,BEAST,R25,B02,BRD_MEXICAN_HONEYPOT_ANT,SCARCITY_CACHE_EXPRESSION,DESERT | SUBTERRANEAN,HOT_DESERT | SCRUBLAND | SOIL | BURROW,SIMULATION_READY,EVD_JRN_R25_B02_SPC_MYRMECOCYSTUS_MEXICANUS_PERSONALITY_ID_001 | EVD_JRN_R25_B02_SPC_MYRMECOCYSTUS_MEXICANUS_TERRAIN_BROAD_001 | EVD_JRN_R25_B02_SPC_MYRMECOCYSTUS_MEXICANUS_TERRAIN_SPECIFIC_001,1,BRD_MEXICAN_HONEYPOT_ANT
SPC_MYRMECOPHAGA_TRIDACTYLA,BEAST_SPECIES,BEAST,R23,B24,BRD_GIANT_ANTEATER,FEAR_DEFENSIVE_DISPLAY_EXPRESSION,WETLAND | GRASSLAND | FOREST,SWAMP | SAVANNA | RAIN_FOREST,SIMULATION_READY,EVD_JRN_R23_B01_SPC_MYRMECOPHAGA_TRIDACTYLA_PERSONALITY_ID_001 | EVD_JRN_R23_B01_SPC_MYRMECOPHAGA_TRIDACTYLA_TERRAIN_BROAD_001 | EVD_JRN_R23_B01_SPC_MYRMECOPHAGA_TRIDACTYLA_TERRAIN_SPECIFIC_001,1,BRD_GIANT_ANTEATER
SPC_MYXINE_GLUTINOSA,BEAST_SPECIES,BEAST,R12,B19,BRD_ATLANTIC_HAGFISH,TRUTH_CAMOUFLAGE_EXPRESSION,OCEAN | SUBTERRANEAN,MUDFLAT | SOIL,SIMULATION_READY,EVD_JRN_R12_B01_SPC_MYXINE_GLUTINOSA_PERSONALITY_ID_001 | EVD_JRN_R12_B01_SPC_MYXINE_GLUTINOSA_TERRAIN_BROAD_001 | EVD_JRN_R12_B01_SPC_MYXINE_GLUTINOSA_TERRAIN_SPECIFIC_001,1,BRD_ATLANTIC_HAGFISH
SPC_NAJA_NAJA,BEAST_SPECIES,BEAST,R25,B20,BRD_INDIAN_COBRA,FEAR_DEFENSIVE_DISPLAY_EXPRESSION,FOREST | GRASSLAND | BUILT_ENVIRONMENT,RAIN_FOREST | SAVANNA | SCRUBLAND | FARMLAND | VILLAGE | CITY,SIMULATION_READY,EVD_JRN_R25_B02_SPC_NAJA_NAJA_PERSONALITY_ID_001 | EVD_JRN_R25_B02_SPC_NAJA_NAJA_TERRAIN_BROAD_001 | EVD_JRN_R25_B02_SPC_NAJA_NAJA_TERRAIN_SPECIFIC_001,1,BRD_INDIAN_COBRA
SPC_NANNOPTERUM_HARRISI,BEAST_SPECIES,BEAST,R01,B23,BRD_FLIGHTLESS_CORMORANT,CARE_PROVISIONING_EXPRESSION,COASTAL | OCEAN,ISLAND | VOLCANIC | PELAGIC,SIMULATION_READY,EVD_JRN_R01_B01_SPC_NANNOPTERUM_HARRISI_PERSONALITY_ID_001 | EVD_JRN_R01_B01_SPC_NANNOPTERUM_HARRISI_TERRAIN_BROAD_001 | EVD_JRN_R01_B01_SPC_NANNOPTERUM_HARRISI_TERRAIN_SPECIFIC_001,1,BRD_FLIGHTLESS_CORMORANT
SPC_NASALIS_LARVATUS,BEAST_SPECIES,BEAST,R15,B16,BRD_PROBOSCIS_MONKEY,EMBODIMENT_FUNCTIONAL_BODY_EXPRESSION,FOREST | WETLAND | FRESHWATER | COASTAL,MANGROVE | SWAMP | RIVER | CANOPY,SIMULATION_READY,EVD_JRN_R15_B01_SPC_NASALIS_LARVATUS_PERSONALITY_ID_001 | EVD_JRN_R15_B01_SPC_NASALIS_LARVATUS_TERRAIN_BROAD_001 | EVD_JRN_R15_B01_SPC_NASALIS_LARVATUS_TERRAIN_SPECIFIC_001,1,BRD_PROBOSCIS_MONKEY
SPC_NASIKABATRACHUS_SAHYADRENSIS,BEAST_SPECIES,BEAST,R13,B01,BRD_PURPLE_FROG,LAND_SPAWNING_SITE_DEPENDENCE,FOREST | SUBTERRANEAN | FRESHWATER | MOUNTAIN,SOIL | BURROW | RIVER | MONTANE_FOREST,SIMULATION_READY,EVD_JRN_R13_B01_SPC_NASIKABATRACHUS_SAHYADRENSIS_PERSONALITY_ID_001 | EVD_JRN_R13_B01_SPC_NASIKABATRACHUS_SAHYADRENSIS_TERRAIN_BROAD_001 | EVD_JRN_R13_B01_SPC_NASIKABATRACHUS_SAHYADRENSIS_TERRAIN_SPECIFIC_001,1,BRD_PURPLE_FROG
SPC_NASO_UNICORNIS,BEAST_SPECIES,BEAST,R14,B04,BRD_BLUESPINE_UNICORNFISH,EMBODIMENT_PROTECTED_BODY_EXPRESSION,OCEAN | COASTAL,CORAL_REEF,SIMULATION_READY,EVD_JRN_R14_B01_SPC_NASO_UNICORNIS_PERSONALITY_ID_001 | EVD_JRN_R14_B01_SPC_NASO_UNICORNIS_TERRAIN_BROAD_001 | EVD_JRN_R14_B01_SPC_NASO_UNICORNIS_TERRAIN_SPECIFIC_001,1,BRD_BLUESPINE_UNICORNFISH
SPC_NASUA_NASUA,BEAST_SPECIES,BEAST,R02,B05,BRD_SOUTH_AMERICAN_COATI,BELONGING_HERDING_EXPRESSION,FOREST | MOUNTAIN | FRESHWATER,RAIN_FOREST | CLOUD_FOREST | WOODLAND | CANOPY | FOREST_FLOOR | RIVER,SIMULATION_READY,EVD_JRN_R02_B01_SPC_NASUA_NASUA_PERSONALITY_ID_001 | EVD_JRN_R02_B01_SPC_NASUA_NASUA_TERRAIN_BROAD_001 | EVD_JRN_R02_B01_SPC_NASUA_NASUA_TERRAIN_SPECIFIC_001,1,BRD_SOUTH_AMERICAN_COATI
SPC_NASUTITERMES_CORNIGER,BEAST_SPECIES,BEAST,R25,B02,BRD_NASUTE_TERMITE,COOPERATION_GROUP_DEFENSE_EXPRESSION,FOREST | BUILT_ENVIRONMENT | SUBTERRANEAN,RAIN_FOREST | CANOPY | MANGROVE | CITY | VILLAGE | SOIL,SIMULATION_READY,EVD_JRN_R25_B02_SPC_NASUTITERMES_CORNIGER_PERSONALITY_ID_001 | EVD_JRN_R25_B02_SPC_NASUTITERMES_CORNIGER_TERRAIN_BROAD_001 | EVD_JRN_R25_B02_SPC_NASUTITERMES_CORNIGER_TERRAIN_SPECIFIC_001,1,BRD_NASUTE_TERMITE
SPC_NECROSYRTES_MONACHUS,BEAST_SPECIES,BEAST,R18,B17,BRD_HOODED_VULTURE,TRUST_TRUST_BY_PROXIMITY_EXPRESSION,GRASSLAND | FOREST | COASTAL | BUILT_ENVIRONMENT,SAVANNA | FOREST_EDGE | COASTAL_CLIFF | VILLAGE | CITY,SIMULATION_READY,EVD_JRN_R18_B01_SPC_NECROSYRTES_MONACHUS_PERSONALITY_ID_001 | EVD_JRN_R18_B01_SPC_NECROSYRTES_MONACHUS_TERRAIN_BROAD_001 | EVD_JRN_R18_B01_SPC_NECROSYRTES_MONACHUS_TERRAIN_SPECIFIC_001,1,BRD_HOODED_VULTURE
SPC_NEOCERATODUS_FORSTERI,BEAST_SPECIES,BEAST,R14,B04,BRD_AUSTRALIAN_LUNGFISH,EMBODIMENT_FUNCTIONAL_BODY_EXPRESSION,FRESHWATER,RIVER | LAKE,SIMULATION_READY,EVD_JRN_R14_B01_SPC_NEOCERATODUS_FORSTERI_PERSONALITY_ID_001 | EVD_JRN_R14_B01_SPC_NEOCERATODUS_FORSTERI_TERRAIN_BROAD_001 | EVD_JRN_R14_B01_SPC_NEOCERATODUS_FORSTERI_TERRAIN_SPECIFIC_001,1,BRD_AUSTRALIAN_LUNGFISH
SPC_NEOFELIS_NEBULOSA,BEAST_SPECIES,BEAST,R02,B05,BRD_CLOUDED_LEOPARD,DISCIPLINE_FORAGING_DISCIPLINE_EXPRESSION,FOREST | MOUNTAIN | WETLAND,RAIN_FOREST | WOODLAND | MANGROVE | SWAMP | MONTANE_FOREST | CANOPY,SIMULATION_READY,EVD_JRN_R02_B01_SPC_NEOFELIS_NEBULOSA_PERSONALITY_ID_001 | EVD_JRN_R02_B01_SPC_NEOFELIS_NEBULOSA_TERRAIN_BROAD_001 | EVD_JRN_R02_B01_SPC_NEOFELIS_NEBULOSA_TERRAIN_SPECIFIC_001,1,BRD_CLOUDED_LEOPARD
SPC_NEOMYS_FODIENS,BEAST_SPECIES,BEAST,R23,B24,BRD_EURASIAN_WATER_SHREW,FORCE_BITE_OR_STING_EXPRESSION,FRESHWATER | WETLAND | GRASSLAND,RIVER | POND | MARSH | MEADOW,SIMULATION_READY,EVD_JRN_R23_B01_SPC_NEOMYS_FODIENS_PERSONALITY_ID_001 | EVD_JRN_R23_B01_SPC_NEOMYS_FODIENS_TERRAIN_BROAD_001 | EVD_JRN_R23_B01_SPC_NEOMYS_FODIENS_TERRAIN_SPECIFIC_001,1,BRD_EURASIAN_WATER_SHREW
SPC_NEOPHOCAENA_PHOCAENOIDES,BEAST_SPECIES,BEAST,R01,B06,BRD_INDO_PACIFIC_FINLESS_PORPOISE,PURPOSE_MIGRATION_PURPOSE_EXPRESSION,COASTAL | FRESHWATER | OCEAN,RIVER | LAKE,SIMULATION_READY,EVD_JRN_R01_B01_SPC_NEOPHOCAENA_PHOCAENOIDES_PERSONALITY_ID_001 | EVD_JRN_R01_B01_SPC_NEOPHOCAENA_PHOCAENOIDES_TERRAIN_BROAD_001 | EVD_JRN_R01_B01_SPC_NEOPHOCAENA_PHOCAENOIDES_TERRAIN_SPECIFIC_001,1,BRD_INDO_PACIFIC_FINLESS_PORPOISE
SPC_NEOPHRON_PERCNOPTERUS,BEAST_SPECIES,BEAST,R18,B17,BRD_EGYPTIAN_VULTURE,CURIOSITY_PROBLEM_SOLVING_EXPRESSION,MOUNTAIN | DESERT | GRASSLAND | BUILT_ENVIRONMENT,CLIFF | HOT_DESERT | STEPPE | SCRUBLAND | FARMLAND,SIMULATION_READY,EVD_JRN_R18_B01_SPC_NEOPHRON_PERCNOPTERUS_PERSONALITY_ID_001 | EVD_JRN_R18_B01_SPC_NEOPHRON_PERCNOPTERUS_TERRAIN_BROAD_001 | EVD_JRN_R18_B01_SPC_NEOPHRON_PERCNOPTERUS_TERRAIN_SPECIFIC_001,1,BRD_EGYPTIAN_VULTURE
SPC_NEOTIBICEN_CANICULARIS,BEAST_SPECIES,BEAST,R25,B02,BRD_DOG_DAY_CICADA,CHANGE_MOLTING_EXPRESSION,FOREST | SUBTERRANEAN | BUILT_ENVIRONMENT,WOODLAND | SOIL | BURROW | CANOPY | CITY | VILLAGE,SIMULATION_READY,EVD_JRN_R25_B02_SPC_NEOTIBICEN_CANICULARIS_PERSONALITY_ID_001 | EVD_JRN_R25_B02_SPC_NEOTIBICEN_CANICULARIS_TERRAIN_BROAD_001 | EVD_JRN_R25_B02_SPC_NEOTIBICEN_CANICULARIS_TERRAIN_SPECIFIC_001,1,BRD_DOG_DAY_CICADA
SPC_NEPA_CINEREA,BEAST_SPECIES,BEAST,R25,B02,BRD_WATER_SCORPION,PATIENCE_AMBUSH_PATIENCE_EXPRESSION,FRESHWATER | WETLAND,POND | MARSH | SWAMP | LAKE,SIMULATION_READY,EVD_JRN_R25_B02_SPC_NEPA_CINEREA_PERSONALITY_ID_001 | EVD_JRN_R25_B02_SPC_NEPA_CINEREA_TERRAIN_BROAD_001 | EVD_JRN_R25_B02_SPC_NEPA_CINEREA_TERRAIN_SPECIFIC_001,1,BRD_WATER_SCORPION
SPC_NESTOR_NOTABILIS,BEAST_SPECIES,BEAST,R19,B14,BRD_KEA,CURIOSITY_PROBLEM_SOLVING_EXPRESSION,MOUNTAIN | FOREST | SUBTERRANEAN,ALPINE | MONTANE_FOREST | FOREST_EDGE | BURROW | FJORD,SIMULATION_READY,EVD_JRN_R19_B01_SPC_NESTOR_NOTABILIS_PERSONALITY_ID_001 | EVD_JRN_R19_B01_SPC_NESTOR_NOTABILIS_TERRAIN_BROAD_001 | EVD_JRN_R19_B01_SPC_NESTOR_NOTABILIS_TERRAIN_SPECIFIC_001,1,BRD_KEA
SPC_NOCTILIO_LEPORINUS,BEAST_SPECIES,BEAST,R20,B03,BRD_GREATER_BULLDOG_BAT,APPETITE_AMBUSH_FEEDING_EXPRESSION,FRESHWATER | WETLAND | COASTAL | FOREST,RIVER | POND | ESTUARY | RAIN_FOREST,SIMULATION_READY,EVD_JRN_R20_B01_SPC_NOCTILIO_LEPORINUS_PERSONALITY_ID_001 | EVD_JRN_R20_B01_SPC_NOCTILIO_LEPORINUS_TERRAIN_BROAD_001 | EVD_JRN_R20_B01_SPC_NOCTILIO_LEPORINUS_TERRAIN_SPECIFIC_001,1,BRD_GREATER_BULLDOG_BAT
SPC_NOTHOBRANCHIUS_RACHOVII,BEAST_SPECIES,BEAST,R14,B04,BRD_BLUEFIN_NOTHO,LAND_SPAWNING_SITE_DEPENDENCE,FRESHWATER | WETLAND,FLOODPLAIN | POND | SOIL,SIMULATION_READY,EVD_JRN_R14_B01_SPC_NOTHOBRANCHIUS_RACHOVII_PERSONALITY_ID_001 | EVD_JRN_R14_B01_SPC_NOTHOBRANCHIUS_RACHOVII_TERRAIN_BROAD_001 | EVD_JRN_R14_B01_SPC_NOTHOBRANCHIUS_RACHOVII_TERRAIN_SPECIFIC_001,1,BRD_BLUEFIN_NOTHO
SPC_NOTHOPROCTA_PERDICARIA,BEAST_SPECIES,BEAST,R17,B15,BRD_CHILEAN_TINAMOU,PROTECTION_YOUNG_SHIELDING_EXPRESSION,GRASSLAND | FOREST | BUILT_ENVIRONMENT,SCRUBLAND | FARMLAND | WOODLAND,SIMULATION_READY,EVD_JRN_R17_B01_SPC_NOTHOPROCTA_PERDICARIA_PERSONALITY_ID_001 | EVD_JRN_R17_B01_SPC_NOTHOPROCTA_PERDICARIA_TERRAIN_BROAD_001 | EVD_JRN_R17_B01_SPC_NOTHOPROCTA_PERDICARIA_TERRAIN_SPECIFIC_001,1,BRD_CHILEAN_TINAMOU
SPC_NOTORYCTES_CAURINUS,BEAST_SPECIES,BEAST,R22,B10,BRD_NORTHERN_MARSUPIAL_MOLE,CONTROL_ENVIRONMENT_ENGINEERING_EXPRESSION,DESERT | SUBTERRANEAN,DUNES | SOIL | BURROW,SIMULATION_READY,EVD_JRN_R22_B01_SPC_NOTORYCTES_CAURINUS_PERSONALITY_ID_001 | EVD_JRN_R22_B01_SPC_NOTORYCTES_CAURINUS_TERRAIN_BROAD_001 | EVD_JRN_R22_B01_SPC_NOTORYCTES_CAURINUS_TERRAIN_SPECIFIC_001,1,BRD_NORTHERN_MARSUPIAL_MOLE
SPC_NOTORYCTES_TYPHLOPS,BEAST_SPECIES,BEAST,R22,B10,BRD_SOUTHERN_MARSUPIAL_MOLE,CONTROL_ENVIRONMENT_ENGINEERING_EXPRESSION,DESERT | SUBTERRANEAN,DUNES | SOIL | BURROW,SIMULATION_READY,EVD_JRN_R22_B01_SPC_NOTORYCTES_TYPHLOPS_PERSONALITY_ID_001 | EVD_JRN_R22_B01_SPC_NOTORYCTES_TYPHLOPS_TERRAIN_BROAD_001 | EVD_JRN_R22_B01_SPC_NOTORYCTES_TYPHLOPS_TERRAIN_SPECIFIC_001,1,BRD_SOUTHERN_MARSUPIAL_MOLE
SPC_NUMENIUS_ARQUATA,BEAST_SPECIES,BEAST,R01,B23,BRD_EURASIAN_CURLEW,DESIRE_COURTSHIP_DISPLAY_EXPRESSION,COASTAL | WETLAND | GRASSLAND,ESTUARY | MUDFLAT | MARSH | MEADOW | BOG,SIMULATION_READY,EVD_JRN_R01_B01_SPC_NUMENIUS_ARQUATA_PERSONALITY_ID_001 | EVD_JRN_R01_B01_SPC_NUMENIUS_ARQUATA_TERRAIN_BROAD_001 | EVD_JRN_R01_B01_SPC_NUMENIUS_ARQUATA_TERRAIN_SPECIFIC_001,1,BRD_EURASIAN_CURLEW
SPC_NUMIDA_MELEAGRIS,BEAST_SPECIES,BEAST,R17,B15,BRD_NUMIDA_MELEAGRIS_HELMETED_GUINEAFOWL,COOPERATION_GROUP_DEFENSE_EXPRESSION,GRASSLAND | FOREST | BUILT_ENVIRONMENT,SAVANNA | SCRUBLAND | FARMLAND | FOREST_EDGE,SIMULATION_READY,EVD_JRN_R17_B01_SPC_NUMIDA_MELEAGRIS_PERSONALITY_ID_001 | EVD_JRN_R17_B01_SPC_NUMIDA_MELEAGRIS_TERRAIN_BROAD_001 | EVD_JRN_R17_B01_SPC_NUMIDA_MELEAGRIS_TERRAIN_SPECIFIC_001,1,BRD_NUMIDA_MELEAGRIS_HELMETED_GUINEAFOWL
SPC_NYCTEREUTES_PROCYONOIDES,BEAST_SPECIES,BEAST,R02,B05,BRD_RACCOON_DOG,CARE_PROVISIONING_EXPRESSION,FOREST | FRESHWATER | WETLAND,WOODLAND | RIVER | MARSH,SIMULATION_READY,EVD_JRN_R02_B01_SPC_NYCTEREUTES_PROCYONOIDES_PERSONALITY_ID_001 | EVD_JRN_R02_B01_SPC_NYCTEREUTES_PROCYONOIDES_TERRAIN_BROAD_001 | EVD_JRN_R02_B01_SPC_NYCTEREUTES_PROCYONOIDES_TERRAIN_SPECIFIC_001,1,BRD_RACCOON_DOG
SPC_NYCTIBIUS_GRANDIS,BEAST_SPECIES,BEAST,R22,B13,BRD_GREAT_POTOO,TRUTH_CAMOUFLAGE_EXPRESSION,FOREST,RAIN_FOREST | CANOPY | FOREST_EDGE,SIMULATION_READY,EVD_JRN_R22_B01_SPC_NYCTIBIUS_GRANDIS_PERSONALITY_ID_001 | EVD_JRN_R22_B01_SPC_NYCTIBIUS_GRANDIS_TERRAIN_BROAD_001 | EVD_JRN_R22_B01_SPC_NYCTIBIUS_GRANDIS_TERRAIN_SPECIFIC_001,1,BRD_GREAT_POTOO
SPC_NYCTICEBUS_COUCANG,BEAST_SPECIES,BEAST,R15,B16,BRD_SUNDA_SLOW_LORIS,EMBODIMENT_FUNCTIONAL_BODY_EXPRESSION,FOREST,RAIN_FOREST | CANOPY | FOREST_EDGE | MANGROVE,SIMULATION_READY,EVD_JRN_R15_B01_SPC_NYCTICEBUS_COUCANG_PERSONALITY_ID_001 | EVD_JRN_R15_B01_SPC_NYCTICEBUS_COUCANG_TERRAIN_BROAD_001 | EVD_JRN_R15_B01_SPC_NYCTICEBUS_COUCANG_TERRAIN_SPECIFIC_001,1,BRD_SUNDA_SLOW_LORIS
SPC_NYCTICEBUS_PYGMAEUS,BEAST_SPECIES,BEAST,R15,B16,BRD_PYGMY_SLOW_LORIS,EMBODIMENT_FUNCTIONAL_BODY_EXPRESSION,FOREST,RAIN_FOREST | CANOPY | FOREST_EDGE | SCRUBLAND,SIMULATION_READY,EVD_JRN_R15_B01_SPC_NYCTICEBUS_PYGMAEUS_PERSONALITY_ID_001 | EVD_JRN_R15_B01_SPC_NYCTICEBUS_PYGMAEUS_TERRAIN_BROAD_001 | EVD_JRN_R15_B01_SPC_NYCTICEBUS_PYGMAEUS_TERRAIN_SPECIFIC_001,1,BRD_PYGMY_SLOW_LORIS
SPC_NYCTIMENE_ROBINSONI,BEAST_SPECIES,BEAST,R20,B03,BRD_EASTERN_TUBE_NOSED_BAT,STEWARDSHIP_SEED_DISPERSAL_EXPRESSION,FOREST,RAIN_FOREST | CANOPY | FOREST_EDGE,SIMULATION_READY,EVD_JRN_R20_B01_SPC_NYCTIMENE_ROBINSONI_PERSONALITY_ID_001 | EVD_JRN_R20_B01_SPC_NYCTIMENE_ROBINSONI_TERRAIN_BROAD_001 | EVD_JRN_R20_B01_SPC_NYCTIMENE_ROBINSONI_TERRAIN_SPECIFIC_001,1,BRD_EASTERN_TUBE_NOSED_BAT
SPC_OCHOTONA_COLLARIS,BEAST_SPECIES,BEAST,R20,B18,BRD_COLLARED_PIKA,CONTROL_ENVIRONMENT_ENGINEERING_EXPRESSION,MOUNTAIN | POLAR_ICE | GRASSLAND | SUBTERRANEAN,ALPINE | TUNDRA | CLIFF | CAVE,SIMULATION_READY,EVD_JRN_R20_B01_SPC_OCHOTONA_COLLARIS_PERSONALITY_ID_001 | EVD_JRN_R20_B01_SPC_OCHOTONA_COLLARIS_TERRAIN_BROAD_001 | EVD_JRN_R20_B01_SPC_OCHOTONA_COLLARIS_TERRAIN_SPECIFIC_001,1,BRD_COLLARED_PIKA
SPC_OCHOTONA_ILIENSIS,BEAST_SPECIES,BEAST,R20,B18,BRD_ILI_PIKA,PERSEVERANCE_DROUGHT_OR_COLD_ENDURANCE_EXPRESSION,MOUNTAIN | GRASSLAND | SUBTERRANEAN,ALPINE | CLIFF | CAVE,SIMULATION_READY,EVD_JRN_R20_B01_SPC_OCHOTONA_ILIENSIS_PERSONALITY_ID_001 | EVD_JRN_R20_B01_SPC_OCHOTONA_ILIENSIS_TERRAIN_BROAD_001 | EVD_JRN_R20_B01_SPC_OCHOTONA_ILIENSIS_TERRAIN_SPECIFIC_001,1,BRD_ILI_PIKA
SPC_OCHOTONA_PRINCEPS,BEAST_SPECIES,BEAST,R20,B18,BRD_AMERICAN_PIKA,CONTROL_ENVIRONMENT_ENGINEERING_EXPRESSION,MOUNTAIN | GRASSLAND | SUBTERRANEAN,ALPINE | CLIFF | CAVE,SIMULATION_READY,EVD_JRN_R20_B01_SPC_OCHOTONA_PRINCEPS_PERSONALITY_ID_001 | EVD_JRN_R20_B01_SPC_OCHOTONA_PRINCEPS_TERRAIN_BROAD_001 | EVD_JRN_R20_B01_SPC_OCHOTONA_PRINCEPS_TERRAIN_SPECIFIC_001,1,BRD_AMERICAN_PIKA
SPC_OCREATUS_UNDERWOODII,BEAST_SPECIES,BEAST,R22,B13,BRD_BOOTED_RACKET_TAIL,DESIRE_COURTSHIP_DISPLAY_EXPRESSION,FOREST | MOUNTAIN | GRASSLAND,CLOUD_FOREST | MONTANE_FOREST | FOREST_EDGE | FLOWERING_HABITAT,SIMULATION_READY,EVD_JRN_R22_B01_SPC_OCREATUS_UNDERWOODII_PERSONALITY_ID_001 | EVD_JRN_R22_B01_SPC_OCREATUS_UNDERWOODII_TERRAIN_BROAD_001 | EVD_JRN_R22_B01_SPC_OCREATUS_UNDERWOODII_TERRAIN_SPECIFIC_001,1,BRD_BOOTED_RACKET_TAIL
SPC_OCTOPUS_VULGARIS,BEAST_SPECIES,BEAST,R14,B11,BRD_COMMON_OCTOPUS,COLLECTIVE_MEMORY_TECHNIQUE_TRADITION,OCEAN | COASTAL,COASTAL_CLIFF | CAVE | CORAL_REEF,SIMULATION_READY,EVD_JRN_R14_B01_SPC_OCTOPUS_VULGARIS_PERSONALITY_ID_001 | EVD_JRN_R14_B01_SPC_OCTOPUS_VULGARIS_TERRAIN_BROAD_001 | EVD_JRN_R14_B01_SPC_OCTOPUS_VULGARIS_TERRAIN_SPECIFIC_001,1,BRD_COMMON_OCTOPUS
SPC_ODOBENUS_ROSMARUS,BEAST_SPECIES,BEAST,R02,B05,BRD_WALRUS,BELONGING_HERDING_EXPRESSION,OCEAN | COASTAL | POLAR_ICE,PACK_ICE,SIMULATION_READY,EVD_JRN_R02_B01_SPC_ODOBENUS_ROSMARUS_PERSONALITY_ID_001 | EVD_JRN_R02_B01_SPC_ODOBENUS_ROSMARUS_TERRAIN_BROAD_001 | EVD_JRN_R02_B01_SPC_ODOBENUS_ROSMARUS_TERRAIN_SPECIFIC_001,1,BRD_WALRUS
SPC_ODOCOILEUS_VIRGINIANUS,BEAST_SPECIES,BEAST,R02,B08,BRD_WHITE_TAILED_DEER,BELONGING_HERDING_EXPRESSION,GRASSLAND,PRAIRIE | MEADOW,SIMULATION_READY,EVD_JRN_R02_B01_SPC_ODOCOILEUS_VIRGINIANUS_PERSONALITY_ID_001 | EVD_JRN_R02_B01_SPC_ODOCOILEUS_VIRGINIANUS_TERRAIN_BROAD_001 | EVD_JRN_R02_B01_SPC_ODOCOILEUS_VIRGINIANUS_TERRAIN_SPECIFIC_001,1,BRD_WHITE_TAILED_DEER
SPC_ODONTODACTYLUS_SCYLLARUS,BEAST_SPECIES,BEAST,R25,B02,BRD_PEACOCK_MANTIS_SHRIMP,IMPULSE_STRIKE_FIRST_EXPRESSION,OCEAN | COASTAL,CORAL_REEF | BURROW | SOIL,SIMULATION_READY,EVD_JRN_R25_B02_SPC_ODONTODACTYLUS_SCYLLARUS_PERSONALITY_ID_001 | EVD_JRN_R25_B02_SPC_ODONTODACTYLUS_SCYLLARUS_TERRAIN_BROAD_001 | EVD_JRN_R25_B02_SPC_ODONTODACTYLUS_SCYLLARUS_TERRAIN_SPECIFIC_001,1,BRD_PEACOCK_MANTIS_SHRIMP
SPC_ODONTOMACHUS_BAURI,BEAST_SPECIES,BEAST,R25,B02,BRD_TRAP_JAW_ANT,IMPULSE_STRIKE_FIRST_EXPRESSION,FOREST | GRASSLAND,RAIN_FOREST | CANOPY | FOREST_FLOOR | WOODLAND | SAVANNA,SIMULATION_READY,EVD_JRN_R25_B02_SPC_ODONTOMACHUS_BAURI_PERSONALITY_ID_001 | EVD_JRN_R25_B02_SPC_ODONTOMACHUS_BAURI_TERRAIN_BROAD_001 | EVD_JRN_R25_B02_SPC_ODONTOMACHUS_BAURI_TERRAIN_SPECIFIC_001,1,BRD_TRAP_JAW_ANT
SPC_OGRUS_CHENOO,MYTHOS_SPECIES,MYTHOS,R19,M20,BRD_CHENOO,APPETITE_UNENDING_HUNGER_CONFLICT,POLAR_ICE | FOREST | BUILT_ENVIRONMENT,TUNDRA | BOREAL_FOREST | GLACIER | VILLAGE,SIMULATION_READY,EVD_JRN_R19_B01_SPC_OGRUS_CHENOO_PERSONALITY_ID_001 | EVD_JRN_R19_B01_SPC_OGRUS_CHENOO_TERRAIN_BROAD_001 | EVD_JRN_R19_B01_SPC_OGRUS_CHENOO_TERRAIN_SPECIFIC_001,1,BRD_CHENOO
SPC_OGRUS_ETTIN,MYTHOS_SPECIES,MYTHOS,R19,M20,BRD_ETTIN,INDIVIDUALITY_HOST_IDENTITY_CONFLICT,MOUNTAIN | GRASSLAND | BUILT_ENVIRONMENT,CASTLE | PLATEAU | MEADOW | ROAD,SIMULATION_READY,EVD_JRN_R19_B01_SPC_OGRUS_ETTIN_PERSONALITY_ID_001 | EVD_JRN_R19_B01_SPC_OGRUS_ETTIN_TERRAIN_BROAD_001 | EVD_JRN_R19_B01_SPC_OGRUS_ETTIN_TERRAIN_SPECIFIC_001,1,BRD_ETTIN
SPC_OGRUS_OGRE,MYTHOS_SPECIES,MYTHOS,R19,M20,BRD_OGRE,AMBIGUITY_UNFIXED_FORM_CONFLICT,GRASSLAND | FOREST | BUILT_ENVIRONMENT,CASTLE | FARMLAND | WOODLAND | ROAD | VILLAGE,SIMULATION_READY,EVD_JRN_R19_B01_SPC_OGRUS_OGRE_PERSONALITY_ID_001 | EVD_JRN_R19_B01_SPC_OGRUS_OGRE_TERRAIN_BROAD_001 | EVD_JRN_R19_B01_SPC_OGRUS_OGRE_TERRAIN_SPECIFIC_001,1,BRD_OGRE
SPC_OGRUS_ONI,MYTHOS_SPECIES,MYTHOS,R19,M20,BRD_ONI,APPETITE_FORBIDDEN_FOOD_CONFLICT,OCEAN | COASTAL | BUILT_ENVIRONMENT,ISLAND | PELAGIC | COASTAL_CLIFF | CASTLE,SIMULATION_READY,EVD_JRN_R19_B01_SPC_OGRUS_ONI_PERSONALITY_ID_001 | EVD_JRN_R19_B01_SPC_OGRUS_ONI_TERRAIN_BROAD_001 | EVD_JRN_R19_B01_SPC_OGRUS_ONI_TERRAIN_SPECIFIC_001,1,BRD_ONI
SPC_OGRUS_TROLL,MYTHOS_SPECIES,MYTHOS,R19,M20,BRD_TROLL,BOUNDARIES_DOMAIN_BOUND_CONFLICT,MOUNTAIN | GRASSLAND | FRESHWATER | BUILT_ENVIRONMENT,MEADOW | RIVER | ROAD | CLIFF,SIMULATION_READY,EVD_JRN_R19_B01_SPC_OGRUS_TROLL_PERSONALITY_ID_001 | EVD_JRN_R19_B01_SPC_OGRUS_TROLL_TERRAIN_BROAD_001 | EVD_JRN_R19_B01_SPC_OGRUS_TROLL_TERRAIN_SPECIFIC_001,1,BRD_TROLL
SPC_OKAPIA_JOHNSTONI,BEAST_SPECIES,BEAST,R02,B08,BRD_OKAPI,BOUNDARIES_TERRITORIAL_MARKING_EXPRESSION,FOREST,RAIN_FOREST | FOREST_FLOOR,SIMULATION_READY,EVD_JRN_R02_B01_SPC_OKAPIA_JOHNSTONI_PERSONALITY_ID_001 | EVD_JRN_R02_B01_SPC_OKAPIA_JOHNSTONI_TERRAIN_BROAD_001 | EVD_JRN_R02_B01_SPC_OKAPIA_JOHNSTONI_TERRAIN_SPECIFIC_001,1,BRD_OKAPI
SPC_ONCORHYNCHUS_MYKISS,BEAST_SPECIES,BEAST,R14,B04,BRD_RAINBOW_TROUT,LAND_SPAWNING_SITE_DEPENDENCE,FRESHWATER | COASTAL | OCEAN,RIVER | LAKE | ESTUARY,SIMULATION_READY,EVD_JRN_R14_B01_SPC_ONCORHYNCHUS_MYKISS_PERSONALITY_ID_001 | EVD_JRN_R14_B01_SPC_ONCORHYNCHUS_MYKISS_TERRAIN_BROAD_001 | EVD_JRN_R14_B01_SPC_ONCORHYNCHUS_MYKISS_TERRAIN_SPECIFIC_001,1,BRD_RAINBOW_TROUT
SPC_ONYMACRIS_UNGUICULARIS,BEAST_SPECIES,BEAST,R25,B02,BRD_NAMIB_DESERT_DARKLING_BEETLE,PERSEVERANCE_DROUGHT_OR_COLD_ENDURANCE_EXPRESSION,DESERT | COASTAL,HOT_DESERT | DUNES,SIMULATION_READY,EVD_JRN_R25_B02_SPC_ONYMACRIS_UNGUICULARIS_PERSONALITY_ID_001 | EVD_JRN_R25_B02_SPC_ONYMACRIS_UNGUICULARIS_TERRAIN_BROAD_001 | EVD_JRN_R25_B02_SPC_ONYMACRIS_UNGUICULARIS_TERRAIN_SPECIFIC_001,1,BRD_NAMIB_DESERT_DARKLING_BEETLE
SPC_OOPHAGA_PUMILIO,BEAST_SPECIES,BEAST,R13,B01,BRD_STRAWBERRY_POISON_FROG,CARE_PROVISIONING_EXPRESSION,FOREST | FRESHWATER,RAIN_FOREST | CANOPY | POND,SIMULATION_READY,EVD_JRN_R13_B01_SPC_OOPHAGA_PUMILIO_PERSONALITY_ID_001 | EVD_JRN_R13_B01_SPC_OOPHAGA_PUMILIO_TERRAIN_BROAD_001 | EVD_JRN_R13_B01_SPC_OOPHAGA_PUMILIO_TERRAIN_SPECIFIC_001,1,BRD_STRAWBERRY_POISON_FROG
SPC_OPHISAURUS_VENTRALIS,BEAST_SPECIES,BEAST,R24,B09,BRD_EASTERN_GLASS_LIZARD,DUTY_NEST_DUTY_EXPRESSION,FOREST | WETLAND | COASTAL | SUBTERRANEAN,WOODLAND | MARSH | COASTAL_CLIFF | DUNES | BURROW,SIMULATION_READY,EVD_JRN_R24_B01_SPC_OPHISAURUS_VENTRALIS_PERSONALITY_ID_001 | EVD_JRN_R24_B01_SPC_OPHISAURUS_VENTRALIS_TERRAIN_BROAD_001 | EVD_JRN_R24_B01_SPC_OPHISAURUS_VENTRALIS_TERRAIN_SPECIFIC_001,1,BRD_EASTERN_GLASS_LIZARD
SPC_OPISTHOCOMUS_HOAZIN,BEAST_SPECIES,BEAST,R22,B13,BRD_HOATZIN,COOPERATION_GROUP_DEFENSE_EXPRESSION,WETLAND | FRESHWATER | FOREST,SWAMP | MARSH | RIVER | FLOODPLAIN,SIMULATION_READY,EVD_JRN_R22_B01_SPC_OPISTHOCOMUS_HOAZIN_PERSONALITY_ID_001 | EVD_JRN_R22_B01_SPC_OPISTHOCOMUS_HOAZIN_TERRAIN_BROAD_001 | EVD_JRN_R22_B01_SPC_OPISTHOCOMUS_HOAZIN_TERRAIN_SPECIFIC_001,1,BRD_HOATZIN
SPC_ORCAELLA_BREVIROSTRIS,BEAST_SPECIES,BEAST,R01,B06,BRD_IRRAWADDY_DOLPHIN,COOPERATION_COOPERATIVE_HUNTING_EXPRESSION,COASTAL | FRESHWATER,ESTUARY | DELTA | RIVER | LAKE,SIMULATION_READY,EVD_JRN_R01_B01_SPC_ORCAELLA_BREVIROSTRIS_PERSONALITY_ID_001 | EVD_JRN_R01_B01_SPC_ORCAELLA_BREVIROSTRIS_TERRAIN_BROAD_001 | EVD_JRN_R01_B01_SPC_ORCAELLA_BREVIROSTRIS_TERRAIN_SPECIFIC_001,1,BRD_IRRAWADDY_DOLPHIN
SPC_ORCINUS_ORCA,BEAST_SPECIES,BEAST,R01,B06,BRD_KILLER_WHALE,COOPERATION_COOPERATIVE_HUNTING_EXPRESSION,OCEAN | COASTAL,PELAGIC,SIMULATION_READY,EVD_JRN_R01_B01_SPC_ORCINUS_ORCA_PERSONALITY_ID_001 | EVD_JRN_R01_B01_SPC_ORCINUS_ORCA_TERRAIN_BROAD_001 | EVD_JRN_R01_B01_SPC_ORCINUS_ORCA_TERRAIN_SPECIFIC_001,1,BRD_KILLER_WHALE
SPC_ORIOLUS_ORIOLUS,BEAST_SPECIES,BEAST,R08,B21,BRD_EURASIAN_GOLDEN_ORIOLE,EXPRESSION_VOCAL_EXPRESSION,FOREST | FRESHWATER,WOODLAND | CANOPY | FOREST_EDGE | RIVER,SIMULATION_READY,EVD_JRN_R08_B01_SPC_ORIOLUS_ORIOLUS_PERSONALITY_ID_001 | EVD_JRN_R08_B01_SPC_ORIOLUS_ORIOLUS_TERRAIN_BROAD_001 | EVD_JRN_R08_B01_SPC_ORIOLUS_ORIOLUS_TERRAIN_SPECIFIC_001,1,BRD_EURASIAN_GOLDEN_ORIOLE
SPC_ORNITHORHYNCHUS_ANATINUS,BEAST_SPECIES,BEAST,R22,B10,BRD_DUCK_BILLED_PLATYPUS,DISCIPLINE_FORAGING_DISCIPLINE_EXPRESSION,FRESHWATER | WETLAND | SUBTERRANEAN,RIVER | LAKE | POND | BURROW,SIMULATION_READY,EVD_JRN_R22_B01_SPC_ORNITHORHYNCHUS_ANATINUS_PERSONALITY_ID_001 | EVD_JRN_R22_B01_SPC_ORNITHORHYNCHUS_ANATINUS_TERRAIN_BROAD_001 | EVD_JRN_R22_B01_SPC_ORNITHORHYNCHUS_ANATINUS_TERRAIN_SPECIFIC_001,1,BRD_DUCK_BILLED_PLATYPUS
SPC_ORYCTEROPUS_AFER,BEAST_SPECIES,BEAST,R11,B07,BRD_AARDVARK,STEWARDSHIP_HABITAT_ENGINEERING_EXPRESSION,GRASSLAND | FOREST | DESERT | SUBTERRANEAN,SAVANNA | WOODLAND | SCRUBLAND | BURROW | SOIL,SIMULATION_READY,EVD_JRN_R11_B01_SPC_ORYCTEROPUS_AFER_PERSONALITY_ID_001 | EVD_JRN_R11_B01_SPC_ORYCTEROPUS_AFER_TERRAIN_BROAD_001 | EVD_JRN_R11_B01_SPC_ORYCTEROPUS_AFER_TERRAIN_SPECIFIC_001,1,BRD_AARDVARK
SPC_ORYCTOLAGUS_CUNICULUS,BEAST_SPECIES,BEAST,R20,B18,BRD_EUROPEAN_RABBIT,BELONGING_COLONY_EXPRESSION,GRASSLAND | SUBTERRANEAN | BUILT_ENVIRONMENT,MEADOW | FARMLAND | BURROW,SIMULATION_READY,EVD_JRN_R20_B01_SPC_ORYCTOLAGUS_CUNICULUS_PERSONALITY_ID_001 | EVD_JRN_R20_B01_SPC_ORYCTOLAGUS_CUNICULUS_TERRAIN_BROAD_001 | EVD_JRN_R20_B01_SPC_ORYCTOLAGUS_CUNICULUS_TERRAIN_SPECIFIC_001,1,BRD_EUROPEAN_RABBIT
SPC_ORYX_DAMMAH,BEAST_SPECIES,BEAST,R02,B08,BRD_SCIMITAR_HORNED_ORYX,BELONGING_HERDING_EXPRESSION,DESERT | GRASSLAND,HOT_DESERT | STEPPE | SCRUBLAND,SIMULATION_READY,EVD_JRN_R02_B01_SPC_ORYX_DAMMAH_PERSONALITY_ID_001 | EVD_JRN_R02_B01_SPC_ORYX_DAMMAH_TERRAIN_BROAD_001 | EVD_JRN_R02_B01_SPC_ORYX_DAMMAH_TERRAIN_SPECIFIC_001,1,BRD_SCIMITAR_HORNED_ORYX
SPC_OSPHRANTER_ROBUSTUS,BEAST_SPECIES,BEAST,R22,B10,BRD_COMMON_WALLAROO,LAND_DOMAIN_BOUND_CONFLICT,MOUNTAIN | GRASSLAND | DESERT,CLIFF | CANYON | SCRUBLAND | SAVANNA,SIMULATION_READY,EVD_JRN_R22_B01_SPC_OSPHRANTER_ROBUSTUS_PERSONALITY_ID_001 | EVD_JRN_R22_B01_SPC_OSPHRANTER_ROBUSTUS_TERRAIN_BROAD_001 | EVD_JRN_R22_B01_SPC_OSPHRANTER_ROBUSTUS_TERRAIN_SPECIFIC_001,1,BRD_COMMON_WALLAROO
SPC_OSPHRONEMUS_GORAMY,BEAST_SPECIES,BEAST,R14,B04,BRD_GIANT_GOURAMI,DUTY_NEST_DUTY_EXPRESSION,FRESHWATER | WETLAND,LAKE | RIVER | MARSH,SIMULATION_READY,EVD_JRN_R14_B01_SPC_OSPHRONEMUS_GORAMY_PERSONALITY_ID_001 | EVD_JRN_R14_B01_SPC_OSPHRONEMUS_GORAMY_TERRAIN_BROAD_001 | EVD_JRN_R14_B01_SPC_OSPHRONEMUS_GORAMY_TERRAIN_SPECIFIC_001,1,BRD_GIANT_GOURAMI
SPC_OSTEOLAEMUS_TETRASPIS,BEAST_SPECIES,BEAST,R04,B22,BRD_DWARF_CROCODILE,RISK_LEAP_OR_DIVE_EXPRESSION,FOREST | FRESHWATER | WETLAND | SUBTERRANEAN,RAIN_FOREST | RIVER | SWAMP | BURROW,SIMULATION_READY,EVD_JRN_R04_B01_SPC_OSTEOLAEMUS_TETRASPIS_PERSONALITY_ID_001 | EVD_JRN_R04_B01_SPC_OSTEOLAEMUS_TETRASPIS_TERRAIN_BROAD_001 | EVD_JRN_R04_B01_SPC_OSTEOLAEMUS_TETRASPIS_TERRAIN_SPECIFIC_001,1,BRD_DWARF_CROCODILE
SPC_OSTRACION_CUBICUS,BEAST_SPECIES,BEAST,R14,B04,BRD_YELLOW_BOXFISH,EMBODIMENT_PROTECTED_BODY_EXPRESSION,OCEAN | COASTAL,CORAL_REEF,SIMULATION_READY,EVD_JRN_R14_B01_SPC_OSTRACION_CUBICUS_PERSONALITY_ID_001 | EVD_JRN_R14_B01_SPC_OSTRACION_CUBICUS_TERRAIN_BROAD_001 | EVD_JRN_R14_B01_SPC_OSTRACION_CUBICUS_TERRAIN_SPECIFIC_001,1,BRD_YELLOW_BOXFISH
SPC_OTIS_TARDA,BEAST_SPECIES,BEAST,R17,B15,BRD_GREAT_BUSTARD,BELONGING_HERDING_EXPRESSION,GRASSLAND | BUILT_ENVIRONMENT,STEPPE | FARMLAND | MEADOW | PRAIRIE,SIMULATION_READY,EVD_JRN_R17_B01_SPC_OTIS_TARDA_PERSONALITY_ID_001 | EVD_JRN_R17_B01_SPC_OTIS_TARDA_TERRAIN_BROAD_001 | EVD_JRN_R17_B01_SPC_OTIS_TARDA_TERRAIN_SPECIFIC_001,1,BRD_GREAT_BUSTARD
SPC_OVIBOS_MOSCHATUS,BEAST_SPECIES,BEAST,R02,B08,BRD_MUSKOX,COOPERATION_GROUP_DEFENSE_EXPRESSION,POLAR_ICE,TUNDRA,SIMULATION_READY,EVD_JRN_R02_B01_SPC_OVIBOS_MOSCHATUS_PERSONALITY_ID_001 | EVD_JRN_R02_B01_SPC_OVIBOS_MOSCHATUS_TERRAIN_BROAD_001 | EVD_JRN_R02_B01_SPC_OVIBOS_MOSCHATUS_TERRAIN_SPECIFIC_001,1,BRD_MUSKOX
SPC_OVIS_AMMON,BEAST_SPECIES,BEAST,R02,B08,BRD_ARGALI,PURPOSE_MIGRATION_PURPOSE_EXPRESSION,MOUNTAIN | GRASSLAND | DESERT | FRESHWATER,ALPINE | STEPPE | CLIFF | CANYON | RIVER,SIMULATION_READY,EVD_JRN_R02_B01_SPC_OVIS_AMMON_PERSONALITY_ID_001 | EVD_JRN_R02_B01_SPC_OVIS_AMMON_TERRAIN_BROAD_001 | EVD_JRN_R02_B01_SPC_OVIS_AMMON_TERRAIN_SPECIFIC_001,1,BRD_ARGALI
SPC_OVIS_CANADENSIS,BEAST_SPECIES,BEAST,R02,B08,BRD_BIGHORN_SHEEP,BELONGING_HERDING_EXPRESSION,MOUNTAIN | GRASSLAND | FRESHWATER,ALPINE | CLIFF | MEADOW | LAKE | RIVER,SIMULATION_READY,EVD_JRN_R02_B01_SPC_OVIS_CANADENSIS_PERSONALITY_ID_001 | EVD_JRN_R02_B01_SPC_OVIS_CANADENSIS_TERRAIN_BROAD_001 | EVD_JRN_R02_B01_SPC_OVIS_CANADENSIS_TERRAIN_SPECIFIC_001,1,BRD_BIGHORN_SHEEP
SPC_OXYMONACANTHUS_LONGIROSTRIS,BEAST_SPECIES,BEAST,R14,B04,BRD_ORANGE_SPOTTED_FILEFISH,LAND_DOMAIN_BOUND_CONFLICT,OCEAN | COASTAL,CORAL_REEF,SIMULATION_READY,EVD_JRN_R14_B01_SPC_OXYMONACANTHUS_LONGIROSTRIS_PERSONALITY_ID_001 | EVD_JRN_R14_B01_SPC_OXYMONACANTHUS_LONGIROSTRIS_TERRAIN_BROAD_001 | EVD_JRN_R14_B01_SPC_OXYMONACANTHUS_LONGIROSTRIS_TERRAIN_SPECIFIC_001,1,BRD_ORANGE_SPOTTED_FILEFISH
SPC_PACHYUROMYS_DUPRASI,BEAST_SPECIES,BEAST,R20,B18,BRD_FAT_TAILED_GERBIL,PERSEVERANCE_DROUGHT_OR_COLD_ENDURANCE_EXPRESSION,DESERT | GRASSLAND | SUBTERRANEAN,HOT_DESERT | SCRUBLAND | BURROW,SIMULATION_READY,EVD_JRN_R20_B01_SPC_PACHYUROMYS_DUPRASI_PERSONALITY_ID_001 | EVD_JRN_R20_B01_SPC_PACHYUROMYS_DUPRASI_TERRAIN_BROAD_001 | EVD_JRN_R20_B01_SPC_PACHYUROMYS_DUPRASI_TERRAIN_SPECIFIC_001,1,BRD_FAT_TAILED_GERBIL
SPC_PAGODROMA_NIVEA,BEAST_SPECIES,BEAST,R01,B23,BRD_SNOW_PETREL,DUTY_NEST_DUTY_EXPRESSION,OCEAN | POLAR_ICE | COASTAL,PACK_ICE | CLIFF,SIMULATION_READY,EVD_JRN_R01_B01_SPC_PAGODROMA_NIVEA_PERSONALITY_ID_001 | EVD_JRN_R01_B01_SPC_PAGODROMA_NIVEA_TERRAIN_BROAD_001 | EVD_JRN_R01_B01_SPC_PAGODROMA_NIVEA_TERRAIN_SPECIFIC_001,1,BRD_SNOW_PETREL
SPC_PAGOPHILA_EBURNEA,BEAST_SPECIES,BEAST,R01,B23,BRD_IVORY_GULL,PURPOSE_MIGRATION_PURPOSE_EXPRESSION,OCEAN | POLAR_ICE | COASTAL,PACK_ICE,SIMULATION_READY,EVD_JRN_R01_B01_SPC_PAGOPHILA_EBURNEA_PERSONALITY_ID_001 | EVD_JRN_R01_B01_SPC_PAGOPHILA_EBURNEA_TERRAIN_BROAD_001 | EVD_JRN_R01_B01_SPC_PAGOPHILA_EBURNEA_TERRAIN_SPECIFIC_001,1,BRD_IVORY_GULL
SPC_PAGOPHILUS_GROENLANDICUS,BEAST_SPECIES,BEAST,R02,B05,BRD_HARP_SEAL,PURPOSE_MIGRATION_PURPOSE_EXPRESSION,OCEAN | COASTAL | POLAR_ICE,PACK_ICE | PELAGIC,SIMULATION_READY,EVD_JRN_R02_B02_SPC_PAGOPHILUS_GROENLANDICUS_PERSONALITY_ID_001 | EVD_JRN_R02_B02_SPC_PAGOPHILUS_GROENLANDICUS_TERRAIN_BROAD_001 | EVD_JRN_R02_B02_SPC_PAGOPHILUS_GROENLANDICUS_TERRAIN_SPECIFIC_001,1,BRD_HARP_SEAL
SPC_PALEOSUCHUS_PALPEBROSUS,BEAST_SPECIES,BEAST,R04,B22,BRD_CUVIER_S_DWARF_CAIMAN,CONTROL_RESOURCE_CONTROL_EXPRESSION,FOREST | FRESHWATER | WETLAND,RAIN_FOREST | RIVER | FLOODPLAIN,SIMULATION_READY,EVD_JRN_R04_B01_SPC_PALEOSUCHUS_PALPEBROSUS_PERSONALITY_ID_001 | EVD_JRN_R04_B01_SPC_PALEOSUCHUS_PALPEBROSUS_TERRAIN_BROAD_001 | EVD_JRN_R04_B01_SPC_PALEOSUCHUS_PALPEBROSUS_TERRAIN_SPECIFIC_001,1,BRD_CUVIER_S_DWARF_CAIMAN
SPC_PAN_PANISCUS,BEAST_SPECIES,BEAST,R15,B16,BRD_BONOBO,RECIPROCITY_FOOD_SHARING_EXPRESSION,FOREST | WETLAND,RAIN_FOREST | FOREST_FLOOR | SWAMP | CANOPY,SIMULATION_READY,EVD_JRN_R15_B01_SPC_PAN_PANISCUS_PERSONALITY_ID_001 | EVD_JRN_R15_B01_SPC_PAN_PANISCUS_TERRAIN_BROAD_001 | EVD_JRN_R15_B01_SPC_PAN_PANISCUS_TERRAIN_SPECIFIC_001,1,BRD_BONOBO
SPC_PAN_TROGLODYTES,BEAST_SPECIES,BEAST,R15,B16,BRD_COMMON_CHIMPANZEE,COLLECTIVE_MEMORY_TECHNIQUE_TRADITION,FOREST | GRASSLAND,RAIN_FOREST | FOREST_FLOOR | CANOPY | SAVANNA | WOODLAND,SIMULATION_READY,EVD_JRN_R15_B01_SPC_PAN_TROGLODYTES_PERSONALITY_ID_001 | EVD_JRN_R15_B01_SPC_PAN_TROGLODYTES_TERRAIN_BROAD_001 | EVD_JRN_R15_B01_SPC_PAN_TROGLODYTES_TERRAIN_SPECIFIC_001,1,BRD_COMMON_CHIMPANZEE
SPC_PANDINUS_IMPERATOR,BEAST_SPECIES,BEAST,R25,B02,BRD_EMPEROR_SCORPION,CARE_CARRYING_EXPRESSION,FOREST | WETLAND | SUBTERRANEAN,RAIN_FOREST | FOREST_FLOOR | SWAMP | RIVER | SOIL | BURROW,SIMULATION_READY,EVD_JRN_R25_B02_SPC_PANDINUS_IMPERATOR_PERSONALITY_ID_001 | EVD_JRN_R25_B02_SPC_PANDINUS_IMPERATOR_TERRAIN_BROAD_001 | EVD_JRN_R25_B02_SPC_PANDINUS_IMPERATOR_TERRAIN_SPECIFIC_001,1,BRD_EMPEROR_SCORPION
SPC_PANDION_HALIAETUS,BEAST_SPECIES,BEAST,R18,B17,BRD_OSPREY,DISCIPLINE_FORAGING_DISCIPLINE_EXPRESSION,FRESHWATER | COASTAL | OCEAN | WETLAND | BUILT_ENVIRONMENT,RIVER | LAKE | POND | ESTUARY | COASTAL_CLIFF | CITY,SIMULATION_READY,EVD_JRN_R18_B01_SPC_PANDION_HALIAETUS_PERSONALITY_ID_001 | EVD_JRN_R18_B01_SPC_PANDION_HALIAETUS_TERRAIN_BROAD_001 | EVD_JRN_R18_B01_SPC_PANDION_HALIAETUS_TERRAIN_SPECIFIC_001,1,BRD_OSPREY
SPC_PANTHERA_LEO,BEAST_SPECIES,BEAST,R02,B05,BRD_LION,COOPERATION_COOPERATIVE_HUNTING_EXPRESSION,GRASSLAND | FOREST,SAVANNA | SCRUBLAND | WOODLAND,SIMULATION_READY,EVD_JRN_R02_B02_SPC_PANTHERA_LEO_PERSONALITY_ID_001 | EVD_JRN_R02_B02_SPC_PANTHERA_LEO_TERRAIN_BROAD_001 | EVD_JRN_R02_B02_SPC_PANTHERA_LEO_TERRAIN_SPECIFIC_001,1,BRD_LION
SPC_PANTHERA_ONCA,BEAST_SPECIES,BEAST,R02,B05,BRD_JAGUAR,BOUNDARIES_TERRITORIAL_MARKING_EXPRESSION,FOREST | FRESHWATER | GRASSLAND | DESERT,RAIN_FOREST | FOREST_FLOOR | CANOPY | RIVER | CAVE | CANYON,SIMULATION_READY,EVD_JRN_R02_B02_SPC_PANTHERA_ONCA_PERSONALITY_ID_001 | EVD_JRN_R02_B02_SPC_PANTHERA_ONCA_TERRAIN_BROAD_001 | EVD_JRN_R02_B02_SPC_PANTHERA_ONCA_TERRAIN_SPECIFIC_001,1,BRD_JAGUAR
SPC_PANTHERA_PARDUS,BEAST_SPECIES,BEAST,R02,B05,BRD_LEOPARD,PATIENCE_STALKING_PATIENCE_EXPRESSION,MOUNTAIN | DESERT | FOREST | GRASSLAND,ALPINE | HOT_DESERT | RAIN_FOREST | CANOPY | CAVE | SAVANNA,SIMULATION_READY,EVD_JRN_R02_B02_SPC_PANTHERA_PARDUS_PERSONALITY_ID_001 | EVD_JRN_R02_B02_SPC_PANTHERA_PARDUS_TERRAIN_BROAD_001 | EVD_JRN_R02_B02_SPC_PANTHERA_PARDUS_TERRAIN_SPECIFIC_001,1,BRD_LEOPARD
SPC_PANTHERA_TIGRIS,BEAST_SPECIES,BEAST,R02,B05,BRD_TIGER,BOUNDARIES_TERRITORIAL_MARKING_EXPRESSION,FOREST | WETLAND | GRASSLAND | FRESHWATER,WOODLAND | RAIN_FOREST | MANGROVE | SWAMP | SAVANNA | RIVER | LAKE,SIMULATION_READY,EVD_JRN_R02_B02_SPC_PANTHERA_TIGRIS_PERSONALITY_ID_001 | EVD_JRN_R02_B02_SPC_PANTHERA_TIGRIS_TERRAIN_BROAD_001 | EVD_JRN_R02_B02_SPC_PANTHERA_TIGRIS_TERRAIN_SPECIFIC_001,1,BRD_TIGER
SPC_PANTHEROPHIS_ALLEGHANIENSIS,BEAST_SPECIES,BEAST,R25,B20,BRD_EASTERN_RAT_SNAKE,FORCE_CONSTRICT_EXPRESSION,FOREST | WETLAND | GRASSLAND | BUILT_ENVIRONMENT,WOODLAND | SWAMP | FARMLAND | MEADOW | FOREST_EDGE | VILLAGE | CITY,SIMULATION_READY,EVD_JRN_R25_B02_SPC_PANTHEROPHIS_ALLEGHANIENSIS_PERSONALITY_ID_001 | EVD_JRN_R25_B02_SPC_PANTHEROPHIS_ALLEGHANIENSIS_TERRAIN_BROAD_001 | EVD_JRN_R25_B02_SPC_PANTHEROPHIS_ALLEGHANIENSIS_TERRAIN_SPECIFIC_001,1,BRD_EASTERN_RAT_SNAKE
SPC_PANULIRUS_ARGUS,BEAST_SPECIES,BEAST,R25,B02,BRD_CARIBBEAN_SPINY_LOBSTER,CONFORMITY_MOVEMENT_SYNCHRONY_EXPRESSION,OCEAN | COASTAL,CORAL_REEF | SEAGRASS_BED | MANGROVE | BURROW,SIMULATION_READY,EVD_JRN_R25_B02_SPC_PANULIRUS_ARGUS_PERSONALITY_ID_001 | EVD_JRN_R25_B02_SPC_PANULIRUS_ARGUS_TERRAIN_BROAD_001 | EVD_JRN_R25_B02_SPC_PANULIRUS_ARGUS_TERRAIN_SPECIFIC_001,1,BRD_CARIBBEAN_SPINY_LOBSTER
SPC_PAPILIO_GLAUCUS,BEAST_SPECIES,BEAST,R25,B02,BRD_EASTERN_TIGER_SWALLOWTAIL,TRUTH_MIMICRY_EXPRESSION,FOREST | WETLAND | BUILT_ENVIRONMENT,WOODLAND | FOREST_EDGE | RIVER | CITY | VILLAGE | FLOWERING_HABITAT,SIMULATION_READY,EVD_JRN_R25_B02_SPC_PAPILIO_GLAUCUS_PERSONALITY_ID_001 | EVD_JRN_R25_B02_SPC_PAPILIO_GLAUCUS_TERRAIN_BROAD_001 | EVD_JRN_R25_B02_SPC_PAPILIO_GLAUCUS_TERRAIN_SPECIFIC_001,1,BRD_EASTERN_TIGER_SWALLOWTAIL
SPC_PAPIO_HAMADRYAS,BEAST_SPECIES,BEAST,R15,B16,BRD_HAMADRYAS_BABOON,HIERARCHY_REPRODUCTIVE_CASTE_EXPRESSION,GRASSLAND | DESERT | MOUNTAIN,SAVANNA | SCRUBLAND | CLIFF | PLATEAU,SIMULATION_READY,EVD_JRN_R15_B01_SPC_PAPIO_HAMADRYAS_PERSONALITY_ID_001 | EVD_JRN_R15_B01_SPC_PAPIO_HAMADRYAS_TERRAIN_BROAD_001 | EVD_JRN_R15_B01_SPC_PAPIO_HAMADRYAS_TERRAIN_SPECIFIC_001,1,BRD_HAMADRYAS_BABOON
SPC_PARACANTHURUS_HEPATUS,BEAST_SPECIES,BEAST,R14,B04,BRD_BLUE_TANG,EMBODIMENT_WEAPON_BODY_CONFLICT,OCEAN | COASTAL,CORAL_REEF,SIMULATION_READY,EVD_JRN_R14_B01_SPC_PARACANTHURUS_HEPATUS_PERSONALITY_ID_001 | EVD_JRN_R14_B01_SPC_PARACANTHURUS_HEPATUS_TERRAIN_BROAD_001 | EVD_JRN_R14_B01_SPC_PARACANTHURUS_HEPATUS_TERRAIN_SPECIFIC_001,1,BRD_BLUE_TANG
SPC_PARADISAEA_APODA,BEAST_SPECIES,BEAST,R08,B21,BRD_GREATER_BIRD_OF_PARADISE,DESIRE_COURTSHIP_DISPLAY_EXPRESSION,FOREST | MOUNTAIN,RAIN_FOREST | CANOPY,SIMULATION_READY,EVD_JRN_R08_B01_SPC_PARADISAEA_APODA_PERSONALITY_ID_001 | EVD_JRN_R08_B01_SPC_PARADISAEA_APODA_TERRAIN_BROAD_001 | EVD_JRN_R08_B01_SPC_PARADISAEA_APODA_TERRAIN_SPECIFIC_001,1,BRD_GREATER_BIRD_OF_PARADISE
SPC_PARALITHODES_CAMTSCHATICUS,BEAST_SPECIES,BEAST,R25,B02,BRD_RED_KING_CRAB,COOPERATION_GROUP_DEFENSE_EXPRESSION,OCEAN | COASTAL,PELAGIC | CORAL_REEF | KELP_FOREST,SIMULATION_READY,EVD_JRN_R25_B02_SPC_PARALITHODES_CAMTSCHATICUS_PERSONALITY_ID_001 | EVD_JRN_R25_B02_SPC_PARALITHODES_CAMTSCHATICUS_TERRAIN_BROAD_001 | EVD_JRN_R25_B02_SPC_PARALITHODES_CAMTSCHATICUS_TERRAIN_SPECIFIC_001,1,BRD_RED_KING_CRAB
SPC_PARAPONERA_CLAVATA,BEAST_SPECIES,BEAST,R25,B02,BRD_BULLET_ANT,DISCIPLINE_FORAGING_DISCIPLINE_EXPRESSION,FOREST | SUBTERRANEAN,RAIN_FOREST | CANOPY | FOREST_FLOOR | SOIL | BURROW,SIMULATION_READY,EVD_JRN_R25_B02_SPC_PARAPONERA_CLAVATA_PERSONALITY_ID_001 | EVD_JRN_R25_B02_SPC_PARAPONERA_CLAVATA_TERRAIN_BROAD_001 | EVD_JRN_R25_B02_SPC_PARAPONERA_CLAVATA_TERRAIN_SPECIFIC_001,1,BRD_BULLET_ANT
SPC_PARVULUS_ALUX,MYTHOS_SPECIES,MYTHOS,R03,M07,BRD_ALUX,STEWARDSHIP_GUARDIAN_OWNER_CONFLICT,GRASSLAND | SUBTERRANEAN | BUILT_ENVIRONMENT,FARMLAND | BURROW | RUINS,SIMULATION_READY,EVD_JRN_R03_B01_SPC_PARVULUS_ALUX_PERSONALITY_ID_001 | EVD_JRN_R03_B01_SPC_PARVULUS_ALUX_TERRAIN_BROAD_001 | EVD_JRN_R03_B01_SPC_PARVULUS_ALUX_TERRAIN_SPECIFIC_001,1,BRD_ALUX
SPC_PARVULUS_AZIZA,MYTHOS_SPECIES,MYTHOS,R03,M07,BRD_AZIZA,COLLECTIVE_MEMORY_TECHNIQUE_TRADITION,FOREST | SUBTERRANEAN,BURROW | FOREST_FLOOR,SIMULATION_READY,EVD_JRN_R03_B01_SPC_PARVULUS_AZIZA_PERSONALITY_ID_001 | EVD_JRN_R03_B01_SPC_PARVULUS_AZIZA_TERRAIN_BROAD_001 | EVD_JRN_R03_B01_SPC_PARVULUS_AZIZA_TERRAIN_SPECIFIC_001,1,BRD_AZIZA
SPC_PARVULUS_BROWNIE,MYTHOS_SPECIES,MYTHOS,R12,M15,BRD_BROWNIE,CARE_CREATED_SERVANT_CONFLICT,BUILT_ENVIRONMENT | GRASSLAND,VILLAGE | FARMLAND,SIMULATION_READY,EVD_JRN_R12_B01_SPC_PARVULUS_BROWNIE_PERSONALITY_ID_001 | EVD_JRN_R12_B01_SPC_PARVULUS_BROWNIE_TERRAIN_BROAD_001 | EVD_JRN_R12_B01_SPC_PARVULUS_BROWNIE_TERRAIN_SPECIFIC_001,1,BRD_BROWNIE
SPC_PARVULUS_DIMIDIATUS,MYTHOS_SPECIES,MYTHOS,R03,M07,BRD_HALFLING,LAND_ROOTEDNESS_VERSUS_FREEDOM_CONFLICT,GRASSLAND | BUILT_ENVIRONMENT | SUBTERRANEAN,FARMLAND | VILLAGE | BURROW,SIMULATION_READY,EVD_JRN_R03_B01_SPC_PARVULUS_DIMIDIATUS_PERSONALITY_ID_001 | EVD_JRN_R03_B01_SPC_PARVULUS_DIMIDIATUS_TERRAIN_BROAD_001 | EVD_JRN_R03_B01_SPC_PARVULUS_DIMIDIATUS_TERRAIN_SPECIFIC_001,1,BRD_HALFLING
SPC_PARVULUS_FABRILIS,MYTHOS_SPECIES,MYTHOS,R03,M07,BRD_DWARF | BRD_DWARVES_DUERGAR | BRD_DWARVES_HILL_DWARF | BRD_DWARVES_MOUNTAIN_DWARF,COLLECTIVE_MEMORY_TECHNIQUE_TRADITION,MOUNTAIN | SUBTERRANEAN,MINE | CAVE,SIMULATION_READY,EVD_JRN_R03_B01_SPC_PARVULUS_FABRILIS_PERSONALITY_ID_001 | EVD_JRN_R03_B01_SPC_PARVULUS_FABRILIS_TERRAIN_BROAD_001 | EVD_JRN_R03_B01_SPC_PARVULUS_FABRILIS_TERRAIN_SPECIFIC_001,4,BRD_DWARF | BRD_DWARVES_DUERGAR | BRD_DWARVES_HILL_DWARF | BRD_DWARVES_MOUNTAIN_DWARF
SPC_PARVULUS_JOGAH,MYTHOS_SPECIES,MYTHOS,R03,M07,BRD_JOGAH,CARE_UNIVERSAL_GUARDIAN_CONFLICT,SUBTERRANEAN | FOREST,CAVE,SIMULATION_READY,EVD_JRN_R03_B01_SPC_PARVULUS_JOGAH_PERSONALITY_ID_001 | EVD_JRN_R03_B01_SPC_PARVULUS_JOGAH_TERRAIN_BROAD_001 | EVD_JRN_R03_B01_SPC_PARVULUS_JOGAH_TERRAIN_SPECIFIC_001,1,BRD_JOGAH
SPC_PARVULUS_KOBOLD,MYTHOS_SPECIES,MYTHOS,R03,M07,BRD_KOBOLD,RECIPROCITY_GIFT_AS_BINDING_CONFLICT,BUILT_ENVIRONMENT | SUBTERRANEAN,CAVE | MINE,SIMULATION_READY,EVD_JRN_R03_B01_SPC_PARVULUS_KOBOLD_PERSONALITY_ID_001 | EVD_JRN_R03_B01_SPC_PARVULUS_KOBOLD_TERRAIN_BROAD_001 | EVD_JRN_R03_B01_SPC_PARVULUS_KOBOLD_TERRAIN_SPECIFIC_001,1,BRD_KOBOLD
SPC_PARVULUS_LEPRECHAUN,MYTHOS_SPECIES,MYTHOS,R03,M07,BRD_LEPRECHAUN,POSSESSION_HOARD_MASTER_CONFLICT,GRASSLAND | BUILT_ENVIRONMENT | SUBTERRANEAN,FOREST_EDGE | RUINS | BURROW,SIMULATION_READY,EVD_JRN_R03_B01_SPC_PARVULUS_LEPRECHAUN_PERSONALITY_ID_001 | EVD_JRN_R03_B01_SPC_PARVULUS_LEPRECHAUN_TERRAIN_BROAD_001 | EVD_JRN_R03_B01_SPC_PARVULUS_LEPRECHAUN_TERRAIN_SPECIFIC_001,1,BRD_LEPRECHAUN
SPC_PARVULUS_MENEHUNE,MYTHOS_SPECIES,MYTHOS,R03,M07,BRD_MENEHUNE,CONTROL_ENVIRONMENT_ENGINEERING_EXPRESSION,BUILT_ENVIRONMENT,POND | TEMPLE,SIMULATION_READY,EVD_JRN_R03_B01_SPC_PARVULUS_MENEHUNE_PERSONALITY_ID_001 | EVD_JRN_R03_B01_SPC_PARVULUS_MENEHUNE_TERRAIN_BROAD_001 | EVD_JRN_R03_B01_SPC_PARVULUS_MENEHUNE_TERRAIN_SPECIFIC_001,1,BRD_MENEHUNE
SPC_PARVULUS_PUKWUDGIE,MYTHOS_SPECIES,MYTHOS,R03,M07,BRD_PUKWUDGIE,EXPOSURE_EXPOSURE_AS_EXISTENCE_CONFLICT,MOUNTAIN | SUBTERRANEAN | FOREST | FRESHWATER,CAVE | LAKE | RIVER | WOODLAND,SIMULATION_READY,EVD_JRN_R03_B01_SPC_PARVULUS_PUKWUDGIE_PERSONALITY_ID_001 | EVD_JRN_R03_B01_SPC_PARVULUS_PUKWUDGIE_TERRAIN_BROAD_001 | EVD_JRN_R03_B01_SPC_PARVULUS_PUKWUDGIE_TERRAIN_SPECIFIC_001,1,BRD_PUKWUDGIE
SPC_PASSER_DOMESTICUS,BEAST_SPECIES,BEAST,R08,B21,BRD_HOUSE_SPARROW,DOMINANCE_POSTURE_DOMINANCE_EXPRESSION,BUILT_ENVIRONMENT,CITY | VILLAGE | FARMLAND,SIMULATION_READY,EVD_JRN_R08_B01_SPC_PASSER_DOMESTICUS_PERSONALITY_ID_001 | EVD_JRN_R08_B01_SPC_PASSER_DOMESTICUS_TERRAIN_BROAD_001 | EVD_JRN_R08_B01_SPC_PASSER_DOMESTICUS_TERRAIN_SPECIFIC_001,1,BRD_HOUSE_SPARROW
SPC_PATAGONA_GIGAS,BEAST_SPECIES,BEAST,R22,B13,BRD_GIANT_HUMMINGBIRD,PURPOSE_MIGRATION_PURPOSE_EXPRESSION,MOUNTAIN | GRASSLAND | DESERT,ALPINE | PLATEAU | SCRUBLAND | FLOWERING_HABITAT,SIMULATION_READY,EVD_JRN_R22_B01_SPC_PATAGONA_GIGAS_PERSONALITY_ID_001 | EVD_JRN_R22_B01_SPC_PATAGONA_GIGAS_TERRAIN_BROAD_001 | EVD_JRN_R22_B01_SPC_PATAGONA_GIGAS_TERRAIN_SPECIFIC_001,1,BRD_GIANT_HUMMINGBIRD
SPC_PAVO_CRISTATUS,BEAST_SPECIES,BEAST,R17,B15,BRD_INDIAN_PEAFOWL,TRUST_ALARM_RELIABILITY_EXPRESSION,FOREST | GRASSLAND | BUILT_ENVIRONMENT,FOREST_EDGE | SCRUBLAND | FARMLAND | VILLAGE,SIMULATION_READY,EVD_JRN_R17_B01_SPC_PAVO_CRISTATUS_PERSONALITY_ID_001 | EVD_JRN_R17_B01_SPC_PAVO_CRISTATUS_TERRAIN_BROAD_001 | EVD_JRN_R17_B01_SPC_PAVO_CRISTATUS_TERRAIN_SPECIFIC_001,1,BRD_INDIAN_PEAFOWL
SPC_PECARI_TAJACU,BEAST_SPECIES,BEAST,R02,B08,BRD_COLLARED_PECCARY,BELONGING_HERDING_EXPRESSION,FOREST | GRASSLAND | DESERT | SUBTERRANEAN,WOODLAND | RAIN_FOREST | SAVANNA | HOT_DESERT | BURROW | CAVE,SIMULATION_READY,EVD_JRN_R02_B02_SPC_PECARI_TAJACU_PERSONALITY_ID_001 | EVD_JRN_R02_B02_SPC_PECARI_TAJACU_TERRAIN_BROAD_001 | EVD_JRN_R02_B02_SPC_PECARI_TAJACU_TERRAIN_SPECIFIC_001,1,BRD_COLLARED_PECCARY
SPC_PELAGICUS_NINGYO,MYTHOS_SPECIES,MYTHOS,R12,M18,BRD_NINGYO,MORTALITY_IMMORTALITY_FATIGUE_CONFLICT,OCEAN | COASTAL | FRESHWATER,PELAGIC,SIMULATION_READY,EVD_JRN_R12_B01_SPC_PELAGICUS_NINGYO_PERSONALITY_ID_001 | EVD_JRN_R12_B01_SPC_PELAGICUS_NINGYO_TERRAIN_BROAD_001 | EVD_JRN_R12_B01_SPC_PELAGICUS_NINGYO_TERRAIN_SPECIFIC_001,1,BRD_NINGYO
SPC_PELAGICUS_PONATURI,MYTHOS_SPECIES,MYTHOS,R12,M18,BRD_PONATURI,EXPOSURE_SEEN_AND_BOUND_CONFLICT,OCEAN | COASTAL,PELAGIC,SIMULATION_READY,EVD_JRN_R12_B01_SPC_PELAGICUS_PONATURI_PERSONALITY_ID_001 | EVD_JRN_R12_B01_SPC_PELAGICUS_PONATURI_TERRAIN_BROAD_001 | EVD_JRN_R12_B01_SPC_PELAGICUS_PONATURI_TERRAIN_SPECIFIC_001,1,BRD_PONATURI
SPC_PELAGICUS_SAPIENS,MYTHOS_SPECIES,MYTHOS,R12,M18,BRD_MERFOLK,EXILE_TWO_HOME_CONFLICT,OCEAN | COASTAL,PELAGIC,SIMULATION_READY,EVD_JRN_R12_B01_SPC_PELAGICUS_SAPIENS_PERSONALITY_ID_001 | EVD_JRN_R12_B01_SPC_PELAGICUS_SAPIENS_TERRAIN_BROAD_001 | EVD_JRN_R12_B01_SPC_PELAGICUS_SAPIENS_TERRAIN_SPECIFIC_001,1,BRD_MERFOLK
SPC_PELAGICUS_SIYOKOY,MYTHOS_SPECIES,MYTHOS,R12,M18,BRD_SIYOKOY,APPETITE_AMBUSH_FEEDING_EXPRESSION,OCEAN | FRESHWATER,PELAGIC | RIVER,SIMULATION_READY,EVD_JRN_R12_B01_SPC_PELAGICUS_SIYOKOY_PERSONALITY_ID_001 | EVD_JRN_R12_B01_SPC_PELAGICUS_SIYOKOY_TERRAIN_BROAD_001 | EVD_JRN_R12_B01_SPC_PELAGICUS_SIYOKOY_TERRAIN_SPECIFIC_001,1,BRD_SIYOKOY
SPC_PELAGICUS_TRITON,MYTHOS_SPECIES,MYTHOS,R12,M18,BRD_TRITON,EXPRESSION_WORLD_CHANGING_VOICE_CONFLICT,OCEAN | COASTAL,PELAGIC,SIMULATION_READY,EVD_JRN_R12_B01_SPC_PELAGICUS_TRITON_PERSONALITY_ID_001 | EVD_JRN_R12_B01_SPC_PELAGICUS_TRITON_TERRAIN_BROAD_001 | EVD_JRN_R12_B01_SPC_PELAGICUS_TRITON_TERRAIN_SPECIFIC_001,1,BRD_TRITON
SPC_PELECANOIDES_URINATRIX,BEAST_SPECIES,BEAST,R01,B23,BRD_COMMON_DIVING_PETREL,DUTY_NEST_DUTY_EXPRESSION,OCEAN | COASTAL,ISLAND | BURROW | PELAGIC,SIMULATION_READY,EVD_JRN_R01_B01_SPC_PELECANOIDES_URINATRIX_PERSONALITY_ID_001 | EVD_JRN_R01_B01_SPC_PELECANOIDES_URINATRIX_TERRAIN_BROAD_001 | EVD_JRN_R01_B01_SPC_PELECANOIDES_URINATRIX_TERRAIN_SPECIFIC_001,1,BRD_COMMON_DIVING_PETREL
SPC_PELECANUS_CONSPICILLATUS,BEAST_SPECIES,BEAST,R01,B23,BRD_AUSTRALIAN_PELICAN,COOPERATION_COOPERATIVE_HUNTING_EXPRESSION,COASTAL | FRESHWATER | WETLAND,LAKE,SIMULATION_READY,EVD_JRN_R01_B01_SPC_PELECANUS_CONSPICILLATUS_PERSONALITY_ID_001 | EVD_JRN_R01_B01_SPC_PELECANUS_CONSPICILLATUS_TERRAIN_BROAD_001 | EVD_JRN_R01_B01_SPC_PELECANUS_CONSPICILLATUS_TERRAIN_SPECIFIC_001,1,BRD_AUSTRALIAN_PELICAN
SPC_PELECANUS_CRISPUS,BEAST_SPECIES,BEAST,R01,B23,BRD_DALMATIAN_PELICAN,PURPOSE_MIGRATION_PURPOSE_EXPRESSION,WETLAND | COASTAL,LAKE | ISLAND,SIMULATION_READY,EVD_JRN_R01_B01_SPC_PELECANUS_CRISPUS_PERSONALITY_ID_001 | EVD_JRN_R01_B01_SPC_PELECANUS_CRISPUS_TERRAIN_BROAD_001 | EVD_JRN_R01_B01_SPC_PELECANUS_CRISPUS_TERRAIN_SPECIFIC_001,1,BRD_DALMATIAN_PELICAN
SPC_PELECANUS_OCCIDENTALIS,BEAST_SPECIES,BEAST,R01,B23,BRD_BROWN_PELICAN,DUTY_NEST_DUTY_EXPRESSION,OCEAN | COASTAL | WETLAND,MUDFLAT | ESTUARY,SIMULATION_READY,EVD_JRN_R01_B01_SPC_PELECANUS_OCCIDENTALIS_PERSONALITY_ID_001 | EVD_JRN_R01_B01_SPC_PELECANUS_OCCIDENTALIS_TERRAIN_BROAD_001 | EVD_JRN_R01_B01_SPC_PELECANUS_OCCIDENTALIS_TERRAIN_SPECIFIC_001,1,BRD_BROWN_PELICAN
SPC_PELECANUS_ONOCROTALUS,BEAST_SPECIES,BEAST,R01,B23,BRD_GREAT_WHITE_PELICAN,COOPERATION_COOPERATIVE_HUNTING_EXPRESSION,FRESHWATER | WETLAND | COASTAL,LAKE | RIVER | MARSH,SIMULATION_READY,EVD_JRN_R01_B01_SPC_PELECANUS_ONOCROTALUS_PERSONALITY_ID_001 | EVD_JRN_R01_B01_SPC_PELECANUS_ONOCROTALUS_TERRAIN_BROAD_001 | EVD_JRN_R01_B01_SPC_PELECANUS_ONOCROTALUS_TERRAIN_SPECIFIC_001,1,BRD_GREAT_WHITE_PELICAN
SPC_PELODISCUS_SINENSIS,BEAST_SPECIES,BEAST,R04,B22,BRD_CHINESE_SOFTSHELL_TURTLE,FEAR_DEFENSIVE_DISPLAY_EXPRESSION,FRESHWATER | BUILT_ENVIRONMENT,POND | RIVER | MUDFLAT,SIMULATION_READY,EVD_JRN_R04_B01_SPC_PELODISCUS_SINENSIS_PERSONALITY_ID_001 | EVD_JRN_R04_B01_SPC_PELODISCUS_SINENSIS_TERRAIN_BROAD_001 | EVD_JRN_R04_B01_SPC_PELODISCUS_SINENSIS_TERRAIN_SPECIFIC_001,1,BRD_CHINESE_SOFTSHELL_TURTLE
SPC_PERAMELES_GUNNII,BEAST_SPECIES,BEAST,R22,B10,BRD_EASTERN_BARRED_BANDICOOT,CONTROL_ENVIRONMENT_ENGINEERING_EXPRESSION,GRASSLAND | FOREST,MEADOW | SAVANNA | FOREST_EDGE | BURROW,SIMULATION_READY,EVD_JRN_R22_B01_SPC_PERAMELES_GUNNII_PERSONALITY_ID_001 | EVD_JRN_R22_B01_SPC_PERAMELES_GUNNII_TERRAIN_BROAD_001 | EVD_JRN_R22_B01_SPC_PERAMELES_GUNNII_TERRAIN_SPECIFIC_001,1,BRD_EASTERN_BARRED_BANDICOOT
SPC_PERDIX_PERDIX,BEAST_SPECIES,BEAST,R17,B15,BRD_GRAY_PARTRIDGE,BELONGING_HERDING_EXPRESSION,GRASSLAND | BUILT_ENVIRONMENT,FARMLAND | MEADOW | STEPPE,SIMULATION_READY,EVD_JRN_R17_B01_SPC_PERDIX_PERDIX_PERSONALITY_ID_001 | EVD_JRN_R17_B01_SPC_PERDIX_PERDIX_TERRAIN_BROAD_001 | EVD_JRN_R17_B01_SPC_PERDIX_PERDIX_TERRAIN_SPECIFIC_001,1,BRD_GRAY_PARTRIDGE
SPC_PERIOPHTHALMODON_SCHLOSSERI,BEAST_SPECIES,BEAST,R14,B04,BRD_GIANT_MUDSKIPPER,EMBODIMENT_FUNCTIONAL_BODY_EXPRESSION,COASTAL | WETLAND | SUBTERRANEAN,MANGROVE | MUDFLAT | BURROW,SIMULATION_READY,EVD_JRN_R14_B01_SPC_PERIOPHTHALMODON_SCHLOSSERI_PERSONALITY_ID_001 | EVD_JRN_R14_B01_SPC_PERIOPHTHALMODON_SCHLOSSERI_TERRAIN_BROAD_001 | EVD_JRN_R14_B01_SPC_PERIOPHTHALMODON_SCHLOSSERI_TERRAIN_SPECIFIC_001,1,BRD_GIANT_MUDSKIPPER
SPC_PERIOPHTHALMUS_BARBARUS,BEAST_SPECIES,BEAST,R14,B04,BRD_ATLANTIC_MUDSKIPPER,BOUNDARIES_TERRITORIAL_MARKING_EXPRESSION,COASTAL | WETLAND | SUBTERRANEAN,MANGROVE | MUDFLAT | BURROW,SIMULATION_READY,EVD_JRN_R14_B01_SPC_PERIOPHTHALMUS_BARBARUS_PERSONALITY_ID_001 | EVD_JRN_R14_B01_SPC_PERIOPHTHALMUS_BARBARUS_TERRAIN_BROAD_001 | EVD_JRN_R14_B01_SPC_PERIOPHTHALMUS_BARBARUS_TERRAIN_SPECIFIC_001,1,BRD_ATLANTIC_MUDSKIPPER
SPC_PERIPLANETA_AMERICANA,BEAST_SPECIES,BEAST,R25,B02,BRD_AMERICAN_COCKROACH,BELONGING_COLONY_EXPRESSION,BUILT_ENVIRONMENT | SUBTERRANEAN,CITY | VILLAGE | WORKSHOP | TUNNEL,SIMULATION_READY,EVD_JRN_R25_B02_SPC_PERIPLANETA_AMERICANA_PERSONALITY_ID_001 | EVD_JRN_R25_B02_SPC_PERIPLANETA_AMERICANA_TERRAIN_BROAD_001 | EVD_JRN_R25_B02_SPC_PERIPLANETA_AMERICANA_TERRAIN_SPECIFIC_001,1,BRD_AMERICAN_COCKROACH
SPC_PERODICTICUS_POTTO,BEAST_SPECIES,BEAST,R15,B16,BRD_POTTO,EMBODIMENT_FUNCTIONAL_BODY_EXPRESSION,FOREST,RAIN_FOREST | CANOPY | FOREST_EDGE,SIMULATION_READY,EVD_JRN_R15_B01_SPC_PERODICTICUS_POTTO_PERSONALITY_ID_001 | EVD_JRN_R15_B01_SPC_PERODICTICUS_POTTO_TERRAIN_BROAD_001 | EVD_JRN_R15_B01_SPC_PERODICTICUS_POTTO_TERRAIN_SPECIFIC_001,1,BRD_POTTO
SPC_PEROGNATHUS_FLAVUS,BEAST_SPECIES,BEAST,R20,B18,BRD_SILKY_POCKET_MOUSE,PERSEVERANCE_DROUGHT_OR_COLD_ENDURANCE_EXPRESSION,DESERT | GRASSLAND | SUBTERRANEAN,HOT_DESERT | PRAIRIE | BURROW,SIMULATION_READY,EVD_JRN_R20_B01_SPC_PEROGNATHUS_FLAVUS_PERSONALITY_ID_001 | EVD_JRN_R20_B01_SPC_PEROGNATHUS_FLAVUS_TERRAIN_BROAD_001 | EVD_JRN_R20_B01_SPC_PEROGNATHUS_FLAVUS_TERRAIN_SPECIFIC_001,1,BRD_SILKY_POCKET_MOUSE
SPC_PETAURISTA_PETAURISTA,BEAST_SPECIES,BEAST,R20,B18,BRD_RED_GIANT_FLYING_SQUIRREL,BOUNDARIES_TERRITORIAL_MARKING_EXPRESSION,FOREST | MOUNTAIN,RAIN_FOREST | MONTANE_FOREST | CANOPY,SIMULATION_READY,EVD_JRN_R20_B01_SPC_PETAURISTA_PETAURISTA_PERSONALITY_ID_001 | EVD_JRN_R20_B01_SPC_PETAURISTA_PETAURISTA_TERRAIN_BROAD_001 | EVD_JRN_R20_B01_SPC_PETAURISTA_PETAURISTA_TERRAIN_SPECIFIC_001,1,BRD_RED_GIANT_FLYING_SQUIRREL
SPC_PETAURUS_GRACILIS,BEAST_SPECIES,BEAST,R22,B10,BRD_MAHOGANY_GLIDER,DISCIPLINE_FORAGING_DISCIPLINE_EXPRESSION,FOREST,WOODLAND | CANOPY | FOREST_EDGE,SIMULATION_READY,EVD_JRN_R22_B01_SPC_PETAURUS_GRACILIS_PERSONALITY_ID_001 | EVD_JRN_R22_B01_SPC_PETAURUS_GRACILIS_TERRAIN_BROAD_001 | EVD_JRN_R22_B01_SPC_PETAURUS_GRACILIS_TERRAIN_SPECIFIC_001,1,BRD_MAHOGANY_GLIDER
SPC_PETAURUS_NORFOLCENSIS,BEAST_SPECIES,BEAST,R22,B10,BRD_SQUIRREL_GLIDER,DISCIPLINE_FORAGING_DISCIPLINE_EXPRESSION,FOREST,WOODLAND | CANOPY | FOREST_EDGE,SIMULATION_READY,EVD_JRN_R22_B01_SPC_PETAURUS_NORFOLCENSIS_PERSONALITY_ID_001 | EVD_JRN_R22_B01_SPC_PETAURUS_NORFOLCENSIS_TERRAIN_BROAD_001 | EVD_JRN_R22_B01_SPC_PETAURUS_NORFOLCENSIS_TERRAIN_SPECIFIC_001,1,BRD_SQUIRREL_GLIDER
SPC_PETROCHELIDON_PYRRHONOTA,BEAST_SPECIES,BEAST,R08,B21,BRD_CLIFF_SWALLOW,BELONGING_COLONY_EXPRESSION,BUILT_ENVIRONMENT | GRASSLAND | FRESHWATER | MOUNTAIN,CLIFF | CITY | PRAIRIE | RIVER,SIMULATION_READY,EVD_JRN_R08_B01_SPC_PETROCHELIDON_PYRRHONOTA_PERSONALITY_ID_001 | EVD_JRN_R08_B01_SPC_PETROCHELIDON_PYRRHONOTA_TERRAIN_BROAD_001 | EVD_JRN_R08_B01_SPC_PETROCHELIDON_PYRRHONOTA_TERRAIN_SPECIFIC_001,1,BRD_CLIFF_SWALLOW
SPC_PETROMYZON_MARINUS,BEAST_SPECIES,BEAST,R12,B19,BRD_SEA_LAMPREY,LAND_SPAWNING_SITE_DEPENDENCE,OCEAN | COASTAL | FRESHWATER,PELAGIC | LAKE | RIVER | SOIL,SIMULATION_READY,EVD_JRN_R12_B01_SPC_PETROMYZON_MARINUS_PERSONALITY_ID_001 | EVD_JRN_R12_B01_SPC_PETROMYZON_MARINUS_TERRAIN_BROAD_001 | EVD_JRN_R12_B01_SPC_PETROMYZON_MARINUS_TERRAIN_SPECIFIC_001,1,BRD_SEA_LAMPREY
SPC_PHACOCHOERUS_AFRICANUS,BEAST_SPECIES,BEAST,R02,B08,BRD_COMMON_WARTHOG,BELONGING_HERDING_EXPRESSION,GRASSLAND | FOREST | FRESHWATER,SAVANNA | SCRUBLAND | WOODLAND | RIVER,SIMULATION_READY,EVD_JRN_R02_B02_SPC_PHACOCHOERUS_AFRICANUS_PERSONALITY_ID_001 | EVD_JRN_R02_B02_SPC_PHACOCHOERUS_AFRICANUS_TERRAIN_BROAD_001 | EVD_JRN_R02_B02_SPC_PHACOCHOERUS_AFRICANUS_TERRAIN_SPECIFIC_001,1,BRD_COMMON_WARTHOG
SPC_PHALACROCORAX_CARBO,BEAST_SPECIES,BEAST,R01,B23,BRD_GREAT_CORMORANT,EXPRESSION_VISUAL_EXPRESSION,OCEAN | COASTAL | FRESHWATER,RIVER | LAKE | CLIFF,SIMULATION_READY,EVD_JRN_R01_B01_SPC_PHALACROCORAX_CARBO_PERSONALITY_ID_001 | EVD_JRN_R01_B01_SPC_PHALACROCORAX_CARBO_TERRAIN_BROAD_001 | EVD_JRN_R01_B01_SPC_PHALACROCORAX_CARBO_TERRAIN_SPECIFIC_001,1,BRD_GREAT_CORMORANT
SPC_PHANAEUS_VINDEX,BEAST_SPECIES,BEAST,R25,B02,BRD_RAINBOW_SCARAB,STEWARDSHIP_HABITAT_ENGINEERING_EXPRESSION,GRASSLAND | FOREST | SUBTERRANEAN,FARMLAND | MEADOW | WOODLAND | FOREST_EDGE | SOIL | BURROW,SIMULATION_READY,EVD_JRN_R25_B02_SPC_PHANAEUS_VINDEX_PERSONALITY_ID_001 | EVD_JRN_R25_B02_SPC_PHANAEUS_VINDEX_TERRAIN_BROAD_001 | EVD_JRN_R25_B02_SPC_PHANAEUS_VINDEX_TERRAIN_SPECIFIC_001,1,BRD_RAINBOW_SCARAB
SPC_PHASCOGALE_CRASSICAUDATA,BEAST_SPECIES,BEAST,R22,B10,BRD_FAT_TAILED_DUNNART,CONTROL_ADAPTIVE_SURRENDER_EXPRESSION,DESERT | GRASSLAND,HOT_DESERT | SCRUBLAND | SAVANNA,SIMULATION_READY,EVD_JRN_R22_B01_SPC_PHASCOGALE_CRASSICAUDATA_PERSONALITY_ID_001 | EVD_JRN_R22_B01_SPC_PHASCOGALE_CRASSICAUDATA_TERRAIN_BROAD_001 | EVD_JRN_R22_B01_SPC_PHASCOGALE_CRASSICAUDATA_TERRAIN_SPECIFIC_001,1,BRD_FAT_TAILED_DUNNART
SPC_PHASCOLARCTOS_CINEREUS,BEAST_SPECIES,BEAST,R22,B10,BRD_KOALA,DISCIPLINE_FORAGING_DISCIPLINE_EXPRESSION,FOREST,WOODLAND | CANOPY,SIMULATION_READY,EVD_JRN_R22_B01_SPC_PHASCOLARCTOS_CINEREUS_PERSONALITY_ID_001 | EVD_JRN_R22_B01_SPC_PHASCOLARCTOS_CINEREUS_TERRAIN_BROAD_001 | EVD_JRN_R22_B01_SPC_PHASCOLARCTOS_CINEREUS_TERRAIN_SPECIFIC_001,1,BRD_KOALA
SPC_PHASIANUS_COLCHICUS,BEAST_SPECIES,BEAST,R17,B15,BRD_COMMON_PHEASANT,RECOGNITION_COURTSHIP_DISPLAY_EXPRESSION,GRASSLAND | FOREST | WETLAND | BUILT_ENVIRONMENT,FARMLAND | FOREST_EDGE | MEADOW | MARSH,SIMULATION_READY,EVD_JRN_R17_B01_SPC_PHASIANUS_COLCHICUS_PERSONALITY_ID_001 | EVD_JRN_R17_B01_SPC_PHASIANUS_COLCHICUS_TERRAIN_BROAD_001 | EVD_JRN_R17_B01_SPC_PHASIANUS_COLCHICUS_TERRAIN_SPECIFIC_001,1,BRD_COMMON_PHEASANT
SPC_PHELSUMA_GRANDIS,BEAST_SPECIES,BEAST,R24,B09,BRD_GIANT_DAY_GECKO,BOUNDARIES_TERRITORIAL_MARKING_EXPRESSION,FOREST | BUILT_ENVIRONMENT,RAIN_FOREST | CANOPY | VILLAGE,SIMULATION_READY,EVD_JRN_R24_B01_SPC_PHELSUMA_GRANDIS_PERSONALITY_ID_001 | EVD_JRN_R24_B01_SPC_PHELSUMA_GRANDIS_TERRAIN_BROAD_001 | EVD_JRN_R24_B01_SPC_PHELSUMA_GRANDIS_TERRAIN_SPECIFIC_001,1,BRD_GIANT_DAY_GECKO
SPC_PHIDIPPUS_REGIUS,BEAST_SPECIES,BEAST,R25,B02,BRD_REGAL_JUMPING_SPIDER,CURIOSITY_PROBLEM_SOLVING_EXPRESSION,FOREST | GRASSLAND | BUILT_ENVIRONMENT,WOODLAND | FOREST_EDGE | MEADOW | SCRUBLAND | CITY | VILLAGE,SIMULATION_READY,EVD_JRN_R25_B02_SPC_PHIDIPPUS_REGIUS_PERSONALITY_ID_001 | EVD_JRN_R25_B02_SPC_PHIDIPPUS_REGIUS_TERRAIN_BROAD_001 | EVD_JRN_R25_B02_SPC_PHIDIPPUS_REGIUS_TERRAIN_SPECIFIC_001,1,BRD_REGAL_JUMPING_SPIDER
SPC_PHILETAIRUS_SOCIUS,BEAST_SPECIES,BEAST,R08,B21,BRD_SOCIABLE_WEAVER,CONTROL_ENVIRONMENT_ENGINEERING_EXPRESSION,DESERT | GRASSLAND,HOT_DESERT | SAVANNA,SIMULATION_READY,EVD_JRN_R08_B01_SPC_PHILETAIRUS_SOCIUS_PERSONALITY_ID_001 | EVD_JRN_R08_B01_SPC_PHILETAIRUS_SOCIUS_TERRAIN_BROAD_001 | EVD_JRN_R08_B01_SPC_PHILETAIRUS_SOCIUS_TERRAIN_SPECIFIC_001,1,BRD_SOCIABLE_WEAVER
SPC_PHOCA_VITULINA,BEAST_SPECIES,BEAST,R02,B05,BRD_HARBOR_SEAL,COOPERATION_GROUP_DEFENSE_EXPRESSION,OCEAN | COASTAL | POLAR_ICE | FRESHWATER,PELAGIC | GLACIER | FJORD | LAKE,SIMULATION_READY,EVD_JRN_R02_B02_SPC_PHOCA_VITULINA_PERSONALITY_ID_001 | EVD_JRN_R02_B02_SPC_PHOCA_VITULINA_TERRAIN_BROAD_001 | EVD_JRN_R02_B02_SPC_PHOCA_VITULINA_TERRAIN_SPECIFIC_001,1,BRD_HARBOR_SEAL
SPC_PHOCOENA_PHOCOENA,BEAST_SPECIES,BEAST,R01,B06,BRD_HARBOR_PORPOISE,PURPOSE_MIGRATION_PURPOSE_EXPRESSION,OCEAN | COASTAL | FRESHWATER,PELAGIC | RIVER | ESTUARY,SIMULATION_READY,EVD_JRN_R01_B01_SPC_PHOCOENA_PHOCOENA_PERSONALITY_ID_001 | EVD_JRN_R01_B01_SPC_PHOCOENA_PHOCOENA_TERRAIN_BROAD_001 | EVD_JRN_R01_B01_SPC_PHOCOENA_PHOCOENA_TERRAIN_SPECIFIC_001,1,BRD_HARBOR_PORPOISE
SPC_PHOCOENA_SINUS,BEAST_SPECIES,BEAST,R01,B06,BRD_VAQUITA,EXPRESSION_SILENCE_EXPRESSION,OCEAN | COASTAL,DELTA,SIMULATION_READY,EVD_JRN_R01_B02_SPC_PHOCOENA_SINUS_PERSONALITY_ID_001 | EVD_JRN_R01_B02_SPC_PHOCOENA_SINUS_TERRAIN_BROAD_001 | EVD_JRN_R01_B02_SPC_PHOCOENA_SINUS_TERRAIN_SPECIFIC_001,1,BRD_VAQUITA
SPC_PHOCOENOIDES_DALLI,BEAST_SPECIES,BEAST,R01,B06,BRD_DALL_S_PORPOISE,PURPOSE_MIGRATION_PURPOSE_EXPRESSION,OCEAN | COASTAL,PELAGIC | CANYON,SIMULATION_READY,EVD_JRN_R01_B02_SPC_PHOCOENOIDES_DALLI_PERSONALITY_ID_001 | EVD_JRN_R01_B02_SPC_PHOCOENOIDES_DALLI_TERRAIN_BROAD_001 | EVD_JRN_R01_B02_SPC_PHOCOENOIDES_DALLI_TERRAIN_SPECIFIC_001,1,BRD_DALL_S_PORPOISE
SPC_PHOEBASTRIA_ALBATRUS,BEAST_SPECIES,BEAST,R01,B23,BRD_SHORT_TAILED_ALBATROSS,PURPOSE_MIGRATION_PURPOSE_EXPRESSION,OCEAN | COASTAL,PELAGIC | ISLAND,SIMULATION_READY,EVD_JRN_R01_B02_SPC_PHOEBASTRIA_ALBATRUS_PERSONALITY_ID_001 | EVD_JRN_R01_B02_SPC_PHOEBASTRIA_ALBATRUS_TERRAIN_BROAD_001 | EVD_JRN_R01_B02_SPC_PHOEBASTRIA_ALBATRUS_TERRAIN_SPECIFIC_001,1,BRD_SHORT_TAILED_ALBATROSS
SPC_PHOENICONAIAS_MINOR,BEAST_SPECIES,BEAST,R01,B23,BRD_LESSER_FLAMINGO,DESIRE_COURTSHIP_DISPLAY_EXPRESSION,WETLAND | FRESHWATER | COASTAL,LAKE | MUDFLAT | ESTUARY,SIMULATION_READY,EVD_JRN_R01_B02_SPC_PHOENICONAIAS_MINOR_PERSONALITY_ID_001 | EVD_JRN_R01_B02_SPC_PHOENICONAIAS_MINOR_TERRAIN_BROAD_001 | EVD_JRN_R01_B02_SPC_PHOENICONAIAS_MINOR_TERRAIN_SPECIFIC_001,1,BRD_LESSER_FLAMINGO
SPC_PHOENICOPARRUS_ANDINUS,BEAST_SPECIES,BEAST,R01,B23,BRD_ANDEAN_FLAMINGO,DESIRE_COURTSHIP_DISPLAY_EXPRESSION,MOUNTAIN | WETLAND | FRESHWATER,ALPINE | LAKE | POND,SIMULATION_READY,EVD_JRN_R01_B02_SPC_PHOENICOPARRUS_ANDINUS_PERSONALITY_ID_001 | EVD_JRN_R01_B02_SPC_PHOENICOPARRUS_ANDINUS_TERRAIN_BROAD_001 | EVD_JRN_R01_B02_SPC_PHOENICOPARRUS_ANDINUS_TERRAIN_SPECIFIC_001,1,BRD_ANDEAN_FLAMINGO
SPC_PHOENICOPTERUS_ROSEUS,BEAST_SPECIES,BEAST,R01,B23,BRD_GREATER_FLAMINGO,DESIRE_COURTSHIP_DISPLAY_EXPRESSION,WETLAND | FRESHWATER,LAKE,SIMULATION_READY,EVD_JRN_R01_B02_SPC_PHOENICOPTERUS_ROSEUS_PERSONALITY_ID_001 | EVD_JRN_R01_B02_SPC_PHOENICOPTERUS_ROSEUS_TERRAIN_BROAD_001 | EVD_JRN_R01_B02_SPC_PHOENICOPTERUS_ROSEUS_TERRAIN_SPECIFIC_001,1,BRD_GREATER_FLAMINGO
SPC_PHOTINUS_PYRALIS,BEAST_SPECIES,BEAST,R25,B02,BRD_COMMON_EASTERN_FIREFLY,TRUTH_HONEST_SIGNAL_EXPRESSION,FOREST | GRASSLAND | BUILT_ENVIRONMENT,MEADOW | FOREST_EDGE | WOODLAND | CITY,SIMULATION_READY,EVD_JRN_R25_B02_SPC_PHOTINUS_PYRALIS_PERSONALITY_ID_001 | EVD_JRN_R25_B02_SPC_PHOTINUS_PYRALIS_TERRAIN_BROAD_001 | EVD_JRN_R25_B02_SPC_PHOTINUS_PYRALIS_TERRAIN_SPECIFIC_001,1,BRD_COMMON_EASTERN_FIREFLY
SPC_PHOTURIS_VERSICOLOR,BEAST_SPECIES,BEAST,R25,B02,BRD_FEMME_FATALE_FIREFLY,TRUTH_MIMICRY_EXPRESSION,FOREST | GRASSLAND | BUILT_ENVIRONMENT,WOODLAND | SCRUBLAND | MEADOW | FARMLAND | CITY,SIMULATION_READY,EVD_JRN_R25_B02_SPC_PHOTURIS_VERSICOLOR_PERSONALITY_ID_001 | EVD_JRN_R25_B02_SPC_PHOTURIS_VERSICOLOR_TERRAIN_BROAD_001 | EVD_JRN_R25_B02_SPC_PHOTURIS_VERSICOLOR_TERRAIN_SPECIFIC_001,1,BRD_FEMME_FATALE_FIREFLY
SPC_PHRACTOCEPHALUS_HEMIOLIOPTERUS,BEAST_SPECIES,BEAST,R14,B04,BRD_REDTAIL_CATFISH,LAND_DOMAIN_BOUND_CONFLICT,FRESHWATER,RIVER | FLOODPLAIN,SIMULATION_READY,EVD_JRN_R14_B01_SPC_PHRACTOCEPHALUS_HEMIOLIOPTERUS_PERSONALITY_ID_001 | EVD_JRN_R14_B01_SPC_PHRACTOCEPHALUS_HEMIOLIOPTERUS_TERRAIN_BROAD_001 | EVD_JRN_R14_B01_SPC_PHRACTOCEPHALUS_HEMIOLIOPTERUS_TERRAIN_SPECIFIC_001,1,BRD_REDTAIL_CATFISH
SPC_PHRYNOMANTIS_BIFASCIATUS,BEAST_SPECIES,BEAST,R13,B01,BRD_BANDED_RUBBER_FROG,EMBODIMENT_PROTECTED_BODY_EXPRESSION,GRASSLAND | WETLAND | FRESHWATER,SAVANNA | SCRUBLAND | MEADOW | MARSH | POND,SIMULATION_READY,EVD_JRN_R13_B01_SPC_PHRYNOMANTIS_BIFASCIATUS_PERSONALITY_ID_001 | EVD_JRN_R13_B01_SPC_PHRYNOMANTIS_BIFASCIATUS_TERRAIN_BROAD_001 | EVD_JRN_R13_B01_SPC_PHRYNOMANTIS_BIFASCIATUS_TERRAIN_SPECIFIC_001,1,BRD_BANDED_RUBBER_FROG
SPC_PHYCODURUS_EQUES,BEAST_SPECIES,BEAST,R14,B04,BRD_LEAFY_SEADRAGON,TRUTH_CAMOUFLAGE_EXPRESSION,OCEAN | COASTAL,KELP_FOREST | SEAGRASS_BED,SIMULATION_READY,EVD_JRN_R14_B01_SPC_PHYCODURUS_EQUES_PERSONALITY_ID_001 | EVD_JRN_R14_B01_SPC_PHYCODURUS_EQUES_TERRAIN_BROAD_001 | EVD_JRN_R14_B01_SPC_PHYCODURUS_EQUES_TERRAIN_SPECIFIC_001,1,BRD_LEAFY_SEADRAGON
SPC_PHYLIDONYRIS_NOVAEHOLLANDIAE,BEAST_SPECIES,BEAST,R08,B21,BRD_NEW_HOLLAND_HONEYEATER,EXPRESSION_VISUAL_EXPRESSION,GRASSLAND | COASTAL,SCRUBLAND | FLOWERING_HABITAT,SIMULATION_READY,EVD_JRN_R08_B01_SPC_PHYLIDONYRIS_NOVAEHOLLANDIAE_PERSONALITY_ID_001 | EVD_JRN_R08_B01_SPC_PHYLIDONYRIS_NOVAEHOLLANDIAE_TERRAIN_BROAD_001 | EVD_JRN_R08_B01_SPC_PHYLIDONYRIS_NOVAEHOLLANDIAE_TERRAIN_SPECIFIC_001,1,BRD_NEW_HOLLAND_HONEYEATER
SPC_PHYLLOBATES_TERRIBILIS,BEAST_SPECIES,BEAST,R13,B01,BRD_GOLDEN_POISON_FROG,EMBODIMENT_PROTECTED_BODY_EXPRESSION,FOREST | WETLAND,RAIN_FOREST | FOREST_FLOOR | CANOPY,SIMULATION_READY,EVD_JRN_R13_B01_SPC_PHYLLOBATES_TERRIBILIS_PERSONALITY_ID_001 | EVD_JRN_R13_B01_SPC_PHYLLOBATES_TERRIBILIS_TERRAIN_BROAD_001 | EVD_JRN_R13_B01_SPC_PHYLLOBATES_TERRIBILIS_TERRAIN_SPECIFIC_001,1,BRD_GOLDEN_POISON_FROG
SPC_PHYSETER_MACROCEPHALUS,BEAST_SPECIES,BEAST,R01,B06,BRD_SPERM_WHALE,RISK_LEAP_OR_DIVE_EXPRESSION,OCEAN,PELAGIC,SIMULATION_READY,EVD_JRN_R01_B02_SPC_PHYSETER_MACROCEPHALUS_PERSONALITY_ID_001 | EVD_JRN_R01_B02_SPC_PHYSETER_MACROCEPHALUS_TERRAIN_BROAD_001 | EVD_JRN_R01_B02_SPC_PHYSETER_MACROCEPHALUS_TERRAIN_SPECIFIC_001,1,BRD_SPERM_WHALE
SPC_PHYTOSPIRITUS_AMBULANS,MYTHOS_SPECIES,MYTHOS,R20,M19,BRD_TREANT,PROTECTION_WORLD_SHIELD_CONFLICT,FOREST,WOODLAND,SIMULATION_READY,EVD_JRN_R20_B02_SPC_PHYTOSPIRITUS_AMBULANS_PERSONALITY_ID_001 | EVD_JRN_R20_B02_SPC_PHYTOSPIRITUS_AMBULANS_TERRAIN_BROAD_001 | EVD_JRN_R20_B02_SPC_PHYTOSPIRITUS_AMBULANS_TERRAIN_SPECIFIC_001,1,BRD_TREANT
SPC_PHYTOSPIRITUS_ARBOREUS,MYTHOS_SPECIES,MYTHOS,R20,M19,BRD_DRYADS_DRYAD | BRD_DRYADS_HAMADRYAD,LAND_LAND_AS_BODY_CONFLICT,FOREST | MOUNTAIN,OLD_GROWTH_FOREST | MONTANE_FOREST,SIMULATION_READY,EVD_JRN_R20_B02_SPC_PHYTOSPIRITUS_ARBOREUS_PERSONALITY_ID_001 | EVD_JRN_R20_B02_SPC_PHYTOSPIRITUS_ARBOREUS_TERRAIN_BROAD_001 | EVD_JRN_R20_B02_SPC_PHYTOSPIRITUS_ARBOREUS_TERRAIN_SPECIFIC_001,2,BRD_DRYADS_DRYAD | BRD_DRYADS_HAMADRYAD
SPC_PHYTOSPIRITUS_OREAD,MYTHOS_SPECIES,MYTHOS,R20,M19,BRD_OREAD,LAND_DOMAIN_BOUND_CONFLICT,MOUNTAIN | FOREST | SUBTERRANEAN,MONTANE_FOREST | CAVE,SIMULATION_READY,EVD_JRN_R20_B02_SPC_PHYTOSPIRITUS_OREAD_PERSONALITY_ID_001 | EVD_JRN_R20_B02_SPC_PHYTOSPIRITUS_OREAD_TERRAIN_BROAD_001 | EVD_JRN_R20_B02_SPC_PHYTOSPIRITUS_OREAD_TERRAIN_SPECIFIC_001,1,BRD_OREAD
SPC_PHYTOSPIRITUS_PUTREFACIENS,MYTHOS_SPECIES,MYTHOS,R20,M19,BRD_DECAY_SPIRIT,CHANGE_FORM_SURRENDER_CONFLICT,GRASSLAND,FARMLAND,SIMULATION_READY,EVD_JRN_R20_B02_SPC_PHYTOSPIRITUS_PUTREFACIENS_PERSONALITY_ID_001 | EVD_JRN_R20_B02_SPC_PHYTOSPIRITUS_PUTREFACIENS_TERRAIN_BROAD_001 | EVD_JRN_R20_B02_SPC_PHYTOSPIRITUS_PUTREFACIENS_TERRAIN_SPECIFIC_001,1,BRD_DECAY_SPIRIT
SPC_PICA_PICA,BEAST_SPECIES,BEAST,R08,B21,BRD_EURASIAN_MAGPIE,MEMORY_CACHE_MEMORY_EXPRESSION,FOREST | GRASSLAND | BUILT_ENVIRONMENT,WOODLAND | FARMLAND | CITY,SIMULATION_READY,EVD_JRN_R08_B01_SPC_PICA_PICA_PERSONALITY_ID_001 | EVD_JRN_R08_B01_SPC_PICA_PICA_TERRAIN_BROAD_001 | EVD_JRN_R08_B01_SPC_PICA_PICA_TERRAIN_SPECIFIC_001,1,BRD_EURASIAN_MAGPIE
SPC_PIPISTRELLUS_PIPISTRELLUS,BEAST_SPECIES,BEAST,R20,B03,BRD_COMMON_PIPISTRELLE,BELONGING_COLONY_EXPRESSION,BUILT_ENVIRONMENT | FOREST | WETLAND,CITY | VILLAGE | WOODLAND | MARSH,SIMULATION_READY,EVD_JRN_R20_B01_SPC_PIPISTRELLUS_PIPISTRELLUS_PERSONALITY_ID_001 | EVD_JRN_R20_B01_SPC_PIPISTRELLUS_PIPISTRELLUS_TERRAIN_BROAD_001 | EVD_JRN_R20_B01_SPC_PIPISTRELLUS_PIPISTRELLUS_TERRAIN_SPECIFIC_001,1,BRD_COMMON_PIPISTRELLE
SPC_PLATALEA_AJAJA,BEAST_SPECIES,BEAST,R01,B23,BRD_ROSEATE_SPOONBILL,DESIRE_COURTSHIP_DISPLAY_EXPRESSION,WETLAND | FRESHWATER | COASTAL | FOREST,MANGROVE | SWAMP | MARSH | ISLAND,SIMULATION_READY,EVD_JRN_R01_B02_SPC_PLATALEA_AJAJA_PERSONALITY_ID_001 | EVD_JRN_R01_B02_SPC_PLATALEA_AJAJA_TERRAIN_BROAD_001 | EVD_JRN_R01_B02_SPC_PLATALEA_AJAJA_TERRAIN_SPECIFIC_001,1,BRD_ROSEATE_SPOONBILL
SPC_PLATANISTA_GANGETICA,BEAST_SPECIES,BEAST,R01,B06,BRD_GANGES_RIVER_DOLPHIN,PURPOSE_MIGRATION_PURPOSE_EXPRESSION,FRESHWATER | COASTAL,RIVER | LAKE | FLOODPLAIN | ISLAND,SIMULATION_READY,EVD_JRN_R01_B02_SPC_PLATANISTA_GANGETICA_PERSONALITY_ID_001 | EVD_JRN_R01_B02_SPC_PLATANISTA_GANGETICA_TERRAIN_BROAD_001 | EVD_JRN_R01_B02_SPC_PLATANISTA_GANGETICA_TERRAIN_SPECIFIC_001,1,BRD_GANGES_RIVER_DOLPHIN
SPC_PLECOTUS_AURITUS,BEAST_SPECIES,BEAST,R20,B03,BRD_BROWN_LONG_EARED_BAT,PATIENCE_AMBUSH_PATIENCE_EXPRESSION,FOREST | BUILT_ENVIRONMENT | SUBTERRANEAN,WOODLAND | CAVE | RUINS,SIMULATION_READY,EVD_JRN_R20_B01_SPC_PLECOTUS_AURITUS_PERSONALITY_ID_001 | EVD_JRN_R20_B01_SPC_PLECOTUS_AURITUS_TERRAIN_BROAD_001 | EVD_JRN_R20_B01_SPC_PLECOTUS_AURITUS_TERRAIN_SPECIFIC_001,1,BRD_BROWN_LONG_EARED_BAT
SPC_PLETHODON_CINEREUS,BEAST_SPECIES,BEAST,R13,B01,BRD_EASTERN_RED_BACKED_SALAMANDER,BOUNDARIES_TERRITORIAL_MARKING_EXPRESSION,FOREST | SUBTERRANEAN,FOREST_FLOOR | SOIL,SIMULATION_READY,EVD_JRN_R13_B01_SPC_PLETHODON_CINEREUS_PERSONALITY_ID_001 | EVD_JRN_R13_B01_SPC_PLETHODON_CINEREUS_TERRAIN_BROAD_001 | EVD_JRN_R13_B01_SPC_PLETHODON_CINEREUS_TERRAIN_SPECIFIC_001,1,BRD_EASTERN_RED_BACKED_SALAMANDER
SPC_PLEURODELES_WALTL,BEAST_SPECIES,BEAST,R13,B01,BRD_SPANISH_RIBBED_NEWT,EMBODIMENT_WEAPON_BODY_CONFLICT,FRESHWATER | WETLAND,POND | MARSH,SIMULATION_READY,EVD_JRN_R13_B01_SPC_PLEURODELES_WALTL_PERSONALITY_ID_001 | EVD_JRN_R13_B01_SPC_PLEURODELES_WALTL_TERRAIN_BROAD_001 | EVD_JRN_R13_B01_SPC_PLEURODELES_WALTL_TERRAIN_SPECIFIC_001,1,BRD_SPANISH_RIBBED_NEWT
SPC_PLOCEUS_CUCULLATUS,BEAST_SPECIES,BEAST,R08,B21,BRD_VILLAGE_WEAVER,BELONGING_COLONY_EXPRESSION,FOREST | BUILT_ENVIRONMENT,WOODLAND | VILLAGE | CITY,SIMULATION_READY,EVD_JRN_R08_B01_SPC_PLOCEUS_CUCULLATUS_PERSONALITY_ID_001 | EVD_JRN_R08_B01_SPC_PLOCEUS_CUCULLATUS_TERRAIN_BROAD_001 | EVD_JRN_R08_B01_SPC_PLOCEUS_CUCULLATUS_TERRAIN_SPECIFIC_001,1,BRD_VILLAGE_WEAVER
SPC_PODARGUS_STRIGOIDES,BEAST_SPECIES,BEAST,R22,B13,BRD_TAWNY_FROGMOUTH,TRUTH_CAMOUFLAGE_EXPRESSION,FOREST | BUILT_ENVIRONMENT,WOODLAND | FOREST_EDGE | CITY,SIMULATION_READY,EVD_JRN_R22_B01_SPC_PODARGUS_STRIGOIDES_PERSONALITY_ID_001 | EVD_JRN_R22_B01_SPC_PODARGUS_STRIGOIDES_TERRAIN_BROAD_001 | EVD_JRN_R22_B01_SPC_PODARGUS_STRIGOIDES_TERRAIN_SPECIFIC_001,1,BRD_TAWNY_FROGMOUTH
SPC_PODICEPS_AURITUS,BEAST_SPECIES,BEAST,R01,B23,BRD_HORNED_GREBE,DESIRE_COURTSHIP_DISPLAY_EXPRESSION,WETLAND | FRESHWATER | COASTAL,POND | RIVER | LAKE,SIMULATION_READY,EVD_JRN_R01_B02_SPC_PODICEPS_AURITUS_PERSONALITY_ID_001 | EVD_JRN_R01_B02_SPC_PODICEPS_AURITUS_TERRAIN_BROAD_001 | EVD_JRN_R01_B02_SPC_PODICEPS_AURITUS_TERRAIN_SPECIFIC_001,1,BRD_HORNED_GREBE
SPC_PODICEPS_CRISTATUS,BEAST_SPECIES,BEAST,R01,B23,BRD_GREAT_CRESTED_GREBE,DESIRE_COURTSHIP_DISPLAY_EXPRESSION,FRESHWATER | WETLAND,LAKE | POND | RIVER,SIMULATION_READY,EVD_JRN_R01_B02_SPC_PODICEPS_CRISTATUS_PERSONALITY_ID_001 | EVD_JRN_R01_B02_SPC_PODICEPS_CRISTATUS_TERRAIN_BROAD_001 | EVD_JRN_R01_B02_SPC_PODICEPS_CRISTATUS_TERRAIN_SPECIFIC_001,1,BRD_GREAT_CRESTED_GREBE
SPC_PODILYMBUS_PODICEPS,BEAST_SPECIES,BEAST,R01,B23,BRD_PIED_BILLED_GREBE,DESIRE_COURTSHIP_DISPLAY_EXPRESSION,FRESHWATER | WETLAND | COASTAL,LAKE | POND | RIVER | MARSH,SIMULATION_READY,EVD_JRN_R01_B02_SPC_PODILYMBUS_PODICEPS_PERSONALITY_ID_001 | EVD_JRN_R01_B02_SPC_PODILYMBUS_PODICEPS_TERRAIN_BROAD_001 | EVD_JRN_R01_B02_SPC_PODILYMBUS_PODICEPS_TERRAIN_SPECIFIC_001,1,BRD_PIED_BILLED_GREBE
SPC_PODOCNEMIS_EXPANSA,BEAST_SPECIES,BEAST,R04,B22,BRD_ARRAU_TURTLE,LAND_NESTING_SITE_DEPENDENCE,FRESHWATER | FOREST | WETLAND,RIVER | POND | MUDFLAT | FLOODPLAIN,SIMULATION_READY,EVD_JRN_R04_B01_SPC_PODOCNEMIS_EXPANSA_PERSONALITY_ID_001 | EVD_JRN_R04_B01_SPC_PODOCNEMIS_EXPANSA_TERRAIN_BROAD_001 | EVD_JRN_R04_B01_SPC_PODOCNEMIS_EXPANSA_TERRAIN_SPECIFIC_001,1,BRD_ARRAU_TURTLE
SPC_POLISTES_DOMINULA,BEAST_SPECIES,BEAST,R25,B02,BRD_EUROPEAN_PAPER_WASP,HIERARCHY_REPRODUCTIVE_CASTE_EXPRESSION,GRASSLAND | BUILT_ENVIRONMENT,MEADOW | SCRUBLAND | FARMLAND | CITY | VILLAGE,SIMULATION_READY,EVD_JRN_R25_B02_SPC_POLISTES_DOMINULA_PERSONALITY_ID_001 | EVD_JRN_R25_B02_SPC_POLISTES_DOMINULA_TERRAIN_BROAD_001 | EVD_JRN_R25_B02_SPC_POLISTES_DOMINULA_TERRAIN_SPECIFIC_001,1,BRD_EUROPEAN_PAPER_WASP
SPC_PONGO_PYGMAEUS,BEAST_SPECIES,BEAST,R15,B16,BRD_BORNEAN_ORANGUTAN,COLLECTIVE_MEMORY_TECHNIQUE_TRADITION,FOREST | WETLAND,RAIN_FOREST | CANOPY | SWAMP | FOREST_FLOOR,SIMULATION_READY,EVD_JRN_R15_B01_SPC_PONGO_PYGMAEUS_PERSONALITY_ID_001 | EVD_JRN_R15_B01_SPC_PONGO_PYGMAEUS_TERRAIN_BROAD_001 | EVD_JRN_R15_B01_SPC_PONGO_PYGMAEUS_TERRAIN_SPECIFIC_001,1,BRD_BORNEAN_ORANGUTAN
SPC_PORPHYRIO_MARTINICA,BEAST_SPECIES,BEAST,R01,B23,BRD_PURPLE_GALLINULE,RISK_LEAP_OR_DIVE_EXPRESSION,WETLAND | FRESHWATER,MARSH | LAKE | POND,SIMULATION_READY,EVD_JRN_R01_B02_SPC_PORPHYRIO_MARTINICA_PERSONALITY_ID_001 | EVD_JRN_R01_B02_SPC_PORPHYRIO_MARTINICA_TERRAIN_BROAD_001 | EVD_JRN_R01_B02_SPC_PORPHYRIO_MARTINICA_TERRAIN_SPECIFIC_001,1,BRD_PURPLE_GALLINULE
SPC_PORTIA_FIMBRIATA,BEAST_SPECIES,BEAST,R25,B02,BRD_FRINGED_JUMPING_SPIDER,CURIOSITY_PROBLEM_SOLVING_EXPRESSION,FOREST | GRASSLAND,RAIN_FOREST | WOODLAND | CAVE,SIMULATION_READY,EVD_JRN_R25_B02_SPC_PORTIA_FIMBRIATA_PERSONALITY_ID_001 | EVD_JRN_R25_B02_SPC_PORTIA_FIMBRIATA_TERRAIN_BROAD_001 | EVD_JRN_R25_B02_SPC_PORTIA_FIMBRIATA_TERRAIN_SPECIFIC_001,1,BRD_FRINGED_JUMPING_SPIDER
SPC_POTOS_FLAVUS,BEAST_SPECIES,BEAST,R02,B05,BRD_KINKAJOU,BOUNDARIES_TERRITORIAL_MARKING_EXPRESSION,FOREST | GRASSLAND,RAIN_FOREST | WOODLAND | SAVANNA | CANOPY,SIMULATION_READY,EVD_JRN_R02_B02_SPC_POTOS_FLAVUS_PERSONALITY_ID_001 | EVD_JRN_R02_B02_SPC_POTOS_FLAVUS_TERRAIN_BROAD_001 | EVD_JRN_R02_B02_SPC_POTOS_FLAVUS_TERRAIN_SPECIFIC_001,1,BRD_KINKAJOU
SPC_PREMNAS_BIACULEATUS,BEAST_SPECIES,BEAST,R14,B04,BRD_MAROON_CLOWNFISH,HOSPITALITY_HOST_VERSUS_REALM_CONFLICT,OCEAN | COASTAL,CORAL_REEF,SIMULATION_READY,EVD_JRN_R14_B01_SPC_PREMNAS_BIACULEATUS_PERSONALITY_ID_001 | EVD_JRN_R14_B01_SPC_PREMNAS_BIACULEATUS_TERRAIN_BROAD_001 | EVD_JRN_R14_B01_SPC_PREMNAS_BIACULEATUS_TERRAIN_SPECIFIC_001,1,BRD_MAROON_CLOWNFISH
SPC_PRIODONTES_MAXIMUS,BEAST_SPECIES,BEAST,R23,B24,BRD_GIANT_ARMADILLO,CONTROL_ENVIRONMENT_ENGINEERING_EXPRESSION,FOREST | GRASSLAND | WETLAND | SUBTERRANEAN,RAIN_FOREST | SAVANNA | SCRUBLAND | SWAMP | BURROW,SIMULATION_READY,EVD_JRN_R23_B01_SPC_PRIODONTES_MAXIMUS_PERSONALITY_ID_001 | EVD_JRN_R23_B01_SPC_PRIODONTES_MAXIMUS_TERRAIN_BROAD_001 | EVD_JRN_R23_B01_SPC_PRIODONTES_MAXIMUS_TERRAIN_SPECIFIC_001,1,BRD_GIANT_ARMADILLO
SPC_PRIONAILURUS_VIVERRINUS,BEAST_SPECIES,BEAST,R02,B05,BRD_FISHING_CAT,PATIENCE_AMBUSH_PATIENCE_EXPRESSION,WETLAND | FRESHWATER,SWAMP | MARSH | MANGROVE,SIMULATION_READY,EVD_JRN_R02_B02_SPC_PRIONAILURUS_VIVERRINUS_PERSONALITY_ID_001 | EVD_JRN_R02_B02_SPC_PRIONAILURUS_VIVERRINUS_TERRAIN_BROAD_001 | EVD_JRN_R02_B02_SPC_PRIONAILURUS_VIVERRINUS_TERRAIN_SPECIFIC_001,1,BRD_FISHING_CAT
SPC_PRISTIS_PRISTIS,BEAST_SPECIES,BEAST,R12,B19,BRD_LARGETOOTH_SAWFISH,EMBODIMENT_WEAPON_BODY_CONFLICT,OCEAN | COASTAL | FRESHWATER,ESTUARY | RIVER | LAKE,SIMULATION_READY,EVD_JRN_R12_B01_SPC_PRISTIS_PRISTIS_PERSONALITY_ID_001 | EVD_JRN_R12_B01_SPC_PRISTIS_PRISTIS_TERRAIN_BROAD_001 | EVD_JRN_R12_B01_SPC_PRISTIS_PRISTIS_TERRAIN_SPECIFIC_001,1,BRD_LARGETOOTH_SAWFISH
SPC_PRISTIS_ZIJSRON,BEAST_SPECIES,BEAST,R12,B19,BRD_GREEN_SAWFISH,EMBODIMENT_WEAPON_BODY_CONFLICT,OCEAN | COASTAL,ISLAND | PELAGIC,SIMULATION_READY,EVD_JRN_R12_B01_SPC_PRISTIS_ZIJSRON_PERSONALITY_ID_001 | EVD_JRN_R12_B01_SPC_PRISTIS_ZIJSRON_TERRAIN_BROAD_001 | EVD_JRN_R12_B01_SPC_PRISTIS_ZIJSRON_TERRAIN_SPECIFIC_001,1,BRD_GREEN_SAWFISH
SPC_PROBOSCIGER_ATERRIMUS,BEAST_SPECIES,BEAST,R19,B14,BRD_PALM_COCKATOO,EXPRESSION_TACTILE_EXPRESSION,FOREST | COASTAL,RAIN_FOREST | WOODLAND | FOREST_EDGE | CANOPY,SIMULATION_READY,EVD_JRN_R19_B01_SPC_PROBOSCIGER_ATERRIMUS_PERSONALITY_ID_001 | EVD_JRN_R19_B01_SPC_PROBOSCIGER_ATERRIMUS_TERRAIN_BROAD_001 | EVD_JRN_R19_B01_SPC_PROBOSCIGER_ATERRIMUS_TERRAIN_SPECIFIC_001,1,BRD_PALM_COCKATOO
SPC_PROCAMBARUS_CLARKII,BEAST_SPECIES,BEAST,R25,B02,BRD_RED_SWAMP_CRAYFISH,DOMINANCE_RESOURCE_MONOPOLY_EXPRESSION,FRESHWATER | WETLAND | SUBTERRANEAN,RIVER | POND | MARSH | BURROW,SIMULATION_READY,EVD_JRN_R25_B02_SPC_PROCAMBARUS_CLARKII_PERSONALITY_ID_001 | EVD_JRN_R25_B02_SPC_PROCAMBARUS_CLARKII_TERRAIN_BROAD_001 | EVD_JRN_R25_B02_SPC_PROCAMBARUS_CLARKII_TERRAIN_SPECIFIC_001,1,BRD_RED_SWAMP_CRAYFISH
SPC_PROCAVIA_CAPENSIS,BEAST_SPECIES,BEAST,R11,B07,BRD_ROCK_HYRAX,TRUST_ALARM_RELIABILITY_EXPRESSION,MOUNTAIN | GRASSLAND | DESERT,CLIFF | SAVANNA | SCRUBLAND,SIMULATION_READY,EVD_JRN_R11_B01_SPC_PROCAVIA_CAPENSIS_PERSONALITY_ID_001 | EVD_JRN_R11_B01_SPC_PROCAVIA_CAPENSIS_TERRAIN_BROAD_001 | EVD_JRN_R11_B01_SPC_PROCAVIA_CAPENSIS_TERRAIN_SPECIFIC_001,1,BRD_ROCK_HYRAX
SPC_PROCNIAS_ALBUS,BEAST_SPECIES,BEAST,R08,B21,BRD_WHITE_BELLBIRD,EXPRESSION_WORLD_CHANGING_VOICE_CONFLICT,FOREST | MOUNTAIN,RAIN_FOREST | CANOPY | PLATEAU,SIMULATION_READY,EVD_JRN_R08_B01_SPC_PROCNIAS_ALBUS_PERSONALITY_ID_001 | EVD_JRN_R08_B01_SPC_PROCNIAS_ALBUS_TERRAIN_BROAD_001 | EVD_JRN_R08_B01_SPC_PROCNIAS_ALBUS_TERRAIN_SPECIFIC_001,1,BRD_WHITE_BELLBIRD
SPC_PROCYON_LOTOR,BEAST_SPECIES,BEAST,R02,B05,BRD_COMMON_RACCOON,NOVELTY_STRATEGY_SWITCH_EXPRESSION,FOREST | FRESHWATER | SUBTERRANEAN,WOODLAND | RIVER | LAKE | POND | BURROW,SIMULATION_READY,EVD_JRN_R02_B02_SPC_PROCYON_LOTOR_PERSONALITY_ID_001 | EVD_JRN_R02_B02_SPC_PROCYON_LOTOR_TERRAIN_BROAD_001 | EVD_JRN_R02_B02_SPC_PROCYON_LOTOR_TERRAIN_SPECIFIC_001,1,BRD_COMMON_RACCOON
SPC_PROECHIMYS_SEMISPINOSUS,BEAST_SPECIES,BEAST,R20,B18,BRD_COMMON_SPINY_RAT,STEWARDSHIP_SEED_DISPERSAL_EXPRESSION,FOREST,RAIN_FOREST | FOREST_FLOOR,SIMULATION_READY,EVD_JRN_R20_B01_SPC_PROECHIMYS_SEMISPINOSUS_PERSONALITY_ID_001 | EVD_JRN_R20_B01_SPC_PROECHIMYS_SEMISPINOSUS_TERRAIN_BROAD_001 | EVD_JRN_R20_B01_SPC_PROECHIMYS_SEMISPINOSUS_TERRAIN_SPECIFIC_001,1,BRD_COMMON_SPINY_RAT
SPC_PROGNE_SUBIS,BEAST_SPECIES,BEAST,R08,B21,BRD_PURPLE_MARTIN,BELONGING_COLONY_EXPRESSION,FRESHWATER | BUILT_ENVIRONMENT | GRASSLAND,LAKE | POND | CITY | MEADOW,SIMULATION_READY,EVD_JRN_R08_B01_SPC_PROGNE_SUBIS_PERSONALITY_ID_001 | EVD_JRN_R08_B01_SPC_PROGNE_SUBIS_TERRAIN_BROAD_001 | EVD_JRN_R08_B01_SPC_PROGNE_SUBIS_TERRAIN_SPECIFIC_001,1,BRD_PURPLE_MARTIN
SPC_PROPITHECUS_VERREAUXI,BEAST_SPECIES,BEAST,R15,B16,BRD_VERREAUX_S_SIFAKA,EMBODIMENT_FUNCTIONAL_BODY_EXPRESSION,FOREST | GRASSLAND,RAIN_FOREST | WOODLAND | SCRUBLAND | CANOPY,SIMULATION_READY,EVD_JRN_R15_B01_SPC_PROPITHECUS_VERREAUXI_PERSONALITY_ID_001 | EVD_JRN_R15_B01_SPC_PROPITHECUS_VERREAUXI_TERRAIN_BROAD_001 | EVD_JRN_R15_B01_SPC_PROPITHECUS_VERREAUXI_TERRAIN_SPECIFIC_001,1,BRD_VERREAUX_S_SIFAKA
SPC_PROSTHEMADERA_NOVAESEELANDIAE,BEAST_SPECIES,BEAST,R08,B21,BRD_TUI,BOUNDARIES_TERRITORIAL_MARKING_EXPRESSION,FOREST | BUILT_ENVIRONMENT,WOODLAND | FOREST_EDGE | FLOWERING_HABITAT | CITY,SIMULATION_READY,EVD_JRN_R08_B01_SPC_PROSTHEMADERA_NOVAESEELANDIAE_PERSONALITY_ID_001 | EVD_JRN_R08_B01_SPC_PROSTHEMADERA_NOVAESEELANDIAE_TERRAIN_BROAD_001 | EVD_JRN_R08_B01_SPC_PROSTHEMADERA_NOVAESEELANDIAE_TERRAIN_SPECIFIC_001,1,BRD_TUI
SPC_PROTELES_CRISTATA,BEAST_SPECIES,BEAST,R02,B05,BRD_AARDWOLF,DISCIPLINE_FORAGING_DISCIPLINE_EXPRESSION,GRASSLAND | SUBTERRANEAN,SAVANNA | PRAIRIE | BURROW,SIMULATION_READY,EVD_JRN_R02_B02_SPC_PROTELES_CRISTATA_PERSONALITY_ID_001 | EVD_JRN_R02_B02_SPC_PROTELES_CRISTATA_TERRAIN_BROAD_001 | EVD_JRN_R02_B02_SPC_PROTELES_CRISTATA_TERRAIN_SPECIFIC_001,1,BRD_AARDWOLF
SPC_PROTEUS_ANGUINUS,BEAST_SPECIES,BEAST,R13,B01,BRD_OLM,SCARCITY_METABOLIC_SLOWING_EXPRESSION,SUBTERRANEAN | FRESHWATER,CAVE | KARST | RIVER,SIMULATION_READY,EVD_JRN_R13_B01_SPC_PROTEUS_ANGUINUS_PERSONALITY_ID_001 | EVD_JRN_R13_B01_SPC_PROTEUS_ANGUINUS_TERRAIN_BROAD_001 | EVD_JRN_R13_B01_SPC_PROTEUS_ANGUINUS_TERRAIN_SPECIFIC_001,1,BRD_OLM
SPC_PROTOPTERUS_ANNECTENS,BEAST_SPECIES,BEAST,R14,B04,BRD_WEST_AFRICAN_LUNGFISH,SCARCITY_METABOLIC_SLOWING_EXPRESSION,FRESHWATER | WETLAND | SUBTERRANEAN,RIVER | SWAMP | BURROW | SOIL,SIMULATION_READY,EVD_JRN_R14_B01_SPC_PROTOPTERUS_ANNECTENS_PERSONALITY_ID_001 | EVD_JRN_R14_B01_SPC_PROTOPTERUS_ANNECTENS_TERRAIN_BROAD_001 | EVD_JRN_R14_B01_SPC_PROTOPTERUS_ANNECTENS_TERRAIN_SPECIFIC_001,1,BRD_WEST_AFRICAN_LUNGFISH
SPC_PSEUDOBRANCHUS_STRIATUS,BEAST_SPECIES,BEAST,R13,B01,BRD_DWARF_SIREN,SCARCITY_METABOLIC_SLOWING_EXPRESSION,FRESHWATER | WETLAND | SUBTERRANEAN,POND | SWAMP | BURROW | SOIL,SIMULATION_READY,EVD_JRN_R13_B01_SPC_PSEUDOBRANCHUS_STRIATUS_PERSONALITY_ID_001 | EVD_JRN_R13_B01_SPC_PSEUDOBRANCHUS_STRIATUS_TERRAIN_BROAD_001 | EVD_JRN_R13_B01_SPC_PSEUDOBRANCHUS_STRIATUS_TERRAIN_SPECIFIC_001,1,BRD_DWARF_SIREN
SPC_PSEUDORCA_CRASSIDENS,BEAST_SPECIES,BEAST,R01,B06,BRD_FALSE_KILLER_WHALE,COOPERATION_COOPERATIVE_HUNTING_EXPRESSION,OCEAN,PELAGIC,SIMULATION_READY,EVD_JRN_R01_B02_SPC_PSEUDORCA_CRASSIDENS_PERSONALITY_ID_001 | EVD_JRN_R01_B02_SPC_PSEUDORCA_CRASSIDENS_TERRAIN_BROAD_001 | EVD_JRN_R01_B02_SPC_PSEUDORCA_CRASSIDENS_TERRAIN_SPECIFIC_001,1,BRD_FALSE_KILLER_WHALE
SPC_PSEUDOTRITON_RUBER,BEAST_SPECIES,BEAST,R13,B01,BRD_RED_SALAMANDER,TRUTH_MIMICRY_EXPRESSION,FOREST | FRESHWATER | WETLAND,WOODLAND | RIVER | SWAMP,SIMULATION_READY,EVD_JRN_R13_B01_SPC_PSEUDOTRITON_RUBER_PERSONALITY_ID_001 | EVD_JRN_R13_B01_SPC_PSEUDOTRITON_RUBER_TERRAIN_BROAD_001 | EVD_JRN_R13_B01_SPC_PSEUDOTRITON_RUBER_TERRAIN_SPECIFIC_001,1,BRD_RED_SALAMANDER
SPC_PSILOPOGON_VIRENS,BEAST_SPECIES,BEAST,R22,B13,BRD_GREAT_BARBET,EXPRESSION_VOCAL_EXPRESSION,FOREST | MOUNTAIN,MONTANE_FOREST | CANOPY | FOREST_EDGE,SIMULATION_READY,EVD_JRN_R22_B01_SPC_PSILOPOGON_VIRENS_PERSONALITY_ID_001 | EVD_JRN_R22_B01_SPC_PSILOPOGON_VIRENS_TERRAIN_BROAD_001 | EVD_JRN_R22_B01_SPC_PSILOPOGON_VIRENS_TERRAIN_SPECIFIC_001,1,BRD_GREAT_BARBET
SPC_PSITTACUS_ERITHACUS,BEAST_SPECIES,BEAST,R19,B14,BRD_AFRICAN_GREY_PARROT,CURIOSITY_PROBLEM_SOLVING_EXPRESSION,FOREST | GRASSLAND | FRESHWATER,RAIN_FOREST | CANOPY | FOREST_EDGE | SAVANNA | RIVER,SIMULATION_READY,EVD_JRN_R19_B01_SPC_PSITTACUS_ERITHACUS_PERSONALITY_ID_001 | EVD_JRN_R19_B01_SPC_PSITTACUS_ERITHACUS_TERRAIN_BROAD_001 | EVD_JRN_R19_B01_SPC_PSITTACUS_ERITHACUS_TERRAIN_SPECIFIC_001,1,BRD_AFRICAN_GREY_PARROT
SPC_PTERIDOPHORA_ALBERTI,BEAST_SPECIES,BEAST,R08,B21,BRD_KING_OF_SAXONY_BIRD_OF_PARADISE,DESIRE_COURTSHIP_DISPLAY_EXPRESSION,MOUNTAIN | FOREST,CLOUD_FOREST | MONTANE_FOREST,SIMULATION_READY,EVD_JRN_R08_B01_SPC_PTERIDOPHORA_ALBERTI_PERSONALITY_ID_001 | EVD_JRN_R08_B01_SPC_PTERIDOPHORA_ALBERTI_TERRAIN_BROAD_001 | EVD_JRN_R08_B01_SPC_PTERIDOPHORA_ALBERTI_TERRAIN_SPECIFIC_001,1,BRD_KING_OF_SAXONY_BIRD_OF_PARADISE
SPC_PTEROCLES_ALCHATA,BEAST_SPECIES,BEAST,R17,B15,BRD_PIN_TAILED_SANDGROUSE,CARE_CARRYING_EXPRESSION,DESERT | GRASSLAND | FRESHWATER | BUILT_ENVIRONMENT,STEPPE | HOT_DESERT | MUDFLAT | FARMLAND | POND,SIMULATION_READY,EVD_JRN_R17_B01_SPC_PTEROCLES_ALCHATA_PERSONALITY_ID_001 | EVD_JRN_R17_B01_SPC_PTEROCLES_ALCHATA_TERRAIN_BROAD_001 | EVD_JRN_R17_B01_SPC_PTEROCLES_ALCHATA_TERRAIN_SPECIFIC_001,1,BRD_PIN_TAILED_SANDGROUSE
SPC_PTEROCLES_EXUSTUS,BEAST_SPECIES,BEAST,R17,B15,BRD_CHESTNUT_BELLIED_SANDGROUSE,CARE_CARRYING_EXPRESSION,DESERT | GRASSLAND | FRESHWATER | BUILT_ENVIRONMENT,HOT_DESERT | SAVANNA | SCRUBLAND | FARMLAND | POND,SIMULATION_READY,EVD_JRN_R17_B01_SPC_PTEROCLES_EXUSTUS_PERSONALITY_ID_001 | EVD_JRN_R17_B01_SPC_PTEROCLES_EXUSTUS_TERRAIN_BROAD_001 | EVD_JRN_R17_B01_SPC_PTEROCLES_EXUSTUS_TERRAIN_SPECIFIC_001,1,BRD_CHESTNUT_BELLIED_SANDGROUSE
SPC_PTEROCLES_NAMAQUA,BEAST_SPECIES,BEAST,R17,B15,BRD_NAMAQUA_SANDGROUSE,CARE_CARRYING_EXPRESSION,DESERT | GRASSLAND | FRESHWATER,HOT_DESERT | SAVANNA | SCRUBLAND | POND,SIMULATION_READY,EVD_JRN_R17_B01_SPC_PTEROCLES_NAMAQUA_PERSONALITY_ID_001 | EVD_JRN_R17_B01_SPC_PTEROCLES_NAMAQUA_TERRAIN_BROAD_001 | EVD_JRN_R17_B01_SPC_PTEROCLES_NAMAQUA_TERRAIN_SPECIFIC_001,1,BRD_NAMAQUA_SANDGROUSE
SPC_PTEROIS_VOLITANS,BEAST_SPECIES,BEAST,R14,B04,BRD_RED_LIONFISH,EMBODIMENT_WEAPON_BODY_CONFLICT,OCEAN | COASTAL,CORAL_REEF | MANGROVE,SIMULATION_READY,EVD_JRN_R14_B01_SPC_PTEROIS_VOLITANS_PERSONALITY_ID_001 | EVD_JRN_R14_B01_SPC_PTEROIS_VOLITANS_TERRAIN_BROAD_001 | EVD_JRN_R14_B01_SPC_PTEROIS_VOLITANS_TERRAIN_SPECIFIC_001,1,BRD_RED_LIONFISH
SPC_PTEROPUS_VAMPYRUS,BEAST_SPECIES,BEAST,R20,B03,BRD_LARGE_FLYING_FOX,BELONGING_COLONY_EXPRESSION,FOREST | COASTAL | BUILT_ENVIRONMENT,RAIN_FOREST | MANGROVE | ISLAND | CITY,SIMULATION_READY,EVD_JRN_R20_B01_SPC_PTEROPUS_VAMPYRUS_PERSONALITY_ID_001 | EVD_JRN_R20_B01_SPC_PTEROPUS_VAMPYRUS_TERRAIN_BROAD_001 | EVD_JRN_R20_B01_SPC_PTEROPUS_VAMPYRUS_TERRAIN_SPECIFIC_001,1,BRD_LARGE_FLYING_FOX
SPC_PTILOCERCUS_LOWII,BEAST_SPECIES,BEAST,R23,B24,BRD_PEN_TAILED_TREESHREW,FEAR_DEFENSIVE_DISPLAY_EXPRESSION,FOREST | BUILT_ENVIRONMENT,RAIN_FOREST | CANOPY | FARMLAND | VILLAGE,SIMULATION_READY,EVD_JRN_R23_B01_SPC_PTILOCERCUS_LOWII_PERSONALITY_ID_001 | EVD_JRN_R23_B01_SPC_PTILOCERCUS_LOWII_TERRAIN_BROAD_001 | EVD_JRN_R23_B01_SPC_PTILOCERCUS_LOWII_TERRAIN_SPECIFIC_001,1,BRD_PEN_TAILED_TREESHREW
SPC_PTILONORHYNCHUS_VIOLACEUS,BEAST_SPECIES,BEAST,R08,B21,BRD_SATIN_BOWERBIRD,CONTROL_ENVIRONMENT_ENGINEERING_EXPRESSION,FOREST | MOUNTAIN,RAIN_FOREST | WOODLAND | MONTANE_FOREST,SIMULATION_READY,EVD_JRN_R08_B01_SPC_PTILONORHYNCHUS_VIOLACEUS_PERSONALITY_ID_001 | EVD_JRN_R08_B01_SPC_PTILONORHYNCHUS_VIOLACEUS_TERRAIN_BROAD_001 | EVD_JRN_R08_B01_SPC_PTILONORHYNCHUS_VIOLACEUS_TERRAIN_SPECIFIC_001,1,BRD_SATIN_BOWERBIRD
SPC_PUMA_CONCOLOR,BEAST_SPECIES,BEAST,R02,B05,BRD_PUMA_CONCOLOR_COUGAR,PATIENCE_STALKING_PATIENCE_EXPRESSION,MOUNTAIN | FOREST,WOODLAND | CANYON | CLIFF,SIMULATION_READY,EVD_JRN_R02_B02_SPC_PUMA_CONCOLOR_PERSONALITY_ID_001 | EVD_JRN_R02_B02_SPC_PUMA_CONCOLOR_TERRAIN_BROAD_001 | EVD_JRN_R02_B02_SPC_PUMA_CONCOLOR_TERRAIN_SPECIFIC_001,1,BRD_PUMA_CONCOLOR_COUGAR
SPC_PYGOCENTRUS_NATTERERI,BEAST_SPECIES,BEAST,R14,B04,BRD_RED_BELLIED_PIRANHA,EMBODIMENT_WEAPON_BODY_CONFLICT,FRESHWATER,RIVER | FLOODPLAIN | LAKE,SIMULATION_READY,EVD_JRN_R14_B01_SPC_PYGOCENTRUS_NATTERERI_PERSONALITY_ID_001 | EVD_JRN_R14_B01_SPC_PYGOCENTRUS_NATTERERI_TERRAIN_BROAD_001 | EVD_JRN_R14_B01_SPC_PYGOCENTRUS_NATTERERI_TERRAIN_SPECIFIC_001,1,BRD_RED_BELLIED_PIRANHA
SPC_PYGOSCELIS_PAPUA,BEAST_SPECIES,BEAST,R01,B23,BRD_GENTOO_PENGUIN,DUTY_NEST_DUTY_EXPRESSION,POLAR_ICE | OCEAN | COASTAL,ISLAND,SIMULATION_READY,EVD_JRN_R01_B02_SPC_PYGOSCELIS_PAPUA_PERSONALITY_ID_001 | EVD_JRN_R01_B02_SPC_PYGOSCELIS_PAPUA_TERRAIN_BROAD_001 | EVD_JRN_R01_B02_SPC_PYGOSCELIS_PAPUA_TERRAIN_SPECIFIC_001,1,BRD_GENTOO_PENGUIN
SPC_PYTHON_BIVITTATUS,BEAST_SPECIES,BEAST,R25,B20,BRD_BURMESE_PYTHON,DUTY_NEST_DUTY_EXPRESSION,WETLAND | FRESHWATER | FOREST | GRASSLAND,MARSH | SWAMP | RIVER | WOODLAND | PRAIRIE,SIMULATION_READY,EVD_JRN_R25_B02_SPC_PYTHON_BIVITTATUS_PERSONALITY_ID_001 | EVD_JRN_R25_B02_SPC_PYTHON_BIVITTATUS_TERRAIN_BROAD_001 | EVD_JRN_R25_B02_SPC_PYTHON_BIVITTATUS_TERRAIN_SPECIFIC_001,1,BRD_BURMESE_PYTHON
SPC_QUELEA_QUELEA,BEAST_SPECIES,BEAST,R08,B21,BRD_RED_BILLED_QUELEA,FORCE_SWARM_EXPRESSION,GRASSLAND,SAVANNA,SIMULATION_READY,EVD_JRN_R08_B01_SPC_QUELEA_QUELEA_PERSONALITY_ID_001 | EVD_JRN_R08_B01_SPC_QUELEA_QUELEA_TERRAIN_BROAD_001 | EVD_JRN_R08_B01_SPC_QUELEA_QUELEA_TERRAIN_SPECIFIC_001,1,BRD_RED_BILLED_QUELEA
SPC_RABIDOSA_RABIDA,BEAST_SPECIES,BEAST,R25,B02,BRD_RABID_WOLF_SPIDER,DESIRE_COURTSHIP_DISPLAY_EXPRESSION,GRASSLAND,PRAIRIE | MEADOW,SIMULATION_READY,EVD_JRN_R25_B02_SPC_RABIDOSA_RABIDA_PERSONALITY_ID_001 | EVD_JRN_R25_B02_SPC_RABIDOSA_RABIDA_TERRAIN_BROAD_001 | EVD_JRN_R25_B02_SPC_RABIDOSA_RABIDA_TERRAIN_SPECIFIC_001,1,BRD_RABID_WOLF_SPIDER
SPC_RACHYCENTRON_CANADUM,BEAST_SPECIES,BEAST,R14,B04,BRD_COBIA,HOSPITALITY_HOST_VERSUS_REALM_CONFLICT,OCEAN | COASTAL,PELAGIC | CORAL_REEF | MANGROVE,SIMULATION_READY,EVD_JRN_R14_B01_SPC_RACHYCENTRON_CANADUM_PERSONALITY_ID_001 | EVD_JRN_R14_B01_SPC_RACHYCENTRON_CANADUM_TERRAIN_BROAD_001 | EVD_JRN_R14_B01_SPC_RACHYCENTRON_CANADUM_TERRAIN_SPECIFIC_001,1,BRD_COBIA
SPC_RALLUS_AQUATICUS,BEAST_SPECIES,BEAST,R01,B23,BRD_WATER_RAIL,EXPRESSION_VOCAL_EXPRESSION,WETLAND | FRESHWATER,MARSH,SIMULATION_READY,EVD_JRN_R01_B02_SPC_RALLUS_AQUATICUS_PERSONALITY_ID_001 | EVD_JRN_R01_B02_SPC_RALLUS_AQUATICUS_TERRAIN_BROAD_001 | EVD_JRN_R01_B02_SPC_RALLUS_AQUATICUS_TERRAIN_SPECIFIC_001,1,BRD_WATER_RAIL
SPC_RAMPHASTOS_SULFURATUS,BEAST_SPECIES,BEAST,R22,B13,BRD_KEEL_BILLED_TOUCAN,EXPRESSION_VOCAL_EXPRESSION,FOREST,RAIN_FOREST | CANOPY | FOREST_EDGE,SIMULATION_READY,EVD_JRN_R22_B01_SPC_RAMPHASTOS_SULFURATUS_PERSONALITY_ID_001 | EVD_JRN_R22_B01_SPC_RAMPHASTOS_SULFURATUS_TERRAIN_BROAD_001 | EVD_JRN_R22_B01_SPC_RAMPHASTOS_SULFURATUS_TERRAIN_SPECIFIC_001,1,BRD_KEEL_BILLED_TOUCAN
SPC_RAMPHASTOS_TOCO,BEAST_SPECIES,BEAST,R22,B13,BRD_TOCO_TOUCAN,COOPERATION_GROUP_DEFENSE_EXPRESSION,FOREST | GRASSLAND | WETLAND,WOODLAND | SAVANNA | FOREST_EDGE | MARSH,SIMULATION_READY,EVD_JRN_R22_B01_SPC_RAMPHASTOS_TOCO_PERSONALITY_ID_001 | EVD_JRN_R22_B01_SPC_RAMPHASTOS_TOCO_TERRAIN_BROAD_001 | EVD_JRN_R22_B01_SPC_RAMPHASTOS_TOCO_TERRAIN_SPECIFIC_001,1,BRD_TOCO_TOUCAN
SPC_RANGIFER_TARANDUS,BEAST_SPECIES,BEAST,R02,B08,BRD_REINDEER,PURPOSE_MIGRATION_PURPOSE_EXPRESSION,MOUNTAIN | GRASSLAND | FRESHWATER,TUNDRA | ALPINE | RIVER,SIMULATION_READY,EVD_JRN_R02_B02_SPC_RANGIFER_TARANDUS_PERSONALITY_ID_001 | EVD_JRN_R02_B02_SPC_RANGIFER_TARANDUS_TERRAIN_BROAD_001 | EVD_JRN_R02_B02_SPC_RANGIFER_TARANDUS_TERRAIN_SPECIFIC_001,1,BRD_REINDEER
SPC_RATTUS_NORVEGICUS,BEAST_SPECIES,BEAST,R20,B18,BRD_BROWN_RAT,CURIOSITY_PROBLEM_SOLVING_EXPRESSION,BUILT_ENVIRONMENT | WETLAND | FRESHWATER | SUBTERRANEAN,CITY | TUNNEL | RIVER | RUINS,SIMULATION_READY,EVD_JRN_R20_B01_SPC_RATTUS_NORVEGICUS_PERSONALITY_ID_001 | EVD_JRN_R20_B01_SPC_RATTUS_NORVEGICUS_TERRAIN_BROAD_001 | EVD_JRN_R20_B01_SPC_RATTUS_NORVEGICUS_TERRAIN_SPECIFIC_001,1,BRD_BROWN_RAT
SPC_RATUFA_INDICA,BEAST_SPECIES,BEAST,R20,B18,BRD_INDIAN_GIANT_SQUIRREL,BOUNDARIES_TERRITORIAL_MARKING_EXPRESSION,FOREST,RAIN_FOREST | CANOPY | WOODLAND,SIMULATION_READY,EVD_JRN_R20_B01_SPC_RATUFA_INDICA_PERSONALITY_ID_001 | EVD_JRN_R20_B01_SPC_RATUFA_INDICA_TERRAIN_BROAD_001 | EVD_JRN_R20_B01_SPC_RATUFA_INDICA_TERRAIN_SPECIFIC_001,1,BRD_INDIAN_GIANT_SQUIRREL
SPC_REVIVUS_DRAUGR,MYTHOS_SPECIES,MYTHOS,R05,M17,BRD_DRAUGR,GRIEF_GUARD_REMAINS_EXPRESSION,SUBTERRANEAN,SOIL,SIMULATION_READY,EVD_JRN_R05_B01_SPC_REVIVUS_DRAUGR_PERSONALITY_ID_001 | EVD_JRN_R05_B01_SPC_REVIVUS_DRAUGR_TERRAIN_BROAD_001 | EVD_JRN_R05_B01_SPC_REVIVUS_DRAUGR_TERRAIN_SPECIFIC_001,1,BRD_DRAUGR
SPC_REVIVUS_EQUES,MYTHOS_SPECIES,MYTHOS,R05,M17,BRD_DEATH_KNIGHT,SELF_REGARD_SHAME_BOUND_FORM_CONFLICT,GENERALIST,GENERALIST,SIMULATION_READY,EVD_JRN_R05_B01_SPC_REVIVUS_EQUES_PERSONALITY_ID_001 | EVD_JRN_R05_B01_SPC_REVIVUS_EQUES_TERRAIN_BROAD_001 | EVD_JRN_R05_B01_SPC_REVIVUS_EQUES_TERRAIN_SPECIFIC_001,1,BRD_DEATH_KNIGHT
SPC_REVIVUS_LICH,MYTHOS_SPECIES,MYTHOS,R05,M17,BRD_LICH,CONTROL_BINDING_RITUAL_CONFLICT,BUILT_ENVIRONMENT | SUBTERRANEAN,RUINS,SIMULATION_READY,EVD_JRN_R05_B01_SPC_REVIVUS_LICH_PERSONALITY_ID_001 | EVD_JRN_R05_B01_SPC_REVIVUS_LICH_TERRAIN_BROAD_001 | EVD_JRN_R05_B01_SPC_REVIVUS_LICH_TERRAIN_SPECIFIC_001,1,BRD_LICH
SPC_REVIVUS_MUMMY,MYTHOS_SPECIES,MYTHOS,R05,M17,BRD_MUMMY,MEANING_RITUAL_ACTION_EXPRESSION,BUILT_ENVIRONMENT | SUBTERRANEAN,GENERALIST,SIMULATION_READY,EVD_JRN_R05_B01_SPC_REVIVUS_MUMMY_PERSONALITY_ID_001 | EVD_JRN_R05_B01_SPC_REVIVUS_MUMMY_TERRAIN_BROAD_001 | EVD_JRN_R05_B01_SPC_REVIVUS_MUMMY_TERRAIN_SPECIFIC_001,1,BRD_MUMMY
SPC_REVIVUS_REVENANT,MYTHOS_SPECIES,MYTHOS,R05,M17,BRD_REVENANT,FEAR_TERROR_INCARNATE_CONFLICT,BUILT_ENVIRONMENT | SUBTERRANEAN,SOIL,SIMULATION_READY,EVD_JRN_R05_B01_SPC_REVIVUS_REVENANT_PERSONALITY_ID_001 | EVD_JRN_R05_B01_SPC_REVIVUS_REVENANT_TERRAIN_BROAD_001 | EVD_JRN_R05_B01_SPC_REVIVUS_REVENANT_TERRAIN_SPECIFIC_001,1,BRD_REVENANT
SPC_REVIVUS_WIGHT,MYTHOS_SPECIES,MYTHOS,R05,M17,BRD_WIGHT,GRIEF_GUARD_REMAINS_EXPRESSION,SUBTERRANEAN,SOIL,SIMULATION_READY,EVD_JRN_R05_B01_SPC_REVIVUS_WIGHT_PERSONALITY_ID_001 | EVD_JRN_R05_B01_SPC_REVIVUS_WIGHT_TERRAIN_BROAD_001 | EVD_JRN_R05_B01_SPC_REVIVUS_WIGHT_TERRAIN_SPECIFIC_001,1,BRD_WIGHT
SPC_RHACOPHORUS_NIGROPALMATUS,BEAST_SPECIES,BEAST,R13,B01,BRD_WALLACE_S_FLYING_FROG,EMBODIMENT_FUNCTIONAL_BODY_EXPRESSION,FOREST,RAIN_FOREST | CANOPY,SIMULATION_READY,EVD_JRN_R13_B01_SPC_RHACOPHORUS_NIGROPALMATUS_PERSONALITY_ID_001 | EVD_JRN_R13_B01_SPC_RHACOPHORUS_NIGROPALMATUS_TERRAIN_BROAD_001 | EVD_JRN_R13_B01_SPC_RHACOPHORUS_NIGROPALMATUS_TERRAIN_SPECIFIC_001,1,BRD_WALLACE_S_FLYING_FROG
SPC_RHEA_AMERICANA,BEAST_SPECIES,BEAST,R17,B15,BRD_GREATER_RHEA,PROTECTION_YOUNG_SHIELDING_EXPRESSION,GRASSLAND | WETLAND,PRAIRIE | SAVANNA | MARSH | SCRUBLAND,SIMULATION_READY,EVD_JRN_R17_B01_SPC_RHEA_AMERICANA_PERSONALITY_ID_001 | EVD_JRN_R17_B01_SPC_RHEA_AMERICANA_TERRAIN_BROAD_001 | EVD_JRN_R17_B01_SPC_RHEA_AMERICANA_TERRAIN_SPECIFIC_001,1,BRD_GREATER_RHEA
SPC_RHEA_PENNATA,BEAST_SPECIES,BEAST,R17,B15,BRD_LESSER_RHEA,PROTECTION_YOUNG_SHIELDING_EXPRESSION,GRASSLAND | MOUNTAIN | WETLAND,STEPPE | PLATEAU | ALPINE | MARSH | SCRUBLAND,SIMULATION_READY,EVD_JRN_R17_B01_SPC_RHEA_PENNATA_PERSONALITY_ID_001 | EVD_JRN_R17_B01_SPC_RHEA_PENNATA_TERRAIN_BROAD_001 | EVD_JRN_R17_B01_SPC_RHEA_PENNATA_TERRAIN_SPECIFIC_001,1,BRD_LESSER_RHEA
SPC_RHINCODON_TYPUS,BEAST_SPECIES,BEAST,R12,B19,BRD_WHALE_SHARK,APPETITE_FILTER_FEEDING_EXPRESSION,OCEAN | COASTAL,PELAGIC | CORAL_REEF,SIMULATION_READY,EVD_JRN_R12_B01_SPC_RHINCODON_TYPUS_PERSONALITY_ID_001 | EVD_JRN_R12_B01_SPC_RHINCODON_TYPUS_TERRAIN_BROAD_001 | EVD_JRN_R12_B01_SPC_RHINCODON_TYPUS_TERRAIN_SPECIFIC_001,1,BRD_WHALE_SHARK
SPC_RHINECANTHUS_ACULEATUS,BEAST_SPECIES,BEAST,R14,B04,BRD_PICASSO_TRIGGERFISH,BOUNDARIES_TERRITORIAL_MARKING_EXPRESSION,OCEAN | COASTAL,CORAL_REEF,SIMULATION_READY,EVD_JRN_R14_B01_SPC_RHINECANTHUS_ACULEATUS_PERSONALITY_ID_001 | EVD_JRN_R14_B01_SPC_RHINECANTHUS_ACULEATUS_TERRAIN_BROAD_001 | EVD_JRN_R14_B01_SPC_RHINECANTHUS_ACULEATUS_TERRAIN_SPECIFIC_001,1,BRD_PICASSO_TRIGGERFISH
SPC_RHINELLA_MARINA,BEAST_SPECIES,BEAST,R13,B01,BRD_CANE_TOAD,EMBODIMENT_PROTECTED_BODY_EXPRESSION,FRESHWATER | GRASSLAND | FOREST | GENERALIST,POND | SAVANNA | FOREST_EDGE | GENERALIST,SIMULATION_READY,EVD_JRN_R13_B01_SPC_RHINELLA_MARINA_PERSONALITY_ID_001 | EVD_JRN_R13_B01_SPC_RHINELLA_MARINA_TERRAIN_BROAD_001 | EVD_JRN_R13_B01_SPC_RHINELLA_MARINA_TERRAIN_SPECIFIC_001,1,BRD_CANE_TOAD
SPC_RHINOCEROS_SONDAICUS,BEAST_SPECIES,BEAST,R18,B12,BRD_JAVAN_RHINOCEROS,BOUNDARIES_TERRITORIAL_MARKING_EXPRESSION,FOREST | WETLAND | FRESHWATER | COASTAL,RAIN_FOREST | SWAMP | RIVER | COASTAL_CLIFF,SIMULATION_READY,EVD_JRN_R18_B01_SPC_RHINOCEROS_SONDAICUS_PERSONALITY_ID_001 | EVD_JRN_R18_B01_SPC_RHINOCEROS_SONDAICUS_TERRAIN_BROAD_001 | EVD_JRN_R18_B01_SPC_RHINOCEROS_SONDAICUS_TERRAIN_SPECIFIC_001,1,BRD_JAVAN_RHINOCEROS
SPC_RHINOCEROS_UNICORNIS,BEAST_SPECIES,BEAST,R18,B12,BRD_INDIAN_RHINOCEROS,TRUST_TRUST_BY_PROXIMITY_EXPRESSION,GRASSLAND | WETLAND | FRESHWATER | FOREST,FLOODPLAIN | MARSH | SWAMP | RIVER | FOREST_EDGE,SIMULATION_READY,EVD_JRN_R18_B01_SPC_RHINOCEROS_UNICORNIS_PERSONALITY_ID_001 | EVD_JRN_R18_B01_SPC_RHINOCEROS_UNICORNIS_TERRAIN_BROAD_001 | EVD_JRN_R18_B01_SPC_RHINOCEROS_UNICORNIS_TERRAIN_SPECIFIC_001,1,BRD_INDIAN_RHINOCEROS
SPC_RHINOLOPHUS_FERRUMEQUINUM,BEAST_SPECIES,BEAST,R20,B03,BRD_GREATER_HORSESHOE_BAT,BELONGING_COLONY_EXPRESSION,FOREST | GRASSLAND | BUILT_ENVIRONMENT | SUBTERRANEAN,WOODLAND | MEADOW | CAVE | RUINS,SIMULATION_READY,EVD_JRN_R20_B01_SPC_RHINOLOPHUS_FERRUMEQUINUM_PERSONALITY_ID_001 | EVD_JRN_R20_B01_SPC_RHINOLOPHUS_FERRUMEQUINUM_TERRAIN_BROAD_001 | EVD_JRN_R20_B01_SPC_RHINOLOPHUS_FERRUMEQUINUM_TERRAIN_SPECIFIC_001,1,BRD_GREATER_HORSESHOE_BAT
SPC_RHINOMURAENA_QUAESITA,BEAST_SPECIES,BEAST,R14,B04,BRD_RIBBON_EEL,CHANGE_DEVELOPMENTAL_PLASTICITY_EXPRESSION,OCEAN | COASTAL | SUBTERRANEAN,CORAL_REEF | BURROW,SIMULATION_READY,EVD_JRN_R14_B01_SPC_RHINOMURAENA_QUAESITA_PERSONALITY_ID_001 | EVD_JRN_R14_B01_SPC_RHINOMURAENA_QUAESITA_TERRAIN_BROAD_001 | EVD_JRN_R14_B01_SPC_RHINOMURAENA_QUAESITA_TERRAIN_SPECIFIC_001,1,BRD_RIBBON_EEL
SPC_RHINOPITHECUS_ROXELLANA,BEAST_SPECIES,BEAST,R15,B16,BRD_GOLDEN_SNUB_NOSED_MONKEY,COOPERATION_GROUP_DEFENSE_EXPRESSION,FOREST | MOUNTAIN,MONTANE_FOREST | BOREAL_FOREST | ALPINE,SIMULATION_READY,EVD_JRN_R15_B01_SPC_RHINOPITHECUS_ROXELLANA_PERSONALITY_ID_001 | EVD_JRN_R15_B01_SPC_RHINOPITHECUS_ROXELLANA_TERRAIN_BROAD_001 | EVD_JRN_R15_B01_SPC_RHINOPITHECUS_ROXELLANA_TERRAIN_SPECIFIC_001,1,BRD_GOLDEN_SNUB_NOSED_MONKEY
SPC_RHOMBOMYS_OPIMUS,BEAST_SPECIES,BEAST,R20,B18,BRD_GREAT_GERBIL,BELONGING_COLONY_EXPRESSION,DESERT | GRASSLAND | SUBTERRANEAN,HOT_DESERT | STEPPE | BURROW,SIMULATION_READY,EVD_JRN_R20_B01_SPC_RHOMBOMYS_OPIMUS_PERSONALITY_ID_001 | EVD_JRN_R20_B01_SPC_RHOMBOMYS_OPIMUS_TERRAIN_BROAD_001 | EVD_JRN_R20_B01_SPC_RHOMBOMYS_OPIMUS_TERRAIN_SPECIFIC_001,1,BRD_GREAT_GERBIL
SPC_RHYNCHOCYON_CIRNEI,BEAST_SPECIES,BEAST,R11,B07,BRD_CHECKERED_ELEPHANT_SHREW,AUTONOMY_PAIRING_CHOICE_EXPRESSION,FOREST | MOUNTAIN,RAIN_FOREST | MONTANE_FOREST | FOREST_FLOOR | SCRUBLAND,SIMULATION_READY,EVD_JRN_R11_B01_SPC_RHYNCHOCYON_CIRNEI_PERSONALITY_ID_001 | EVD_JRN_R11_B01_SPC_RHYNCHOCYON_CIRNEI_TERRAIN_BROAD_001 | EVD_JRN_R11_B01_SPC_RHYNCHOCYON_CIRNEI_TERRAIN_SPECIFIC_001,1,BRD_CHECKERED_ELEPHANT_SHREW
SPC_RHYNCHOCYON_PETERSI,BEAST_SPECIES,BEAST,R11,B07,BRD_BLACK_AND_RUFOUS_GIANT_SENGI,AUTONOMY_PAIRING_CHOICE_EXPRESSION,FOREST | MOUNTAIN,RAIN_FOREST | MONTANE_FOREST | FOREST_FLOOR,SIMULATION_READY,EVD_JRN_R11_B01_SPC_RHYNCHOCYON_PETERSI_PERSONALITY_ID_001 | EVD_JRN_R11_B01_SPC_RHYNCHOCYON_PETERSI_TERRAIN_BROAD_001 | EVD_JRN_R11_B01_SPC_RHYNCHOCYON_PETERSI_TERRAIN_SPECIFIC_001,1,BRD_BLACK_AND_RUFOUS_GIANT_SENGI
SPC_ROMALEA_MICROPTERA,BEAST_SPECIES,BEAST,R25,B02,BRD_EASTERN_LUBBER_GRASSHOPPER,FEAR_DEFENSIVE_DISPLAY_EXPRESSION,WETLAND | FOREST | GRASSLAND | BUILT_ENVIRONMENT,MARSH | POND | WOODLAND | FARMLAND | CITY | VILLAGE,SIMULATION_READY,EVD_JRN_R25_B02_SPC_ROMALEA_MICROPTERA_PERSONALITY_ID_001 | EVD_JRN_R25_B02_SPC_ROMALEA_MICROPTERA_TERRAIN_BROAD_001 | EVD_JRN_R25_B02_SPC_ROMALEA_MICROPTERA_TERRAIN_SPECIFIC_001,1,BRD_EASTERN_LUBBER_GRASSHOPPER
SPC_ROUSETTUS_AEGYPTIACUS,BEAST_SPECIES,BEAST,R20,B03,BRD_EGYPTIAN_FRUIT_BAT,BELONGING_COLONY_EXPRESSION,FOREST | BUILT_ENVIRONMENT | SUBTERRANEAN,CAVE | RUINS | FARMLAND | CITY,SIMULATION_READY,EVD_JRN_R20_B01_SPC_ROUSETTUS_AEGYPTIACUS_PERSONALITY_ID_001 | EVD_JRN_R20_B01_SPC_ROUSETTUS_AEGYPTIACUS_TERRAIN_BROAD_001 | EVD_JRN_R20_B01_SPC_ROUSETTUS_AEGYPTIACUS_TERRAIN_SPECIFIC_001,1,BRD_EGYPTIAN_FRUIT_BAT
SPC_RYNCHOPS_NIGER,BEAST_SPECIES,BEAST,R01,B23,BRD_BLACK_SKIMMER,DESIRE_COURTSHIP_DISPLAY_EXPRESSION,COASTAL | WETLAND | FRESHWATER,ISLAND | MARSH | ESTUARY | RIVER | LAKE,SIMULATION_READY,EVD_JRN_R01_B02_SPC_RYNCHOPS_NIGER_PERSONALITY_ID_001 | EVD_JRN_R01_B02_SPC_RYNCHOPS_NIGER_TERRAIN_BROAD_001 | EVD_JRN_R01_B02_SPC_RYNCHOPS_NIGER_TERRAIN_SPECIFIC_001,1,BRD_BLACK_SKIMMER
SPC_SACHATAMIA_ILEX,BEAST_SPECIES,BEAST,R13,B01,BRD_GHOST_GLASS_FROG,TRUTH_CAMOUFLAGE_EXPRESSION,FOREST,RAIN_FOREST | CANOPY,SIMULATION_READY,EVD_JRN_R13_B01_SPC_SACHATAMIA_ILEX_PERSONALITY_ID_001 | EVD_JRN_R13_B01_SPC_SACHATAMIA_ILEX_TERRAIN_BROAD_001 | EVD_JRN_R13_B01_SPC_SACHATAMIA_ILEX_TERRAIN_SPECIFIC_001,1,BRD_GHOST_GLASS_FROG
SPC_SAGITTARIUS_SERPENTARIUS,BEAST_SPECIES,BEAST,R18,B17,BRD_SECRETARYBIRD,DISCIPLINE_FORAGING_DISCIPLINE_EXPRESSION,GRASSLAND | DESERT,SAVANNA | PRAIRIE | STEPPE | SCRUBLAND,SIMULATION_READY,EVD_JRN_R18_B01_SPC_SAGITTARIUS_SERPENTARIUS_PERSONALITY_ID_001 | EVD_JRN_R18_B01_SPC_SAGITTARIUS_SERPENTARIUS_TERRAIN_BROAD_001 | EVD_JRN_R18_B01_SPC_SAGITTARIUS_SERPENTARIUS_TERRAIN_SPECIFIC_001,1,BRD_SECRETARYBIRD
SPC_SAGUINUS_IMPERATOR,BEAST_SPECIES,BEAST,R15,B16,BRD_EMPEROR_TAMARIN,CARE_CARRYING_EXPRESSION,FOREST,RAIN_FOREST | CANOPY | FOREST_EDGE,SIMULATION_READY,EVD_JRN_R15_B01_SPC_SAGUINUS_IMPERATOR_PERSONALITY_ID_001 | EVD_JRN_R15_B01_SPC_SAGUINUS_IMPERATOR_TERRAIN_BROAD_001 | EVD_JRN_R15_B01_SPC_SAGUINUS_IMPERATOR_TERRAIN_SPECIFIC_001,1,BRD_EMPEROR_TAMARIN
SPC_SAIGA_TATARICA,BEAST_SPECIES,BEAST,R02,B08,BRD_SAIGA_ANTELOPE,PURPOSE_MIGRATION_PURPOSE_EXPRESSION,GRASSLAND | DESERT,STEPPE | HOT_DESERT,SIMULATION_READY,EVD_JRN_R02_B02_SPC_SAIGA_TATARICA_PERSONALITY_ID_001 | EVD_JRN_R02_B02_SPC_SAIGA_TATARICA_TERRAIN_BROAD_001 | EVD_JRN_R02_B02_SPC_SAIGA_TATARICA_TERRAIN_SPECIFIC_001,1,BRD_SAIGA_ANTELOPE
SPC_SALAMANDRA_SALAMANDRA,BEAST_SPECIES,BEAST,R13,B01,BRD_FIRE_SALAMANDER,EXPRESSION_VISUAL_EXPRESSION,FOREST | FRESHWATER | MOUNTAIN,WOODLAND | MONTANE_FOREST | RIVER | POND,SIMULATION_READY,EVD_JRN_R13_B01_SPC_SALAMANDRA_SALAMANDRA_PERSONALITY_ID_001 | EVD_JRN_R13_B01_SPC_SALAMANDRA_SALAMANDRA_TERRAIN_BROAD_001 | EVD_JRN_R13_B01_SPC_SALAMANDRA_SALAMANDRA_TERRAIN_SPECIFIC_001,1,BRD_FIRE_SALAMANDER
SPC_SALMO_SALAR,BEAST_SPECIES,BEAST,R14,B04,BRD_ATLANTIC_SALMON,LAND_SPAWNING_SITE_DEPENDENCE,FRESHWATER | OCEAN | COASTAL,RIVER | ESTUARY | PELAGIC,SIMULATION_READY,EVD_JRN_R14_B01_SPC_SALMO_SALAR_PERSONALITY_ID_001 | EVD_JRN_R14_B01_SPC_SALMO_SALAR_TERRAIN_BROAD_001 | EVD_JRN_R14_B01_SPC_SALMO_SALAR_TERRAIN_SPECIFIC_001,1,BRD_ATLANTIC_SALMON
SPC_SALVATOR_MERIANAE,BEAST_SPECIES,BEAST,R24,B09,BRD_ARGENTINE_BLACK_AND_WHITE_TEGU,PERSEVERANCE_DROUGHT_OR_COLD_ENDURANCE_EXPRESSION,FOREST | GRASSLAND | BUILT_ENVIRONMENT | SUBTERRANEAN,FOREST_EDGE | SCRUBLAND | FARMLAND | ROAD | BURROW,SIMULATION_READY,EVD_JRN_R24_B01_SPC_SALVATOR_MERIANAE_PERSONALITY_ID_001 | EVD_JRN_R24_B01_SPC_SALVATOR_MERIANAE_TERRAIN_BROAD_001 | EVD_JRN_R24_B01_SPC_SALVATOR_MERIANAE_TERRAIN_SPECIFIC_001,1,BRD_ARGENTINE_BLACK_AND_WHITE_TEGU
SPC_SALVELINUS_ALPINUS,BEAST_SPECIES,BEAST,R14,B04,BRD_ARCTIC_CHAR,LAND_SPAWNING_SITE_DEPENDENCE,FRESHWATER | OCEAN | COASTAL | POLAR_ICE,RIVER | LAKE | ESTUARY | PACK_ICE,SIMULATION_READY,EVD_JRN_R14_B01_SPC_SALVELINUS_ALPINUS_PERSONALITY_ID_001 | EVD_JRN_R14_B01_SPC_SALVELINUS_ALPINUS_TERRAIN_BROAD_001 | EVD_JRN_R14_B01_SPC_SALVELINUS_ALPINUS_TERRAIN_SPECIFIC_001,1,BRD_ARCTIC_CHAR
SPC_SANGUIVORUS_DHAMPIR,MYTHOS_SPECIES,MYTHOS,R07,M23,BRD_DHAMPIR,BELONGING_TWO_WORLD_CONFLICT,GENERALIST,GENERALIST,SIMULATION_READY,EVD_JRN_R07_B01_SPC_SANGUIVORUS_DHAMPIR_PERSONALITY_ID_001 | EVD_JRN_R07_B01_SPC_SANGUIVORUS_DHAMPIR_TERRAIN_BROAD_001 | EVD_JRN_R07_B01_SPC_SANGUIVORUS_DHAMPIR_TERRAIN_SPECIFIC_001,1,BRD_DHAMPIR
SPC_SANGUIVORUS_GHOUL,MYTHOS_SPECIES,MYTHOS,R07,M23,BRD_GHOUL,APPETITE_FORBIDDEN_FOOD_CONFLICT,DESERT,HOT_DESERT,SIMULATION_READY,EVD_JRN_R07_B01_SPC_SANGUIVORUS_GHOUL_PERSONALITY_ID_001 | EVD_JRN_R07_B01_SPC_SANGUIVORUS_GHOUL_TERRAIN_BROAD_001 | EVD_JRN_R07_B01_SPC_SANGUIVORUS_GHOUL_TERRAIN_SPECIFIC_001,1,BRD_GHOUL
SPC_SANGUIVORUS_JIANGSHI,MYTHOS_SPECIES,MYTHOS,R07,M23,BRD_JIANGSHI,MORTALITY_UNDEAD_CONTINUATION_CONFLICT,BUILT_ENVIRONMENT | MOUNTAIN,TEMPLE | CITY,SIMULATION_READY,EVD_JRN_R07_B01_SPC_SANGUIVORUS_JIANGSHI_PERSONALITY_ID_001 | EVD_JRN_R07_B01_SPC_SANGUIVORUS_JIANGSHI_TERRAIN_BROAD_001 | EVD_JRN_R07_B01_SPC_SANGUIVORUS_JIANGSHI_TERRAIN_SPECIFIC_001,1,BRD_JIANGSHI
SPC_SANGUIVORUS_NOCTURNUS,MYTHOS_SPECIES,MYTHOS,R07,M23,BRD_VAMPIRES_STRIGOI | BRD_VAMPIRES_VAMPIRE,APPETITE_PARASITIC_EXPRESSION,BUILT_ENVIRONMENT,VILLAGE,SIMULATION_READY,EVD_JRN_R07_B01_SPC_SANGUIVORUS_NOCTURNUS_PERSONALITY_ID_001 | EVD_JRN_R07_B01_SPC_SANGUIVORUS_NOCTURNUS_TERRAIN_BROAD_001 | EVD_JRN_R07_B01_SPC_SANGUIVORUS_NOCTURNUS_TERRAIN_SPECIFIC_001,2,BRD_VAMPIRES_STRIGOI | BRD_VAMPIRES_VAMPIRE
SPC_SANGUIVORUS_YARAMAYHAWHO,MYTHOS_SPECIES,MYTHOS,R07,M23,BRD_YARA_MA_YHA_WHO,APPETITE_AMBUSH_FEEDING_EXPRESSION,FOREST,CANOPY,SIMULATION_READY,EVD_JRN_R07_B01_SPC_SANGUIVORUS_YARAMAYHAWHO_PERSONALITY_ID_001 | EVD_JRN_R07_B01_SPC_SANGUIVORUS_YARAMAYHAWHO_TERRAIN_BROAD_001 | EVD_JRN_R07_B01_SPC_SANGUIVORUS_YARAMAYHAWHO_TERRAIN_SPECIFIC_001,1,BRD_YARA_MA_YHA_WHO
SPC_SARCOPHILUS_HARRISII,BEAST_SPECIES,BEAST,R22,B10,BRD_TASMANIAN_DEVIL,ANGER_THREAT_DISPLAY_EXPRESSION,FOREST | GRASSLAND | COASTAL,WOODLAND | SCRUBLAND | SAVANNA | COASTAL_CLIFF,SIMULATION_READY,EVD_JRN_R22_B01_SPC_SARCOPHILUS_HARRISII_PERSONALITY_ID_001 | EVD_JRN_R22_B01_SPC_SARCOPHILUS_HARRISII_TERRAIN_BROAD_001 | EVD_JRN_R22_B01_SPC_SARCOPHILUS_HARRISII_TERRAIN_SPECIFIC_001,1,BRD_TASMANIAN_DEVIL
SPC_SARCORAMPHUS_PAPA,BEAST_SPECIES,BEAST,R18,B17,BRD_KING_VULTURE,DOMINANCE_RESOURCE_MONOPOLY_EXPRESSION,FOREST | GRASSLAND | WETLAND,RAIN_FOREST | FOREST_EDGE | SAVANNA | SWAMP,SIMULATION_READY,EVD_JRN_R18_B01_SPC_SARCORAMPHUS_PAPA_PERSONALITY_ID_001 | EVD_JRN_R18_B01_SPC_SARCORAMPHUS_PAPA_TERRAIN_BROAD_001 | EVD_JRN_R18_B01_SPC_SARCORAMPHUS_PAPA_TERRAIN_SPECIFIC_001,1,BRD_KING_VULTURE
SPC_SCALOPUS_AQUATICUS,BEAST_SPECIES,BEAST,R23,B24,BRD_EASTERN_MOLE,CONTROL_ENVIRONMENT_ENGINEERING_EXPRESSION,FOREST | GRASSLAND | BUILT_ENVIRONMENT | SUBTERRANEAN,WOODLAND | MEADOW | FARMLAND | VILLAGE | BURROW | SOIL,SIMULATION_READY,EVD_JRN_R23_B01_SPC_SCALOPUS_AQUATICUS_PERSONALITY_ID_001 | EVD_JRN_R23_B01_SPC_SCALOPUS_AQUATICUS_TERRAIN_BROAD_001 | EVD_JRN_R23_B01_SPC_SCALOPUS_AQUATICUS_TERRAIN_SPECIFIC_001,1,BRD_EASTERN_MOLE
SPC_SCARABAEUS_SACER,BEAST_SPECIES,BEAST,R25,B02,BRD_SACRED_SCARAB,POSSESSION_CACHE_GUARDING_EXPRESSION,COASTAL | WETLAND,DELTA,SIMULATION_READY,EVD_JRN_R25_B02_SPC_SCARABAEUS_SACER_PERSONALITY_ID_001 | EVD_JRN_R25_B02_SPC_SCARABAEUS_SACER_TERRAIN_BROAD_001 | EVD_JRN_R25_B02_SPC_SCARABAEUS_SACER_TERRAIN_SPECIFIC_001,1,BRD_SACRED_SCARAB
SPC_SCHISTOCERCA_GREGARIA,BEAST_SPECIES,BEAST,R25,B02,BRD_DESERT_LOCUST,FORCE_SWARM_EXPRESSION,DESERT,HOT_DESERT | SCRUBLAND,SIMULATION_READY,EVD_JRN_R25_B02_SPC_SCHISTOCERCA_GREGARIA_PERSONALITY_ID_001 | EVD_JRN_R25_B02_SPC_SCHISTOCERCA_GREGARIA_TERRAIN_BROAD_001 | EVD_JRN_R25_B02_SPC_SCHISTOCERCA_GREGARIA_TERRAIN_SPECIFIC_001,1,BRD_DESERT_LOCUST
SPC_SCIURUS_CAROLINENSIS,BEAST_SPECIES,BEAST,R20,B18,BRD_EASTERN_GRAY_SQUIRREL,STEWARDSHIP_SEED_DISPERSAL_EXPRESSION,FOREST | BUILT_ENVIRONMENT,WOODLAND | CANOPY | CITY,SIMULATION_READY,EVD_JRN_R20_B01_SPC_SCIURUS_CAROLINENSIS_PERSONALITY_ID_001 | EVD_JRN_R20_B01_SPC_SCIURUS_CAROLINENSIS_TERRAIN_BROAD_001 | EVD_JRN_R20_B01_SPC_SCIURUS_CAROLINENSIS_TERRAIN_SPECIFIC_001,1,BRD_EASTERN_GRAY_SQUIRREL
SPC_SCOLOPENDRA_GIGANTEA,BEAST_SPECIES,BEAST,R25,B02,BRD_AMAZONIAN_GIANT_CENTIPEDE,APPETITE_AMBUSH_FEEDING_EXPRESSION,SUBTERRANEAN | GRASSLAND,CAVE | SCRUBLAND,SIMULATION_READY,EVD_JRN_R25_B02_SPC_SCOLOPENDRA_GIGANTEA_PERSONALITY_ID_001 | EVD_JRN_R25_B02_SPC_SCOLOPENDRA_GIGANTEA_TERRAIN_BROAD_001 | EVD_JRN_R25_B02_SPC_SCOLOPENDRA_GIGANTEA_TERRAIN_SPECIFIC_001,1,BRD_AMAZONIAN_GIANT_CENTIPEDE
SPC_SCOPUS_UMBRETTA,BEAST_SPECIES,BEAST,R01,B23,BRD_HAMERKOP,DUTY_NEST_DUTY_EXPRESSION,WETLAND | GRASSLAND | FOREST,SAVANNA | WOODLAND,SIMULATION_READY,EVD_JRN_R01_B02_SPC_SCOPUS_UMBRETTA_PERSONALITY_ID_001 | EVD_JRN_R01_B02_SPC_SCOPUS_UMBRETTA_TERRAIN_BROAD_001 | EVD_JRN_R01_B02_SPC_SCOPUS_UMBRETTA_TERRAIN_SPECIFIC_001,1,BRD_HAMERKOP
SPC_SCUTIGERA_COLEOPTRATA,BEAST_SPECIES,BEAST,R25,B02,BRD_HOUSE_CENTIPEDE,FORCE_BITE_OR_STING_EXPRESSION,BUILT_ENVIRONMENT | SUBTERRANEAN | FOREST | GRASSLAND | WETLAND,CITY | VILLAGE | WORKSHOP | CAVE | TUNNEL | FOREST_FLOOR | SAVANNA | MARSH | SWAMP | BOG,SIMULATION_READY,EVD_JRN_R25_B02_SPC_SCUTIGERA_COLEOPTRATA_PERSONALITY_ID_001 | EVD_JRN_R25_B02_SPC_SCUTIGERA_COLEOPTRATA_TERRAIN_BROAD_001 | EVD_JRN_R25_B02_SPC_SCUTIGERA_COLEOPTRATA_TERRAIN_SPECIFIC_001,1,BRD_HOUSE_CENTIPEDE
SPC_SCYTHROPS_NOVAEHOLLANDIAE,BEAST_SPECIES,BEAST,R22,B13,BRD_CHANNEL_BILLED_CUCKOO,APPETITE_HOST_DEPENDENCE_CONFLICT,FOREST | BUILT_ENVIRONMENT,RAIN_FOREST | WOODLAND | FOREST_EDGE | CITY,SIMULATION_READY,EVD_JRN_R22_B01_SPC_SCYTHROPS_NOVAEHOLLANDIAE_PERSONALITY_ID_001 | EVD_JRN_R22_B01_SPC_SCYTHROPS_NOVAEHOLLANDIAE_TERRAIN_BROAD_001 | EVD_JRN_R22_B01_SPC_SCYTHROPS_NOVAEHOLLANDIAE_TERRAIN_SPECIFIC_001,1,BRD_CHANNEL_BILLED_CUCKOO
SPC_SEMNORNIS_RAMPHASTINUS,BEAST_SPECIES,BEAST,R22,B13,BRD_TOUCAN_BARBET,COOPERATION_GROUP_DEFENSE_EXPRESSION,FOREST | MOUNTAIN,CLOUD_FOREST | MONTANE_FOREST | CANOPY | FOREST_EDGE,SIMULATION_READY,EVD_JRN_R22_B01_SPC_SEMNORNIS_RAMPHASTINUS_PERSONALITY_ID_001 | EVD_JRN_R22_B01_SPC_SEMNORNIS_RAMPHASTINUS_TERRAIN_BROAD_001 | EVD_JRN_R22_B01_SPC_SEMNORNIS_RAMPHASTINUS_TERRAIN_SPECIFIC_001,1,BRD_TOUCAN_BARBET
SPC_SEPIA_LATIMANUS,BEAST_SPECIES,BEAST,R14,B11,BRD_BROADCLUB_CUTTLEFISH,EXPRESSION_VISUAL_EXPRESSION,OCEAN | COASTAL,CORAL_REEF,SIMULATION_READY,EVD_JRN_R14_B02_SPC_SEPIA_LATIMANUS_PERSONALITY_ID_001 | EVD_JRN_R14_B02_SPC_SEPIA_LATIMANUS_TERRAIN_BROAD_001 | EVD_JRN_R14_B02_SPC_SEPIA_LATIMANUS_TERRAIN_SPECIFIC_001,1,BRD_BROADCLUB_CUTTLEFISH
SPC_SEPIA_OFFICINALIS,BEAST_SPECIES,BEAST,R14,B11,BRD_COMMON_CUTTLEFISH,TRUTH_CAMOUFLAGE_EXPRESSION,OCEAN | COASTAL,MUDFLAT | ESTUARY | PELAGIC,SIMULATION_READY,EVD_JRN_R14_B02_SPC_SEPIA_OFFICINALIS_PERSONALITY_ID_001 | EVD_JRN_R14_B02_SPC_SEPIA_OFFICINALIS_TERRAIN_BROAD_001 | EVD_JRN_R14_B02_SPC_SEPIA_OFFICINALIS_TERRAIN_SPECIFIC_001,1,BRD_COMMON_CUTTLEFISH
SPC_SEPIOTEUTHIS_SEPIOIDEA,BEAST_SPECIES,BEAST,R14,B11,BRD_CARIBBEAN_REEF_SQUID,EXPRESSION_VISUAL_EXPRESSION,OCEAN | COASTAL,CORAL_REEF | SEAGRASS_BED | PELAGIC,SIMULATION_READY,EVD_JRN_R14_B02_SPC_SEPIOTEUTHIS_SEPIOIDEA_PERSONALITY_ID_001 | EVD_JRN_R14_B02_SPC_SEPIOTEUTHIS_SEPIOIDEA_TERRAIN_BROAD_001 | EVD_JRN_R14_B02_SPC_SEPIOTEUTHIS_SEPIOIDEA_TERRAIN_SPECIFIC_001,1,BRD_CARIBBEAN_REEF_SQUID
SPC_SERINUS_CANARIA,BEAST_SPECIES,BEAST,R08,B21,BRD_ATLANTIC_CANARY,BELONGING_HERDING_EXPRESSION,FOREST | COASTAL | BUILT_ENVIRONMENT,WOODLAND | DUNES | ISLAND | CITY,SIMULATION_READY,EVD_JRN_R08_B01_SPC_SERINUS_CANARIA_PERSONALITY_ID_001 | EVD_JRN_R08_B01_SPC_SERINUS_CANARIA_TERRAIN_BROAD_001 | EVD_JRN_R08_B01_SPC_SERINUS_CANARIA_TERRAIN_SPECIFIC_001,1,BRD_ATLANTIC_CANARY
SPC_SETONIX_BRACHYURUS,BEAST_SPECIES,BEAST,R22,B10,BRD_QUOKKA,BELONGING_COLONY_EXPRESSION,FOREST | WETLAND | COASTAL,SCRUBLAND | SWAMP | ISLAND | FOREST_EDGE,SIMULATION_READY,EVD_JRN_R22_B01_SPC_SETONIX_BRACHYURUS_PERSONALITY_ID_001 | EVD_JRN_R22_B01_SPC_SETONIX_BRACHYURUS_TERRAIN_BROAD_001 | EVD_JRN_R22_B01_SPC_SETONIX_BRACHYURUS_TERRAIN_SPECIFIC_001,1,BRD_QUOKKA
SPC_SETOPHAGA_PETECHIA,BEAST_SPECIES,BEAST,R08,B21,BRD_YELLOW_WARBLER,PERFECTION_ERROR_CORRECTION_EXPRESSION,FOREST | WETLAND | FRESHWATER,FOREST_EDGE | MARSH | BOG | RIVER,SIMULATION_READY,EVD_JRN_R08_B01_SPC_SETOPHAGA_PETECHIA_PERSONALITY_ID_001 | EVD_JRN_R08_B01_SPC_SETOPHAGA_PETECHIA_TERRAIN_BROAD_001 | EVD_JRN_R08_B01_SPC_SETOPHAGA_PETECHIA_TERRAIN_SPECIFIC_001,1,BRD_YELLOW_WARBLER
SPC_SILURUS_GLANIS,BEAST_SPECIES,BEAST,R14,B04,BRD_WELS_CATFISH,DUTY_NEST_DUTY_EXPRESSION,FRESHWATER | WETLAND,RIVER | LAKE | MARSH,SIMULATION_READY,EVD_JRN_R14_B02_SPC_SILURUS_GLANIS_PERSONALITY_ID_001 | EVD_JRN_R14_B02_SPC_SILURUS_GLANIS_TERRAIN_BROAD_001 | EVD_JRN_R14_B02_SPC_SILURUS_GLANIS_TERRAIN_SPECIFIC_001,1,BRD_WELS_CATFISH
SPC_SIPHONOPS_ANNULATUS,BEAST_SPECIES,BEAST,R13,B01,BRD_RINGED_CAECILIAN,CARE_PROVISIONING_EXPRESSION,SUBTERRANEAN | FOREST | GRASSLAND,BURROW | SOIL | RAIN_FOREST | SAVANNA,SIMULATION_READY,EVD_JRN_R13_B01_SPC_SIPHONOPS_ANNULATUS_PERSONALITY_ID_001 | EVD_JRN_R13_B01_SPC_SIPHONOPS_ANNULATUS_TERRAIN_BROAD_001 | EVD_JRN_R13_B01_SPC_SIPHONOPS_ANNULATUS_TERRAIN_SPECIFIC_001,1,BRD_RINGED_CAECILIAN
SPC_SIREN_LACERTINA,BEAST_SPECIES,BEAST,R13,B01,BRD_GREATER_SIREN,RESTRAINT_SCARCITY_RESTRAINT_WOUND,FRESHWATER | WETLAND | SUBTERRANEAN,SWAMP | POND | LAKE | BURROW,SIMULATION_READY,EVD_JRN_R13_B01_SPC_SIREN_LACERTINA_PERSONALITY_ID_001 | EVD_JRN_R13_B01_SPC_SIREN_LACERTINA_TERRAIN_BROAD_001 | EVD_JRN_R13_B01_SPC_SIREN_LACERTINA_TERRAIN_SPECIFIC_001,1,BRD_GREATER_SIREN
SPC_SOLENODON_CUBANUS,BEAST_SPECIES,BEAST,R23,B24,BRD_CUBAN_SOLENODON,FORCE_BITE_OR_STING_EXPRESSION,FOREST | MOUNTAIN | SUBTERRANEAN,RAIN_FOREST | MONTANE_FOREST | CAVE | BURROW,SIMULATION_READY,EVD_JRN_R23_B01_SPC_SOLENODON_CUBANUS_PERSONALITY_ID_001 | EVD_JRN_R23_B01_SPC_SOLENODON_CUBANUS_TERRAIN_BROAD_001 | EVD_JRN_R23_B01_SPC_SOLENODON_CUBANUS_TERRAIN_SPECIFIC_001,1,BRD_CUBAN_SOLENODON
SPC_SOLENODON_PARADOXUS,BEAST_SPECIES,BEAST,R23,B24,BRD_HISPANIOLAN_SOLENODON,FORCE_BITE_OR_STING_EXPRESSION,FOREST | MOUNTAIN | BUILT_ENVIRONMENT | SUBTERRANEAN,RAIN_FOREST | MONTANE_FOREST | FARMLAND | CAVE | BURROW,SIMULATION_READY,EVD_JRN_R23_B01_SPC_SOLENODON_PARADOXUS_PERSONALITY_ID_001 | EVD_JRN_R23_B01_SPC_SOLENODON_PARADOXUS_TERRAIN_BROAD_001 | EVD_JRN_R23_B01_SPC_SOLENODON_PARADOXUS_TERRAIN_SPECIFIC_001,1,BRD_HISPANIOLAN_SOLENODON
SPC_SOMATERIA_MOLLISSIMA,BEAST_SPECIES,BEAST,R01,B23,BRD_COMMON_EIDER,DESIRE_COURTSHIP_DISPLAY_EXPRESSION,OCEAN | COASTAL | POLAR_ICE | FOREST | FRESHWATER,ISLAND | TUNDRA | BOREAL_FOREST | LAKE | PACK_ICE,SIMULATION_READY,EVD_JRN_R01_B02_SPC_SOMATERIA_MOLLISSIMA_PERSONALITY_ID_001 | EVD_JRN_R01_B02_SPC_SOMATERIA_MOLLISSIMA_TERRAIN_BROAD_001 | EVD_JRN_R01_B02_SPC_SOMATERIA_MOLLISSIMA_TERRAIN_SPECIFIC_001,1,BRD_COMMON_EIDER
SPC_SOREX_ARANEUS,BEAST_SPECIES,BEAST,R23,B24,BRD_COMMON_SHREW,AUTONOMY_FREEDOM_THROUGH_ISOLATION_CONFLICT,FOREST | GRASSLAND | SUBTERRANEAN,WOODLAND | MEADOW | SCRUBLAND | BURROW,SIMULATION_READY,EVD_JRN_R23_B01_SPC_SOREX_ARANEUS_PERSONALITY_ID_001 | EVD_JRN_R23_B01_SPC_SOREX_ARANEUS_TERRAIN_BROAD_001 | EVD_JRN_R23_B01_SPC_SOREX_ARANEUS_TERRAIN_SPECIFIC_001,1,BRD_COMMON_SHREW
SPC_SPALAX_GIGANTEUS,BEAST_SPECIES,BEAST,R20,B18,BRD_GIANT_BLIND_MOLE_RAT,CONTROL_ENVIRONMENT_ENGINEERING_EXPRESSION,GRASSLAND | DESERT | SUBTERRANEAN,STEPPE | SOIL | BURROW,SIMULATION_READY,EVD_JRN_R20_B01_SPC_SPALAX_GIGANTEUS_PERSONALITY_ID_001 | EVD_JRN_R20_B01_SPC_SPALAX_GIGANTEUS_TERRAIN_BROAD_001 | EVD_JRN_R20_B01_SPC_SPALAX_GIGANTEUS_TERRAIN_SPECIFIC_001,1,BRD_GIANT_BLIND_MOLE_RAT
SPC_SPALAX_LEUCODON,BEAST_SPECIES,BEAST,R20,B18,BRD_LESSER_BLIND_MOLE_RAT,CONTROL_ENVIRONMENT_ENGINEERING_EXPRESSION,GRASSLAND | BUILT_ENVIRONMENT | SUBTERRANEAN,STEPPE | FARMLAND | SOIL | BURROW,SIMULATION_READY,EVD_JRN_R20_B01_SPC_SPALAX_LEUCODON_PERSONALITY_ID_001 | EVD_JRN_R20_B01_SPC_SPALAX_LEUCODON_TERRAIN_BROAD_001 | EVD_JRN_R20_B01_SPC_SPALAX_LEUCODON_TERRAIN_SPECIFIC_001,1,BRD_LESSER_BLIND_MOLE_RAT
SPC_SPARISOMA_VIRIDE,BEAST_SPECIES,BEAST,R14,B04,BRD_STOPLIGHT_PARROTFISH,CHANGE_DEVELOPMENTAL_PLASTICITY_EXPRESSION,OCEAN | COASTAL,CORAL_REEF | CAVE,SIMULATION_READY,EVD_JRN_R14_B02_SPC_SPARISOMA_VIRIDE_PERSONALITY_ID_001 | EVD_JRN_R14_B02_SPC_SPARISOMA_VIRIDE_TERRAIN_BROAD_001 | EVD_JRN_R14_B02_SPC_SPARISOMA_VIRIDE_TERRAIN_SPECIFIC_001,1,BRD_STOPLIGHT_PARROTFISH
SPC_SPECTRUM_BANSHEE,MYTHOS_SPECIES,MYTHOS,R05,M11,BRD_BANSHEE,GRIEF_WORLD_MOURNER_CONFLICT,BUILT_ENVIRONMENT,ROAD,SIMULATION_READY,EVD_JRN_R05_B01_SPC_SPECTRUM_BANSHEE_PERSONALITY_ID_001 | EVD_JRN_R05_B01_SPC_SPECTRUM_BANSHEE_TERRAIN_BROAD_001 | EVD_JRN_R05_B01_SPC_SPECTRUM_BANSHEE_TERRAIN_SPECIFIC_001,1,BRD_BANSHEE
SPC_SPECTRUM_IGNIVAGUM,MYTHOS_SPECIES,MYTHOS,R05,M11,BRD_WILL_O_THE_WISP_FOLK,TRUTH_GLAMOUR_DEPENDENCE_CONFLICT,WETLAND,MARSH,SIMULATION_READY,EVD_JRN_R05_B01_SPC_SPECTRUM_IGNIVAGUM_PERSONALITY_ID_001 | EVD_JRN_R05_B01_SPC_SPECTRUM_IGNIVAGUM_TERRAIN_BROAD_001 | EVD_JRN_R05_B01_SPC_SPECTRUM_IGNIVAGUM_TERRAIN_SPECIFIC_001,1,BRD_WILL_O_THE_WISP_FOLK
SPC_SPECTRUM_ONRYO,MYTHOS_SPECIES,MYTHOS,R05,M11,BRD_ONRYO,ANGER_RAGE_POWERED_CONFLICT,BUILT_ENVIRONMENT,CITY | TEMPLE,SIMULATION_READY,EVD_JRN_R05_B01_SPC_SPECTRUM_ONRYO_PERSONALITY_ID_001 | EVD_JRN_R05_B01_SPC_SPECTRUM_ONRYO_TERRAIN_BROAD_001 | EVD_JRN_R05_B01_SPC_SPECTRUM_ONRYO_TERRAIN_SPECIFIC_001,1,BRD_ONRYO
SPC_SPECTRUM_REVENIENS,MYTHOS_SPECIES,MYTHOS,R05,M11,BRD_GHOSTS_GHOST | BRD_GHOSTS_POLTERGEIST | BRD_GHOSTS_SPECTER | BRD_GHOSTS_WRAITH,GRIEF_GHOST_BOND_CONFLICT,GENERALIST,GENERALIST,SIMULATION_READY,EVD_JRN_R05_B01_SPC_SPECTRUM_REVENIENS_PERSONALITY_ID_001 | EVD_JRN_R05_B01_SPC_SPECTRUM_REVENIENS_TERRAIN_BROAD_001 | EVD_JRN_R05_B01_SPC_SPECTRUM_REVENIENS_TERRAIN_SPECIFIC_001,4,BRD_GHOSTS_GHOST | BRD_GHOSTS_POLTERGEIST | BRD_GHOSTS_SPECTER | BRD_GHOSTS_WRAITH
SPC_SPECTRUM_YUREI,MYTHOS_SPECIES,MYTHOS,R05,M11,BRD_YUREI,GRIEF_GHOST_BOND_CONFLICT,BUILT_ENVIRONMENT | GENERALIST,ROAD | RUINS,SIMULATION_READY,EVD_JRN_R05_B01_SPC_SPECTRUM_YUREI_PERSONALITY_ID_001 | EVD_JRN_R05_B01_SPC_SPECTRUM_YUREI_TERRAIN_BROAD_001 | EVD_JRN_R05_B01_SPC_SPECTRUM_YUREI_TERRAIN_SPECIFIC_001,1,BRD_YUREI
SPC_SPERMOPHILUS_TRIDECEMLINEATUS,BEAST_SPECIES,BEAST,R20,B18,BRD_THIRTEEN_LINED_GROUND_SQUIRREL,DUTY_WATCH_DUTY_EXPRESSION,GRASSLAND | BUILT_ENVIRONMENT | SUBTERRANEAN,PRAIRIE | FARMLAND | BURROW,SIMULATION_READY,EVD_JRN_R20_B01_SPC_SPERMOPHILUS_TRIDECEMLINEATUS_PERSONALITY_ID_001 | EVD_JRN_R20_B01_SPC_SPERMOPHILUS_TRIDECEMLINEATUS_TERRAIN_BROAD_001 | EVD_JRN_R20_B01_SPC_SPERMOPHILUS_TRIDECEMLINEATUS_TERRAIN_SPECIFIC_001,1,BRD_THIRTEEN_LINED_GROUND_SQUIRREL
SPC_SPHENODON_PUNCTATUS,BEAST_SPECIES,BEAST,R24,B09,BRD_TUATARA,BOUNDARIES_DOMAIN_BOUND_CONFLICT,FOREST | COASTAL | SUBTERRANEAN,WOODLAND | ISLAND | BURROW,SIMULATION_READY,EVD_JRN_R24_B01_SPC_SPHENODON_PUNCTATUS_PERSONALITY_ID_001 | EVD_JRN_R24_B01_SPC_SPHENODON_PUNCTATUS_TERRAIN_BROAD_001 | EVD_JRN_R24_B01_SPC_SPHENODON_PUNCTATUS_TERRAIN_SPECIFIC_001,1,BRD_TUATARA
SPC_SPILOCUSCUS_MACULATUS,BEAST_SPECIES,BEAST,R22,B10,BRD_COMMON_SPOTTED_CUSCUS,TRUTH_CAMOUFLAGE_EXPRESSION,FOREST,RAIN_FOREST | CANOPY,SIMULATION_READY,EVD_JRN_R22_B01_SPC_SPILOCUSCUS_MACULATUS_PERSONALITY_ID_001 | EVD_JRN_R22_B01_SPC_SPILOCUSCUS_MACULATUS_TERRAIN_BROAD_001 | EVD_JRN_R22_B01_SPC_SPILOCUSCUS_MACULATUS_TERRAIN_SPECIFIC_001,1,BRD_COMMON_SPOTTED_CUSCUS
SPC_SPILOGALE_GRACILIS,BEAST_SPECIES,BEAST,R02,B05,BRD_WESTERN_SPOTTED_SKUNK,FEAR_DEFENSIVE_DISPLAY_EXPRESSION,MOUNTAIN | FRESHWATER | DESERT | BUILT_ENVIRONMENT,CLIFF | CANYON | HOT_DESERT | CITY,SIMULATION_READY,EVD_JRN_R02_B02_SPC_SPILOGALE_GRACILIS_PERSONALITY_ID_001 | EVD_JRN_R02_B02_SPC_SPILOGALE_GRACILIS_TERRAIN_BROAD_001 | EVD_JRN_R02_B02_SPC_SPILOGALE_GRACILIS_TERRAIN_SPECIFIC_001,1,BRD_WESTERN_SPOTTED_SKUNK
SPC_SQUALUS_CARCHARIAS,BEAST_SPECIES,BEAST,R12,B19,BRD_GREAT_WHITE_SHARK,PATIENCE_AMBUSH_PATIENCE_EXPRESSION,OCEAN | COASTAL,PELAGIC | ISLAND,SIMULATION_READY,EVD_JRN_R12_B01_SPC_SQUALUS_CARCHARIAS_PERSONALITY_ID_001 | EVD_JRN_R12_B01_SPC_SQUALUS_CARCHARIAS_TERRAIN_BROAD_001 | EVD_JRN_R12_B01_SPC_SQUALUS_CARCHARIAS_TERRAIN_SPECIFIC_001,1,BRD_GREAT_WHITE_SHARK
SPC_STENELLA_LONGIROSTRIS,BEAST_SPECIES,BEAST,R01,B06,BRD_SPINNER_DOLPHIN,RISK_LEAP_OR_DIVE_EXPRESSION,OCEAN | COASTAL,PELAGIC,SIMULATION_READY,EVD_JRN_R01_B02_SPC_STENELLA_LONGIROSTRIS_PERSONALITY_ID_001 | EVD_JRN_R01_B02_SPC_STENELLA_LONGIROSTRIS_TERRAIN_BROAD_001 | EVD_JRN_R01_B02_SPC_STENELLA_LONGIROSTRIS_TERRAIN_SPECIFIC_001,1,BRD_SPINNER_DOLPHIN
SPC_STERNA_PARADISAEA,BEAST_SPECIES,BEAST,R01,B23,BRD_ARCTIC_TERN,DESIRE_COURTSHIP_DISPLAY_EXPRESSION,FOREST | FRESHWATER | COASTAL | OCEAN | POLAR_ICE,BOREAL_FOREST | ISLAND | POND | LAKE | ESTUARY | PACK_ICE,SIMULATION_READY,EVD_JRN_R01_B02_SPC_STERNA_PARADISAEA_PERSONALITY_ID_001 | EVD_JRN_R01_B02_SPC_STERNA_PARADISAEA_TERRAIN_BROAD_001 | EVD_JRN_R01_B02_SPC_STERNA_PARADISAEA_TERRAIN_SPECIFIC_001,1,BRD_ARCTIC_TERN
SPC_STRIGOPS_HABROPTILUS,BEAST_SPECIES,BEAST,R19,B14,BRD_KAKAPO,RECOGNITION_COURTSHIP_DISPLAY_EXPRESSION,FOREST | GRASSLAND | MOUNTAIN | COASTAL,FOREST_FLOOR | SCRUBLAND | ALPINE | ISLAND | COASTAL_CLIFF,SIMULATION_READY,EVD_JRN_R19_B01_SPC_STRIGOPS_HABROPTILUS_PERSONALITY_ID_001 | EVD_JRN_R19_B01_SPC_STRIGOPS_HABROPTILUS_TERRAIN_BROAD_001 | EVD_JRN_R19_B01_SPC_STRIGOPS_HABROPTILUS_TERRAIN_SPECIFIC_001,1,BRD_KAKAPO
SPC_STRUTHIO_CAMELUS,BEAST_SPECIES,BEAST,R17,B15,BRD_COMMON_OSTRICH,CARE_PROVISIONING_EXPRESSION,DESERT | GRASSLAND,SAVANNA | HOT_DESERT | SCRUBLAND,SIMULATION_READY,EVD_JRN_R17_B01_SPC_STRUTHIO_CAMELUS_PERSONALITY_ID_001 | EVD_JRN_R17_B01_SPC_STRUTHIO_CAMELUS_TERRAIN_BROAD_001 | EVD_JRN_R17_B01_SPC_STRUTHIO_CAMELUS_TERRAIN_SPECIFIC_001,1,BRD_COMMON_OSTRICH
SPC_STRUTHIO_MOLYBDOPHANES,BEAST_SPECIES,BEAST,R17,B15,BRD_SOMALI_OSTRICH,CARE_PROVISIONING_EXPRESSION,DESERT | GRASSLAND,HOT_DESERT | SAVANNA | SCRUBLAND,SIMULATION_READY,EVD_JRN_R17_B01_SPC_STRUTHIO_MOLYBDOPHANES_PERSONALITY_ID_001 | EVD_JRN_R17_B01_SPC_STRUTHIO_MOLYBDOPHANES_TERRAIN_BROAD_001 | EVD_JRN_R17_B01_SPC_STRUTHIO_MOLYBDOPHANES_TERRAIN_SPECIFIC_001,1,BRD_SOMALI_OSTRICH
SPC_STURNUS_VULGARIS,BEAST_SPECIES,BEAST,R08,B21,BRD_COMMON_STARLING,CONFORMITY_MOVEMENT_SYNCHRONY_EXPRESSION,BUILT_ENVIRONMENT | GRASSLAND,CITY | FARMLAND | MEADOW,SIMULATION_READY,EVD_JRN_R08_B01_SPC_STURNUS_VULGARIS_PERSONALITY_ID_001 | EVD_JRN_R08_B01_SPC_STURNUS_VULGARIS_TERRAIN_BROAD_001 | EVD_JRN_R08_B01_SPC_STURNUS_VULGARIS_TERRAIN_SPECIFIC_001,1,BRD_COMMON_STARLING
SPC_SULA_NEBOUXII,BEAST_SPECIES,BEAST,R01,B23,BRD_BLUE_FOOTED_BOOBY,DESIRE_COURTSHIP_DISPLAY_EXPRESSION,OCEAN | COASTAL,ISLAND,SIMULATION_READY,EVD_JRN_R01_B02_SPC_SULA_NEBOUXII_PERSONALITY_ID_001 | EVD_JRN_R01_B02_SPC_SULA_NEBOUXII_TERRAIN_BROAD_001 | EVD_JRN_R01_B02_SPC_SULA_NEBOUXII_TERRAIN_SPECIFIC_001,1,BRD_BLUE_FOOTED_BOOBY
SPC_SULA_SULA,BEAST_SPECIES,BEAST,R01,B23,BRD_RED_FOOTED_BOOBY,DESIRE_COURTSHIP_DISPLAY_EXPRESSION,OCEAN | COASTAL | FOREST,ISLAND | MANGROVE,SIMULATION_READY,EVD_JRN_R01_B02_SPC_SULA_SULA_PERSONALITY_ID_001 | EVD_JRN_R01_B02_SPC_SULA_SULA_TERRAIN_BROAD_001 | EVD_JRN_R01_B02_SPC_SULA_SULA_TERRAIN_SPECIFIC_001,1,BRD_RED_FOOTED_BOOBY
SPC_SUNCUS_ETRUSCUS,BEAST_SPECIES,BEAST,R23,B24,BRD_ETRUSCAN_SHREW,CURIOSITY_PROBLEM_SOLVING_EXPRESSION,GRASSLAND | FOREST | FRESHWATER | BUILT_ENVIRONMENT,MEADOW | SCRUBLAND | FOREST_EDGE | RIVER | LAKE | FARMLAND | RUINS,SIMULATION_READY,EVD_JRN_R23_B01_SPC_SUNCUS_ETRUSCUS_PERSONALITY_ID_001 | EVD_JRN_R23_B01_SPC_SUNCUS_ETRUSCUS_TERRAIN_BROAD_001 | EVD_JRN_R23_B01_SPC_SUNCUS_ETRUSCUS_TERRAIN_SPECIFIC_001,1,BRD_ETRUSCAN_SHREW
SPC_SURICATA_SURICATTA,BEAST_SPECIES,BEAST,R02,B05,BRD_MEERKAT,DUTY_WATCH_DUTY_EXPRESSION,GRASSLAND | SUBTERRANEAN,SAVANNA | PRAIRIE | BURROW,SIMULATION_READY,EVD_JRN_R02_B02_SPC_SURICATA_SURICATTA_PERSONALITY_ID_001 | EVD_JRN_R02_B02_SPC_SURICATA_SURICATTA_TERRAIN_BROAD_001 | EVD_JRN_R02_B02_SPC_SURICATA_SURICATTA_TERRAIN_SPECIFIC_001,1,BRD_MEERKAT
SPC_SUS_SCROFA,BEAST_SPECIES,BEAST,R02,B08,BRD_WILD_BOAR,DISCIPLINE_FORAGING_DISCIPLINE_EXPRESSION,FOREST | GRASSLAND | WETLAND | BUILT_ENVIRONMENT,WOODLAND | MANGROVE | CITY,SIMULATION_READY,EVD_JRN_R02_B02_SPC_SUS_SCROFA_PERSONALITY_ID_001 | EVD_JRN_R02_B02_SPC_SUS_SCROFA_TERRAIN_BROAD_001 | EVD_JRN_R02_B02_SPC_SUS_SCROFA_TERRAIN_SPECIFIC_001,1,BRD_WILD_BOAR
SPC_SYMPHALANGUS_SYNDACTYLUS,BEAST_SPECIES,BEAST,R15,B16,BRD_SIAMANG,EXPRESSION_VOCAL_EXPRESSION,FOREST | MOUNTAIN,RAIN_FOREST | CANOPY | MONTANE_FOREST,SIMULATION_READY,EVD_JRN_R15_B01_SPC_SYMPHALANGUS_SYNDACTYLUS_PERSONALITY_ID_001 | EVD_JRN_R15_B01_SPC_SYMPHALANGUS_SYNDACTYLUS_TERRAIN_BROAD_001 | EVD_JRN_R15_B01_SPC_SYMPHALANGUS_SYNDACTYLUS_TERRAIN_SPECIFIC_001,1,BRD_SIAMANG
SPC_SYNANCEIA_VERRUCOSA,BEAST_SPECIES,BEAST,R14,B04,BRD_REEF_STONEFISH,EMBODIMENT_WEAPON_BODY_CONFLICT,OCEAN | COASTAL,CORAL_REEF | MUDFLAT,SIMULATION_READY,EVD_JRN_R14_B02_SPC_SYNANCEIA_VERRUCOSA_PERSONALITY_ID_001 | EVD_JRN_R14_B02_SPC_SYNANCEIA_VERRUCOSA_TERRAIN_BROAD_001 | EVD_JRN_R14_B02_SPC_SYNANCEIA_VERRUCOSA_TERRAIN_SPECIFIC_001,1,BRD_REEF_STONEFISH
SPC_SYNCERUS_CAFFER,BEAST_SPECIES,BEAST,R02,B08,BRD_CAPE_BUFFALO,COOPERATION_GROUP_DEFENSE_EXPRESSION,FOREST | WETLAND | FRESHWATER | GRASSLAND,WOODLAND | SWAMP | FLOODPLAIN | RIVER | SAVANNA,SIMULATION_READY,EVD_JRN_R02_B02_SPC_SYNCERUS_CAFFER_PERSONALITY_ID_001 | EVD_JRN_R02_B02_SPC_SYNCERUS_CAFFER_TERRAIN_BROAD_001 | EVD_JRN_R02_B02_SPC_SYNCERUS_CAFFER_TERRAIN_SPECIFIC_001,1,BRD_CAPE_BUFFALO
SPC_SYNGNATHUS_ACUS,BEAST_SPECIES,BEAST,R14,B04,BRD_GREATER_PIPEFISH,CARE_CARRYING_EXPRESSION,OCEAN | COASTAL,SEAGRASS_BED | ESTUARY,SIMULATION_READY,EVD_JRN_R14_B02_SPC_SYNGNATHUS_ACUS_PERSONALITY_ID_001 | EVD_JRN_R14_B02_SPC_SYNGNATHUS_ACUS_TERRAIN_BROAD_001 | EVD_JRN_R14_B02_SPC_SYNGNATHUS_ACUS_TERRAIN_SPECIFIC_001,1,BRD_GREATER_PIPEFISH
SPC_SYNODONTIS_NIGRIVENTRIS,BEAST_SPECIES,BEAST,R14,B04,BRD_UPSIDE_DOWN_CATFISH,EMBODIMENT_FUNCTIONAL_BODY_EXPRESSION,FRESHWATER,RIVER | FLOODPLAIN,SIMULATION_READY,EVD_JRN_R14_B02_SPC_SYNODONTIS_NIGRIVENTRIS_PERSONALITY_ID_001 | EVD_JRN_R14_B02_SPC_SYNODONTIS_NIGRIVENTRIS_TERRAIN_BROAD_001 | EVD_JRN_R14_B02_SPC_SYNODONTIS_NIGRIVENTRIS_TERRAIN_SPECIFIC_001,1,BRD_UPSIDE_DOWN_CATFISH
SPC_TACHYGLOSSUS_ACULEATUS,BEAST_SPECIES,BEAST,R22,B10,BRD_SHORT_BEAKED_ECHIDNA,FEAR_DEFENSIVE_DISPLAY_EXPRESSION,GENERALIST,GENERALIST,SIMULATION_READY,EVD_JRN_R22_B01_SPC_TACHYGLOSSUS_ACULEATUS_PERSONALITY_ID_001 | EVD_JRN_R22_B01_SPC_TACHYGLOSSUS_ACULEATUS_TERRAIN_BROAD_001 | EVD_JRN_R22_B01_SPC_TACHYGLOSSUS_ACULEATUS_TERRAIN_SPECIFIC_001,1,BRD_SHORT_BEAKED_ECHIDNA
SPC_TACHYPLEUS_TRIDENTATUS,BEAST_SPECIES,BEAST,R25,B02,BRD_TRI_SPINE_HORSESHOE_CRAB,LAND_SPAWNING_SITE_DEPENDENCE,OCEAN | COASTAL | WETLAND,PELAGIC | COASTAL_CLIFF | MUDFLAT | MANGROVE | SEAGRASS_BED,SIMULATION_READY,EVD_JRN_R25_B02_SPC_TACHYPLEUS_TRIDENTATUS_PERSONALITY_ID_001 | EVD_JRN_R25_B02_SPC_TACHYPLEUS_TRIDENTATUS_TERRAIN_BROAD_001 | EVD_JRN_R25_B02_SPC_TACHYPLEUS_TRIDENTATUS_TERRAIN_SPECIFIC_001,1,BRD_TRI_SPINE_HORSESHOE_CRAB
SPC_TAENIANOTUS_TRIACANTHUS,BEAST_SPECIES,BEAST,R14,B04,BRD_LEAFY_SCORPIONFISH,TRUTH_CAMOUFLAGE_EXPRESSION,OCEAN | COASTAL,CORAL_REEF | SEAGRASS_BED,SIMULATION_READY,EVD_JRN_R14_B02_SPC_TAENIANOTUS_TRIACANTHUS_PERSONALITY_ID_001 | EVD_JRN_R14_B02_SPC_TAENIANOTUS_TRIACANTHUS_TERRAIN_BROAD_001 | EVD_JRN_R14_B02_SPC_TAENIANOTUS_TRIACANTHUS_TERRAIN_SPECIFIC_001,1,BRD_LEAFY_SCORPIONFISH
SPC_TAKIFUGU_RUBRIPES,BEAST_SPECIES,BEAST,R14,B04,BRD_JAPANESE_PUFFERFISH,LAND_SPAWNING_SITE_DEPENDENCE,OCEAN | COASTAL | FRESHWATER,PELAGIC | ESTUARY | RIVER,SIMULATION_READY,EVD_JRN_R14_B02_SPC_TAKIFUGU_RUBRIPES_PERSONALITY_ID_001 | EVD_JRN_R14_B02_SPC_TAKIFUGU_RUBRIPES_TERRAIN_BROAD_001 | EVD_JRN_R14_B02_SPC_TAKIFUGU_RUBRIPES_TERRAIN_SPECIFIC_001,1,BRD_JAPANESE_PUFFERFISH
SPC_TALPA_EUROPAEA,BEAST_SPECIES,BEAST,R23,B24,BRD_EUROPEAN_MOLE,CONTROL_ENVIRONMENT_ENGINEERING_EXPRESSION,FOREST | GRASSLAND | BUILT_ENVIRONMENT | SUBTERRANEAN,WOODLAND | MEADOW | FARMLAND | VILLAGE | SOIL | BURROW,SIMULATION_READY,EVD_JRN_R23_B01_SPC_TALPA_EUROPAEA_PERSONALITY_ID_001 | EVD_JRN_R23_B01_SPC_TALPA_EUROPAEA_TERRAIN_BROAD_001 | EVD_JRN_R23_B01_SPC_TALPA_EUROPAEA_TERRAIN_SPECIFIC_001,1,BRD_EUROPEAN_MOLE
SPC_TAMANDUA_TETRADACTYLA,BEAST_SPECIES,BEAST,R23,B24,BRD_SOUTHERN_TAMANDUA,FEAR_DEFENSIVE_DISPLAY_EXPRESSION,FOREST | GRASSLAND | WETLAND | FRESHWATER,RAIN_FOREST | SAVANNA | SCRUBLAND | MANGROVE | RIVER | CANOPY,SIMULATION_READY,EVD_JRN_R23_B01_SPC_TAMANDUA_TETRADACTYLA_PERSONALITY_ID_001 | EVD_JRN_R23_B01_SPC_TAMANDUA_TETRADACTYLA_TERRAIN_BROAD_001 | EVD_JRN_R23_B01_SPC_TAMANDUA_TETRADACTYLA_TERRAIN_SPECIFIC_001,1,BRD_SOUTHERN_TAMANDUA
SPC_TANGARA_CHILENSIS,BEAST_SPECIES,BEAST,R08,B21,BRD_PARADISE_TANAGER,EMBODIMENT_ORNAMENTAL_BODY_EXPRESSION,FOREST,RAIN_FOREST | CANOPY,SIMULATION_READY,EVD_JRN_R08_B01_SPC_TANGARA_CHILENSIS_PERSONALITY_ID_001 | EVD_JRN_R08_B01_SPC_TANGARA_CHILENSIS_TERRAIN_BROAD_001 | EVD_JRN_R08_B01_SPC_TANGARA_CHILENSIS_TERRAIN_SPECIFIC_001,1,BRD_PARADISE_TANAGER
SPC_TANGARA_CYANOCEPHALA,BEAST_SPECIES,BEAST,R08,B21,BRD_RED_NECKED_TANAGER,BELONGING_HERDING_EXPRESSION,FOREST,RAIN_FOREST | FOREST_EDGE,SIMULATION_READY,EVD_JRN_R08_B01_SPC_TANGARA_CYANOCEPHALA_PERSONALITY_ID_001 | EVD_JRN_R08_B01_SPC_TANGARA_CYANOCEPHALA_TERRAIN_BROAD_001 | EVD_JRN_R08_B01_SPC_TANGARA_CYANOCEPHALA_TERRAIN_SPECIFIC_001,1,BRD_RED_NECKED_TANAGER
SPC_TAPIRUS_BAIRDII,BEAST_SPECIES,BEAST,R18,B12,BRD_BAIRD_S_TAPIR,STEWARDSHIP_SEED_DISPERSAL_EXPRESSION,FOREST | WETLAND | FRESHWATER | MOUNTAIN,RAIN_FOREST | MONTANE_FOREST | SWAMP | RIVER | FOREST_FLOOR,SIMULATION_READY,EVD_JRN_R18_B01_SPC_TAPIRUS_BAIRDII_PERSONALITY_ID_001 | EVD_JRN_R18_B01_SPC_TAPIRUS_BAIRDII_TERRAIN_BROAD_001 | EVD_JRN_R18_B01_SPC_TAPIRUS_BAIRDII_TERRAIN_SPECIFIC_001,1,BRD_BAIRD_S_TAPIR
SPC_TAPIRUS_INDICUS,BEAST_SPECIES,BEAST,R18,B12,BRD_MALAYAN_TAPIR,STEWARDSHIP_SEED_DISPERSAL_EXPRESSION,FOREST | WETLAND | FRESHWATER | MOUNTAIN,RAIN_FOREST | MONTANE_FOREST | SWAMP | RIVER | FOREST_FLOOR,SIMULATION_READY,EVD_JRN_R18_B01_SPC_TAPIRUS_INDICUS_PERSONALITY_ID_001 | EVD_JRN_R18_B01_SPC_TAPIRUS_INDICUS_TERRAIN_BROAD_001 | EVD_JRN_R18_B01_SPC_TAPIRUS_INDICUS_TERRAIN_SPECIFIC_001,1,BRD_MALAYAN_TAPIR
SPC_TAPIRUS_PINCHAQUE,BEAST_SPECIES,BEAST,R18,B12,BRD_MOUNTAIN_TAPIR,STEWARDSHIP_SEED_DISPERSAL_EXPRESSION,MOUNTAIN | FOREST | WETLAND | FRESHWATER,CLOUD_FOREST | MONTANE_FOREST | ALPINE | PLATEAU | RIVER,SIMULATION_READY,EVD_JRN_R18_B01_SPC_TAPIRUS_PINCHAQUE_PERSONALITY_ID_001 | EVD_JRN_R18_B01_SPC_TAPIRUS_PINCHAQUE_TERRAIN_BROAD_001 | EVD_JRN_R18_B01_SPC_TAPIRUS_PINCHAQUE_TERRAIN_SPECIFIC_001,1,BRD_MOUNTAIN_TAPIR
SPC_TAPIRUS_TERRESTRIS,BEAST_SPECIES,BEAST,R18,B12,BRD_LOWLAND_TAPIR,STEWARDSHIP_SEED_DISPERSAL_EXPRESSION,FOREST | WETLAND | FRESHWATER | GRASSLAND,RAIN_FOREST | SWAMP | RIVER | FLOODPLAIN | SAVANNA,SIMULATION_READY,EVD_JRN_R18_B01_SPC_TAPIRUS_TERRESTRIS_PERSONALITY_ID_001 | EVD_JRN_R18_B01_SPC_TAPIRUS_TERRESTRIS_TERRAIN_BROAD_001 | EVD_JRN_R18_B01_SPC_TAPIRUS_TERRESTRIS_TERRAIN_SPECIFIC_001,1,BRD_LOWLAND_TAPIR
SPC_TARSIPES_ROSTRATUS,BEAST_SPECIES,BEAST,R22,B10,BRD_HONEY_POSSUM,DISCIPLINE_FORAGING_DISCIPLINE_EXPRESSION,FOREST | GRASSLAND,SCRUBLAND | WOODLAND | FLOWERING_HABITAT,SIMULATION_READY,EVD_JRN_R22_B01_SPC_TARSIPES_ROSTRATUS_PERSONALITY_ID_001 | EVD_JRN_R22_B01_SPC_TARSIPES_ROSTRATUS_TERRAIN_BROAD_001 | EVD_JRN_R22_B01_SPC_TARSIPES_ROSTRATUS_TERRAIN_SPECIFIC_001,1,BRD_HONEY_POSSUM
SPC_TARSIUS_SPECTRUM,BEAST_SPECIES,BEAST,R15,B16,BRD_SPECTRAL_TARSIER,COOPERATION_GROUP_DEFENSE_EXPRESSION,FOREST | GRASSLAND,RAIN_FOREST | FOREST_EDGE | SCRUBLAND | CANOPY,SIMULATION_READY,EVD_JRN_R15_B01_SPC_TARSIUS_SPECTRUM_PERSONALITY_ID_001 | EVD_JRN_R15_B01_SPC_TARSIUS_SPECTRUM_TERRAIN_BROAD_001 | EVD_JRN_R15_B01_SPC_TARSIUS_SPECTRUM_TERRAIN_SPECIFIC_001,1,BRD_SPECTRAL_TARSIER
SPC_TAURACO_LEUCOTIS,BEAST_SPECIES,BEAST,R22,B13,BRD_WHITE_CHEEKED_TURACO,EXPRESSION_VOCAL_EXPRESSION,FOREST | MOUNTAIN,MONTANE_FOREST | CANOPY | FOREST_EDGE,SIMULATION_READY,EVD_JRN_R22_B01_SPC_TAURACO_LEUCOTIS_PERSONALITY_ID_001 | EVD_JRN_R22_B01_SPC_TAURACO_LEUCOTIS_TERRAIN_BROAD_001 | EVD_JRN_R22_B01_SPC_TAURACO_LEUCOTIS_TERRAIN_SPECIFIC_001,1,BRD_WHITE_CHEEKED_TURACO
SPC_TAYASSU_PECARI,BEAST_SPECIES,BEAST,R02,B08,BRD_WHITE_LIPPED_PECCARY,BELONGING_HERDING_EXPRESSION,FOREST | GRASSLAND | SUBTERRANEAN,RAIN_FOREST | WOODLAND | SAVANNA | CAVE,SIMULATION_READY,EVD_JRN_R02_B02_SPC_TAYASSU_PECARI_PERSONALITY_ID_001 | EVD_JRN_R02_B02_SPC_TAYASSU_PECARI_TERRAIN_BROAD_001 | EVD_JRN_R02_B02_SPC_TAYASSU_PECARI_TERRAIN_SPECIFIC_001,1,BRD_WHITE_LIPPED_PECCARY
SPC_TELEOPSIS_DALMANNI,BEAST_SPECIES,BEAST,R25,B02,BRD_STALK_EYED_FLY,STATUS_ORNAMENT_RANK_EXPRESSION,FOREST | FRESHWATER | WETLAND,RAIN_FOREST | RIVER | SWAMP,SIMULATION_READY,EVD_JRN_R25_B02_SPC_TELEOPSIS_DALMANNI_PERSONALITY_ID_001 | EVD_JRN_R25_B02_SPC_TELEOPSIS_DALMANNI_TERRAIN_BROAD_001 | EVD_JRN_R25_B02_SPC_TELEOPSIS_DALMANNI_TERRAIN_SPECIFIC_001,1,BRD_STALK_EYED_FLY
SPC_TENREC_ECAUDATUS,BEAST_SPECIES,BEAST,R11,B07,BRD_TAILLESS_TENREC,SCARCITY_METABOLIC_SLOWING_EXPRESSION,FOREST | GRASSLAND | BUILT_ENVIRONMENT,FOREST_FLOOR | SCRUBLAND | SAVANNA | FARMLAND | CITY,SIMULATION_READY,EVD_JRN_R11_B01_SPC_TENREC_ECAUDATUS_PERSONALITY_ID_001 | EVD_JRN_R11_B01_SPC_TENREC_ECAUDATUS_TERRAIN_BROAD_001 | EVD_JRN_R11_B01_SPC_TENREC_ECAUDATUS_TERRAIN_SPECIFIC_001,1,BRD_TAILLESS_TENREC
SPC_TERATHOPIUS_ECAUDATUS,BEAST_SPECIES,BEAST,R18,B17,BRD_BATELEUR,ATTACHMENT_LIFELONG_BOND_EXPRESSION,GRASSLAND | FOREST | DESERT,SAVANNA | WOODLAND | SCRUBLAND | HOT_DESERT,SIMULATION_READY,EVD_JRN_R18_B01_SPC_TERATHOPIUS_ECAUDATUS_PERSONALITY_ID_001 | EVD_JRN_R18_B01_SPC_TERATHOPIUS_ECAUDATUS_TERRAIN_BROAD_001 | EVD_JRN_R18_B01_SPC_TERATHOPIUS_ECAUDATUS_TERRAIN_SPECIFIC_001,1,BRD_BATELEUR
SPC_TERRAPENE_CAROLINA,BEAST_SPECIES,BEAST,R04,B22,BRD_TERRAPENE_CAROLINA_EASTERN_BOX_TURTLE,MEMORY_RITUAL_RETURN_EXPRESSION,FOREST | GRASSLAND | WETLAND | FRESHWATER | SUBTERRANEAN,WOODLAND | MEADOW | FOREST_EDGE | RIVER | POND | BURROW,SIMULATION_READY,EVD_JRN_R04_B01_SPC_TERRAPENE_CAROLINA_PERSONALITY_ID_001 | EVD_JRN_R04_B01_SPC_TERRAPENE_CAROLINA_TERRAIN_BROAD_001 | EVD_JRN_R04_B01_SPC_TERRAPENE_CAROLINA_TERRAIN_SPECIFIC_001,1,BRD_TERRAPENE_CAROLINA_EASTERN_BOX_TURTLE
SPC_TETRAODON_MBU,BEAST_SPECIES,BEAST,R14,B04,BRD_MBU_PUFFERFISH,EMBODIMENT_PROTECTED_BODY_EXPRESSION,FRESHWATER,RIVER | LAKE,SIMULATION_READY,EVD_JRN_R14_B02_SPC_TETRAODON_MBU_PERSONALITY_ID_001 | EVD_JRN_R14_B02_SPC_TETRAODON_MBU_TERRAIN_BROAD_001 | EVD_JRN_R14_B02_SPC_TETRAODON_MBU_TERRAIN_SPECIFIC_001,1,BRD_MBU_PUFFERFISH
SPC_TETRAX_TETRAX,BEAST_SPECIES,BEAST,R17,B15,BRD_LITTLE_BUSTARD,BELONGING_HERDING_EXPRESSION,GRASSLAND | BUILT_ENVIRONMENT,STEPPE | FARMLAND | MEADOW,SIMULATION_READY,EVD_JRN_R17_B01_SPC_TETRAX_TETRAX_PERSONALITY_ID_001 | EVD_JRN_R17_B01_SPC_TETRAX_TETRAX_TERRAIN_BROAD_001 | EVD_JRN_R17_B01_SPC_TETRAX_TETRAX_TERRAIN_SPECIFIC_001,1,BRD_LITTLE_BUSTARD
SPC_THALASSARCHE_MELANOPHRIS,BEAST_SPECIES,BEAST,R01,B23,BRD_BLACK_BROWED_ALBATROSS,RISK_LEAP_OR_DIVE_EXPRESSION,OCEAN | COASTAL | POLAR_ICE,ISLAND | PELAGIC | PACK_ICE,SIMULATION_READY,EVD_JRN_R01_B02_SPC_THALASSARCHE_MELANOPHRIS_PERSONALITY_ID_001 | EVD_JRN_R01_B02_SPC_THALASSARCHE_MELANOPHRIS_TERRAIN_BROAD_001 | EVD_JRN_R01_B02_SPC_THALASSARCHE_MELANOPHRIS_TERRAIN_SPECIFIC_001,1,BRD_BLACK_BROWED_ALBATROSS
SPC_THAMNOPHIS_SIRTALIS,BEAST_SPECIES,BEAST,R25,B20,BRD_COMMON_GARTER_SNAKE,BELONGING_COLONY_EXPRESSION,GRASSLAND | WETLAND | FOREST | FRESHWATER | BUILT_ENVIRONMENT,MEADOW | MARSH | SWAMP | WOODLAND | POND | LAKE | RIVER | FARMLAND | CITY | VILLAGE,SIMULATION_READY,EVD_JRN_R25_B02_SPC_THAMNOPHIS_SIRTALIS_PERSONALITY_ID_001 | EVD_JRN_R25_B02_SPC_THAMNOPHIS_SIRTALIS_TERRAIN_BROAD_001 | EVD_JRN_R25_B02_SPC_THAMNOPHIS_SIRTALIS_TERRAIN_SPECIFIC_001,1,BRD_COMMON_GARTER_SNAKE
SPC_THAUMATIBIS_GIGANTEA,BEAST_SPECIES,BEAST,R01,B23,BRD_GIANT_IBIS,DUTY_NEST_DUTY_EXPRESSION,FOREST | WETLAND | FRESHWATER | GRASSLAND,WOODLAND | MARSH | RIVER | POND,SIMULATION_READY,EVD_JRN_R01_B02_SPC_THAUMATIBIS_GIGANTEA_PERSONALITY_ID_001 | EVD_JRN_R01_B02_SPC_THAUMATIBIS_GIGANTEA_TERRAIN_BROAD_001 | EVD_JRN_R01_B02_SPC_THAUMATIBIS_GIGANTEA_TERRAIN_SPECIFIC_001,1,BRD_GIANT_IBIS
SPC_THAUMOCTOPUS_MIMICUS,BEAST_SPECIES,BEAST,R14,B11,BRD_MIMIC_OCTOPUS,TRUTH_MIMICRY_EXPRESSION,OCEAN | COASTAL,MUDFLAT | ESTUARY,SIMULATION_READY,EVD_JRN_R14_B02_SPC_THAUMOCTOPUS_MIMICUS_PERSONALITY_ID_001 | EVD_JRN_R14_B02_SPC_THAUMOCTOPUS_MIMICUS_TERRAIN_BROAD_001 | EVD_JRN_R14_B02_SPC_THAUMOCTOPUS_MIMICUS_TERRAIN_SPECIFIC_001,1,BRD_MIMIC_OCTOPUS
SPC_THELODERMA_CORTICALE,BEAST_SPECIES,BEAST,R13,B01,BRD_VIETNAMESE_MOSSY_FROG,TRUTH_CAMOUFLAGE_EXPRESSION,FOREST | MOUNTAIN | FRESHWATER | SUBTERRANEAN,MONTANE_FOREST | CAVE | RIVER,SIMULATION_READY,EVD_JRN_R13_B01_SPC_THELODERMA_CORTICALE_PERSONALITY_ID_001 | EVD_JRN_R13_B01_SPC_THELODERMA_CORTICALE_TERRAIN_BROAD_001 | EVD_JRN_R13_B01_SPC_THELODERMA_CORTICALE_TERRAIN_SPECIFIC_001,1,BRD_VIETNAMESE_MOSSY_FROG
SPC_THERAPHOSA_BLONDI,BEAST_SPECIES,BEAST,R25,B02,BRD_GOLIATH_BIRDEATER,FEAR_DEFENSIVE_DISPLAY_EXPRESSION,FOREST | SUBTERRANEAN,RAIN_FOREST | BURROW | FOREST_FLOOR,SIMULATION_READY,EVD_JRN_R25_B02_SPC_THERAPHOSA_BLONDI_PERSONALITY_ID_001 | EVD_JRN_R25_B02_SPC_THERAPHOSA_BLONDI_TERRAIN_BROAD_001 | EVD_JRN_R25_B02_SPC_THERAPHOSA_BLONDI_TERRAIN_SPECIFIC_001,1,BRD_GOLIATH_BIRDEATER
SPC_THEROPITHECUS_GELADA,BEAST_SPECIES,BEAST,R15,B16,BRD_GELADA,EXPRESSION_VOCAL_EXPRESSION,MOUNTAIN | GRASSLAND,ALPINE | MEADOW | CLIFF | PLATEAU,SIMULATION_READY,EVD_JRN_R15_B01_SPC_THEROPITHECUS_GELADA_PERSONALITY_ID_001 | EVD_JRN_R15_B01_SPC_THEROPITHECUS_GELADA_TERRAIN_BROAD_001 | EVD_JRN_R15_B01_SPC_THEROPITHECUS_GELADA_TERRAIN_SPECIFIC_001,1,BRD_GELADA
SPC_THOMOMYS_BOTTAE,BEAST_SPECIES,BEAST,R20,B18,BRD_BOTTA_S_POCKET_GOPHER,CONTROL_ENVIRONMENT_ENGINEERING_EXPRESSION,GRASSLAND | DESERT | BUILT_ENVIRONMENT | SUBTERRANEAN,PRAIRIE | HOT_DESERT | FARMLAND | BURROW | SOIL,SIMULATION_READY,EVD_JRN_R20_B01_SPC_THOMOMYS_BOTTAE_PERSONALITY_ID_001 | EVD_JRN_R20_B01_SPC_THOMOMYS_BOTTAE_TERRAIN_BROAD_001 | EVD_JRN_R20_B01_SPC_THOMOMYS_BOTTAE_TERRAIN_SPECIFIC_001,1,BRD_BOTTA_S_POCKET_GOPHER
SPC_THRESKIORNIS_AETHIOPICUS,BEAST_SPECIES,BEAST,R01,B23,BRD_SACRED_IBIS,DESIRE_COURTSHIP_DISPLAY_EXPRESSION,FRESHWATER | WETLAND | COASTAL,RIVER | LAKE | POND | MARSH | ESTUARY | ISLAND,SIMULATION_READY,EVD_JRN_R01_B02_SPC_THRESKIORNIS_AETHIOPICUS_PERSONALITY_ID_001 | EVD_JRN_R01_B02_SPC_THRESKIORNIS_AETHIOPICUS_TERRAIN_BROAD_001 | EVD_JRN_R01_B02_SPC_THRESKIORNIS_AETHIOPICUS_TERRAIN_SPECIFIC_001,1,BRD_SACRED_IBIS
SPC_TIGRISOMA_MEXICANUM,BEAST_SPECIES,BEAST,R01,B23,BRD_BARE_THROATED_TIGER_HERON,PATIENCE_AMBUSH_PATIENCE_EXPRESSION,FOREST | WETLAND | COASTAL | FRESHWATER,MANGROVE | SWAMP | MARSH | RIVER | MEADOW | FOREST_EDGE,SIMULATION_READY,EVD_JRN_R01_B02_SPC_TIGRISOMA_MEXICANUM_PERSONALITY_ID_001 | EVD_JRN_R01_B02_SPC_TIGRISOMA_MEXICANUM_TERRAIN_BROAD_001 | EVD_JRN_R01_B02_SPC_TIGRISOMA_MEXICANUM_TERRAIN_SPECIFIC_001,1,BRD_BARE_THROATED_TIGER_HERON
SPC_TILIQUA_SCINCOIDES_SCINCOIDES,BEAST_SPECIES,BEAST,R24,B09,BRD_TILIQUA_SCINCOIDES_SCINCOIDES_EASTERN_BLUE_TONGUED_SKINK,FEAR_DEFENSIVE_DISPLAY_EXPRESSION,GRASSLAND | FOREST | BUILT_ENVIRONMENT,MEADOW | WOODLAND | FOREST_FLOOR | VILLAGE,SIMULATION_READY,EVD_JRN_R24_B01_SPC_TILIQUA_SCINCOIDES_SCINCOIDES_PERSONALITY_ID_001 | EVD_JRN_R24_B01_SPC_TILIQUA_SCINCOIDES_SCINCOIDES_TERRAIN_BROAD_001 | EVD_JRN_R24_B01_SPC_TILIQUA_SCINCOIDES_SCINCOIDES_TERRAIN_SPECIFIC_001,1,BRD_TILIQUA_SCINCOIDES_SCINCOIDES_EASTERN_BLUE_TONGUED_SKINK
SPC_TINAMUS_MAJOR,BEAST_SPECIES,BEAST,R17,B15,BRD_GIANT_TINAMOU,PROTECTION_YOUNG_SHIELDING_EXPRESSION,FOREST | WETLAND | FRESHWATER,RAIN_FOREST | CLOUD_FOREST | SWAMP | FOREST_FLOOR | RIVER,SIMULATION_READY,EVD_JRN_R17_B01_SPC_TINAMUS_MAJOR_PERSONALITY_ID_001 | EVD_JRN_R17_B01_SPC_TINAMUS_MAJOR_TERRAIN_BROAD_001 | EVD_JRN_R17_B01_SPC_TINAMUS_MAJOR_TERRAIN_SPECIFIC_001,1,BRD_GIANT_TINAMOU
SPC_TOLYPEUTES_MATACUS,BEAST_SPECIES,BEAST,R23,B24,BRD_SOUTHERN_THREE_BANDED_ARMADILLO,FEAR_DEFENSIVE_DISPLAY_EXPRESSION,GRASSLAND | FOREST,SAVANNA | SCRUBLAND | WOODLAND,SIMULATION_READY,EVD_JRN_R23_B01_SPC_TOLYPEUTES_MATACUS_PERSONALITY_ID_001 | EVD_JRN_R23_B01_SPC_TOLYPEUTES_MATACUS_TERRAIN_BROAD_001 | EVD_JRN_R23_B01_SPC_TOLYPEUTES_MATACUS_TERRAIN_SPECIFIC_001,1,BRD_SOUTHERN_THREE_BANDED_ARMADILLO
SPC_TOMISTOMA_SCHLEGELII,BEAST_SPECIES,BEAST,R04,B22,BRD_FALSE_GHARIAL,PATIENCE_AMBUSH_PATIENCE_EXPRESSION,FOREST | FRESHWATER | WETLAND,RAIN_FOREST | SWAMP | RIVER | LAKE,SIMULATION_READY,EVD_JRN_R04_B01_SPC_TOMISTOMA_SCHLEGELII_PERSONALITY_ID_001 | EVD_JRN_R04_B01_SPC_TOMISTOMA_SCHLEGELII_TERRAIN_BROAD_001 | EVD_JRN_R04_B01_SPC_TOMISTOMA_SCHLEGELII_TERRAIN_SPECIFIC_001,1,BRD_FALSE_GHARIAL
SPC_TOXOTES_BLYTHII,BEAST_SPECIES,BEAST,R14,B04,BRD_CLOUDED_ARCHERFISH,COLLECTIVE_MEMORY_TECHNIQUE_TRADITION,FRESHWATER,RIVER,SIMULATION_READY,EVD_JRN_R14_B02_SPC_TOXOTES_BLYTHII_PERSONALITY_ID_001 | EVD_JRN_R14_B02_SPC_TOXOTES_BLYTHII_TERRAIN_BROAD_001 | EVD_JRN_R14_B02_SPC_TOXOTES_BLYTHII_TERRAIN_SPECIFIC_001,1,BRD_CLOUDED_ARCHERFISH
SPC_TOXOTES_JACULATRIX,BEAST_SPECIES,BEAST,R14,B04,BRD_BANDED_ARCHERFISH,COLLECTIVE_MEMORY_TECHNIQUE_TRADITION,COASTAL | WETLAND | FRESHWATER,MANGROVE | ESTUARY | RIVER,SIMULATION_READY,EVD_JRN_R14_B02_SPC_TOXOTES_JACULATRIX_PERSONALITY_ID_001 | EVD_JRN_R14_B02_SPC_TOXOTES_JACULATRIX_TERRAIN_BROAD_001 | EVD_JRN_R14_B02_SPC_TOXOTES_JACULATRIX_TERRAIN_SPECIFIC_001,1,BRD_BANDED_ARCHERFISH
SPC_TRACHEMYS_SCRIPTA,BEAST_SPECIES,BEAST,R04,B22,BRD_RED_EARED_SLIDER,PLEASURE_BASKING_EXPRESSION,FRESHWATER | WETLAND | BUILT_ENVIRONMENT,RIVER | POND | LAKE | SWAMP | MARSH,SIMULATION_READY,EVD_JRN_R04_B01_SPC_TRACHEMYS_SCRIPTA_PERSONALITY_ID_001 | EVD_JRN_R04_B01_SPC_TRACHEMYS_SCRIPTA_TERRAIN_BROAD_001 | EVD_JRN_R04_B01_SPC_TRACHEMYS_SCRIPTA_TERRAIN_SPECIFIC_001,1,BRD_RED_EARED_SLIDER
SPC_TRACHYCEPHALUS_RESINIFICTRIX,BEAST_SPECIES,BEAST,R13,B01,BRD_AMAZON_MILK_FROG,EXPRESSION_CHEMICAL_EXPRESSION,FOREST,RAIN_FOREST | CANOPY,SIMULATION_READY,EVD_JRN_R13_B01_SPC_TRACHYCEPHALUS_RESINIFICTRIX_PERSONALITY_ID_001 | EVD_JRN_R13_B01_SPC_TRACHYCEPHALUS_RESINIFICTRIX_TERRAIN_BROAD_001 | EVD_JRN_R13_B01_SPC_TRACHYCEPHALUS_RESINIFICTRIX_TERRAIN_SPECIFIC_001,1,BRD_AMAZON_MILK_FROG
SPC_TRAGELAPHUS_STREPSICEROS,BEAST_SPECIES,BEAST,R02,B08,BRD_GREATER_KUDU,DOMINANCE_POSTURE_DOMINANCE_EXPRESSION,FOREST,WOODLAND | SCRUBLAND,SIMULATION_READY,EVD_JRN_R02_B02_SPC_TRAGELAPHUS_STREPSICEROS_PERSONALITY_ID_001 | EVD_JRN_R02_B02_SPC_TRAGELAPHUS_STREPSICEROS_TERRAIN_BROAD_001 | EVD_JRN_R02_B02_SPC_TRAGELAPHUS_STREPSICEROS_TERRAIN_SPECIFIC_001,1,BRD_GREATER_KUDU
SPC_TRAGULUS_KANCHIL,BEAST_SPECIES,BEAST,R02,B08,BRD_LESSER_MOUSE_DEER,BOUNDARIES_TERRITORIAL_MARKING_EXPRESSION,FOREST | FRESHWATER,RAIN_FOREST | FOREST_FLOOR | RIVER,SIMULATION_READY,EVD_JRN_R02_B02_SPC_TRAGULUS_KANCHIL_PERSONALITY_ID_001 | EVD_JRN_R02_B02_SPC_TRAGULUS_KANCHIL_TERRAIN_BROAD_001 | EVD_JRN_R02_B02_SPC_TRAGULUS_KANCHIL_TERRAIN_SPECIFIC_001,1,BRD_LESSER_MOUSE_DEER
SPC_TREMARCTOS_ORNATUS,BEAST_SPECIES,BEAST,R02,B05,BRD_SPECTACLED_BEAR,PURPOSE_MIGRATION_PURPOSE_EXPRESSION,MOUNTAIN | FOREST | SUBTERRANEAN,CLOUD_FOREST | WOODLAND | SCRUBLAND | CANOPY | CLIFF | CAVE,SIMULATION_READY,EVD_JRN_R02_B02_SPC_TREMARCTOS_ORNATUS_PERSONALITY_ID_001 | EVD_JRN_R02_B02_SPC_TREMARCTOS_ORNATUS_TERRAIN_BROAD_001 | EVD_JRN_R02_B02_SPC_TREMARCTOS_ORNATUS_TERRAIN_SPECIFIC_001,1,BRD_SPECTACLED_BEAR
SPC_TRIATOMA_INFESTANS,BEAST_SPECIES,BEAST,R25,B02,BRD_KISSING_BUG,BELONGING_COLONY_EXPRESSION,BUILT_ENVIRONMENT | GRASSLAND | DESERT,VILLAGE | CITY | FARMLAND | SCRUBLAND | RUINS,SIMULATION_READY,EVD_JRN_R25_B02_SPC_TRIATOMA_INFESTANS_PERSONALITY_ID_001 | EVD_JRN_R25_B02_SPC_TRIATOMA_INFESTANS_TERRAIN_BROAD_001 | EVD_JRN_R25_B02_SPC_TRIATOMA_INFESTANS_TERRAIN_SPECIFIC_001,1,BRD_KISSING_BUG
SPC_TRIBOLONOTUS_GRACILIS,BEAST_SPECIES,BEAST,R24,B09,BRD_RED_EYED_CROCODILE_SKINK,DUTY_NEST_DUTY_EXPRESSION,FOREST | FRESHWATER | SUBTERRANEAN,RAIN_FOREST | FOREST_FLOOR | RIVER | BURROW,SIMULATION_READY,EVD_JRN_R24_B01_SPC_TRIBOLONOTUS_GRACILIS_PERSONALITY_ID_001 | EVD_JRN_R24_B01_SPC_TRIBOLONOTUS_GRACILIS_TERRAIN_BROAD_001 | EVD_JRN_R24_B01_SPC_TRIBOLONOTUS_GRACILIS_TERRAIN_SPECIFIC_001,1,BRD_RED_EYED_CROCODILE_SKINK
SPC_TRIBONIOPHORUS_GRAEFFEI,BEAST_SPECIES,BEAST,R14,B11,BRD_RED_TRIANGLE_SLUG,EXPRESSION_CHEMICAL_EXPRESSION,FOREST | GRASSLAND | BUILT_ENVIRONMENT,FOREST_FLOOR | WOODLAND | CITY,SIMULATION_READY,EVD_JRN_R14_B02_SPC_TRIBONIOPHORUS_GRAEFFEI_PERSONALITY_ID_001 | EVD_JRN_R14_B02_SPC_TRIBONIOPHORUS_GRAEFFEI_TERRAIN_BROAD_001 | EVD_JRN_R14_B02_SPC_TRIBONIOPHORUS_GRAEFFEI_TERRAIN_SPECIFIC_001,1,BRD_RED_TRIANGLE_SLUG
SPC_TRICHECHUS_INUNGUIS,BEAST_SPECIES,BEAST,R11,B07,BRD_AMAZONIAN_MANATEE,SCARCITY_METABOLIC_SLOWING_EXPRESSION,FRESHWATER | WETLAND | FOREST,RIVER | LAKE | FLOODPLAIN | SWAMP,SIMULATION_READY,EVD_JRN_R11_B01_SPC_TRICHECHUS_INUNGUIS_PERSONALITY_ID_001 | EVD_JRN_R11_B01_SPC_TRICHECHUS_INUNGUIS_TERRAIN_BROAD_001 | EVD_JRN_R11_B01_SPC_TRICHECHUS_INUNGUIS_TERRAIN_SPECIFIC_001,1,BRD_AMAZONIAN_MANATEE
SPC_TRICHECHUS_MANATUS,BEAST_SPECIES,BEAST,R11,B07,BRD_WEST_INDIAN_MANATEE,TRADITION_FORAGING_TRADITION_EXPRESSION,OCEAN | COASTAL | FRESHWATER | WETLAND,SEAGRASS_BED | ESTUARY | RIVER | MARSH,SIMULATION_READY,EVD_JRN_R11_B01_SPC_TRICHECHUS_MANATUS_PERSONALITY_ID_001 | EVD_JRN_R11_B01_SPC_TRICHECHUS_MANATUS_TERRAIN_BROAD_001 | EVD_JRN_R11_B01_SPC_TRICHECHUS_MANATUS_TERRAIN_SPECIFIC_001,1,BRD_WEST_INDIAN_MANATEE
SPC_TRICHECHUS_SENEGALENSIS,BEAST_SPECIES,BEAST,R11,B07,BRD_AFRICAN_MANATEE,CHANGE_MIGRATION_CHANGE_WOUND,FRESHWATER | COASTAL | WETLAND,RIVER | LAKE | ESTUARY | FLOODPLAIN,SIMULATION_READY,EVD_JRN_R11_B01_SPC_TRICHECHUS_SENEGALENSIS_PERSONALITY_ID_001 | EVD_JRN_R11_B01_SPC_TRICHECHUS_SENEGALENSIS_TERRAIN_BROAD_001 | EVD_JRN_R11_B01_SPC_TRICHECHUS_SENEGALENSIS_TERRAIN_SPECIFIC_001,1,BRD_AFRICAN_MANATEE
SPC_TRICHOBATRACHUS_ROBUSTUS,BEAST_SPECIES,BEAST,R13,B01,BRD_HAIRY_FROG,EMBODIMENT_WEAPON_BODY_CONFLICT,FOREST | FRESHWATER,RAIN_FOREST | RIVER,SIMULATION_READY,EVD_JRN_R13_B01_SPC_TRICHOBATRACHUS_ROBUSTUS_PERSONALITY_ID_001 | EVD_JRN_R13_B01_SPC_TRICHOBATRACHUS_ROBUSTUS_TERRAIN_BROAD_001 | EVD_JRN_R13_B01_SPC_TRICHOBATRACHUS_ROBUSTUS_TERRAIN_SPECIFIC_001,1,BRD_HAIRY_FROG
SPC_TRICHONEPHILA_CLAVIPES,BEAST_SPECIES,BEAST,R25,B02,BRD_GOLDEN_SILK_ORB_WEAVER,STEWARDSHIP_HABITAT_ENGINEERING_EXPRESSION,FOREST | FRESHWATER,FOREST_EDGE | RAIN_FOREST | RIVER | CANOPY,SIMULATION_READY,EVD_JRN_R25_B02_SPC_TRICHONEPHILA_CLAVIPES_PERSONALITY_ID_001 | EVD_JRN_R25_B02_SPC_TRICHONEPHILA_CLAVIPES_TERRAIN_BROAD_001 | EVD_JRN_R25_B02_SPC_TRICHONEPHILA_CLAVIPES_TERRAIN_SPECIFIC_001,1,BRD_GOLDEN_SILK_ORB_WEAVER
SPC_TRICHOSURUS_VULPECULA,BEAST_SPECIES,BEAST,R22,B10,BRD_COMMON_BRUSHTAIL_POSSUM,BOUNDARIES_TERRITORIAL_MARKING_EXPRESSION,FOREST | BUILT_ENVIRONMENT,WOODLAND | CANOPY | CITY,SIMULATION_READY,EVD_JRN_R22_B01_SPC_TRICHOSURUS_VULPECULA_PERSONALITY_ID_001 | EVD_JRN_R22_B01_SPC_TRICHOSURUS_VULPECULA_TERRAIN_BROAD_001 | EVD_JRN_R22_B01_SPC_TRICHOSURUS_VULPECULA_TERRAIN_SPECIFIC_001,1,BRD_COMMON_BRUSHTAIL_POSSUM
SPC_TRINGA_HYPOLEUCOS,BEAST_SPECIES,BEAST,R01,B23,BRD_COMMON_SANDPIPER,PURPOSE_MIGRATION_PURPOSE_EXPRESSION,MOUNTAIN | FRESHWATER,RIVER | LAKE,SIMULATION_READY,EVD_JRN_R01_B02_SPC_TRINGA_HYPOLEUCOS_PERSONALITY_ID_001 | EVD_JRN_R01_B02_SPC_TRINGA_HYPOLEUCOS_TERRAIN_BROAD_001 | EVD_JRN_R01_B02_SPC_TRINGA_HYPOLEUCOS_TERRAIN_SPECIFIC_001,1,BRD_COMMON_SANDPIPER
SPC_TRINGA_VANELLUS,BEAST_SPECIES,BEAST,R01,B23,BRD_NORTHERN_LAPWING,DESIRE_COURTSHIP_DISPLAY_EXPRESSION,WETLAND | COASTAL | FRESHWATER,ESTUARY | MARSH | LAKE | POND | MUDFLAT,SIMULATION_READY,EVD_JRN_R01_B02_SPC_TRINGA_VANELLUS_PERSONALITY_ID_001 | EVD_JRN_R01_B02_SPC_TRINGA_VANELLUS_TERRAIN_BROAD_001 | EVD_JRN_R01_B02_SPC_TRINGA_VANELLUS_TERRAIN_SPECIFIC_001,1,BRD_NORTHERN_LAPWING
SPC_TRIOCEROS_JACKSONII,BEAST_SPECIES,BEAST,R24,B09,BRD_JACKSON_S_CHAMELEON,BOUNDARIES_DOMAIN_BOUND_CONFLICT,MOUNTAIN | FOREST,MONTANE_FOREST | CLOUD_FOREST | CANOPY,SIMULATION_READY,EVD_JRN_R24_B01_SPC_TRIOCEROS_JACKSONII_PERSONALITY_ID_001 | EVD_JRN_R24_B01_SPC_TRIOCEROS_JACKSONII_TERRAIN_BROAD_001 | EVD_JRN_R24_B01_SPC_TRIOCEROS_JACKSONII_TERRAIN_SPECIFIC_001,1,BRD_JACKSON_S_CHAMELEON
SPC_TRITURUS_CRISTATUS,BEAST_SPECIES,BEAST,R13,B01,BRD_GREAT_CRESTED_NEWT,DESIRE_COURTSHIP_DISPLAY_EXPRESSION,FRESHWATER | WETLAND | FOREST | GRASSLAND,POND | WOODLAND | MEADOW,SIMULATION_READY,EVD_JRN_R13_B01_SPC_TRITURUS_CRISTATUS_PERSONALITY_ID_001 | EVD_JRN_R13_B01_SPC_TRITURUS_CRISTATUS_TERRAIN_BROAD_001 | EVD_JRN_R13_B01_SPC_TRITURUS_CRISTATUS_TERRAIN_SPECIFIC_001,1,BRD_GREAT_CRESTED_NEWT
SPC_TUPAIA_GLIS,BEAST_SPECIES,BEAST,R23,B24,BRD_COMMON_TREESHREW,LOYALTY_GROUP_ALLEGIANCE_EXPRESSION,FOREST | BUILT_ENVIRONMENT,RAIN_FOREST | FOREST_FLOOR | CANOPY | FARMLAND,SIMULATION_READY,EVD_JRN_R23_B01_SPC_TUPAIA_GLIS_PERSONALITY_ID_001 | EVD_JRN_R23_B01_SPC_TUPAIA_GLIS_TERRAIN_BROAD_001 | EVD_JRN_R23_B01_SPC_TUPAIA_GLIS_TERRAIN_SPECIFIC_001,1,BRD_COMMON_TREESHREW
SPC_TURDUS_PHILOMELOS,BEAST_SPECIES,BEAST,R08,B21,BRD_SONG_THRUSH,EXPRESSION_VOCAL_EXPRESSION,FOREST | BUILT_ENVIRONMENT,WOODLAND | SCRUBLAND | VILLAGE,SIMULATION_READY,EVD_JRN_R08_B01_SPC_TURDUS_PHILOMELOS_PERSONALITY_ID_001 | EVD_JRN_R08_B01_SPC_TURDUS_PHILOMELOS_TERRAIN_BROAD_001 | EVD_JRN_R08_B01_SPC_TURDUS_PHILOMELOS_TERRAIN_SPECIFIC_001,1,BRD_SONG_THRUSH
SPC_TURSIOPS_TRUNCATUS,BEAST_SPECIES,BEAST,R01,B06,BRD_COMMON_BOTTLENOSE_DOLPHIN,COOPERATION_COOPERATIVE_HUNTING_EXPRESSION,OCEAN | COASTAL,ESTUARY | PELAGIC,SIMULATION_READY,EVD_JRN_R01_B02_SPC_TURSIOPS_TRUNCATUS_PERSONALITY_ID_001 | EVD_JRN_R01_B02_SPC_TURSIOPS_TRUNCATUS_TERRAIN_BROAD_001 | EVD_JRN_R01_B02_SPC_TURSIOPS_TRUNCATUS_TERRAIN_SPECIFIC_001,1,BRD_COMMON_BOTTLENOSE_DOLPHIN
SPC_TYLOTOTRITON_SHANJING,BEAST_SPECIES,BEAST,R13,B01,BRD_EMPEROR_NEWT,EMBODIMENT_PROTECTED_BODY_EXPRESSION,MOUNTAIN | FRESHWATER | GRASSLAND | FOREST,MONTANE_FOREST | RIVER | POND | MEADOW,SIMULATION_READY,EVD_JRN_R13_B01_SPC_TYLOTOTRITON_SHANJING_PERSONALITY_ID_001 | EVD_JRN_R13_B01_SPC_TYLOTOTRITON_SHANJING_TERRAIN_BROAD_001 | EVD_JRN_R13_B01_SPC_TYLOTOTRITON_SHANJING_TERRAIN_SPECIFIC_001,1,BRD_EMPEROR_NEWT
SPC_TYPHLONECTES_COMPRESSICAUDA,BEAST_SPECIES,BEAST,R13,B01,BRD_AQUATIC_CAECILIAN,CARE_PROVISIONING_EXPRESSION,FRESHWATER | WETLAND | FOREST,RIVER | MARSH | RAIN_FOREST | BURROW,SIMULATION_READY,EVD_JRN_R13_B01_SPC_TYPHLONECTES_COMPRESSICAUDA_PERSONALITY_ID_001 | EVD_JRN_R13_B01_SPC_TYPHLONECTES_COMPRESSICAUDA_TERRAIN_BROAD_001 | EVD_JRN_R13_B01_SPC_TYPHLONECTES_COMPRESSICAUDA_TERRAIN_SPECIFIC_001,1,BRD_AQUATIC_CAECILIAN
SPC_TYTO_ALBA,BEAST_SPECIES,BEAST,R18,B17,BRD_BARN_OWL,DISCIPLINE_FORAGING_DISCIPLINE_EXPRESSION,GRASSLAND | WETLAND | FOREST | BUILT_ENVIRONMENT,FARMLAND | MEADOW | MARSH | FOREST_EDGE | VILLAGE | CITY,SIMULATION_READY,EVD_JRN_R18_B01_SPC_TYTO_ALBA_PERSONALITY_ID_001 | EVD_JRN_R18_B01_SPC_TYTO_ALBA_TERRAIN_BROAD_001 | EVD_JRN_R18_B01_SPC_TYTO_ALBA_TERRAIN_SPECIFIC_001,1,BRD_BARN_OWL
SPC_UMBONIA_CRASSICORNIS,BEAST_SPECIES,BEAST,R25,B02,BRD_THORN_BUG,PROTECTION_YOUNG_SHIELDING_EXPRESSION,FOREST | GRASSLAND | BUILT_ENVIRONMENT,CANOPY | WOODLAND | SCRUBLAND | CITY | VILLAGE,SIMULATION_READY,EVD_JRN_R25_B02_SPC_UMBONIA_CRASSICORNIS_PERSONALITY_ID_001 | EVD_JRN_R25_B02_SPC_UMBONIA_CRASSICORNIS_TERRAIN_BROAD_001 | EVD_JRN_R25_B02_SPC_UMBONIA_CRASSICORNIS_TERRAIN_SPECIFIC_001,1,BRD_THORN_BUG
SPC_UNCIA_UNCIA,BEAST_SPECIES,BEAST,R02,B05,BRD_SNOW_LEOPARD,TRUTH_CAMOUFLAGE_EXPRESSION,MOUNTAIN | GRASSLAND,ALPINE | CLIFF | SCRUBLAND,SIMULATION_READY,EVD_JRN_R02_B02_SPC_UNCIA_UNCIA_PERSONALITY_ID_001 | EVD_JRN_R02_B02_SPC_UNCIA_UNCIA_TERRAIN_BROAD_001 | EVD_JRN_R02_B02_SPC_UNCIA_UNCIA_TERRAIN_SPECIFIC_001,1,BRD_SNOW_LEOPARD
SPC_URIA_AALGE,BEAST_SPECIES,BEAST,R01,B23,BRD_COMMON_MURRE,RISK_LEAP_OR_DIVE_EXPRESSION,OCEAN | COASTAL,PELAGIC | CLIFF | COASTAL_CLIFF,SIMULATION_READY,EVD_JRN_R01_B02_SPC_URIA_AALGE_PERSONALITY_ID_001 | EVD_JRN_R01_B02_SPC_URIA_AALGE_TERRAIN_BROAD_001 | EVD_JRN_R01_B02_SPC_URIA_AALGE_TERRAIN_SPECIFIC_001,1,BRD_COMMON_MURRE
SPC_UROMASTYX_AEGYPTIA,BEAST_SPECIES,BEAST,R24,B09,BRD_EGYPTIAN_SPINY_TAILED_LIZARD,BELONGING_COLONY_EXPRESSION,DESERT | SUBTERRANEAN,HOT_DESERT | SCRUBLAND | BURROW,SIMULATION_READY,EVD_JRN_R24_B01_SPC_UROMASTYX_AEGYPTIA_PERSONALITY_ID_001 | EVD_JRN_R24_B01_SPC_UROMASTYX_AEGYPTIA_TERRAIN_BROAD_001 | EVD_JRN_R24_B01_SPC_UROMASTYX_AEGYPTIA_TERRAIN_SPECIFIC_001,1,BRD_EGYPTIAN_SPINY_TAILED_LIZARD
SPC_UROPLATUS_PHANTASTICUS,BEAST_SPECIES,BEAST,R24,B09,BRD_SATANIC_LEAF_TAILED_GECKO,TRUTH_CAMOUFLAGE_EXPRESSION,FOREST,RAIN_FOREST | FOREST_FLOOR | CANOPY,SIMULATION_READY,EVD_JRN_R24_B01_SPC_UROPLATUS_PHANTASTICUS_PERSONALITY_ID_001 | EVD_JRN_R24_B01_SPC_UROPLATUS_PHANTASTICUS_TERRAIN_BROAD_001 | EVD_JRN_R24_B01_SPC_UROPLATUS_PHANTASTICUS_TERRAIN_SPECIFIC_001,1,BRD_SATANIC_LEAF_TAILED_GECKO
SPC_URSUS_AMERICANUS,BEAST_SPECIES,BEAST,R02,B05,BRD_AMERICAN_BLACK_BEAR,NOVELTY_STRATEGY_SWITCH_EXPRESSION,MOUNTAIN | FOREST | FRESHWATER | SUBTERRANEAN,MONTANE_FOREST | FOREST_EDGE | RIVER | BURROW,SIMULATION_READY,EVD_JRN_R02_B02_SPC_URSUS_AMERICANUS_PERSONALITY_ID_001 | EVD_JRN_R02_B02_SPC_URSUS_AMERICANUS_TERRAIN_BROAD_001 | EVD_JRN_R02_B02_SPC_URSUS_AMERICANUS_TERRAIN_SPECIFIC_001,1,BRD_AMERICAN_BLACK_BEAR
SPC_URSUS_ARCTOS,BEAST_SPECIES,BEAST,R02,B05,BRD_GRIZZLY_BEAR | BRD_URSUS_ARCTOS_BROWN_BEAR,NOVELTY_STRATEGY_SWITCH_EXPRESSION,COASTAL | MOUNTAIN | POLAR_ICE,GLACIER | FJORD,SIMULATION_READY,EVD_JRN_R02_B02_SPC_URSUS_ARCTOS_PERSONALITY_ID_001 | EVD_JRN_R02_B02_SPC_URSUS_ARCTOS_TERRAIN_BROAD_001 | EVD_JRN_R02_B02_SPC_URSUS_ARCTOS_TERRAIN_SPECIFIC_001,2,BRD_GRIZZLY_BEAR | BRD_URSUS_ARCTOS_BROWN_BEAR
SPC_URSUS_MARITIMUS,BEAST_SPECIES,BEAST,R02,B05,BRD_POLAR_BEAR,PATIENCE_AMBUSH_PATIENCE_EXPRESSION,POLAR_ICE | OCEAN | COASTAL,PACK_ICE,SIMULATION_READY,EVD_JRN_R02_B02_SPC_URSUS_MARITIMUS_PERSONALITY_ID_001 | EVD_JRN_R02_B02_SPC_URSUS_MARITIMUS_TERRAIN_BROAD_001 | EVD_JRN_R02_B02_SPC_URSUS_MARITIMUS_TERRAIN_SPECIFIC_001,1,BRD_POLAR_BEAR
SPC_URSUS_THIBETANUS,BEAST_SPECIES,BEAST,R02,B05,BRD_ASIAN_BLACK_BEAR,DOMINANCE_RESOURCE_MONOPOLY_EXPRESSION,FOREST | MOUNTAIN | GRASSLAND | SUBTERRANEAN | FRESHWATER,WOODLAND | ALPINE | MEADOW | CANOPY | CAVE | BURROW | RIVER | CLIFF,SIMULATION_READY,EVD_JRN_R02_B02_SPC_URSUS_THIBETANUS_PERSONALITY_ID_001 | EVD_JRN_R02_B02_SPC_URSUS_THIBETANUS_TERRAIN_BROAD_001 | EVD_JRN_R02_B02_SPC_URSUS_THIBETANUS_TERRAIN_SPECIFIC_001,1,BRD_ASIAN_BLACK_BEAR
SPC_VAMPYROTEUTHIS_INFERNALIS,BEAST_SPECIES,BEAST,R14,B11,BRD_VAMPIRE_SQUID,EXPRESSION_VISUAL_EXPRESSION,OCEAN,PELAGIC,SIMULATION_READY,EVD_JRN_R14_B02_SPC_VAMPYROTEUTHIS_INFERNALIS_PERSONALITY_ID_001 | EVD_JRN_R14_B02_SPC_VAMPYROTEUTHIS_INFERNALIS_TERRAIN_BROAD_001 | EVD_JRN_R14_B02_SPC_VAMPYROTEUTHIS_INFERNALIS_TERRAIN_SPECIFIC_001,1,BRD_VAMPIRE_SQUID
SPC_VANELLUS_ARMATUS,BEAST_SPECIES,BEAST,R01,B23,BRD_BLACKSMITH_LAPWING,COOPERATION_GROUP_DEFENSE_EXPRESSION,WETLAND | GRASSLAND | FRESHWATER | COASTAL,MARSH | MEADOW | LAKE | RIVER | ESTUARY | ISLAND,SIMULATION_READY,EVD_JRN_R01_B02_SPC_VANELLUS_ARMATUS_PERSONALITY_ID_001 | EVD_JRN_R01_B02_SPC_VANELLUS_ARMATUS_TERRAIN_BROAD_001 | EVD_JRN_R01_B02_SPC_VANELLUS_ARMATUS_TERRAIN_SPECIFIC_001,1,BRD_BLACKSMITH_LAPWING
SPC_VARANUS_GIGANTEUS,BEAST_SPECIES,BEAST,R24,B09,BRD_PERENTIE,DISCIPLINE_FORAGING_DISCIPLINE_EXPRESSION,DESERT | MOUNTAIN | SUBTERRANEAN,HOT_DESERT | SCRUBLAND | PLATEAU | BURROW | CAVE,SIMULATION_READY,EVD_JRN_R24_B01_SPC_VARANUS_GIGANTEUS_PERSONALITY_ID_001 | EVD_JRN_R24_B01_SPC_VARANUS_GIGANTEUS_TERRAIN_BROAD_001 | EVD_JRN_R24_B01_SPC_VARANUS_GIGANTEUS_TERRAIN_SPECIFIC_001,1,BRD_PERENTIE
SPC_VARANUS_KOMODOENSIS,BEAST_SPECIES,BEAST,R24,B09,BRD_KOMODO_DRAGON,PATIENCE_AMBUSH_PATIENCE_EXPRESSION,FOREST | GRASSLAND | COASTAL | MOUNTAIN | SUBTERRANEAN,SAVANNA | WOODLAND | ISLAND | COASTAL_CLIFF | PLATEAU | BURROW,SIMULATION_READY,EVD_JRN_R24_B01_SPC_VARANUS_KOMODOENSIS_PERSONALITY_ID_001 | EVD_JRN_R24_B01_SPC_VARANUS_KOMODOENSIS_TERRAIN_BROAD_001 | EVD_JRN_R24_B01_SPC_VARANUS_KOMODOENSIS_TERRAIN_SPECIFIC_001,1,BRD_KOMODO_DRAGON
SPC_VARANUS_NILOTICUS,BEAST_SPECIES,BEAST,R24,B09,BRD_NILE_MONITOR,CONTROL_ADAPTIVE_SURRENDER_EXPRESSION,FRESHWATER | WETLAND | FOREST | GRASSLAND | COASTAL | BUILT_ENVIRONMENT | SUBTERRANEAN,RIVER | LAKE | MARSH | ESTUARY | SAVANNA | WOODLAND | ISLAND | CITY | BURROW,SIMULATION_READY,EVD_JRN_R24_B01_SPC_VARANUS_NILOTICUS_PERSONALITY_ID_001 | EVD_JRN_R24_B01_SPC_VARANUS_NILOTICUS_TERRAIN_BROAD_001 | EVD_JRN_R24_B01_SPC_VARANUS_NILOTICUS_TERRAIN_SPECIFIC_001,1,BRD_NILE_MONITOR
SPC_VARANUS_PRASINUS,BEAST_SPECIES,BEAST,R24,B09,BRD_EMERALD_TREE_MONITOR,BELONGING_COLONY_EXPRESSION,FOREST | WETLAND,RAIN_FOREST | CANOPY | MANGROVE | ISLAND,SIMULATION_READY,EVD_JRN_R24_B01_SPC_VARANUS_PRASINUS_PERSONALITY_ID_001 | EVD_JRN_R24_B01_SPC_VARANUS_PRASINUS_TERRAIN_BROAD_001 | EVD_JRN_R24_B01_SPC_VARANUS_PRASINUS_TERRAIN_SPECIFIC_001,1,BRD_EMERALD_TREE_MONITOR
SPC_VARECIA_RUBRA,BEAST_SPECIES,BEAST,R15,B16,BRD_RED_RUFFED_LEMUR,CARE_CARRYING_EXPRESSION,FOREST,RAIN_FOREST | CANOPY | FOREST_EDGE,SIMULATION_READY,EVD_JRN_R15_B01_SPC_VARECIA_RUBRA_PERSONALITY_ID_001 | EVD_JRN_R15_B01_SPC_VARECIA_RUBRA_TERRAIN_BROAD_001 | EVD_JRN_R15_B01_SPC_VARECIA_RUBRA_TERRAIN_SPECIFIC_001,1,BRD_RED_RUFFED_LEMUR
SPC_VERSIPELLIS_ASWANG,MYTHOS_SPECIES,MYTHOS,R07,M21,BRD_ASWANG,AUTHENTICITY_CONTEXTUAL_FORM_EXPRESSION,GENERALIST,GENERALIST,SIMULATION_READY,EVD_JRN_R07_B01_SPC_VERSIPELLIS_ASWANG_PERSONALITY_ID_001 | EVD_JRN_R07_B01_SPC_VERSIPELLIS_ASWANG_TERRAIN_BROAD_001 | EVD_JRN_R07_B01_SPC_VERSIPELLIS_ASWANG_TERRAIN_SPECIFIC_001,1,BRD_ASWANG
SPC_VERSIPELLIS_DOPPELGANGER,MYTHOS_SPECIES,MYTHOS,R07,M21,BRD_DOPPELGANGER,SELF_KNOWLEDGE_SPLIT_SOUL_CONFLICT,GENERALIST,GENERALIST,SIMULATION_READY,EVD_JRN_R07_B01_SPC_VERSIPELLIS_DOPPELGANGER_PERSONALITY_ID_001 | EVD_JRN_R07_B01_SPC_VERSIPELLIS_DOPPELGANGER_TERRAIN_BROAD_001 | EVD_JRN_R07_B01_SPC_VERSIPELLIS_DOPPELGANGER_TERRAIN_SPECIFIC_001,1,BRD_DOPPELGANGER
SPC_VERSIPELLIS_HULIJING,MYTHOS_SPECIES,MYTHOS,R07,M21,BRD_HULI_JING,AUTHENTICITY_CONTEXTUAL_FORM_EXPRESSION,GENERALIST,GENERALIST,SIMULATION_READY,EVD_JRN_R07_B01_SPC_VERSIPELLIS_HULIJING_PERSONALITY_ID_001 | EVD_JRN_R07_B01_SPC_VERSIPELLIS_HULIJING_TERRAIN_BROAD_001 | EVD_JRN_R07_B01_SPC_VERSIPELLIS_HULIJING_TERRAIN_SPECIFIC_001,1,BRD_HULI_JING
SPC_VERSIPELLIS_IJIRAQ,MYTHOS_SPECIES,MYTHOS,R07,M21,BRD_IJIRAQ,SECRECY_MASK_WITHIN_MASK_CONFLICT,POLAR_ICE,TUNDRA,SIMULATION_READY,EVD_JRN_R07_B01_SPC_VERSIPELLIS_IJIRAQ_PERSONALITY_ID_001 | EVD_JRN_R07_B01_SPC_VERSIPELLIS_IJIRAQ_TERRAIN_BROAD_001 | EVD_JRN_R07_B01_SPC_VERSIPELLIS_IJIRAQ_TERRAIN_SPECIFIC_001,1,BRD_IJIRAQ
SPC_VERSIPELLIS_KITSUNE,MYTHOS_SPECIES,MYTHOS,R07,M21,BRD_KITSUNE,AMBIGUITY_BLESSING_CURSE_CONFLICT,GENERALIST,GENERALIST,SIMULATION_READY,EVD_JRN_R07_B01_SPC_VERSIPELLIS_KITSUNE_PERSONALITY_ID_001 | EVD_JRN_R07_B01_SPC_VERSIPELLIS_KITSUNE_TERRAIN_BROAD_001 | EVD_JRN_R07_B01_SPC_VERSIPELLIS_KITSUNE_TERRAIN_SPECIFIC_001,1,BRD_KITSUNE
SPC_VERSIPELLIS_KUMIHO,MYTHOS_SPECIES,MYTHOS,R07,M21,BRD_KUMIHO,DESIRE_HUNGER_VERSUS_LOVE_CONFLICT,GENERALIST,GENERALIST,SIMULATION_READY,EVD_JRN_R07_B01_SPC_VERSIPELLIS_KUMIHO_PERSONALITY_ID_001 | EVD_JRN_R07_B01_SPC_VERSIPELLIS_KUMIHO_TERRAIN_BROAD_001 | EVD_JRN_R07_B01_SPC_VERSIPELLIS_KUMIHO_TERRAIN_SPECIFIC_001,1,BRD_KUMIHO
SPC_VERSIPELLIS_KUSHTAKA,MYTHOS_SPECIES,MYTHOS,R07,M21,BRD_KUSHTAKA,COMPASSION_RESCUE_CONTROL_WOUND,FOREST | FRESHWATER,GENERALIST,SIMULATION_READY,EVD_JRN_R07_B01_SPC_VERSIPELLIS_KUSHTAKA_PERSONALITY_ID_001 | EVD_JRN_R07_B01_SPC_VERSIPELLIS_KUSHTAKA_TERRAIN_BROAD_001 | EVD_JRN_R07_B01_SPC_VERSIPELLIS_KUSHTAKA_TERRAIN_SPECIFIC_001,1,BRD_KUSHTAKA
SPC_VERSIPELLIS_MULTIPLEX,MYTHOS_SPECIES,MYTHOS,R07,M21,BRD_WEREBEINGS_WEREBEAR | BRD_WEREBEINGS_WEREBOAR | BRD_WEREBEINGS_WERETIGER | BRD_WEREBEINGS_WEREWOLF,AMBIGUITY_UNFIXED_FORM_CONFLICT,GENERALIST,GENERALIST,SIMULATION_READY,EVD_JRN_R07_B01_SPC_VERSIPELLIS_MULTIPLEX_PERSONALITY_ID_001 | EVD_JRN_R07_B01_SPC_VERSIPELLIS_MULTIPLEX_TERRAIN_BROAD_001 | EVD_JRN_R07_B01_SPC_VERSIPELLIS_MULTIPLEX_TERRAIN_SPECIFIC_001,4,BRD_WEREBEINGS_WEREBEAR | BRD_WEREBEINGS_WEREBOAR | BRD_WEREBEINGS_WERETIGER | BRD_WEREBEINGS_WEREWOLF
SPC_VERSIPELLIS_SELKIE,MYTHOS_SPECIES,MYTHOS,R07,M21,BRD_SELKIE,LAND_ROOTEDNESS_VERSUS_FREEDOM_CONFLICT,OCEAN | COASTAL,ISLAND,SIMULATION_READY,EVD_JRN_R07_B01_SPC_VERSIPELLIS_SELKIE_PERSONALITY_ID_001 | EVD_JRN_R07_B01_SPC_VERSIPELLIS_SELKIE_TERRAIN_BROAD_001 | EVD_JRN_R07_B01_SPC_VERSIPELLIS_SELKIE_TERRAIN_SPECIFIC_001,1,BRD_SELKIE
SPC_VERSIPELLIS_TANUKI,MYTHOS_SPECIES,MYTHOS,R07,M21,BRD_TANUKI,RECIPROCITY_GIFT_AS_BINDING_CONFLICT,GENERALIST,GENERALIST,SIMULATION_READY,EVD_JRN_R07_B01_SPC_VERSIPELLIS_TANUKI_PERSONALITY_ID_001 | EVD_JRN_R07_B01_SPC_VERSIPELLIS_TANUKI_TERRAIN_BROAD_001 | EVD_JRN_R07_B01_SPC_VERSIPELLIS_TANUKI_TERRAIN_SPECIFIC_001,1,BRD_TANUKI
SPC_VESPA_MANDARINIA,BEAST_SPECIES,BEAST,R25,B02,BRD_NORTHERN_GIANT_HORNET,COOPERATION_COOPERATIVE_HUNTING_EXPRESSION,MOUNTAIN | FOREST | SUBTERRANEAN,MONTANE_FOREST | WOODLAND | BURROW | FOREST_FLOOR,SIMULATION_READY,EVD_JRN_R25_B02_SPC_VESPA_MANDARINIA_PERSONALITY_ID_001 | EVD_JRN_R25_B02_SPC_VESPA_MANDARINIA_TERRAIN_BROAD_001 | EVD_JRN_R25_B02_SPC_VESPA_MANDARINIA_TERRAIN_SPECIFIC_001,1,BRD_NORTHERN_GIANT_HORNET
SPC_VESPERTILIO_MYOTIS,BEAST_SPECIES,BEAST,R20,B03,BRD_GREATER_MOUSE_EARED_BAT,BELONGING_COLONY_EXPRESSION,FOREST | GRASSLAND | BUILT_ENVIRONMENT | SUBTERRANEAN,WOODLAND | MEADOW | CAVE | RUINS,SIMULATION_READY,EVD_JRN_R20_B01_SPC_VESPERTILIO_MYOTIS_PERSONALITY_ID_001 | EVD_JRN_R20_B01_SPC_VESPERTILIO_MYOTIS_TERRAIN_BROAD_001 | EVD_JRN_R20_B01_SPC_VESPERTILIO_MYOTIS_TERRAIN_SPECIFIC_001,1,BRD_GREATER_MOUSE_EARED_BAT
SPC_VICUGNA_VICUGNA,BEAST_SPECIES,BEAST,R02,B08,BRD_VICUNA,DUTY_WATCH_DUTY_EXPRESSION,MOUNTAIN | GRASSLAND | DESERT,ALPINE | STEPPE | PLATEAU,SIMULATION_READY,EVD_JRN_R02_B02_SPC_VICUGNA_VICUGNA_PERSONALITY_ID_001 | EVD_JRN_R02_B02_SPC_VICUGNA_VICUGNA_TERRAIN_BROAD_001 | EVD_JRN_R02_B02_SPC_VICUGNA_VICUGNA_TERRAIN_SPECIFIC_001,1,BRD_VICUNA
SPC_VOMBATUS_URSINUS,BEAST_SPECIES,BEAST,R22,B10,BRD_COMMON_WOMBAT,CONTROL_ENVIRONMENT_ENGINEERING_EXPRESSION,FOREST | GRASSLAND | SUBTERRANEAN,WOODLAND | MEADOW | BURROW | TUNNEL,SIMULATION_READY,EVD_JRN_R22_B01_SPC_VOMBATUS_URSINUS_PERSONALITY_ID_001 | EVD_JRN_R22_B01_SPC_VOMBATUS_URSINUS_TERRAIN_BROAD_001 | EVD_JRN_R22_B01_SPC_VOMBATUS_URSINUS_TERRAIN_SPECIFIC_001,1,BRD_COMMON_WOMBAT
SPC_VULPES_VULPES,BEAST_SPECIES,BEAST,R02,B05,BRD_RED_FOX,PATIENCE_AMBUSH_PATIENCE_EXPRESSION,FOREST | GRASSLAND | WETLAND | DESERT | SUBTERRANEAN | BUILT_ENVIRONMENT,WOODLAND | FOREST_EDGE | MEADOW | MARSH | DUNES | BURROW | CITY,SIMULATION_READY,EVD_JRN_R02_B02_SPC_VULPES_VULPES_PERSONALITY_ID_001 | EVD_JRN_R02_B02_SPC_VULPES_VULPES_TERRAIN_BROAD_001 | EVD_JRN_R02_B02_SPC_VULPES_VULPES_TERRAIN_SPECIFIC_001,1,BRD_RED_FOX
SPC_VULPES_ZERDA,BEAST_SPECIES,BEAST,R02,B05,BRD_FENNEC_FOX,BOUNDARIES_TERRITORIAL_MARKING_EXPRESSION,DESERT | GRASSLAND | SUBTERRANEAN,DUNES | HOT_DESERT | SCRUBLAND | BURROW | TUNNEL,SIMULATION_READY,EVD_JRN_R02_B02_SPC_VULPES_ZERDA_PERSONALITY_ID_001 | EVD_JRN_R02_B02_SPC_VULPES_ZERDA_TERRAIN_BROAD_001 | EVD_JRN_R02_B02_SPC_VULPES_ZERDA_TERRAIN_SPECIFIC_001,1,BRD_FENNEC_FOX
SPC_VULTUR_GRYPHUS,BEAST_SPECIES,BEAST,R18,B17,BRD_ANDEAN_CONDOR,ATTACHMENT_LIFELONG_BOND_EXPRESSION,MOUNTAIN | COASTAL | DESERT | GRASSLAND,CLIFF | ALPINE | PLATEAU | COASTAL_CLIFF | HOT_DESERT | STEPPE,SIMULATION_READY,EVD_JRN_R18_B01_SPC_VULTUR_GRYPHUS_PERSONALITY_ID_001 | EVD_JRN_R18_B01_SPC_VULTUR_GRYPHUS_TERRAIN_BROAD_001 | EVD_JRN_R18_B01_SPC_VULTUR_GRYPHUS_TERRAIN_SPECIFIC_001,1,BRD_ANDEAN_CONDOR
SPC_WALLABIA_BICOLOR,BEAST_SPECIES,BEAST,R22,B10,BRD_SWAMP_WALLABY,DISCIPLINE_FORAGING_DISCIPLINE_EXPRESSION,FOREST | WETLAND,SWAMP | WOODLAND | FOREST_EDGE | SCRUBLAND,SIMULATION_READY,EVD_JRN_R22_B01_SPC_WALLABIA_BICOLOR_PERSONALITY_ID_001 | EVD_JRN_R22_B01_SPC_WALLABIA_BICOLOR_TERRAIN_BROAD_001 | EVD_JRN_R22_B01_SPC_WALLABIA_BICOLOR_TERRAIN_SPECIFIC_001,1,BRD_SWAMP_WALLABY
SPC_WYULDA_SQUAMICAUDATA,BEAST_SPECIES,BEAST,R22,B10,BRD_SCALY_TAILED_POSSUM,LAND_DOMAIN_BOUND_CONFLICT,MOUNTAIN | FOREST,CLIFF | CANYON | WOODLAND | CANOPY,SIMULATION_READY,EVD_JRN_R22_B01_SPC_WYULDA_SQUAMICAUDATA_PERSONALITY_ID_001 | EVD_JRN_R22_B01_SPC_WYULDA_SQUAMICAUDATA_TERRAIN_BROAD_001 | EVD_JRN_R22_B01_SPC_WYULDA_SQUAMICAUDATA_TERRAIN_SPECIFIC_001,1,BRD_SCALY_TAILED_POSSUM
SPC_ZAGLOSSUS_ATTENBOROUGHI,BEAST_SPECIES,BEAST,R22,B10,BRD_SIR_DAVID_S_LONG_BEAKED_ECHIDNA,DISCIPLINE_FORAGING_DISCIPLINE_EXPRESSION,MOUNTAIN | FOREST | SUBTERRANEAN,MONTANE_FOREST | BURROW | SOIL,SIMULATION_READY,EVD_JRN_R22_B01_SPC_ZAGLOSSUS_ATTENBOROUGHI_PERSONALITY_ID_001 | EVD_JRN_R22_B01_SPC_ZAGLOSSUS_ATTENBOROUGHI_TERRAIN_BROAD_001 | EVD_JRN_R22_B01_SPC_ZAGLOSSUS_ATTENBOROUGHI_TERRAIN_SPECIFIC_001,1,BRD_SIR_DAVID_S_LONG_BEAKED_ECHIDNA
SPC_ZAGLOSSUS_BRUIJNII,BEAST_SPECIES,BEAST,R22,B10,BRD_WESTERN_LONG_BEAKED_ECHIDNA,DISCIPLINE_FORAGING_DISCIPLINE_EXPRESSION,MOUNTAIN | FOREST,MONTANE_FOREST | SOIL,SIMULATION_READY,EVD_JRN_R22_B01_SPC_ZAGLOSSUS_BRUIJNII_PERSONALITY_ID_001 | EVD_JRN_R22_B01_SPC_ZAGLOSSUS_BRUIJNII_TERRAIN_BROAD_001 | EVD_JRN_R22_B01_SPC_ZAGLOSSUS_BRUIJNII_TERRAIN_SPECIFIC_001,1,BRD_WESTERN_LONG_BEAKED_ECHIDNA
SPC_ZALOPHUS_CALIFORNIANUS,BEAST_SPECIES,BEAST,R02,B05,BRD_CALIFORNIA_SEA_LION,AUTHENTICITY_INDIVIDUAL_SIGNATURE_EXPRESSION,OCEAN | COASTAL | BUILT_ENVIRONMENT,ISLAND | COASTAL_CLIFF | CITY,SIMULATION_READY,EVD_JRN_R02_B02_SPC_ZALOPHUS_CALIFORNIANUS_PERSONALITY_ID_001 | EVD_JRN_R02_B02_SPC_ZALOPHUS_CALIFORNIANUS_TERRAIN_BROAD_001 | EVD_JRN_R02_B02_SPC_ZALOPHUS_CALIFORNIANUS_TERRAIN_SPECIFIC_001,1,BRD_CALIFORNIA_SEA_LION
SPC_ZAPUS_HUDSONIUS,BEAST_SPECIES,BEAST,R20,B18,BRD_MEADOW_JUMPING_MOUSE,PERSEVERANCE_DROUGHT_OR_COLD_ENDURANCE_EXPRESSION,GRASSLAND | WETLAND | FRESHWATER,MEADOW | MARSH | RIVER,SIMULATION_READY,EVD_JRN_R20_B01_SPC_ZAPUS_HUDSONIUS_PERSONALITY_ID_001 | EVD_JRN_R20_B01_SPC_ZAPUS_HUDSONIUS_TERRAIN_BROAD_001 | EVD_JRN_R20_B01_SPC_ZAPUS_HUDSONIUS_TERRAIN_SPECIFIC_001,1,BRD_MEADOW_JUMPING_MOUSE
SPC_ZEBRASOMA_VELIFERUM,BEAST_SPECIES,BEAST,R14,B04,BRD_SAILFIN_TANG,EMBODIMENT_WEAPON_BODY_CONFLICT,OCEAN | COASTAL,CORAL_REEF | SEAGRASS_BED,SIMULATION_READY,EVD_JRN_R14_B02_SPC_ZEBRASOMA_VELIFERUM_PERSONALITY_ID_001 | EVD_JRN_R14_B02_SPC_ZEBRASOMA_VELIFERUM_TERRAIN_BROAD_001 | EVD_JRN_R14_B02_SPC_ZEBRASOMA_VELIFERUM_TERRAIN_SPECIFIC_001,1,BRD_SAILFIN_TANG
SPC_ZENAIDA_MACROURA,BEAST_SPECIES,BEAST,R17,B15,BRD_MOURNING_DOVE,ATTACHMENT_LIFELONG_BOND_EXPRESSION,GRASSLAND | FOREST | BUILT_ENVIRONMENT,FARMLAND | PRAIRIE | FOREST_EDGE | CITY,SIMULATION_READY,EVD_JRN_R17_B01_SPC_ZENAIDA_MACROURA_PERSONALITY_ID_001 | EVD_JRN_R17_B01_SPC_ZENAIDA_MACROURA_TERRAIN_BROAD_001 | EVD_JRN_R17_B01_SPC_ZENAIDA_MACROURA_TERRAIN_SPECIFIC_001,1,BRD_MOURNING_DOVE
SPC_ZIPHIUS_CAVIROSTRIS,BEAST_SPECIES,BEAST,R01,B06,BRD_CUVIER_S_BEAKED_WHALE,RISK_LEAP_OR_DIVE_EXPRESSION,OCEAN,PELAGIC | CANYON,SIMULATION_READY,EVD_JRN_R01_B02_SPC_ZIPHIUS_CAVIROSTRIS_PERSONALITY_ID_001 | EVD_JRN_R01_B02_SPC_ZIPHIUS_CAVIROSTRIS_TERRAIN_BROAD_001 | EVD_JRN_R01_B02_SPC_ZIPHIUS_CAVIROSTRIS_TERRAIN_SPECIFIC_001,1,BRD_CUVIER_S_BEAKED_WHALE
SPC_ZOOTERMOPSIS_ANGUSTICOLLIS,BEAST_SPECIES,BEAST,R25,B02,BRD_PACIFIC_DAMPWOOD_TERMITE,LOYALTY_GROUP_ALLEGIANCE_EXPRESSION,FOREST,FOREST_FLOOR | WOODLAND,SIMULATION_READY,EVD_JRN_R25_B02_SPC_ZOOTERMOPSIS_ANGUSTICOLLIS_PERSONALITY_ID_001 | EVD_JRN_R25_B02_SPC_ZOOTERMOPSIS_ANGUSTICOLLIS_TERRAIN_BROAD_001 | EVD_JRN_R25_B02_SPC_ZOOTERMOPSIS_ANGUSTICOLLIS_TERRAIN_SPECIFIC_001,1,BRD_PACIFIC_DAMPWOOD_TERMITE
